,TC
0,0.17467337846755981
1,0.21261648833751678
2,0.20300495624542236
3,0.2790974974632263
4,0.20684830844402313
5,0.3362560570240021
6,0.19642376899719238
7,0.3759353756904602
8,0.2307681143283844
9,0.23157894611358643
10,0.20203232765197754
11,0.23126298189163208
12,0.22552332282066345
13,0.1886928528547287
14,0.21145789325237274
15,0.21275201439857483
16,0.21190938353538513
17,0.34324026107788086
18,0.23907370865345
19,0.2285650670528412
20,0.20347929000854492
21,0.20420968532562256
22,0.2313263863325119
23,0.20434506237506866
24,0.18181507289409637
25,0.23651358485221863
26,0.2398705780506134
27,0.23065583407878876
28,0.2742059826850891
29,0.1973978728055954
30,0.22223719954490662
31,0.21140868961811066
32,0.25936564803123474
33,0.2902418076992035
34,0.24080975353717804
35,0.19949667155742645
36,0.20981834828853607
37,0.25099438428878784
38,0.1991545855998993
39,0.18728485703468323
40,0.2618287205696106
41,0.23418693244457245
42,0.21639762818813324
43,0.25958549976348877
44,0.21796512603759766
45,0.2213866114616394
46,0.18609106540679932
47,0.21623176336288452
48,0.2044091522693634
49,0.22357729077339172
50,0.19743405282497406
51,0.22115811705589294
52,0.20920835435390472
53,0.19745716452598572
54,0.1987815648317337
55,0.1868961602449417
56,0.23829814791679382
57,0.2662135362625122
58,0.20513483881950378
59,0.20371180772781372
60,0.2402607500553131
61,0.20040223002433777
62,0.23268909752368927
63,0.2778545320034027
64,0.22856009006500244
65,0.30273398756980896
66,0.1876668930053711
67,0.23472729325294495
68,0.37331753969192505
69,0.32853415608406067
70,0.23043790459632874
71,0.23043790459632874
72,0.2647397220134735
73,0.2647397220134735
74,0.230730339884758
75,0.21250461041927338
76,0.1925780177116394
77,0.24703654646873474
78,0.24703654646873474
79,0.1850041151046753
80,0.19471192359924316
81,0.2065642774105072
82,0.19045022130012512
83,0.24453970789909363
84,0.18233835697174072
85,0.21563829481601715
86,0.18334174156188965
87,0.19705653190612793
88,0.19081158936023712
89,0.17217329144477844
90,0.2050013542175293
91,0.18699458241462708
92,0.19569143652915955
93,0.19514912366867065
94,0.1915564388036728
95,0.20286041498184204
96,0.21171101927757263
97,0.20585665106773376
98,0.19600509107112885
99,0.19025899469852448
100,0.19733187556266785
101,0.19385378062725067
102,0.1771584153175354
103,0.18691761791706085
104,0.1858711987733841
105,0.2142285853624344
106,0.2039322853088379
107,0.19172818958759308
108,0.2022954523563385
109,0.19353260099887848
110,0.193144753575325
111,0.22066715359687805
112,0.2055721879005432
113,0.1921481341123581
114,0.1922447681427002
115,0.1883615106344223
116,0.18991205096244812
117,0.18108327686786652
118,0.21200120449066162
119,0.20927447080612183
120,0.19746527075767517
121,0.21960149705410004
122,0.19454874098300934
123,0.2011035531759262
124,0.181334987282753
125,0.1918703019618988
126,0.18887430429458618
127,0.20534469187259674
128,0.18961653113365173
129,0.205147385597229
130,0.19422957301139832
131,0.18832238018512726
132,0.18132932484149933
133,0.18672552704811096
134,0.21274174749851227
135,0.20611873269081116
136,0.19561798870563507
137,0.19675147533416748
138,0.21275898814201355
139,0.18651850521564484
140,0.20148196816444397
141,0.22043119370937347
142,0.19022992253303528
143,0.2044181376695633
144,0.18079979717731476
145,0.20748059451580048
146,0.1850041151046753
147,0.1987733244895935
148,0.23723676800727844
149,0.21057620644569397
150,0.2773789167404175
151,0.19887487590312958
152,0.2712368667125702
153,0.20318914949893951
154,0.21831786632537842
155,0.20400315523147583
156,0.2008473426103592
157,0.221577450633049
158,0.21078425645828247
159,0.215017169713974
160,0.2112804353237152
161,0.2083825320005417
162,0.263448029756546
163,0.22701862454414368
164,0.22050879895687103
165,0.21995937824249268
166,0.21122115850448608
167,0.21890193223953247
168,0.20583222806453705
169,0.18866051733493805
170,0.20201365649700165
171,0.21754658222198486
172,0.22081536054611206
173,0.23744669556617737
174,0.21169725060462952
175,0.21627795696258545
176,0.2135271430015564
177,0.23753255605697632
178,0.2493494749069214
179,0.22062279284000397
180,0.20895646512508392
181,0.21232612431049347
182,0.21010227501392365
183,0.20451071858406067
184,0.19499458372592926
185,0.23631322383880615
186,0.2244640290737152
187,0.20931071043014526
188,0.2421616166830063
189,0.21477766335010529
190,0.20923876762390137
191,0.20182272791862488
192,0.21066172420978546
193,0.2023252695798874
194,0.2179630994796753
195,0.2059670239686966
196,0.22347840666770935
197,0.20626845955848694
198,0.2090815305709839
199,0.20056545734405518
200,0.21299071609973907
201,0.23269161581993103
202,0.23104140162467957
203,0.20541425049304962
204,0.22382394969463348
205,0.23454035818576813
206,0.20255644619464874
207,0.2244536429643631
208,0.24530363082885742
209,0.2166195958852768
210,0.24548599123954773
211,0.20401179790496826
212,0.21762995421886444
213,0.19471192359924316
214,0.1987733244895935
215,0.22271841764450073
216,0.2064148336648941
217,0.27130556106567383
218,0.2043812870979309
219,0.23989789187908173
220,0.20987093448638916
221,0.2125692218542099
222,0.20167981088161469
223,0.21675598621368408
224,0.21701723337173462
225,0.2063048779964447
226,0.20540690422058105
227,0.2060122787952423
228,0.20140303671360016
229,0.2348303347826004
230,0.2128485143184662
231,0.21079088747501373
232,0.21655941009521484
233,0.20559649169445038
234,0.21139705181121826
235,0.20090368390083313
236,0.20293326675891876
237,0.22024747729301453
238,0.2207656353712082
239,0.2018555849790573
240,0.22064179182052612
241,0.20819316804409027
242,0.20984667539596558
243,0.20955400168895721
244,0.22905278205871582
245,0.24462571740150452
246,0.20961132645606995
247,0.2131255865097046
248,0.2060249000787735
249,0.2130485326051712
250,0.2006499171257019
251,0.19902217388153076
252,0.2277691513299942
253,0.22076667845249176
254,0.2065514773130417
255,0.23146063089370728
256,0.21102239191532135
257,0.20986957848072052
258,0.1904578059911728
259,0.21900606155395508
260,0.20106996595859528
261,0.21291013062000275
262,0.19275595247745514
263,0.20168225467205048
264,0.19869811832904816
265,0.20644088089466095
266,0.19949039816856384
267,0.2095285952091217
268,0.20721422135829926
269,0.23399196565151215
270,0.2012377232313156
271,0.22047795355319977
272,0.23569519817829132
273,0.2070217728614807
274,0.21292398869991302
275,0.22186991572380066
276,0.217878520488739
277,0.22866453230381012
278,0.20038720965385437
279,0.20893214643001556
280,0.2065642774105072
281,0.23723676800727844
282,0.22271841764450073
283,0.2220708280801773
284,0.2992668151855469
285,0.21853172779083252
286,0.26405784487724304
287,0.24639618396759033
288,0.24414385855197906
289,0.21738137304782867
290,0.24793624877929688
291,0.23913989961147308
292,0.2258279025554657
293,0.231039360165596
294,0.2265859842300415
295,0.2302798628807068
296,0.25859782099723816
297,0.253975510597229
298,0.24610936641693115
299,0.23695336282253265
300,0.23309896886348724
301,0.24067412316799164
302,0.21818456053733826
303,0.2087162584066391
304,0.23319539427757263
305,0.25929415225982666
306,0.23549681901931763
307,0.2749668061733246
308,0.2225831151008606
309,0.23404304683208466
310,0.22540082037448883
311,0.26222264766693115
312,0.2620738446712494
313,0.23411166667938232
314,0.2350803166627884
315,0.23478150367736816
316,0.24027059972286224
317,0.2251446694135666
318,0.21810472011566162
319,0.2572172284126282
320,0.2431938499212265
321,0.2311752289533615
322,0.24900932610034943
323,0.23166340589523315
324,0.2338947355747223
325,0.21585208177566528
326,0.23958201706409454
327,0.21529874205589294
328,0.23789967596530914
329,0.2186557948589325
330,0.24260662496089935
331,0.2147156149148941
332,0.2200043797492981
333,0.22475454211235046
334,0.2295829802751541
335,0.2519398629665375
336,0.27666208148002625
337,0.21790415048599243
338,0.24117861688137054
339,0.24692082405090332
340,0.21704623103141785
341,0.23819099366664886
342,0.2606416344642639
343,0.2344854325056076
344,0.2812565565109253
345,0.22273389995098114
346,0.23302634060382843
347,0.19045022130012512
348,0.21057620644569397
349,0.2064148336648941
350,0.2220708280801773
351,0.2602657079696655
352,0.19972214102745056
353,0.23652440309524536
354,0.1926509588956833
355,0.21550823748111725
356,0.2091125100851059
357,0.1982572376728058
358,0.21846286952495575
359,0.1937684416770935
360,0.205682173371315
361,0.21198613941669464
362,0.2106272578239441
363,0.22437839210033417
364,0.22183330357074738
365,0.21417878568172455
366,0.20289582014083862
367,0.2046142816543579
368,0.21597959101200104
369,0.21144936978816986
370,0.1938830465078354
371,0.20525872707366943
372,0.212795227766037
373,0.225786492228508
374,0.21838738024234772
375,0.19892668724060059
376,0.21690037846565247
377,0.20885910093784332
378,0.21719607710838318
379,0.23034708201885223
380,0.22278115153312683
381,0.2123761773109436
382,0.21310435235500336
383,0.20472969114780426
384,0.2066669762134552
385,0.1945420503616333
386,0.21573588252067566
387,0.21884964406490326
388,0.20664481818675995
389,0.23420500755310059
390,0.21496084332466125
391,0.21435122191905975
392,0.1999589055776596
393,0.2078731805086136
394,0.20835994184017181
395,0.22249892354011536
396,0.2018444687128067
397,0.2255001962184906
398,0.2120625376701355
399,0.19852356612682343
400,0.20712444186210632
401,0.1946738064289093
402,0.22783397138118744
403,0.21974095702171326
404,0.2156974971294403
405,0.20241627097129822
406,0.21842068433761597
407,0.21093632280826569
408,0.22230252623558044
409,0.23742800951004028
410,0.2085912972688675
411,0.22337143123149872
412,0.19459334015846252
413,0.22327156364917755
414,0.24453970789909363
415,0.2773789167404175
416,0.27130556106567383
417,0.2992668151855469
418,0.2602657079696655
419,0.26130834221839905
420,0.287720263004303
421,0.2798048257827759
422,0.29054415225982666
423,0.26397714018821716
424,0.2858333885669708
425,0.2921144366264343
426,0.2535970211029053
427,0.2725813686847687
428,0.2793463170528412
429,0.2836151123046875
430,0.2764972746372223
431,0.30064278841018677
432,0.29046720266342163
433,0.28261303901672363
434,0.27793291211128235
435,0.29569733142852783
436,0.267397403717041
437,0.24842116236686707
438,0.2757820785045624
439,0.29289621114730835
440,0.2854660451412201
441,0.29322758316993713
442,0.24095946550369263
443,0.2835841178894043
444,0.26340076327323914
445,0.29931342601776123
446,0.3170325756072998
447,0.28339022397994995
448,0.28973114490509033
449,0.2827029228210449
450,0.291953444480896
451,0.2854674458503723
452,0.23946085572242737
453,0.30491799116134644
454,0.2897762656211853
455,0.2611880600452423
456,0.29789894819259644
457,0.277989000082016
458,0.2804877460002899
459,0.2665035128593445
460,0.29242220520973206
461,0.2673164904117584
462,0.28615519404411316
463,0.26829493045806885
464,0.2896628975868225
465,0.2625654339790344
466,0.2455304116010666
467,0.27548399567604065
468,0.2529270052909851
469,0.2984270453453064
470,0.2943215072154999
471,0.27040889859199524
472,0.2771662473678589
473,0.27444350719451904
474,0.2769944667816162
475,0.2877284288406372
476,0.3055045008659363
477,0.29242831468582153
478,0.2962697148323059
479,0.2578795552253723
480,0.28141388297080994
481,0.18233835697174072
482,0.19887487590312958
483,0.2043812870979309
484,0.21853172779083252
485,0.19972214102745056
486,0.26130834221839905
487,0.23899900913238525
488,0.19344425201416016
489,0.2088361382484436
490,0.2058424949645996
491,0.1867145597934723
492,0.21312673389911652
493,0.19223859906196594
494,0.20436541736125946
495,0.20649497210979462
496,0.20554429292678833
497,0.22388829290866852
498,0.2175070345401764
499,0.21030589938163757
500,0.20081660151481628
501,0.2033708542585373
502,0.20910434424877167
503,0.2087590992450714
504,0.18632906675338745
505,0.19982677698135376
506,0.19692900776863098
507,0.2191307693719864
508,0.21178963780403137
509,0.19766654074192047
510,0.20991677045822144
511,0.20200997591018677
512,0.21024459600448608
513,0.23150338232517242
514,0.21369516849517822
515,0.20484696328639984
516,0.20667332410812378
517,0.19816036522388458
518,0.20304381847381592
519,0.19005592167377472
520,0.2190496027469635
521,0.21649089455604553
522,0.20617449283599854
523,0.23270085453987122
524,0.211166650056839
525,0.21132396161556244
526,0.195475235581398
527,0.2035362422466278
528,0.2042185664176941
529,0.21473559737205505
530,0.1994333565235138
531,0.21455441415309906
532,0.20462509989738464
533,0.1962539255619049
534,0.20094288885593414
535,0.19377493858337402
536,0.22165967524051666
537,0.21609215438365936
538,0.2086230218410492
539,0.20260941982269287
540,0.21967749297618866
541,0.20345178246498108
542,0.21312475204467773
543,0.23474067449569702
544,0.20283804833889008
545,0.21690170466899872
546,0.1909618079662323
547,0.21342256665229797
548,0.21563829481601715
549,0.2712368667125702
550,0.23989789187908173
551,0.26405787467956543
552,0.23652440309524536
553,0.287720263004303
554,0.23899900913238525
555,0.28172096610069275
556,0.28825077414512634
557,0.2432997226715088
558,0.3266918957233429
559,0.27634793519973755
560,0.25514963269233704
561,0.2463717758655548
562,0.28057485818862915
563,0.29476600885391235
564,0.35068434476852417
565,0.25746774673461914
566,0.24918030202388763
567,0.26589012145996094
568,0.2548220157623291
569,0.3093394339084625
570,0.22460055351257324
571,0.21736152470111847
572,0.29517072439193726
573,0.30228450894355774
574,0.26114052534103394
575,0.296277791261673
576,0.2321922928094864
577,0.2731338143348694
578,0.23765303194522858
579,0.32051441073417664
580,0.268667608499527
581,0.305265337228775
582,0.26517635583877563
583,0.2566598355770111
584,0.31092163920402527
585,0.2618398070335388
586,0.2198309302330017
587,0.2680760324001312
588,0.25331911444664
589,0.21634036302566528
590,0.278146892786026
591,0.24863819777965546
592,0.23707614839076996
593,0.2393728643655777
594,0.2733401954174042
595,0.26737573742866516
596,0.2796112596988678
597,0.21261388063430786
598,0.29936692118644714
599,0.22789175808429718
600,0.24024111032485962
601,0.2155715376138687
602,0.2522149384021759
603,0.29040127992630005
604,0.2963789105415344
605,0.27256739139556885
606,0.2569030821323395
607,0.263185977935791
608,0.2626275420188904
609,0.297288179397583
610,0.3154660165309906
611,0.31905707716941833
612,0.3099994659423828
613,0.24884675443172455
614,0.30211102962493896
615,0.18334174156188965
616,0.20318914949893951
617,0.20987093448638916
618,0.24639619886875153
619,0.1926509588956833
620,0.2798048257827759
621,0.19344425201416016
622,0.28172096610069275
623,0.2177981287240982
624,0.21073709428310394
625,0.21574941277503967
626,0.20802155137062073
627,0.1881372034549713
628,0.19876976311206818
629,0.2085331827402115
630,0.21937260031700134
631,0.26856034994125366
632,0.20566357672214508
633,0.20438224077224731
634,0.20013047754764557
635,0.19533489644527435
636,0.20876576006412506
637,0.20403172075748444
638,0.18538251519203186
639,0.21519041061401367
640,0.23154984414577484
641,0.20512384176254272
642,0.24818551540374756
643,0.19644147157669067
644,0.21112799644470215
645,0.19549481570720673
646,0.24014374613761902
647,0.23413437604904175
648,0.22492852807044983
649,0.2028828114271164
650,0.1937509924173355
651,0.23407146334648132
652,0.19998574256896973
653,0.18721793591976166
654,0.20574232935905457
655,0.209059476852417
656,0.2044675350189209
657,0.21908701956272125
658,0.2044883817434311
659,0.20344670116901398
660,0.20523712038993835
661,0.20373055338859558
662,0.20946811139583588
663,0.2047761082649231
664,0.20395725965499878
665,0.21325203776359558
666,0.20324020087718964
667,0.19575943052768707
668,0.19585052132606506
669,0.18922430276870728
670,0.21671807765960693
671,0.2349892258644104
672,0.20683008432388306
673,0.20220233500003815
674,0.22260956466197968
675,0.20028269290924072
676,0.2186984270811081
677,0.2283831536769867
678,0.2149643898010254
679,0.2598874568939209
680,0.18666164577007294
681,0.22024545073509216
682,0.19705653190612793
683,0.21831786632537842
684,0.2125692218542099
685,0.24414385855197906
686,0.21550823748111725
687,0.29054415225982666
688,0.2088361382484436
689,0.28825077414512634
690,0.2177981287240982
691,0.2123788446187973
692,0.2474287897348404
693,0.22299137711524963
694,0.21729961037635803
695,0.21706447005271912
696,0.21532700955867767
697,0.22858837246894836
698,0.2733675241470337
699,0.22872059047222137
700,0.22581546008586884
701,0.2300284206867218
702,0.21988344192504883
703,0.22307297587394714
704,0.2049298733472824
705,0.19851118326187134
706,0.23424777388572693
707,0.23443496227264404
708,0.21692034602165222
709,0.25464993715286255
710,0.21221189200878143
711,0.22450388967990875
712,0.21920529007911682
713,0.2486032247543335
714,0.2517676055431366
715,0.23399092257022858
716,0.21195922791957855
717,0.21357600390911102
718,0.22478339076042175
719,0.2068069726228714
720,0.20690250396728516
721,0.2405083179473877
722,0.23076416552066803
723,0.21206720173358917
724,0.238675057888031
725,0.2129179835319519
726,0.21333974599838257
727,0.20730938017368317
728,0.2201828509569168
729,0.21112217009067535
730,0.22154703736305237
731,0.2038930356502533
732,0.22732238471508026
733,0.20527003705501556
734,0.21095852553844452
735,0.20845772325992584
736,0.2178090512752533
737,0.23149414360523224
738,0.24621230363845825
739,0.21040445566177368
740,0.2328391820192337
741,0.24216507375240326
742,0.20268574357032776
743,0.22809121012687683
744,0.25043654441833496
745,0.22246620059013367
746,0.2565464377403259
747,0.21216800808906555
748,0.23070544004440308
749,0.19081158936023712
750,0.20400315523147583
751,0.20167981088161469
752,0.21738137304782867
753,0.2091125100851059
754,0.26397714018821716
755,0.2058424949645996
756,0.2432997226715088
757,0.21073709428310394
758,0.2123788446187973
759,0.211966410279274
760,0.21513164043426514
761,0.20625050365924835
762,0.20553182065486908
763,0.2042030394077301
764,0.2022988498210907
765,0.23364529013633728
766,0.20944003760814667
767,0.20603495836257935
768,0.21372875571250916
769,0.20390522480010986
770,0.20841556787490845
771,0.20286841690540314
772,0.19840453565120697
773,0.21453890204429626
774,0.2181289792060852
775,0.20416025817394257
776,0.21815907955169678
777,0.20857857167720795
778,0.20984189212322235
779,0.21113918721675873
780,0.22526249289512634
781,0.2375895082950592
782,0.20960858464241028
783,0.21140991151332855
784,0.20665307343006134
785,0.21281467378139496
786,0.20241403579711914
787,0.19380775094032288
788,0.2176060676574707
789,0.21457289159297943
790,0.2055855095386505
791,0.22473439574241638
792,0.20968618988990784
793,0.20885774493217468
794,0.19239458441734314
795,0.21556755900382996
796,0.2016063630580902
797,0.21044521033763885
798,0.1945158839225769
799,0.2025434970855713
800,0.2003813534975052
801,0.2063753604888916
802,0.2030893862247467
803,0.2061575949192047
804,0.2099212110042572
805,0.22398056089878082
806,0.20233525335788727
807,0.21588134765625
808,0.23372288048267365
809,0.20855647325515747
810,0.21247592568397522
811,0.2232094705104828
812,0.2174586057662964
813,0.22826611995697021
814,0.20127448439598083
815,0.2082899510860443
816,0.17217329144477844
817,0.2008473426103592
818,0.21675598621368408
819,0.24793624877929688
820,0.1982572376728058
821,0.2858333885669708
822,0.1867145597934723
823,0.3266918957233429
824,0.21574941277503967
825,0.2474287897348404
826,0.211966410279274
827,0.21778760850429535
828,0.194318026304245
829,0.20068834722042084
830,0.2187178134918213
831,0.24423526227474213
832,0.3141672909259796
833,0.22035445272922516
834,0.2204197198152542
835,0.20914852619171143
836,0.19628819823265076
837,0.22366559505462646
838,0.2046097218990326
839,0.176799938082695
840,0.23596888780593872
841,0.2203429788351059
842,0.21487660706043243
843,0.24643941223621368
844,0.20157194137573242
845,0.23605352640151978
846,0.20421378314495087
847,0.24040104448795319
848,0.24526146054267883
849,0.24888411164283752
850,0.20424224436283112
851,0.209101602435112
852,0.2346494346857071
853,0.21094246208667755
854,0.17983689904212952
855,0.22920283675193787
856,0.21722400188446045
857,0.20435190200805664
858,0.2389342188835144
859,0.20364084839820862
860,0.2081795185804367
861,0.19898343086242676
862,0.2171981930732727
863,0.21738073229789734
864,0.216403529047966
865,0.20438052713871002
866,0.23986200988292694
867,0.19940568506717682
868,0.19469811022281647
869,0.18564057350158691
870,0.19369952380657196
871,0.23378480970859528
872,0.23492896556854248
873,0.21402305364608765
874,0.21361622214317322
875,0.22924849390983582
876,0.19346846640110016
877,0.24316944181919098
878,0.2568373680114746
879,0.24005542695522308
880,0.2662060856819153
881,0.18773798644542694
882,0.24596339464187622
883,0.2050013542175293
884,0.221577450633049
885,0.21701723337173462
886,0.23913989961147308
887,0.21846286952495575
888,0.2921144366264343
889,0.21312673389911652
890,0.27634793519973755
891,0.20802155137062073
892,0.22299137711524963
893,0.21513164043426514
894,0.21778759360313416
895,0.22061145305633545
896,0.22341132164001465
897,0.21656487882137299
898,0.22143524885177612
899,0.26125526428222656
900,0.23901480436325073
901,0.22736652195453644
902,0.23551973700523376
903,0.22375884652137756
904,0.2272711843252182
905,0.20961979031562805
906,0.2085524946451187
907,0.21024708449840546
908,0.2200234979391098
909,0.22924470901489258
910,0.2394661009311676
911,0.21985289454460144
912,0.21448016166687012
913,0.22158193588256836
914,0.23868979513645172
915,0.2570321261882782
916,0.23177987337112427
917,0.2160196453332901
918,0.21888507902622223
919,0.20728707313537598
920,0.2126619666814804
921,0.21813030540943146
922,0.24783682823181152
923,0.23805484175682068
924,0.2176486849784851
925,0.24771498143672943
926,0.21896642446517944
927,0.22174082696437836
928,0.20534513890743256
929,0.2203734666109085
930,0.2101646214723587
931,0.2235041856765747
932,0.20793236792087555
933,0.22616639733314514
934,0.20789214968681335
935,0.21929848194122314
936,0.21575674414634705
937,0.22442534565925598
938,0.23897035419940948
939,0.24731627106666565
940,0.2121952772140503
941,0.2389310598373413
942,0.24313972890377045
943,0.20747078955173492
944,0.21857604384422302
945,0.24885676801204681
946,0.2181934416294098
947,0.2482042759656906
948,0.21680361032485962
949,0.22862569987773895
950,0.18699458241462708
951,0.21078427135944366
952,0.2063048779964447
953,0.2258279025554657
954,0.1937684416770935
955,0.2535970211029053
956,0.19223859906196594
957,0.25514963269233704
958,0.1881372034549713
959,0.21729961037635803
960,0.20625050365924835
961,0.194318026304245
962,0.22061145305633545
963,0.19689500331878662
964,0.21281063556671143
965,0.2079235017299652
966,0.24040693044662476
967,0.21854452788829803
968,0.2147424966096878
969,0.19290463626384735
970,0.19479112327098846
971,0.21566049754619598
972,0.21094496548175812
973,0.1904183328151703
974,0.20447875559329987
975,0.20339806377887726
976,0.2277892678976059
977,0.2216183841228485
978,0.19193322956562042
979,0.21877972781658173
980,0.19602997601032257
981,0.22070980072021484
982,0.2154383808374405
983,0.21829500794410706
984,0.21283479034900665
985,0.21359822154045105
986,0.20321017503738403
987,0.20588000118732452
988,0.1908271610736847
989,0.20163355767726898
990,0.20639732480049133
991,0.1984105110168457
992,0.23627325892448425
993,0.21617764234542847
994,0.21350277960300446
995,0.19622832536697388
996,0.20885732769966125
997,0.20433366298675537
998,0.22755184769630432
999,0.19863924384117126
1000,0.22715315222740173
1001,0.2072996199131012
1002,0.19078390300273895
1003,0.20287787914276123
1004,0.1874009221792221
1005,0.23236551880836487
1006,0.2237256020307541
1007,0.21337147057056427
1008,0.1927752047777176
1009,0.20978452265262604
1010,0.21086907386779785
1011,0.2236568033695221
1012,0.24258381128311157
1013,0.20991787314414978
1014,0.22786559164524078
1015,0.18853746354579926
1016,0.2185499668121338
1017,0.19569143652915955
1018,0.215017169713974
1019,0.20540690422058105
1020,0.231039360165596
1021,0.205682173371315
1022,0.2725813686847687
1023,0.20436541736125946
1024,0.2463717758655548
1025,0.19876976311206818
1026,0.21706447005271912
1027,0.20553182065486908
1028,0.20068834722042084
1029,0.22341132164001465
1030,0.19689500331878662
1031,0.20861604809761047
1032,0.20598956942558289
1033,0.23971669375896454
1034,0.22317475080490112
1035,0.21708960831165314
1036,0.20867696404457092
1037,0.20762327313423157
1038,0.21570684015750885
1039,0.21206799149513245
1040,0.2006431668996811
1041,0.2050153613090515
1042,0.20486271381378174
1043,0.22484341263771057
1044,0.22202837467193604
1045,0.20422624051570892
1046,0.21036981046199799
1047,0.20758795738220215
1048,0.2150334119796753
1049,0.24136027693748474
1050,0.21411584317684174
1051,0.21220965683460236
1052,0.21487796306610107
1053,0.2052340805530548
1054,0.2059301882982254
1055,0.20113898813724518
1056,0.234159454703331
1057,0.22789883613586426
1058,0.21435664594173431
1059,0.24054841697216034
1060,0.21759140491485596
1061,0.21675948798656464
1062,0.2044970542192459
1063,0.21355681121349335
1064,0.20450320839881897
1065,0.21550095081329346
1066,0.2083016037940979
1067,0.21420809626579285
1068,0.20795407891273499
1069,0.20469342172145844
1070,0.21015286445617676
1071,0.19805631041526794
1072,0.23107580840587616
1073,0.22624695301055908
1074,0.2081482708454132
1075,0.20999085903167725
1076,0.22725003957748413
1077,0.20812521874904633
1078,0.21513086557388306
1079,0.2426481693983078
1080,0.20961302518844604
1081,0.231608048081398
1082,0.1955806165933609
1083,0.21374572813510895
1084,0.19514912366867065
1085,0.2112804353237152
1086,0.2060122787952423
1087,0.2265859842300415
1088,0.21198613941669464
1089,0.2793463170528412
1090,0.20649497210979462
1091,0.28057485818862915
1092,0.2085331827402115
1093,0.21532700955867767
1094,0.2042030394077301
1095,0.2187178134918213
1096,0.21656487882137299
1097,0.21281063556671143
1098,0.20861604809761047
1099,0.2125876098871231
1100,0.2655240297317505
1101,0.21572498977184296
1102,0.2127586305141449
1103,0.22348256409168243
1104,0.20671670138835907
1105,0.21882084012031555
1106,0.2043764591217041
1107,0.20087821781635284
1108,0.2183961421251297
1109,0.2239895612001419
1110,0.20904529094696045
1111,0.22816267609596252
1112,0.21346350014209747
1113,0.21479365229606628
1114,0.21500538289546967
1115,0.2312244325876236
1116,0.2494807243347168
1117,0.22119517624378204
1118,0.2116004228591919
1119,0.20761390030384064
1120,0.215213343501091
1121,0.20353040099143982
1122,0.20135284960269928
1123,0.22954677045345306
1124,0.22134722769260406
1125,0.20605114102363586
1126,0.24147683382034302
1127,0.21093960106372833
1128,0.20848745107650757
1129,0.193185955286026
1130,0.21650676429271698
1131,0.20376570522785187
1132,0.2197965830564499
1133,0.2001328468322754
1134,0.2140364646911621
1135,0.20265159010887146
1136,0.2101053148508072
1137,0.2043408304452896
1138,0.21477335691452026
1139,0.2180972546339035
1140,0.23144027590751648
1141,0.2052532136440277
1142,0.22615179419517517
1143,0.23961007595062256
1144,0.20718052983283997
1145,0.21853096783161163
1146,0.23209328949451447
1147,0.21822752058506012
1148,0.2366505265235901
1149,0.20390166342258453
1150,0.2190045863389969
1151,0.1915564388036728
1152,0.2083825320005417
1153,0.20140303671360016
1154,0.2302798628807068
1155,0.2106272578239441
1156,0.2836151123046875
1157,0.20554429292678833
1158,0.29476600885391235
1159,0.21937260031700134
1160,0.22858837246894836
1161,0.2022988498210907
1162,0.24423524737358093
1163,0.22143524885177612
1164,0.2079235017299652
1165,0.20598956942558289
1166,0.2125876098871231
1167,0.2761153280735016
1168,0.20780131220817566
1169,0.20913895964622498
1170,0.21584294736385345
1171,0.20372101664543152
1172,0.21801479160785675
1173,0.2028055042028427
1174,0.1995142698287964
1175,0.2298036515712738
1176,0.23570694029331207
1177,0.20416952669620514
1178,0.23220261931419373
1179,0.21045587956905365
1180,0.22588391602039337
1181,0.21318642795085907
1182,0.24436499178409576
1183,0.2500036656856537
1184,0.22855155169963837
1185,0.21548143029212952
1186,0.2097661942243576
1187,0.23863528668880463
1188,0.20220473408699036
1189,0.19635754823684692
1190,0.22576802968978882
1191,0.21775834262371063
1192,0.2043798267841339
1193,0.24139463901519775
1194,0.21462705731391907
1195,0.2096552848815918
1196,0.19206616282463074
1197,0.22257427871227264
1198,0.20588263869285583
1199,0.22123217582702637
1200,0.19113734364509583
1201,0.21402229368686676
1202,0.1996777206659317
1203,0.20705080032348633
1204,0.19843409955501556
1205,0.20930661261081696
1206,0.2193005234003067
1207,0.23463007807731628
1208,0.20860792696475983
1209,0.21968390047550201
1210,0.24095606803894043
1211,0.20948703587055206
1212,0.2350827157497406
1213,0.23565836250782013
1214,0.2374628484249115
1215,0.24222241342067719
1216,0.20045386254787445
1217,0.22586283087730408
1218,0.20286041498184204
1219,0.263448029756546
1220,0.2348303347826004
1221,0.25859782099723816
1222,0.22437839210033417
1223,0.2764972746372223
1224,0.22388829290866852
1225,0.35068434476852417
1226,0.26856034994125366
1227,0.2733675241470337
1228,0.23364529013633728
1229,0.3141672909259796
1230,0.26125526428222656
1231,0.24040693044662476
1232,0.23971669375896454
1233,0.2655240297317505
1234,0.2761153280735016
1235,0.2598816156387329
1236,0.24906539916992188
1237,0.25275444984436035
1238,0.24720333516597748
1239,0.28733810782432556
1240,0.2136775255203247
1241,0.20556499063968658
1242,0.28316718339920044
1243,0.2924061417579651
1244,0.2541981339454651
1245,0.2879496216773987
1246,0.2236439734697342
1247,0.26253795623779297
1248,0.22646364569664001
1249,0.3125992715358734
1250,0.25771185755729675
1251,0.28509265184402466
1252,0.244282066822052
1253,0.2437618523836136
1254,0.2829468846321106
1255,0.24706895649433136
1256,0.21231980621814728
1257,0.2595045864582062
1258,0.25005388259887695
1259,0.21642911434173584
1260,0.26426535844802856
1261,0.23404023051261902
1262,0.22595883905887604
1263,0.23188215494155884
1264,0.25307753682136536
1265,0.25258123874664307
1266,0.2661566734313965
1267,0.21202780306339264
1268,0.2859114408493042
1269,0.22390243411064148
1270,0.2326170653104782
1271,0.21045276522636414
1272,0.23852978646755219
1273,0.28287190198898315
1274,0.29062944650650024
1275,0.26039284467697144
1276,0.2483106404542923
1277,0.25028082728385925
1278,0.23957723379135132
1279,0.28303229808807373
1280,0.3095775246620178
1281,0.28817540407180786
1282,0.3070014417171478
1283,0.23627358675003052
1284,0.2830471694469452
1285,0.21171101927757263
1286,0.22701862454414368
1287,0.2128485143184662
1288,0.253975510597229
1289,0.22183330357074738
1290,0.30064278841018677
1291,0.2175070345401764
1292,0.25746774673461914
1293,0.20566357672214508
1294,0.22872059047222137
1295,0.20944003760814667
1296,0.22035445272922516
1297,0.23901480436325073
1298,0.21854452788829803
1299,0.22317475080490112
1300,0.21572498977184296
1301,0.20780131220817566
1302,0.2598816156387329
1303,0.23867464065551758
1304,0.23183274269104004
1305,0.2236233949661255
1306,0.23356680572032928
1307,0.22026926279067993
1308,0.21595542132854462
1309,0.21064572036266327
1310,0.22838298976421356
1311,0.23465807735919952
1312,0.24198314547538757
1313,0.2235432267189026
1314,0.22501535713672638
1315,0.22388827800750732
1316,0.2319328784942627
1317,0.26344114542007446
1318,0.2211281955242157
1319,0.22623878717422485
1320,0.22766204178333282
1321,0.21089822053909302
1322,0.21699215471744537
1323,0.2231903225183487
1324,0.25289884209632874
1325,0.23714280128479004
1326,0.22871913015842438
1327,0.2513684332370758
1328,0.22983799874782562
1329,0.22916404902935028
1330,0.20902222394943237
1331,0.22852209210395813
1332,0.20633457601070404
1333,0.23171451687812805
1334,0.2178637683391571
1335,0.23147255182266235
1336,0.2171693742275238
1337,0.2240993082523346
1338,0.22352416813373566
1339,0.22457072138786316
1340,0.24562238156795502
1341,0.2414587140083313
1342,0.21276549994945526
1343,0.23667792975902557
1344,0.24207453429698944
1345,0.21794304251670837
1346,0.22979414463043213
1347,0.2543690800666809
1348,0.22414065897464752
1349,0.2476833611726761
1350,0.21825069189071655
1351,0.22040292620658875
1352,0.20585665106773376
1353,0.22050879895687103
1354,0.21079088747501373
1355,0.24610936641693115
1356,0.21417878568172455
1357,0.29046720266342163
1358,0.21030589938163757
1359,0.24918030202388763
1360,0.20438224077224731
1361,0.22581546008586884
1362,0.20603495836257935
1363,0.2204197198152542
1364,0.22736652195453644
1365,0.2147424966096878
1366,0.21708960831165314
1367,0.2127586305141449
1368,0.20913895964622498
1369,0.24906539916992188
1370,0.23867464065551758
1371,0.2249629944562912
1372,0.21635115146636963
1373,0.2240285873413086
1374,0.21487779915332794
1375,0.20755617320537567
1376,0.20925889909267426
1377,0.2208968997001648
1378,0.22354692220687866
1379,0.2392968237400055
1380,0.21533067524433136
1381,0.21627625823020935
1382,0.21727445721626282
1383,0.2293955534696579
1384,0.2544805109500885
1385,0.21385811269283295
1386,0.21671131253242493
1387,0.2212473601102829
1388,0.20454445481300354
1389,0.20938903093338013
1390,0.21470719575881958
1391,0.24593721330165863
1392,0.23265984654426575
1393,0.22242218255996704
1394,0.2401001751422882
1395,0.21985489130020142
1396,0.22330926358699799
1397,0.20490893721580505
1398,0.22420182824134827
1399,0.20477546751499176
1400,0.22371646761894226
1401,0.20933568477630615
1402,0.22497433423995972
1403,0.2086178958415985
1404,0.21423013508319855
1405,0.2176591157913208
1406,0.21785227954387665
1407,0.23500986397266388
1408,0.2452768236398697
1409,0.20564435422420502
1410,0.23045773804187775
1411,0.23689916729927063
1412,0.20997221767902374
1413,0.2211928516626358
1414,0.24505357444286346
1415,0.21495454013347626
1416,0.24760589003562927
1417,0.21015729010105133
1418,0.21324488520622253
1419,0.19600509107112885
1420,0.21995937824249268
1421,0.21655941009521484
1422,0.23695336282253265
1423,0.20289582014083862
1424,0.28261303901672363
1425,0.20081660151481628
1426,0.26589012145996094
1427,0.20013047754764557
1428,0.2300284206867218
1429,0.21372875571250916
1430,0.20914852619171143
1431,0.23551973700523376
1432,0.19290463626384735
1433,0.20867696404457092
1434,0.22348256409168243
1435,0.21584294736385345
1436,0.25275444984436035
1437,0.23183274269104004
1438,0.2249629944562912
1439,0.20796546339988708
1440,0.2327999621629715
1441,0.22086378931999207
1442,0.20013737678527832
1443,0.21251662075519562
1444,0.221968874335289
1445,0.23818808794021606
1446,0.2335292547941208
1447,0.19873091578483582
1448,0.22829888761043549
1449,0.20553511381149292
1450,0.23484350740909576
1451,0.24364787340164185
1452,0.2295544594526291
1453,0.2216942012310028
1454,0.22232073545455933
1455,0.21409548819065094
1456,0.2183781862258911
1457,0.198299840092659
1458,0.22178915143013
1459,0.2248917818069458
1460,0.21037448942661285
1461,0.24741177260875702
1462,0.22760318219661713
1463,0.2250477522611618
1464,0.2065916359424591
1465,0.22346478700637817
1466,0.21052993834018707
1467,0.23603221774101257
1468,0.20802371203899384
1469,0.2359010875225067
1470,0.21514028310775757
1471,0.19870345294475555
1472,0.21851199865341187
1473,0.1934177279472351
1474,0.24624578654766083
1475,0.23552927374839783
1476,0.21999125182628632
1477,0.20306995511054993
1478,0.22196294367313385
1479,0.2219984233379364
1480,0.23639920353889465
1481,0.25482499599456787
1482,0.22254624962806702
1483,0.23810911178588867
1484,0.19231237471103668
1485,0.2280856966972351
1486,0.19025899469852448
1487,0.21122115850448608
1488,0.20559649169445038
1489,0.23309896886348724
1490,0.2046142816543579
1491,0.27793291211128235
1492,0.2033708542585373
1493,0.2548220157623291
1494,0.19533489644527435
1495,0.21988344192504883
1496,0.20390522480010986
1497,0.19628819823265076
1498,0.22375884652137756
1499,0.19479112327098846
1500,0.20762327313423157
1501,0.20671670138835907
1502,0.20372101664543152
1503,0.24720333516597748
1504,0.2236233949661255
1505,0.21635115146636963
1506,0.20796546339988708
1507,0.2159702330827713
1508,0.21305301785469055
1509,0.1949588805437088
1510,0.2045622020959854
1511,0.2008611261844635
1512,0.22525623440742493
1513,0.22038330137729645
1514,0.20266105234622955
1515,0.21182677149772644
1516,0.20687004923820496
1517,0.21360057592391968
1518,0.24600084125995636
1519,0.21204881370067596
1520,0.21276554465293884
1521,0.2138635218143463
1522,0.20360691845417023
1523,0.20467479526996613
1524,0.19674021005630493
1525,0.23361796140670776
1526,0.22465702891349792
1527,0.2134525328874588
1528,0.24310681223869324
1529,0.21701106429100037
1530,0.21802768111228943
1531,0.20464637875556946
1532,0.21236500144004822
1533,0.20319591462612152
1534,0.2145923376083374
1535,0.20512151718139648
1536,0.21484880149364471
1537,0.2073831707239151
1538,0.2023470103740692
1539,0.20939487218856812
1540,0.19608677923679352
1541,0.23299014568328857
1542,0.22609028220176697
1543,0.2059728354215622
1544,0.20968402922153473
1545,0.2294934093952179
1546,0.2072867602109909
1547,0.21684768795967102
1548,0.24448370933532715
1549,0.20977100729942322
1550,0.23321391642093658
1551,0.19309614598751068
1552,0.21129103004932404
1553,0.19733187556266785
1554,0.21890193223953247
1555,0.21139705181121826
1556,0.24067412316799164
1557,0.21597959101200104
1558,0.29569733142852783
1559,0.20910434424877167
1560,0.3093394339084625
1561,0.20876576006412506
1562,0.22307299077510834
1563,0.20841556787490845
1564,0.22366559505462646
1565,0.2272711843252182
1566,0.21566049754619598
1567,0.21570684015750885
1568,0.21882084012031555
1569,0.21801479160785675
1570,0.28733810782432556
1571,0.23356680572032928
1572,0.2240285873413086
1573,0.2327999621629715
1574,0.2159702330827713
1575,0.21000397205352783
1576,0.20567137002944946
1577,0.22248798608779907
1578,0.228154718875885
1579,0.2242700606584549
1580,0.2406678944826126
1581,0.2165454477071762
1582,0.2198171466588974
1583,0.2195483297109604
1584,0.24163448810577393
1585,0.258725106716156
1586,0.23101191222667694
1587,0.21725934743881226
1588,0.21551090478897095
1589,0.21596741676330566
1590,0.21217277646064758
1591,0.20722399652004242
1592,0.24603044986724854
1593,0.2338581383228302
1594,0.21047310531139374
1595,0.25109490752220154
1596,0.21850696206092834
1597,0.22374506294727325
1598,0.19659198820590973
1599,0.22193367779254913
1600,0.20726925134658813
1601,0.2276783138513565
1602,0.20141401886940002
1603,0.22388340532779694
1604,0.20721906423568726
1605,0.21627596020698547
1606,0.20804966986179352
1607,0.21777114272117615
1608,0.23167413473129272
1609,0.24634237587451935
1610,0.21164798736572266
1611,0.2380295693874359
1612,0.24370452761650085
1613,0.21316128969192505
1614,0.22489775717258453
1615,0.2499264031648636
1616,0.22398239374160767
1617,0.24802842736244202
1618,0.20854702591896057
1619,0.2297275960445404
1620,0.19385378062725067
1621,0.20583222806453705
1622,0.20090368390083313
1623,0.21818456053733826
1624,0.21144936978816986
1625,0.267397403717041
1626,0.2087590992450714
1627,0.22460055351257324
1628,0.20403172075748444
1629,0.2049298733472824
1630,0.20286841690540314
1631,0.2046097218990326
1632,0.20961979031562805
1633,0.21094496548175812
1634,0.21206799149513245
1635,0.2043764591217041
1636,0.2028055042028427
1637,0.2136775255203247
1638,0.22026926279067993
1639,0.21487779915332794
1640,0.22086378931999207
1641,0.21305301785469055
1642,0.21000397205352783
1643,0.2017994076013565
1644,0.20435325801372528
1645,0.2074352502822876
1646,0.2144792228937149
1647,0.21617044508457184
1648,0.21366243064403534
1649,0.20368261635303497
1650,0.21441219747066498
1651,0.21563073992729187
1652,0.2447427362203598
1653,0.2081781029701233
1654,0.20512963831424713
1655,0.2070779949426651
1656,0.20423586666584015
1657,0.20187045633792877
1658,0.20207126438617706
1659,0.229872927069664
1660,0.22574391961097717
1661,0.2125406712293625
1662,0.23160302639007568
1663,0.20981980860233307
1664,0.21280953288078308
1665,0.19841063022613525
1666,0.20610758662223816
1667,0.2014300525188446
1668,0.20802879333496094
1669,0.2019329071044922
1670,0.20933526754379272
1671,0.20589694380760193
1672,0.21361377835273743
1673,0.20956940948963165
1674,0.21395538747310638
1675,0.2113913744688034
1676,0.2222135066986084
1677,0.2030959576368332
1678,0.22557751834392548
1679,0.23540008068084717
1680,0.20473942160606384
1681,0.2041359394788742
1682,0.22066114842891693
1683,0.20466339588165283
1684,0.21934457123279572
1685,0.20509561896324158
1686,0.20804652571678162
1687,0.1771584153175354
1688,0.18866051733493805
1689,0.20293326675891876
1690,0.2087162584066391
1691,0.1938830465078354
1692,0.24842116236686707
1693,0.18632906675338745
1694,0.21736152470111847
1695,0.18538251519203186
1696,0.19851118326187134
1697,0.19840453565120697
1698,0.176799938082695
1699,0.2085524946451187
1700,0.1904183328151703
1701,0.2006431668996811
1702,0.20087821781635284
1703,0.1995142698287964
1704,0.20556499063968658
1705,0.21595542132854462
1706,0.20755617320537567
1707,0.20013737678527832
1708,0.1949588805437088
1709,0.20567137002944946
1710,0.2017994076013565
1711,0.18957193195819855
1712,0.1865846812725067
1713,0.21764737367630005
1714,0.20556685328483582
1715,0.19506186246871948
1716,0.20368272066116333
1717,0.1969631463289261
1718,0.19530023634433746
1719,0.22629593312740326
1720,0.20987801253795624
1721,0.19482630491256714
1722,0.19388163089752197
1723,0.18894849717617035
1724,0.19971418380737305
1725,0.18360596895217896
1726,0.21697518229484558
1727,0.21360501646995544
1728,0.20108656585216522
1729,0.22664055228233337
1730,0.20147518813610077
1731,0.20822174847126007
1732,0.1892911195755005
1733,0.19828036427497864
1734,0.19611212611198425
1735,0.20557482540607452
1736,0.1978645920753479
1737,0.20612813532352448
1738,0.1984599232673645
1739,0.19282162189483643
1740,0.1877368837594986
1741,0.19038797914981842
1742,0.21643473207950592
1743,0.2087152898311615
1744,0.19921579957008362
1745,0.20063261687755585
1746,0.2163146436214447
1747,0.19487358629703522
1748,0.20316404104232788
1749,0.22451487183570862
1750,0.1960059404373169
1751,0.20672793686389923
1752,0.18625177443027496
1753,0.21087020635604858
1754,0.18691761791706085
1755,0.20201365649700165
1756,0.22024747729301453
1757,0.23319539427757263
1758,0.20525872707366943
1759,0.2757820785045624
1760,0.19982677698135376
1761,0.29517072439193726
1762,0.21519041061401367
1763,0.23424777388572693
1764,0.21453890204429626
1765,0.23596888780593872
1766,0.21024708449840546
1767,0.20447875559329987
1768,0.2050153613090515
1769,0.2183961421251297
1770,0.2298036515712738
1771,0.28316718339920044
1772,0.21064572036266327
1773,0.20925889909267426
1774,0.21251662075519562
1775,0.2045622020959854
1776,0.22248798608779907
1777,0.20435325801372528
1778,0.18957193195819855
1779,0.22249306738376617
1780,0.2091328352689743
1781,0.23525919020175934
1782,0.20470282435417175
1783,0.2220413088798523
1784,0.2071254700422287
1785,0.24412812292575836
1786,0.2383837252855301
1787,0.237525075674057
1788,0.20433259010314941
1789,0.2050531655550003
1790,0.22473816573619843
1791,0.21610493957996368
1792,0.18939346075057983
1793,0.21554763615131378
1794,0.21617324650287628
1795,0.2048937827348709
1796,0.2231314480304718
1797,0.20434683561325073
1798,0.20678037405014038
1799,0.2043975591659546
1800,0.2148139625787735
1801,0.22007131576538086
1802,0.20890574157238007
1803,0.20155426859855652
1804,0.22827769815921783
1805,0.20255282521247864
1806,0.20327602326869965
1807,0.1984119862318039
1808,0.2067556381225586
1809,0.21630674600601196
1810,0.23535209894180298
1811,0.2220841497182846
1812,0.21513468027114868
1813,0.22966782748699188
1814,0.20718257129192352
1815,0.22961780428886414
1816,0.2285483181476593
1817,0.23798979818820953
1818,0.2523138225078583
1819,0.19959601759910583
1820,0.23560936748981476
1821,0.1858711987733841
1822,0.21754658222198486
1823,0.2207656353712082
1824,0.25929415225982666
1825,0.212795227766037
1826,0.29289621114730835
1827,0.19692900776863098
1828,0.30228450894355774
1829,0.23154984414577484
1830,0.23443496227264404
1831,0.2181289792060852
1832,0.2203429788351059
1833,0.2200234979391098
1834,0.20339806377887726
1835,0.20486271381378174
1836,0.2239895612001419
1837,0.23570694029331207
1838,0.2924061417579651
1839,0.22838300466537476
1840,0.2208968997001648
1841,0.221968874335289
1842,0.2008611261844635
1843,0.228154718875885
1844,0.2074352502822876
1845,0.1865846812725067
1846,0.22249306738376617
1847,0.22318342328071594
1848,0.2542441189289093
1849,0.20875249803066254
1850,0.22672264277935028
1851,0.216518372297287
1852,0.2465696930885315
1853,0.25381821393966675
1854,0.24321915209293365
1855,0.21186119318008423
1856,0.21628588438034058
1857,0.23734664916992188
1858,0.21424417197704315
1859,0.19444340467453003
1860,0.2413828819990158
1861,0.22650733590126038
1862,0.20939922332763672
1863,0.24476400017738342
1864,0.21506080031394958
1865,0.2152329534292221
1866,0.20792526006698608
1867,0.21741816401481628
1868,0.21751084923744202
1869,0.22191080451011658
1870,0.20603998005390167
1871,0.2354898899793625
1872,0.21222320199012756
1873,0.2057245522737503
1874,0.1951974481344223
1875,0.2053128480911255
1876,0.23938915133476257
1877,0.2535744607448578
1878,0.2152477651834488
1879,0.22544898092746735
1880,0.23621121048927307
1881,0.2051011472940445
1882,0.23145298659801483
1883,0.2551852762699127
1884,0.2271900773048401
1885,0.27746474742889404
1886,0.20100905001163483
1887,0.23830582201480865
1888,0.2142285853624344
1889,0.22081536054611206
1890,0.2018555849790573
1891,0.23549681901931763
1892,0.225786492228508
1893,0.2854660451412201
1894,0.2191307693719864
1895,0.26114052534103394
1896,0.20512384176254272
1897,0.21692034602165222
1898,0.20416025817394257
1899,0.21487660706043243
1900,0.22924470901489258
1901,0.2277892678976059
1902,0.22484341263771057
1903,0.20904529094696045
1904,0.20416952669620514
1905,0.2541981339454651
1906,0.23465806245803833
1907,0.22354692220687866
1908,0.23818808794021606
1909,0.22525623440742493
1910,0.2242700606584549
1911,0.2144792228937149
1912,0.21764737367630005
1913,0.2091328352689743
1914,0.22318342328071594
1915,0.24202729761600494
1916,0.224944606423378
1917,0.2143271118402481
1918,0.22850655019283295
1919,0.24388405680656433
1920,0.2573533356189728
1921,0.21677355468273163
1922,0.21511320769786835
1923,0.21684019267559052
1924,0.20898933708667755
1925,0.20636631548404694
1926,0.2245514988899231
1927,0.2462613880634308
1928,0.23709112405776978
1929,0.2194616049528122
1930,0.2453194111585617
1931,0.22314999997615814
1932,0.2215505838394165
1933,0.2035444974899292
1934,0.21800845861434937
1935,0.20281882584095
1936,0.22600463032722473
1937,0.2107846438884735
1938,0.21975626051425934
1939,0.21114248037338257
1940,0.2247813642024994
1941,0.21693024039268494
1942,0.23059049248695374
1943,0.232352614402771
1944,0.24538566172122955
1945,0.2075410932302475
1946,0.24176061153411865
1947,0.24422217905521393
1948,0.2137472927570343
1949,0.22124312818050385
1950,0.24844810366630554
1951,0.21533514559268951
1952,0.242479145526886
1953,0.22098885476589203
1954,0.2147916555404663
1955,0.2039322853088379
1956,0.23744669556617737
1957,0.22064179182052612
1958,0.2749668061733246
1959,0.21838738024234772
1960,0.29322758316993713
1961,0.21178963780403137
1962,0.296277791261673
1963,0.24818551540374756
1964,0.25464993715286255
1965,0.21815907955169678
1966,0.24643941223621368
1967,0.2394661009311676
1968,0.2216183841228485
1969,0.22202837467193604
1970,0.22816267609596252
1971,0.23220261931419373
1972,0.2879496216773987
1973,0.24198314547538757
1974,0.2392968237400055
1975,0.2335292547941208
1976,0.22038330137729645
1977,0.2406678944826126
1978,0.21617044508457184
1979,0.20556685328483582
1980,0.23525919020175934
1981,0.2542441189289093
1982,0.24202729761600494
1983,0.21697841584682465
1984,0.23936302959918976
1985,0.22160696983337402
1986,0.2641870975494385
1987,0.25828951597213745
1988,0.24309676885604858
1989,0.23199650645256042
1990,0.23167532682418823
1991,0.2549053430557251
1992,0.22209849953651428
1993,0.2146001160144806
1994,0.25035274028778076
1995,0.23641948401927948
1996,0.22042179107666016
1997,0.25720661878585815
1998,0.23149298131465912
1999,0.230610653758049
2000,0.21421262621879578
2001,0.23134170472621918
2002,0.21287338435649872
2003,0.24053272604942322
2004,0.21167178452014923
2005,0.24589192867279053
2006,0.21935826539993286
2007,0.2149215191602707
2008,0.2148217111825943
2009,0.22377203404903412
2010,0.2542523145675659
2011,0.2737880051136017
2012,0.22130152583122253
2013,0.23553983867168427
2014,0.24620404839515686
2015,0.2167106717824936
2016,0.24824000895023346
2017,0.2738545835018158
2018,0.25045323371887207
2019,0.2950339615345001
2020,0.21820685267448425
2021,0.2401137799024582
2022,0.19172818958759308
2023,0.21169725060462952
2024,0.20819316804409027
2025,0.2225831151008606
2026,0.19892668724060059
2027,0.24095946550369263
2028,0.19766654074192047
2029,0.2321922928094864
2030,0.19644147157669067
2031,0.21221189200878143
2032,0.20857857167720795
2033,0.20157194137573242
2034,0.21985289454460144
2035,0.19193322956562042
2036,0.20422624051570892
2037,0.21346350014209747
2038,0.21045587956905365
2039,0.2236439734697342
2040,0.2235432267189026
2041,0.21533067524433136
2042,0.19873091578483582
2043,0.20266105234622955
2044,0.2165454477071762
2045,0.21366243064403534
2046,0.19506186246871948
2047,0.20470282435417175
2048,0.20875249803066254
2049,0.224944606423378
2050,0.21697841584682465
2051,0.21551482379436493
2052,0.20014694333076477
2053,0.21465051174163818
2054,0.2172284573316574
2055,0.21916183829307556
2056,0.2132655680179596
2057,0.21389515697956085
2058,0.20444315671920776
2059,0.20829419791698456
2060,0.1947914958000183
2061,0.2095131278038025
2062,0.21408790349960327
2063,0.20480623841285706
2064,0.23412878811359406
2065,0.21759359538555145
2066,0.21678335964679718
2067,0.1992441564798355
2068,0.2102154940366745
2069,0.20732790231704712
2070,0.2231534868478775
2071,0.20396190881729126
2072,0.2216760218143463
2073,0.20945057272911072
2074,0.1973869949579239
2075,0.21033458411693573
2076,0.19239051640033722
2077,0.22576963901519775
2078,0.2191390097141266
2079,0.21377123892307281
2080,0.19918997585773468
2081,0.21240539848804474
2082,0.21294528245925903
2083,0.21859650313854218
2084,0.23496006429195404
2085,0.21078252792358398
2086,0.22044621407985687
2087,0.19170509278774261
2088,0.21900703012943268
2089,0.2022954523563385
2090,0.21627795696258545
2091,0.20984667539596558
2092,0.23404304683208466
2093,0.21690037846565247
2094,0.2835841178894043
2095,0.20991677045822144
2096,0.2731338143348694
2097,0.21112799644470215
2098,0.22450388967990875
2099,0.20984189212322235
2100,0.23605352640151978
2101,0.21448016166687012
2102,0.21877972781658173
2103,0.21036981046199799
2104,0.21479365229606628
2105,0.22588391602039337
2106,0.26253795623779297
2107,0.22501535713672638
2108,0.21627625823020935
2109,0.22829888761043549
2110,0.21182677149772644
2111,0.2198171466588974
2112,0.20368261635303497
2113,0.20368272066116333
2114,0.2220413088798523
2115,0.22672264277935028
2116,0.2143271118402481
2117,0.23936302959918976
2118,0.21551482379436493
2119,0.22059638798236847
2120,0.24139386415481567
2121,0.2472556084394455
2122,0.23303134739398956
2123,0.20492632687091827
2124,0.20725740492343903
2125,0.22069798409938812
2126,0.2055530846118927
2127,0.20878766477108002
2128,0.2320052832365036
2129,0.22682146728038788
2130,0.206524059176445
2131,0.23523053526878357
2132,0.2122679352760315
2133,0.21038202941417694
2134,0.2066289335489273
2135,0.2137085646390915
2136,0.2068445086479187
2137,0.2166009396314621
2138,0.20321513712406158
2139,0.22549141943454742
2140,0.20455364882946014
2141,0.212171271443367
2142,0.20509453117847443
2143,0.2191738337278366
2144,0.2277122139930725
2145,0.23779161274433136
2146,0.20666417479515076
2147,0.22885824739933014
2148,0.24335086345672607
2149,0.2001151144504547
2150,0.22584955394268036
2151,0.24662306904792786
2152,0.21838706731796265
2153,0.2500198781490326
2154,0.21408939361572266
2155,0.22955578565597534
2156,0.19353260099887848
2157,0.2135271430015564
2158,0.20955400168895721
2159,0.22540082037448883
2160,0.20885910093784332
2161,0.26340076327323914
2162,0.20200997591018677
2163,0.23765303194522858
2164,0.19549481570720673
2165,0.21920529007911682
2166,0.21113918721675873
2167,0.20421378314495087
2168,0.22158193588256836
2169,0.19602997601032257
2170,0.20758795738220215
2171,0.21500538289546967
2172,0.21318642795085907
2173,0.22646364569664001
2174,0.22388827800750732
2175,0.21727445721626282
2176,0.20553511381149292
2177,0.20687004923820496
2178,0.2195483297109604
2179,0.21441219747066498
2180,0.1969631463289261
2181,0.2071254700422287
2182,0.216518372297287
2183,0.22850656509399414
2184,0.22160696983337402
2185,0.20014694333076477
2186,0.22059638798236847
2187,0.2207668274641037
2188,0.23370222747325897
2189,0.22477969527244568
2190,0.21552522480487823
2191,0.21642202138900757
2192,0.20933987200260162
2193,0.21033315360546112
2194,0.19700384140014648
2195,0.21785052120685577
2196,0.22028398513793945
2197,0.20852530002593994
2198,0.23605132102966309
2199,0.21782615780830383
2200,0.21701675653457642
2201,0.20227956771850586
2202,0.21106557548046112
2203,0.21029072999954224
2204,0.22589385509490967
2205,0.2050061970949173
2206,0.22845883667469025
2207,0.2151588499546051
2208,0.2000507414340973
2209,0.21105395257472992
2210,0.19612276554107666
2211,0.23016299307346344
2212,0.22267213463783264
2213,0.21760913729667664
2214,0.20491145551204681
2215,0.22006751596927643
2216,0.21432122588157654
2217,0.2254435122013092
2218,0.23939833045005798
2219,0.21236073970794678
2220,0.22601671516895294
2221,0.197066068649292
2222,0.22523099184036255
2223,0.193144753575325
2224,0.23753255605697632
2225,0.22905278205871582
2226,0.26222264766693115
2227,0.21719607710838318
2228,0.29931342601776123
2229,0.21024459600448608
2230,0.32051441073417664
2231,0.24014374613761902
2232,0.2486032247543335
2233,0.22526249289512634
2234,0.24040104448795319
2235,0.23868979513645172
2236,0.22070980072021484
2237,0.2150334119796753
2238,0.2312244474887848
2239,0.24436499178409576
2240,0.3125992715358734
2241,0.2319328784942627
2242,0.2293955534696579
2243,0.23484350740909576
2244,0.21360057592391968
2245,0.24163448810577393
2246,0.21563073992729187
2247,0.19530023634433746
2248,0.24412812292575836
2249,0.2465696930885315
2250,0.24388405680656433
2251,0.2641870975494385
2252,0.21465051174163818
2253,0.24139386415481567
2254,0.2207668274641037
2255,0.2603593170642853
2256,0.25932931900024414
2257,0.22953328490257263
2258,0.23136906325817108
2259,0.2575066387653351
2260,0.2220449000597
2261,0.20345538854599
2262,0.24533870816230774
2263,0.23582014441490173
2264,0.2148280143737793
2265,0.25898051261901855
2266,0.23036237061023712
2267,0.22941510379314423
2268,0.21278250217437744
2269,0.23180553317070007
2270,0.22215789556503296
2271,0.2424698919057846
2272,0.2114953249692917
2273,0.2498515099287033
2274,0.21586135029792786
2275,0.2117837369441986
2276,0.2082323580980301
2277,0.22231151163578033
2278,0.25253912806510925
2279,0.26131561398506165
2280,0.22662056982517242
2281,0.2361230105161667
2282,0.24535250663757324
2283,0.21354800462722778
2284,0.2483188807964325
2285,0.27558788657188416
2286,0.246243417263031
2287,0.2848636209964752
2288,0.21451953053474426
2289,0.25556910037994385
2290,0.22066715359687805
2291,0.2493494749069214
2292,0.24462571740150452
2293,0.2620738446712494
2294,0.23034708201885223
2295,0.3170325756072998
2296,0.23150338232517242
2297,0.268667608499527
2298,0.23413437604904175
2299,0.2517676055431366
2300,0.2375895082950592
2301,0.24526146054267883
2302,0.2570320963859558
2303,0.2154383808374405
2304,0.24136027693748474
2305,0.2494807243347168
2306,0.2500036656856537
2307,0.25771185755729675
2308,0.26344114542007446
2309,0.2544805109500885
2310,0.24364787340164185
2311,0.24600084125995636
2312,0.258725106716156
2313,0.2447427362203598
2314,0.22629593312740326
2315,0.2383837252855301
2316,0.25381821393966675
2317,0.2573533356189728
2318,0.25828951597213745
2319,0.2172284573316574
2320,0.2472556084394455
2321,0.23370222747325897
2322,0.2603593170642853
2323,0.25422170758247375
2324,0.2528558671474457
2325,0.2514549791812897
2326,0.2472795993089676
2327,0.2489183247089386
2328,0.2177143692970276
2329,0.2724803388118744
2330,0.2545235753059387
2331,0.24033565819263458
2332,0.271887868642807
2333,0.25079506635665894
2334,0.25263699889183044
2335,0.23488815128803253
2336,0.2533043622970581
2337,0.23504669964313507
2338,0.25647300481796265
2339,0.2407630831003189
2340,0.2554069757461548
2341,0.23742404580116272
2342,0.2202019989490509
2343,0.24491652846336365
2344,0.21441282331943512
2345,0.26361486315727234
2346,0.2604012191295624
2347,0.2408265471458435
2348,0.23919689655303955
2349,0.24900312721729279
2350,0.24732442200183868
2351,0.2531268298625946
2352,0.2718164622783661
2353,0.25320082902908325
2354,0.2606809437274933
2355,0.2180841565132141
2356,0.25259536504745483
2357,0.2055721879005432
2358,0.22062279284000397
2359,0.20961132645606995
2360,0.23411166667938232
2361,0.22278115153312683
2362,0.28339022397994995
2363,0.21369516849517822
2364,0.305265337228775
2365,0.22492852807044983
2366,0.23399092257022858
2367,0.20960858464241028
2368,0.24888411164283752
2369,0.23177987337112427
2370,0.21829500794410706
2371,0.21411584317684174
2372,0.22119517624378204
2373,0.22855155169963837
2374,0.28509265184402466
2375,0.2211281955242157
2376,0.21385811269283295
2377,0.2295544594526291
2378,0.21204881370067596
2379,0.23101191222667694
2380,0.2081781029701233
2381,0.20987801253795624
2382,0.237525075674057
2383,0.24321915209293365
2384,0.21677355468273163
2385,0.24309676885604858
2386,0.21916183829307556
2387,0.23303134739398956
2388,0.22477969527244568
2389,0.25932931900024414
2390,0.25422170758247375
2391,0.21424834430217743
2392,0.21387538313865662
2393,0.24613910913467407
2394,0.20793628692626953
2395,0.209599107503891
2396,0.23977288603782654
2397,0.22370494902133942
2398,0.20898689329624176
2399,0.25045517086982727
2400,0.22052296996116638
2401,0.215049147605896
2402,0.19365747272968292
2403,0.2233114391565323
2404,0.2134905755519867
2405,0.22888652980327606
2406,0.204168438911438
2407,0.2307531237602234
2408,0.2075226902961731
2409,0.2151995748281479
2410,0.2029108852148056
2411,0.2208675593137741
2412,0.2298978865146637
2413,0.24311217665672302
2414,0.21761630475521088
2415,0.23155122995376587
2416,0.24564066529273987
2417,0.21589569747447968
2418,0.24572739005088806
2419,0.25047212839126587
2420,0.2495155930519104
2421,0.25442054867744446
2422,0.2119024097919464
2423,0.23752249777317047
2424,0.1921481341123581
2425,0.20895646512508392
2426,0.2131255865097046
2427,0.2350803166627884
2428,0.2123761773109436
2429,0.28973114490509033
2430,0.20484696328639984
2431,0.26517635583877563
2432,0.2028828114271164
2433,0.21195922791957855
2434,0.21140991151332855
2435,0.20424224436283112
2436,0.2160196453332901
2437,0.21283479034900665
2438,0.21220965683460236
2439,0.2116004228591919
2440,0.21548143029212952
2441,0.244282066822052
2442,0.22623878717422485
2443,0.21671131253242493
2444,0.2216942012310028
2445,0.21276554465293884
2446,0.21725934743881226
2447,0.20512963831424713
2448,0.19482630491256714
2449,0.20433259010314941
2450,0.21186119318008423
2451,0.21511320769786835
2452,0.23199650645256042
2453,0.2132655680179596
2454,0.20492632687091827
2455,0.21552522480487823
2456,0.22953328490257263
2457,0.2528558671474457
2458,0.21424834430217743
2459,0.20446927845478058
2460,0.19819921255111694
2461,0.2029147446155548
2462,0.20331178605556488
2463,0.23946139216423035
2464,0.22949188947677612
2465,0.2121923267841339
2466,0.23759382963180542
2467,0.20867323875427246
2468,0.21058914065361023
2469,0.20371189713478088
2470,0.2106981724500656
2471,0.208739772439003
2472,0.2112387865781784
2473,0.20405270159244537
2474,0.21197964251041412
2475,0.20450088381767273
2476,0.20929938554763794
2477,0.20866350829601288
2478,0.21557626128196716
2479,0.2264869213104248
2480,0.24392864108085632
2481,0.20677323639392853
2482,0.22835543751716614
2483,0.23772850632667542
2484,0.2027340680360794
2485,0.20522119104862213
2486,0.2397548258304596
2487,0.1990242898464203
2488,0.2391977161169052
2489,0.2058585286140442
2490,0.21319277584552765
2491,0.1922447681427002
2492,0.21232612431049347
2493,0.2060249000787735
2494,0.23478150367736816
2495,0.21310435235500336
2496,0.2827029228210449
2497,0.20667332410812378
2498,0.2566598355770111
2499,0.1937509924173355
2500,0.21357600390911102
2501,0.20665307343006134
2502,0.209101602435112
2503,0.21888507902622223
2504,0.21359822154045105
2505,0.21487796306610107
2506,0.20761390030384064
2507,0.2097661942243576
2508,0.2437618523836136
2509,0.22766204178333282
2510,0.2212473601102829
2511,0.22232073545455933
2512,0.2138635218143463
2513,0.21551090478897095
2514,0.2070779949426651
2515,0.19388163089752197
2516,0.2050531655550003
2517,0.21628588438034058
2518,0.21684019267559052
2519,0.23167532682418823
2520,0.21389515697956085
2521,0.20725740492343903
2522,0.21642202138900757
2523,0.23136906325817108
2524,0.2514549791812897
2525,0.21387538313865662
2526,0.20446929335594177
2527,0.19707202911376953
2528,0.20297066867351532
2529,0.20356950163841248
2530,0.24034151434898376
2531,0.22882288694381714
2532,0.2151234745979309
2533,0.23757335543632507
2534,0.2120002806186676
2535,0.21314625442028046
2536,0.2038613110780716
2537,0.21317605674266815
2538,0.20471718907356262
2539,0.2128688544034958
2540,0.20532329380512238
2541,0.2150329202413559
2542,0.2045297473669052
2543,0.21060343086719513
2544,0.21237601339817047
2545,0.2163023054599762
2546,0.22685545682907104
2547,0.23573821783065796
2548,0.2040172815322876
2549,0.22815969586372375
2550,0.23688755929470062
2551,0.2035912275314331
2552,0.21112160384655
2553,0.23870450258255005
2554,0.2013777792453766
2555,0.23795562982559204
2556,0.20719613134860992
2557,0.2122999131679535
2558,0.1883615255355835
2559,0.21010228991508484
2560,0.2130485326051712
2561,0.24027059972286224
2562,0.20472969114780426
2563,0.291953444480896
2564,0.19816036522388458
2565,0.31092163920402527
2566,0.23407146334648132
2567,0.22478339076042175
2568,0.21281467378139496
2569,0.2346494346857071
2570,0.20728707313537598
2571,0.20321017503738403
2572,0.2052340805530548
2573,0.215213343501091
2574,0.23863528668880463
2575,0.2829468846321106
2576,0.21089822053909302
2577,0.20454445481300354
2578,0.21409548819065094
2579,0.20360691845417023
2580,0.21596741676330566
2581,0.20423586666584015
2582,0.18894849717617035
2583,0.22473816573619843
2584,0.23734664916992188
2585,0.20898933708667755
2586,0.2549053430557251
2587,0.20444315671920776
2588,0.22069798409938812
2589,0.20933987200260162
2590,0.2575066387653351
2591,0.2472795993089676
2592,0.24613910913467407
2593,0.19819921255111694
2594,0.19707202911376953
2595,0.20124347507953644
2596,0.19307509064674377
2597,0.22042159736156464
2598,0.2195812165737152
2599,0.2047336995601654
2600,0.23139187693595886
2601,0.20507536828517914
2602,0.2043759822845459
2603,0.20526109635829926
2604,0.2059480845928192
2605,0.21394221484661102
2606,0.21048763394355774
2607,0.20375649631023407
2608,0.2270609587430954
2609,0.20307959616184235
2610,0.20263855159282684
2611,0.20181940495967865
2612,0.20492741465568542
2613,0.22406890988349915
2614,0.2475138008594513
2615,0.21203602850437164
2616,0.21773339807987213
2617,0.23467859625816345
2618,0.19923636317253113
2619,0.22800089418888092
2620,0.2463514506816864
2621,0.23247824609279633
2622,0.2642527222633362
2623,0.19691108167171478
2624,0.24142561852931976
2625,0.18991205096244812
2626,0.20451071858406067
2627,0.2006499171257019
2628,0.2251446694135666
2629,0.2066669762134552
2630,0.2854674458503723
2631,0.20304381847381592
2632,0.2618398070335388
2633,0.19998574256896973
2634,0.2068069726228714
2635,0.20241403579711914
2636,0.21094246208667755
2637,0.2126619666814804
2638,0.20588000118732452
2639,0.2059301882982254
2640,0.20353040099143982
2641,0.20220473408699036
2642,0.24706895649433136
2643,0.21699215471744537
2644,0.20938903093338013
2645,0.2183781862258911
2646,0.20467479526996613
2647,0.21217277646064758
2648,0.20187045633792877
2649,0.19971418380737305
2650,0.2161049246788025
2651,0.21424417197704315
2652,0.20636631548404694
2653,0.22209849953651428
2654,0.20829418301582336
2655,0.2055530846118927
2656,0.21033315360546112
2657,0.2220449000597
2658,0.2489183247089386
2659,0.20793628692626953
2660,0.2029147446155548
2661,0.20297066867351532
2662,0.20124347507953644
2663,0.19563065469264984
2664,0.2298312783241272
2665,0.2230745404958725
2666,0.20535390079021454
2667,0.23187518119812012
2668,0.2074708491563797
2669,0.20815739035606384
2670,0.19159482419490814
2671,0.2082909345626831
2672,0.20116111636161804
2673,0.21045826375484467
2674,0.20050358772277832
2675,0.2023826539516449
2676,0.20297548174858093
2677,0.2064886838197708
2678,0.2055269181728363
2679,0.2092539668083191
2680,0.20680515468120575
2681,0.2294383943080902
2682,0.20072461664676666
2683,0.22575972974300385
2684,0.23602616786956787
2685,0.20237433910369873
2686,0.20716406404972076
2687,0.22534659504890442
2688,0.20613421499729156
2689,0.22898173332214355
2690,0.19891753792762756
2691,0.2065228968858719
2692,0.18108327686786652
2693,0.19499458372592926
2694,0.19902217388153076
2695,0.21810473501682281
2696,0.1945420503616333
2697,0.23946085572242737
2698,0.19005592167377472
2699,0.2198309302330017
2700,0.18721793591976166
2701,0.20690250396728516
2702,0.19380775094032288
2703,0.17983689904212952
2704,0.21813030540943146
2705,0.1908271610736847
2706,0.20113897323608398
2707,0.20135284960269928
2708,0.19635754823684692
2709,0.21231980621814728
2710,0.2231903225183487
2711,0.21470719575881958
2712,0.198299840092659
2713,0.19674021005630493
2714,0.20722399652004242
2715,0.20207126438617706
2716,0.18360596895217896
2717,0.18939346075057983
2718,0.19444340467453003
2719,0.2245514988899231
2720,0.2146001160144806
2721,0.1947914958000183
2722,0.20878766477108002
2723,0.19700384140014648
2724,0.20345538854599
2725,0.2177143692970276
2726,0.209599107503891
2727,0.2033117711544037
2728,0.20356950163841248
2729,0.19307509064674377
2730,0.19563065469264984
2731,0.20950984954833984
2732,0.21328499913215637
2733,0.20117080211639404
2734,0.22856125235557556
2735,0.20372290909290314
2736,0.21082735061645508
2737,0.18531998991966248
2738,0.20237885415554047
2739,0.19210503995418549
2740,0.21543844044208527
2741,0.1949501931667328
2742,0.21329288184642792
2743,0.19737312197685242
2744,0.19275355339050293
2745,0.1922568827867508
2746,0.1891551911830902
2747,0.22457504272460938
2748,0.21590930223464966
2749,0.19968341290950775
2750,0.1977207064628601
2751,0.21244552731513977
2752,0.19301506876945496
2753,0.21212048828601837
2754,0.23112189769744873
2755,0.1992441713809967
2756,0.21637585759162903
2757,0.18823562562465668
2758,0.2112991064786911
2759,0.21200120449066162
2760,0.23631322383880615
2761,0.2277691513299942
2762,0.2572172284126282
2763,0.21573588252067566
2764,0.30491799116134644
2765,0.2190496027469635
2766,0.2680760324001312
2767,0.20574232935905457
2768,0.2405083179473877
2769,0.2176060676574707
2770,0.22920283675193787
2771,0.24783682823181152
2772,0.20163355767726898
2773,0.234159454703331
2774,0.22954677045345306
2775,0.22576802968978882
2776,0.2595045864582062
2777,0.25289884209632874
2778,0.24593721330165863
2779,0.22178915143013
2780,0.23361796140670776
2781,0.24603044986724854
2782,0.229872927069664
2783,0.21697518229484558
2784,0.21554763615131378
2785,0.2413828819990158
2786,0.2462613880634308
2787,0.25035274028778076
2788,0.2095131278038025
2789,0.2320052832365036
2790,0.21785052120685577
2791,0.24533870816230774
2792,0.2724803388118744
2793,0.23977288603782654
2794,0.23946140706539154
2795,0.24034151434898376
2796,0.22042159736156464
2797,0.2298312783241272
2798,0.20950984954833984
2799,0.2435537576675415
2800,0.23174256086349487
2801,0.25962769985198975
2802,0.2377060055732727
2803,0.24037614464759827
2804,0.21671557426452637
2805,0.24129433929920197
2806,0.2143213450908661
2807,0.24470318853855133
2808,0.2252957820892334
2809,0.2428017556667328
2810,0.22214342653751373
2811,0.2116382122039795
2812,0.23593451082706451
2813,0.2032528519630432
2814,0.2538661062717438
2815,0.25129589438438416
2816,0.224759042263031
2817,0.22462335228919983
2818,0.24398772418498993
2819,0.2310439646244049
2820,0.23990942537784576
2821,0.2638598084449768
2822,0.23875173926353455
2823,0.25423797965049744
2824,0.2029774785041809
2825,0.2375418245792389
2826,0.20927447080612183
2827,0.2244640290737152
2828,0.22076667845249176
2829,0.2431938499212265
2830,0.21884964406490326
2831,0.2897762656211853
2832,0.21649089455604553
2833,0.25331911444664
2834,0.209059476852417
2835,0.23076416552066803
2836,0.21457289159297943
2837,0.21722400188446045
2838,0.23805484175682068
2839,0.20639730989933014
2840,0.22789883613586426
2841,0.22134722769260406
2842,0.21775834262371063
2843,0.25005388259887695
2844,0.23714280128479004
2845,0.23265984654426575
2846,0.2248917818069458
2847,0.22465702891349792
2848,0.2338581383228302
2849,0.22574391961097717
2850,0.21360500156879425
2851,0.21617324650287628
2852,0.22650733590126038
2853,0.23709112405776978
2854,0.23641948401927948
2855,0.21408790349960327
2856,0.22682146728038788
2857,0.22028398513793945
2858,0.23582014441490173
2859,0.2545235753059387
2860,0.22370494902133942
2861,0.22949188947677612
2862,0.22882288694381714
2863,0.2195812165737152
2864,0.2230745404958725
2865,0.21328499913215637
2866,0.2435537576675415
2867,0.22429350018501282
2868,0.25033998489379883
2869,0.23155903816223145
2870,0.23210139572620392
2871,0.21557864546775818
2872,0.22706124186515808
2873,0.2102515995502472
2874,0.23282411694526672
2875,0.21871481835842133
2876,0.23225665092468262
2877,0.2201933115720749
2878,0.21754266321659088
2879,0.22688870131969452
2880,0.2086394876241684
2881,0.24263182282447815
2882,0.2374017834663391
2883,0.21670447289943695
2884,0.22679603099822998
2885,0.24193792045116425
2886,0.22464676201343536
2887,0.23249107599258423
2888,0.2510068118572235
2889,0.2266913652420044
2890,0.2414761632680893
2891,0.20921385288238525
2892,0.22260990738868713
2893,0.19746527075767517
2894,0.20931071043014526
2895,0.2065514773130417
2896,0.2311752289533615
2897,0.20664481818675995
2898,0.2611880600452423
2899,0.20617449283599854
2900,0.21634036302566528
2901,0.2044675350189209
2902,0.21206720173358917
2903,0.2055855095386505
2904,0.20435190200805664
2905,0.2176486849784851
2906,0.1984105110168457
2907,0.21435664594173431
2908,0.20605114102363586
2909,0.2043798267841339
2910,0.21642911434173584
2911,0.22871913015842438
2912,0.22242218255996704
2913,0.21037448942661285
2914,0.2134525328874588
2915,0.21047310531139374
2916,0.2125406712293625
2917,0.20108656585216522
2918,0.2048937827348709
2919,0.20939922332763672
2920,0.2194616049528122
2921,0.22042179107666016
2922,0.20480623841285706
2923,0.206524059176445
2924,0.20852530002593994
2925,0.2148280143737793
2926,0.24033565819263458
2927,0.20898689329624176
2928,0.2121923267841339
2929,0.2151234745979309
2930,0.2047336995601654
2931,0.20535390079021454
2932,0.20117080211639404
2933,0.23174256086349487
2934,0.22429350018501282
2935,0.23427940905094147
2936,0.212569460272789
2937,0.2170388400554657
2938,0.20463569462299347
2939,0.2119329571723938
2940,0.20360898971557617
2941,0.21122276782989502
2942,0.20793941617012024
2943,0.2092113345861435
2944,0.2073162943124771
2945,0.20428043603897095
2946,0.2164892703294754
2947,0.20026229321956635
2948,0.22024592757225037
2949,0.22351393103599548
2950,0.20631906390190125
2951,0.21213336288928986
2952,0.22727294266223907
2953,0.20763498544692993
2954,0.21036040782928467
2955,0.23127807676792145
2956,0.2085287719964981
2957,0.22679229080677032
2958,0.19794495403766632
2959,0.2089395970106125
2960,0.21960149705410004
2961,0.2421616166830063
2962,0.23146064579486847
2963,0.24900932610034943
2964,0.23420500755310059
2965,0.29789894819259644
2966,0.23270085453987122
2967,0.278146892786026
2968,0.21908701956272125
2969,0.238675057888031
2970,0.22473439574241638
2971,0.2389342188835144
2972,0.24771498143672943
2973,0.23627325892448425
2974,0.24054841697216034
2975,0.24147683382034302
2976,0.24139463901519775
2977,0.26426535844802856
2978,0.2513684332370758
2979,0.2401001751422882
2980,0.24741177260875702
2981,0.24310681223869324
2982,0.25109490752220154
2983,0.23160302639007568
2984,0.22664055228233337
2985,0.2231314480304718
2986,0.24476400017738342
2987,0.2453194111585617
2988,0.25720661878585815
2989,0.23412878811359406
2990,0.23523053526878357
2991,0.23605132102966309
2992,0.25898051261901855
2993,0.271887868642807
2994,0.25045517086982727
2995,0.23759382963180542
2996,0.23757335543632507
2997,0.23139187693595886
2998,0.23187518119812012
2999,0.22856125235557556
3000,0.25962769985198975
3001,0.25033998489379883
3002,0.23427940905094147
3003,0.24097388982772827
3004,0.23986488580703735
3005,0.22208955883979797
3006,0.24070467054843903
3007,0.2225576937198639
3008,0.24708056449890137
3009,0.22747327387332916
3010,0.24655954539775848
3011,0.22263170778751373
3012,0.23559504747390747
3013,0.23374401032924652
3014,0.23898890614509583
3015,0.25527989864349365
3016,0.25717875361442566
3017,0.23302128911018372
3018,0.2508392632007599
3019,0.25091350078582764
3020,0.23305703699588776
3021,0.24245980381965637
3022,0.2623211145401001
3023,0.24005787074565887
3024,0.2550406754016876
3025,0.23198974132537842
3026,0.24763897061347961
3027,0.19454874098300934
3028,0.21477766335010529
3029,0.21102239191532135
3030,0.23166340589523315
3031,0.21496084332466125
3032,0.277989000082016
3033,0.211166650056839
3034,0.24863819777965546
3035,0.2044883817434311
3036,0.2129179835319519
3037,0.20968618988990784
3038,0.2036408632993698
3039,0.21896642446517944
3040,0.21617764234542847
3041,0.21759140491485596
3042,0.21093960106372833
3043,0.21462705731391907
3044,0.23404023051261902
3045,0.22983799874782562
3046,0.21985489130020142
3047,0.22760318219661713
3048,0.21701106429100037
3049,0.21850696206092834
3050,0.20981980860233307
3051,0.20147518813610077
3052,0.20434683561325073
3053,0.21506080031394958
3054,0.22314999997615814
3055,0.23149298131465912
3056,0.21759359538555145
3057,0.2122679352760315
3058,0.21782615780830383
3059,0.23036237061023712
3060,0.25079506635665894
3061,0.22052296996116638
3062,0.20867323875427246
3063,0.2120002806186676
3064,0.20507536828517914
3065,0.2074708491563797
3066,0.20372290909290314
3067,0.2377060055732727
3068,0.23155903816223145
3069,0.212569460272789
3070,0.24097388982772827
3071,0.21484503149986267
3072,0.2046695351600647
3073,0.21136446297168732
3074,0.20686417818069458
3075,0.21518728137016296
3076,0.20911628007888794
3077,0.2200852334499359
3078,0.20997832715511322
3079,0.2171415537595749
3080,0.21101826429367065
3081,0.21801909804344177
3082,0.2275388240814209
3083,0.23624782264232635
3084,0.21215249598026276
3085,0.23251937329769135
3086,0.2384757697582245
3087,0.20894485712051392
3088,0.21564233303070068
3089,0.23897039890289307
3090,0.21112358570098877
3091,0.23770259320735931
3092,0.20961900055408478
3093,0.22042615711688995
3094,0.2011035531759262
3095,0.20923875272274017
3096,0.20986957848072052
3097,0.2338947355747223
3098,0.21435122191905975
3099,0.2804877460002899
3100,0.21132396161556244
3101,0.23707614839076996
3102,0.20344670116901398
3103,0.21333973109722137
3104,0.20885774493217468
3105,0.2081795185804367
3106,0.22174082696437836
3107,0.21350277960300446
3108,0.21675948798656464
3109,0.20848745107650757
3110,0.2096552848815918
3111,0.22595883905887604
3112,0.22916404902935028
3113,0.22330926358699799
3114,0.2250477522611618
3115,0.21802768111228943
3116,0.22374506294727325
3117,0.21280953288078308
3118,0.20822174847126007
3119,0.20678037405014038
3120,0.2152329534292221
3121,0.2215505838394165
3122,0.230610653758049
3123,0.21678335964679718
3124,0.21038202941417694
3125,0.21701675653457642
3126,0.22941510379314423
3127,0.25263699889183044
3128,0.215049147605896
3129,0.21058914065361023
3130,0.21314625442028046
3131,0.2043759822845459
3132,0.20815739035606384
3133,0.21082735061645508
3134,0.24037615954875946
3135,0.23210139572620392
3136,0.2170388400554657
3137,0.23986488580703735
3138,0.21484503149986267
3139,0.19956177473068237
3140,0.2154429703950882
3141,0.20497305691242218
3142,0.21370570361614227
3143,0.2093307375907898
3144,0.21603326499462128
3145,0.20872488617897034
3146,0.21592247486114502
3147,0.21446099877357483
3148,0.21781709790229797
3149,0.22535249590873718
3150,0.23754377663135529
3151,0.20720498263835907
3152,0.232193261384964
3153,0.2391371876001358
3154,0.2090289443731308
3155,0.2135189175605774
3156,0.23827755451202393
3157,0.20908944308757782
3158,0.2360454648733139
3159,0.2080250233411789
3160,0.21356448531150818
3161,0.181334987282753
3162,0.20182272791862488
3163,0.1904578059911728
3164,0.21585208177566528
3165,0.1999589055776596
3166,0.2665035128593445
3167,0.19547522068023682
3168,0.2393728643655777
3169,0.20523712038993835
3170,0.20730938017368317
3171,0.19239458441734314
3172,0.19898343086242676
3173,0.20534513890743256
3174,0.19622832536697388
3175,0.2044970542192459
3176,0.193185955286026
3177,0.19206616282463074
3178,0.23188215494155884
3179,0.20902222394943237
3180,0.20490893721580505
3181,0.2065916359424591
3182,0.20464637875556946
3183,0.19659198820590973
3184,0.19841063022613525
3185,0.1892911195755005
3186,0.2043975591659546
3187,0.20792526006698608
3188,0.2035444974899292
3189,0.21421262621879578
3190,0.1992441564798355
3191,0.2066289335489273
3192,0.20227956771850586
3193,0.21278250217437744
3194,0.23488813638687134
3195,0.19365747272968292
3196,0.20371189713478088
3197,0.2038613110780716
3198,0.20526109635829926
3199,0.19159483909606934
3200,0.18531998991966248
3201,0.21671557426452637
3202,0.21557864546775818
3203,0.20463569462299347
3204,0.22208955883979797
3205,0.2046695351600647
3206,0.19956177473068237
3207,0.2043282389640808
3208,0.19052940607070923
3209,0.20358628034591675
3210,0.19586783647537231
3211,0.1930612474679947
3212,0.20222875475883484
3213,0.20045721530914307
3214,0.20086528360843658
3215,0.19857937097549438
3216,0.19489078223705292
3217,0.2162124365568161
3218,0.19093887507915497
3219,0.21222276985645294
3220,0.2262900471687317
3221,0.20075057446956635
3222,0.20752017199993134
3223,0.21078647673130035
3224,0.20600099861621857
3225,0.2219068557024002
3226,0.1900321990251541
3227,0.19346457719802856
3228,0.1918703019618988
3229,0.21066172420978546
3230,0.21900606155395508
3231,0.23958201706409454
3232,0.2078731805086136
3233,0.29242220520973206
3234,0.2035362422466278
3235,0.2733401954174042
3236,0.20373055338859558
3237,0.2201828509569168
3238,0.21556755900382996
3239,0.2171981781721115
3240,0.2203734666109085
3241,0.20885732769966125
3242,0.21355681121349335
3243,0.21650676429271698
3244,0.22257427871227264
3245,0.25307753682136536
3246,0.22852209210395813
3247,0.22420182824134827
3248,0.22346478700637817
3249,0.21236500144004822
3250,0.22193367779254913
3251,0.20610758662223816
3252,0.19828036427497864
3253,0.2148139625787735
3254,0.21741816401481628
3255,0.21800845861434937
3256,0.23134170472621918
3257,0.2102154940366745
3258,0.2137085646390915
3259,0.21106557548046112
3260,0.23180553317070007
3261,0.2533043622970581
3262,0.2233114242553711
3263,0.2106981724500656
3264,0.21317605674266815
3265,0.2059480845928192
3266,0.2082909345626831
3267,0.20237885415554047
3268,0.24129433929920197
3269,0.22706124186515808
3270,0.2119329571723938
3271,0.24070467054843903
3272,0.21136446297168732
3273,0.2154429703950882
3274,0.2043282389640808
3275,0.21422478556632996
3276,0.21524327993392944
3277,0.20463070273399353
3278,0.21799558401107788
3279,0.20606264472007751
3280,0.20700283348560333
3281,0.2097756564617157
3282,0.21022212505340576
3283,0.22812560200691223
3284,0.23623855412006378
3285,0.2119756042957306
3286,0.22707410156726837
3287,0.23661908507347107
3288,0.20404501259326935
3289,0.21367564797401428
3290,0.24130716919898987
3291,0.2107459455728531
3292,0.24069856107234955
3293,0.20271064341068268
3294,0.22229327261447906
3295,0.18887430429458618
3296,0.2023252695798874
3297,0.20106996595859528
3298,0.21529874205589294
3299,0.20835994184017181
3300,0.2673164904117584
3301,0.2042185664176941
3302,0.26737573742866516
3303,0.20946811139583588
3304,0.21112217009067535
3305,0.2016063630580902
3306,0.21738073229789734
3307,0.2101646214723587
3308,0.20433366298675537
3309,0.20450320839881897
3310,0.20376570522785187
3311,0.20588263869285583
3312,0.25258123874664307
3313,0.20633457601070404
3314,0.20477546751499176
3315,0.21052993834018707
3316,0.20319591462612152
3317,0.20726925134658813
3318,0.2014300525188446
3319,0.19611212611198425
3320,0.22007131576538086
3321,0.21751084923744202
3322,0.20281882584095
3323,0.21287338435649872
3324,0.20732790231704712
3325,0.2068445086479187
3326,0.21029071509838104
3327,0.22215789556503296
3328,0.23504669964313507
3329,0.2134905755519867
3330,0.208739772439003
3331,0.20471718907356262
3332,0.21394221484661102
3333,0.20116111636161804
3334,0.19210503995418549
3335,0.2143213450908661
3336,0.2102515995502472
3337,0.20360898971557617
3338,0.2225576937198639
3339,0.20686417818069458
3340,0.20497305691242218
3341,0.19052940607070923
3342,0.21422478556632996
3343,0.20892514288425446
3344,0.19315040111541748
3345,0.19938576221466064
3346,0.19740261137485504
3347,0.20459049940109253
3348,0.20164687931537628
3349,0.20400622487068176
3350,0.20552751421928406
3351,0.22079850733280182
3352,0.20404435694217682
3353,0.2136518359184265
3354,0.23045450448989868
3355,0.20771650969982147
3356,0.20831403136253357
3357,0.21906162798404694
3358,0.21926327049732208
3359,0.22695563733577728
3360,0.19902333617210388
3361,0.21212847530841827
3362,0.20534467697143555
3363,0.2179630994796753
3364,0.21291013062000275
3365,0.23789967596530914
3366,0.22249892354011536
3367,0.28615519404411316
3368,0.21473559737205505
3369,0.2796112596988678
3370,0.2047761082649231
3371,0.22154703736305237
3372,0.21044521033763885
3373,0.216403529047966
3374,0.2235041856765747
3375,0.22755184769630432
3376,0.21550095081329346
3377,0.2197965830564499
3378,0.22123217582702637
3379,0.2661566734313965
3380,0.23171451687812805
3381,0.22371646761894226
3382,0.23603221774101257
3383,0.2145923376083374
3384,0.2276783138513565
3385,0.20802879333496094
3386,0.20557482540607452
3387,0.20890574157238007
3388,0.22191080451011658
3389,0.22600463032722473
3390,0.24053272604942322
3391,0.2231535017490387
3392,0.2166009396314621
3393,0.22589385509490967
3394,0.2424698919057846
3395,0.25647300481796265
3396,0.22888652980327606
3397,0.2112387865781784
3398,0.2128688544034958
3399,0.21048763394355774
3400,0.21045826375484467
3401,0.21543844044208527
3402,0.24470318853855133
3403,0.23282411694526672
3404,0.21122276782989502
3405,0.24708056449890137
3406,0.21518728137016296
3407,0.21370570361614227
3408,0.20358628034591675
3409,0.21524327993392944
3410,0.20892514288425446
3411,0.20629321038722992
3412,0.22648979723453522
3413,0.20709019899368286
3414,0.22054076194763184
3415,0.20890749990940094
3416,0.22952573001384735
3417,0.2361735999584198
3418,0.24397562444210052
3419,0.2124146670103073
3420,0.2382093220949173
3421,0.2473270446062088
3422,0.20487532019615173
3423,0.22116853296756744
3424,0.24942554533481598
3425,0.21607863903045654
3426,0.24731005728244781
3427,0.21870605647563934
3428,0.22741137444972992
3429,0.18961653113365173
3430,0.2059670239686966
3431,0.19275595247745514
3432,0.2186557948589325
3433,0.2018444687128067
3434,0.26829493045806885
3435,0.1994333565235138
3436,0.21261388063430786
3437,0.20395725965499878
3438,0.2038930356502533
3439,0.1945158839225769
3440,0.20438052713871002
3441,0.20793236792087555
3442,0.19863924384117126
3443,0.2083016037940979
3444,0.2001328468322754
3445,0.19113734364509583
3446,0.21202780306339264
3447,0.2178637683391571
3448,0.20933568477630615
3449,0.20802371203899384
3450,0.20512151718139648
3451,0.20141401886940002
3452,0.2019329071044922
3453,0.1978645920753479
3454,0.20155426859855652
3455,0.20603998005390167
3456,0.2107846438884735
3457,0.21167178452014923
3458,0.20396190881729126
3459,0.20321513712406158
3460,0.2050061970949173
3461,0.2114953249692917
3462,0.2407630831003189
3463,0.204168438911438
3464,0.20405270159244537
3465,0.20532329380512238
3466,0.20375649631023407
3467,0.20050358772277832
3468,0.1949501931667328
3469,0.2252957820892334
3470,0.21871481835842133
3471,0.20793941617012024
3472,0.22747327387332916
3473,0.20911628007888794
3474,0.2093307375907898
3475,0.19586783647537231
3476,0.20463070273399353
3477,0.19315040111541748
3478,0.20629321038722992
3479,0.20076528191566467
3480,0.20391573011875153
3481,0.20181158185005188
3482,0.20750068128108978
3483,0.20102189481258392
3484,0.20962359011173248
3485,0.21697133779525757
3486,0.19718560576438904
3487,0.21431590616703033
3488,0.22631672024726868
3489,0.2030370831489563
3490,0.2038792073726654
3491,0.22092227637767792
3492,0.2036018669605255
3493,0.2187211811542511
3494,0.19573503732681274
3495,0.2039433717727661
3496,0.205147385597229
3497,0.22347840666770935
3498,0.20168225467205048
3499,0.24260662496089935
3500,0.2255001962184906
3501,0.2896628975868225
3502,0.21455441415309906
3503,0.29936692118644714
3504,0.21325203776359558
3505,0.22732238471508026
3506,0.2025434970855713
3507,0.23986200988292694
3508,0.22616639733314514
3509,0.22715315222740173
3510,0.21420809626579285
3511,0.2140364646911621
3512,0.21402229368686676
3513,0.2859114408493042
3514,0.23147255182266235
3515,0.22497433423995972
3516,0.2359010875225067
3517,0.21484880149364471
3518,0.22388342022895813
3519,0.20933526754379272
3520,0.20612813532352448
3521,0.22827769815921783
3522,0.2354898899793625
3523,0.21975626051425934
3524,0.24589192867279053
3525,0.2216760218143463
3526,0.22549141943454742
3527,0.22845885157585144
3528,0.2498515099287033
3529,0.2554069757461548
3530,0.2307531237602234
3531,0.21197964251041412
3532,0.2150329202413559
3533,0.2270609587430954
3534,0.2023826539516449
3535,0.21329288184642792
3536,0.2428017556667328
3537,0.23225665092468262
3538,0.2092113345861435
3539,0.24655954539775848
3540,0.2200852334499359
3541,0.21603326499462128
3542,0.1930612474679947
3543,0.21799558401107788
3544,0.19938576221466064
3545,0.22648979723453522
3546,0.20076528191566467
3547,0.20992034673690796
3548,0.21673643589019775
3549,0.20815718173980713
3550,0.22771517932415009
3551,0.22907671332359314
3552,0.2455224096775055
3553,0.20580704510211945
3554,0.23653051257133484
3555,0.24852058291435242
3556,0.20579127967357635
3557,0.23620931804180145
3558,0.2506515085697174
3559,0.2251865714788437
3560,0.25645631551742554
3561,0.2195044755935669
3562,0.22872911393642426
3563,0.19422957301139832
3564,0.20626845955848694
3565,0.19869811832904816
3566,0.2147156149148941
3567,0.2120625376701355
3568,0.2625654339790344
3569,0.20462509989738464
3570,0.22789175808429718
3571,0.20324020087718964
3572,0.20527003705501556
3573,0.2003813534975052
3574,0.19940568506717682
3575,0.20789214968681335
3576,0.2072996199131012
3577,0.20795407891273499
3578,0.20265159010887146
3579,0.1996777206659317
3580,0.22390243411064148
3581,0.2171693742275238
3582,0.2086178958415985
3583,0.21514028310775757
3584,0.2073831707239151
3585,0.20721906423568726
3586,0.20589694380760193
3587,0.1984599232673645
3588,0.20255282521247864
3589,0.21222320199012756
3590,0.21114248037338257
3591,0.21935826539993286
3592,0.20945057272911072
3593,0.20455364882946014
3594,0.2151588499546051
3595,0.21586135029792786
3596,0.23742404580116272
3597,0.2075226902961731
3598,0.20450088381767273
3599,0.2045297473669052
3600,0.20307959616184235
3601,0.20297548174858093
3602,0.19737312197685242
3603,0.22214342653751373
3604,0.2201933115720749
3605,0.2073162943124771
3606,0.22263170778751373
3607,0.20997832715511322
3608,0.20872488617897034
3609,0.20222875475883484
3610,0.20606264472007751
3611,0.19740261137485504
3612,0.20709019899368286
3613,0.20391573011875153
3614,0.20992034673690796
3615,0.20636966824531555
3616,0.20562054216861725
3617,0.20908361673355103
3618,0.21141979098320007
3619,0.22299109399318695
3620,0.20212073624134064
3621,0.2193882167339325
3622,0.22914215922355652
3623,0.20414893329143524
3624,0.20870593190193176
3625,0.2268991768360138
3626,0.20580819249153137
3627,0.22371168434619904
3628,0.20246903598308563
3629,0.20748378336429596
3630,0.18832238018512726
3631,0.2090815305709839
3632,0.20644088089466095
3633,0.2200043797492981
3634,0.19852356612682343
3635,0.2455304116010666
3636,0.1962539255619049
3637,0.24024111032485962
3638,0.19575943052768707
3639,0.21095852553844452
3640,0.2063753604888916
3641,0.19469811022281647
3642,0.21929848194122314
3643,0.19078390300273895
3644,0.20469342172145844
3645,0.2101053148508072
3646,0.20705080032348633
3647,0.2326170653104782
3648,0.2240993082523346
3649,0.21423013508319855
3650,0.19870345294475555
3651,0.2023470103740692
3652,0.21627596020698547
3653,0.21361377835273743
3654,0.19282162189483643
3655,0.20327602326869965
3656,0.2057245522737503
3657,0.2247813642024994
3658,0.2149215191602707
3659,0.1973869949579239
3660,0.212171271443367
3661,0.2000507414340973
3662,0.2117837369441986
3663,0.2202019989490509
3664,0.2151995748281479
3665,0.20929938554763794
3666,0.21060343086719513
3667,0.20263855159282684
3668,0.2064886838197708
3669,0.19275355339050293
3670,0.2116382122039795
3671,0.2175426483154297
3672,0.20428043603897095
3673,0.23559504747390747
3674,0.2171415537595749
3675,0.21592247486114502
3676,0.20045721530914307
3677,0.20700283348560333
3678,0.20459049940109253
3679,0.22054076194763184
3680,0.20181158185005188
3681,0.21673643589019775
3682,0.20636966824531555
3683,0.20979055762290955
3684,0.19140125811100006
3685,0.2270052433013916
3686,0.21742792427539825
3687,0.20940549671649933
3688,0.19927820563316345
3689,0.2131580412387848
3690,0.20994484424591064
3691,0.21638275682926178
3692,0.23799024522304535
3693,0.20624375343322754
3694,0.21900072693824768
3695,0.19013163447380066
3696,0.21494938433170319
3697,0.18132932484149933
3698,0.20056545734405518
3699,0.19949039816856384
3700,0.22475454211235046
3701,0.20712444186210632
3702,0.27548399567604065
3703,0.20094288885593414
3704,0.2155715376138687
3705,0.19585052132606506
3706,0.20845772325992584
3707,0.2030893862247467
3708,0.18564057350158691
3709,0.21575674414634705
3710,0.20287787914276123
3711,0.21015284955501556
3712,0.2043408304452896
3713,0.19843409955501556
3714,0.21045276522636414
3715,0.22352416813373566
3716,0.2176591157913208
3717,0.21851199865341187
3718,0.20939487218856812
3719,0.20804966986179352
3720,0.20956940948963165
3721,0.1877368837594986
3722,0.1984119862318039
3723,0.1951974481344223
3724,0.21693024039268494
3725,0.2148217111825943
3726,0.21033458411693573
3727,0.20509453117847443
3728,0.21105395257472992
3729,0.2082323580980301
3730,0.24491652846336365
3731,0.2029108852148056
3732,0.20866350829601288
3733,0.21237601339817047
3734,0.20181940495967865
3735,0.2055269181728363
3736,0.1922568827867508
3737,0.23593451082706451
3738,0.22688870131969452
3739,0.2164892703294754
3740,0.23374401032924652
3741,0.21101826429367065
3742,0.21446099877357483
3743,0.20086528360843658
3744,0.2097756564617157
3745,0.20164687931537628
3746,0.20890749990940094
3747,0.20750068128108978
3748,0.20815718173980713
3749,0.20562054216861725
3750,0.20979055762290955
3751,0.20548193156719208
3752,0.21636806428432465
3753,0.21745380759239197
3754,0.2015077918767929
3755,0.22407357394695282
3756,0.22919723391532898
3757,0.1991245448589325
3758,0.20707188546657562
3759,0.22659872472286224
3760,0.20432433485984802
3761,0.22323210537433624
3762,0.20216898620128632
3763,0.20338033139705658
3764,0.18672552704811096
3765,0.21299071609973907
3766,0.2095285952091217
3767,0.2295829802751541
3768,0.1946738064289093
3769,0.2529270052909851
3770,0.19377493858337402
3771,0.2522149384021759
3772,0.18922430276870728
3773,0.2178090512752533
3774,0.2061575949192047
3775,0.19369952380657196
3776,0.22442534565925598
3777,0.1874009221792221
3778,0.19805631041526794
3779,0.21477335691452026
3780,0.20930661261081696
3781,0.23852978646755219
3782,0.22457072138786316
3783,0.21785227954387665
3784,0.1934177279472351
3785,0.19608677923679352
3786,0.21777114272117615
3787,0.21395538747310638
3788,0.19038797914981842
3789,0.2067556381225586
3790,0.2053128480911255
3791,0.23059049248695374
3792,0.22377203404903412
3793,0.19239051640033722
3794,0.2191738337278366
3795,0.19612276554107666
3796,0.22231151163578033
3797,0.21441282331943512
3798,0.2208675593137741
3799,0.21557626128196716
3800,0.2163023054599762
3801,0.20492741465568542
3802,0.2092539668083191
3803,0.1891551911830902
3804,0.2032528519630432
3805,0.2086394876241684
3806,0.20026227831840515
3807,0.23898890614509583
3808,0.21801909804344177
3809,0.21781709790229797
3810,0.19857937097549438
3811,0.21022212505340576
3812,0.20400622487068176
3813,0.22952573001384735
3814,0.20102189481258392
3815,0.22771517932415009
3816,0.20908361673355103
3817,0.19140125811100006
3818,0.20548193156719208
3819,0.2337096631526947
3820,0.22491079568862915
3821,0.21477657556533813
3822,0.19384899735450745
3823,0.2121061384677887
3824,0.21357668936252594
3825,0.22429195046424866
3826,0.24305012822151184
3827,0.21117544174194336
3828,0.22860990464687347
3829,0.18693998456001282
3830,0.22042261064052582
3831,0.21274174749851227
3832,0.23269161581993103
3833,0.20721422135829926
3834,0.2519398629665375
3835,0.22783397138118744
3836,0.2984270453453064
3837,0.22165967524051666
3838,0.29040127992630005
3839,0.21671807765960693
3840,0.23149414360523224
3841,0.2099212110042572
3842,0.23378480970859528
3843,0.23897035419940948
3844,0.23236551880836487
3845,0.23107580840587616
3846,0.2180972546339035
3847,0.2193005234003067
3848,0.28287190198898315
3849,0.24562238156795502
3850,0.23500984907150269
3851,0.24624578654766083
3852,0.23299014568328857
3853,0.23167413473129272
3854,0.2113913744688034
3855,0.21643473207950592
3856,0.21630674600601196
3857,0.23938915133476257
3858,0.232352614402771
3859,0.2542523145675659
3860,0.22576963901519775
3861,0.2277122139930725
3862,0.23016299307346344
3863,0.25253912806510925
3864,0.26361486315727234
3865,0.2298978865146637
3866,0.2264869213104248
3867,0.22685545682907104
3868,0.22406890988349915
3869,0.20680515468120575
3870,0.22457505762577057
3871,0.2538661062717438
3872,0.24263182282447815
3873,0.22024592757225037
3874,0.25527989864349365
3875,0.2275388240814209
3876,0.22535249590873718
3877,0.19489078223705292
3878,0.22812560200691223
3879,0.20552751421928406
3880,0.2361735999584198
3881,0.20962359011173248
3882,0.22907669842243195
3883,0.21141979098320007
3884,0.2270052433013916
3885,0.21636806428432465
3886,0.2337096631526947
3887,0.25231194496154785
3888,0.2108181267976761
3889,0.24795924127101898
3890,0.24935658276081085
3891,0.21276986598968506
3892,0.23655693233013153
3893,0.25409504771232605
3894,0.23133699595928192
3895,0.257205605506897
3896,0.2268339842557907
3897,0.2272202968597412
3898,0.20611873269081116
3899,0.23104140162467957
3900,0.23399196565151215
3901,0.27666208148002625
3902,0.21974095702171326
3903,0.2943215072154999
3904,0.21609215438365936
3905,0.2963789105415344
3906,0.2349892258644104
3907,0.24621230363845825
3908,0.22398056089878082
3909,0.23492896556854248
3910,0.24731627106666565
3911,0.2237256020307541
3912,0.22624695301055908
3913,0.23144027590751648
3914,0.23463007807731628
3915,0.29062944650650024
3916,0.2414587140083313
3917,0.2452768236398697
3918,0.23552927374839783
3919,0.22609028220176697
3920,0.24634237587451935
3921,0.2222135066986084
3922,0.2087152898311615
3923,0.23535209894180298
3924,0.2535744607448578
3925,0.24538566172122955
3926,0.2737880051136017
3927,0.2191390097141266
3928,0.23779161274433136
3929,0.22267213463783264
3930,0.26131561398506165
3931,0.2604012191295624
3932,0.24311217665672302
3933,0.24392864108085632
3934,0.23573821783065796
3935,0.2475138008594513
3936,0.2294383943080902
3937,0.21590930223464966
3938,0.25129589438438416
3939,0.2374017834663391
3940,0.22351393103599548
3941,0.25717875361442566
3942,0.23624782264232635
3943,0.23754377663135529
3944,0.2162124365568161
3945,0.23623855412006378
3946,0.22079850733280182
3947,0.24397562444210052
3948,0.21697133779525757
3949,0.2455224096775055
3950,0.22299109399318695
3951,0.21742792427539825
3952,0.21745380759239197
3953,0.22491079568862915
3954,0.25231194496154785
3955,0.22311189770698547
3956,0.2372560352087021
3957,0.244905024766922
3958,0.22381365299224854
3959,0.2434057742357254
3960,0.263665109872818
3961,0.24206668138504028
3962,0.2796533405780792
3963,0.2198033630847931
3964,0.23972737789154053
3965,0.19561798870563507
3966,0.20541423559188843
3967,0.2012377232313156
3968,0.21790415048599243
3969,0.2156974971294403
3970,0.27040889859199524
3971,0.2086230218410492
3972,0.27256739139556885
3973,0.20683008432388306
3974,0.21040445566177368
3975,0.20233525335788727
3976,0.21402305364608765
3977,0.2121952772140503
3978,0.21337147057056427
3979,0.2081482708454132
3980,0.2052532136440277
3981,0.20860792696475983
3982,0.26039284467697144
3983,0.21276551485061646
3984,0.20564435422420502
3985,0.21999125182628632
3986,0.2059728354215622
3987,0.21164798736572266
3988,0.2030959576368332
3989,0.19921579957008362
3990,0.2220841497182846
3991,0.2152477651834488
3992,0.2075410932302475
3993,0.22130152583122253
3994,0.21377123892307281
3995,0.20666417479515076
3996,0.21760913729667664
3997,0.22662056982517242
3998,0.2408265620470047
3999,0.21761630475521088
4000,0.20677323639392853
4001,0.2040172815322876
4002,0.21203602850437164
4003,0.20072461664676666
4004,0.19968341290950775
4005,0.224759042263031
4006,0.21670447289943695
4007,0.20631906390190125
4008,0.23302128911018372
4009,0.21215249598026276
4010,0.20720498263835907
4011,0.19093887507915497
4012,0.2119756042957306
4013,0.20404435694217682
4014,0.2124146670103073
4015,0.19718560576438904
4016,0.20580704510211945
4017,0.20212073624134064
4018,0.20940549671649933
4019,0.2015077918767929
4020,0.21477657556533813
4021,0.2108181267976761
4022,0.22311189770698547
4023,0.22193562984466553
4024,0.23573648929595947
4025,0.20766258239746094
4026,0.21061022579669952
4027,0.22339320182800293
4028,0.2149587869644165
4029,0.23148396611213684
4030,0.2071654051542282
4031,0.21617665886878967
4032,0.19675147533416748
4033,0.22382394969463348
4034,0.22047795355319977
4035,0.24117861688137054
4036,0.20241627097129822
4037,0.2771662473678589
4038,0.20260941982269287
4039,0.2569030821323395
4040,0.20220233500003815
4041,0.2328391820192337
4042,0.21588134765625
4043,0.21361622214317322
4044,0.2389310598373413
4045,0.1927752047777176
4046,0.20999085903167725
4047,0.22615179419517517
4048,0.21968390047550201
4049,0.2483106404542923
4050,0.23667792975902557
4051,0.23045773804187775
4052,0.20306995511054993
4053,0.20968402922153473
4054,0.2380295693874359
4055,0.22557751834392548
4056,0.20063261687755585
4057,0.21513468027114868
4058,0.22544898092746735
4059,0.24176061153411865
4060,0.23553983867168427
4061,0.19918997585773468
4062,0.22885824739933014
4063,0.20491145551204681
4064,0.2361230105161667
4065,0.23919689655303955
4066,0.23155122995376587
4067,0.22835543751716614
4068,0.22815969586372375
4069,0.21773339807987213
4070,0.22575972974300385
4071,0.1977207064628601
4072,0.22462335228919983
4073,0.22679603099822998
4074,0.21213336288928986
4075,0.2508392632007599
4076,0.23251937329769135
4077,0.232193261384964
4078,0.21222276985645294
4079,0.22707410156726837
4080,0.2136518359184265
4081,0.2382093220949173
4082,0.21431590616703033
4083,0.23653051257133484
4084,0.2193882167339325
4085,0.19927820563316345
4086,0.22407357394695282
4087,0.19384899735450745
4088,0.24795924127101898
4089,0.2372560352087021
4090,0.22193562984466553
4091,0.2233642339706421
4092,0.22786737978458405
4093,0.23643052577972412
4094,0.2554470896720886
4095,0.22651907801628113
4096,0.23866426944732666
4097,0.19343172013759613
4098,0.22987258434295654
4099,0.21275898814201355
4100,0.23454035818576813
4101,0.23569519817829132
4102,0.24692082405090332
4103,0.21842068433761597
4104,0.27444350719451904
4105,0.21967749297618866
4106,0.263185977935791
4107,0.22260956466197968
4108,0.24216507375240326
4109,0.23372288048267365
4110,0.22924849390983582
4111,0.24313972890377045
4112,0.20978452265262604
4113,0.22725003957748413
4114,0.23961007595062256
4115,0.24095606803894043
4116,0.25028082728385925
4117,0.24207453429698944
4118,0.23689916729927063
4119,0.22196294367313385
4120,0.2294934093952179
4121,0.24370452761650085
4122,0.23540008068084717
4123,0.2163146436214447
4124,0.22966782748699188
4125,0.23621121048927307
4126,0.24422217905521393
4127,0.24620404839515686
4128,0.21240539848804474
4129,0.24335086345672607
4130,0.22006751596927643
4131,0.24535250663757324
4132,0.24900312721729279
4133,0.24564066529273987
4134,0.23772850632667542
4135,0.23688755929470062
4136,0.23467859625816345
4137,0.23602616786956787
4138,0.21244552731513977
4139,0.24398772418498993
4140,0.24193792045116425
4141,0.22727294266223907
4142,0.25091350078582764
4143,0.2384757697582245
4144,0.2391371876001358
4145,0.2262900471687317
4146,0.23661908507347107
4147,0.23045450448989868
4148,0.2473270446062088
4149,0.22631672024726868
4150,0.24852058291435242
4151,0.22914215922355652
4152,0.2131580412387848
4153,0.22919723391532898
4154,0.2121061384677887
4155,0.24935658276081085
4156,0.244905024766922
4157,0.23573648929595947
4158,0.2233642339706421
4159,0.23593401908874512
4160,0.24651604890823364
4161,0.2556109130382538
4162,0.2373669296503067
4163,0.24894873797893524
4164,0.21155086159706116
4165,0.24515365064144135
4166,0.18651850521564484
4167,0.20255644619464874
4168,0.2070217728614807
4169,0.21704623103141785
4170,0.21093632280826569
4171,0.2769944667816162
4172,0.20345178246498108
4173,0.2626275420188904
4174,0.20028269290924072
4175,0.20268574357032776
4176,0.20855647325515747
4177,0.19346846640110016
4178,0.20747078955173492
4179,0.21086907386779785
4180,0.20812521874904633
4181,0.20718052983283997
4182,0.20948703587055206
4183,0.23957723379135132
4184,0.21794304251670837
4185,0.20997221767902374
4186,0.2219984233379364
4187,0.2072867602109909
4188,0.21316128969192505
4189,0.20473942160606384
4190,0.1948736011981964
4191,0.20718257129192352
4192,0.2051011472940445
4193,0.2137472927570343
4194,0.2167106717824936
4195,0.21294528245925903
4196,0.2001151144504547
4197,0.21432122588157654
4198,0.21354800462722778
4199,0.24732442200183868
4200,0.21589569747447968
4201,0.2027340680360794
4202,0.2035912275314331
4203,0.19923636317253113
4204,0.20237433910369873
4205,0.19301506876945496
4206,0.2310439646244049
4207,0.22464676201343536
4208,0.20763498544692993
4209,0.23305703699588776
4210,0.20894485712051392
4211,0.2090289443731308
4212,0.20075057446956635
4213,0.20404501259326935
4214,0.20771650969982147
4215,0.20487532019615173
4216,0.2030370831489563
4217,0.20579127967357635
4218,0.20414893329143524
4219,0.20994484424591064
4220,0.1991245448589325
4221,0.21357668936252594
4222,0.21276986598968506
4223,0.22381365299224854
4224,0.20766258239746094
4225,0.22786737978458405
4226,0.23593401908874512
4227,0.20116381347179413
4228,0.22654174268245697
4229,0.20339007675647736
4230,0.22157669067382812
4231,0.2034422755241394
4232,0.2153547704219818
4233,0.20148196816444397
4234,0.2244536429643631
4235,0.21292398869991302
4236,0.23819099366664886
4237,0.22230252623558044
4238,0.2877284288406372
4239,0.21312475204467773
4240,0.297288179397583
4241,0.2186984270811081
4242,0.22809121012687683
4243,0.21247592568397522
4244,0.24316944181919098
4245,0.21857604384422302
4246,0.2236568033695221
4247,0.21513086557388306
4248,0.21853096783161163
4249,0.2350827157497406
4250,0.28303226828575134
4251,0.22979414463043213
4252,0.2211928516626358
4253,0.23639920353889465
4254,0.21684768795967102
4255,0.22489775717258453
4256,0.2041359394788742
4257,0.20316404104232788
4258,0.22961780428886414
4259,0.23145298659801483
4260,0.22124312818050385
4261,0.24824000895023346
4262,0.21859650313854218
4263,0.22584955394268036
4264,0.2254435122013092
4265,0.2483188807964325
4266,0.2531268298625946
4267,0.24572739005088806
4268,0.20522119104862213
4269,0.21112160384655
4270,0.22800089418888092
4271,0.20716406404972076
4272,0.21212048828601837
4273,0.23990942537784576
4274,0.23249107599258423
4275,0.21036040782928467
4276,0.24245980381965637
4277,0.21564233303070068
4278,0.2135189175605774
4279,0.20752017199993134
4280,0.21367564797401428
4281,0.20831403136253357
4282,0.22116853296756744
4283,0.2038792073726654
4284,0.23620931804180145
4285,0.20870593190193176
4286,0.21638275682926178
4287,0.20707188546657562
4288,0.22429195046424866
4289,0.23655693233013153
4290,0.2434057742357254
4291,0.21061022579669952
4292,0.23643052577972412
4293,0.24651604890823364
4294,0.20116381347179413
4295,0.258419394493103
4296,0.22367088496685028
4297,0.2566417455673218
4298,0.2172059863805771
4299,0.24169476330280304
4300,0.22043119370937347
4301,0.24530363082885742
4302,0.22186991572380066
4303,0.2606416344642639
4304,0.23742800951004028
4305,0.3055045008659363
4306,0.23474067449569702
4307,0.3154660165309906
4308,0.2283831536769867
4309,0.25043654441833496
4310,0.2232094705104828
4311,0.2568373680114746
4312,0.24885676801204681
4313,0.24258381128311157
4314,0.2426481693983078
4315,0.23209328949451447
4316,0.23565836250782013
4317,0.3095775246620178
4318,0.2543690800666809
4319,0.24505358934402466
4320,0.25482499599456787
4321,0.24448370933532715
4322,0.2499264031648636
4323,0.22066114842891693
4324,0.22451487183570862
4325,0.2285483181476593
4326,0.2551852762699127
4327,0.24844810366630554
4328,0.2738545835018158
4329,0.23496006429195404
4330,0.24662306904792786
4331,0.23939833045005798
4332,0.27558788657188416
4333,0.2718164622783661
4334,0.25047212839126587
4335,0.2397548258304596
4336,0.23870450258255005
4337,0.2463514506816864
4338,0.22534659504890442
4339,0.23112189769744873
4340,0.2638598084449768
4341,0.2510068118572235
4342,0.23127807676792145
4343,0.2623211145401001
4344,0.23897039890289307
4345,0.23827755451202393
4346,0.21078647673130035
4347,0.24130716919898987
4348,0.21906162798404694
4349,0.24942554533481598
4350,0.22092227637767792
4351,0.2506515085697174
4352,0.2268991768360138
4353,0.23799024522304535
4354,0.22659872472286224
4355,0.24305012822151184
4356,0.25409504771232605
4357,0.263665109872818
4358,0.22339320182800293
4359,0.25544705986976624
4360,0.2556109130382538
4361,0.22654174268245697
4362,0.258419394493103
4363,0.25408071279525757
4364,0.2767947316169739
4365,0.23826703429222107
4366,0.24670587480068207
4367,0.19022992253303528
4368,0.2166195958852768
4369,0.217878520488739
4370,0.2344854325056076
4371,0.2085912972688675
4372,0.29242831468582153
4373,0.20283804833889008
4374,0.31905707716941833
4375,0.2149643898010254
4376,0.22246620059013367
4377,0.2174586057662964
4378,0.24005542695522308
4379,0.2181934416294098
4380,0.20991787314414978
4381,0.20961302518844604
4382,0.21822752058506012
4383,0.2374628484249115
4384,0.28817540407180786
4385,0.22414065897464752
4386,0.21495454013347626
4387,0.22254624962806702
4388,0.20977100729942322
4389,0.22398239374160767
4390,0.20466339588165283
4391,0.1960059404373169
4392,0.23798979818820953
4393,0.2271900773048401
4394,0.21533514559268951
4395,0.25045323371887207
4396,0.21078252792358398
4397,0.21838706731796265
4398,0.21236073970794678
4399,0.246243417263031
4400,0.25320082902908325
4401,0.2495155930519104
4402,0.1990242898464203
4403,0.2013777792453766
4404,0.23247824609279633
4405,0.20613421499729156
4406,0.1992441713809967
4407,0.23875173926353455
4408,0.2266913652420044
4409,0.2085287719964981
4410,0.24005787074565887
4411,0.21112358570098877
4412,0.20908944308757782
4413,0.20600099861621857
4414,0.2107459455728531
4415,0.21926327049732208
4416,0.21607863903045654
4417,0.2036018669605255
4418,0.2251865714788437
4419,0.20580819249153137
4420,0.20624375343322754
4421,0.20432433485984802
4422,0.21117544174194336
4423,0.23133699595928192
4424,0.24206668138504028
4425,0.2149587869644165
4426,0.22651907801628113
4427,0.2373669296503067
4428,0.20339007675647736
4429,0.22367088496685028
4430,0.25408071279525757
4431,0.25289976596832275
4432,0.2016821801662445
4433,0.24548977613449097
4434,0.2044181376695633
4435,0.24548599123954773
4436,0.22866453230381012
4437,0.2812565565109253
4438,0.22337143123149872
4439,0.2962696850299835
4440,0.21690170466899872
4441,0.3099994659423828
4442,0.2598874568939209
4443,0.2565464377403259
4444,0.22826611995697021
4445,0.2662060856819153
4446,0.24820426106452942
4447,0.22786559164524078
4448,0.231608048081398
4449,0.2366505265235901
4450,0.24222241342067719
4451,0.3070014417171478
4452,0.2476833611726761
4453,0.24760589003562927
4454,0.23810911178588867
4455,0.23321391642093658
4456,0.24802842736244202
4457,0.21934457123279572
4458,0.20672793686389923
4459,0.2523138225078583
4460,0.27746474742889404
4461,0.242479145526886
4462,0.2950339615345001
4463,0.22044621407985687
4464,0.2500198781490326
4465,0.22601671516895294
4466,0.2848636209964752
4467,0.2606809437274933
4468,0.25442054867744446
4469,0.2391977161169052
4470,0.23795562982559204
4471,0.2642527222633362
4472,0.22898173332214355
4473,0.21637585759162903
4474,0.25423797965049744
4475,0.2414761632680893
4476,0.22679229080677032
4477,0.2550406754016876
4478,0.23770259320735931
4479,0.2360454648733139
4480,0.2219068557024002
4481,0.24069856107234955
4482,0.22695565223693848
4483,0.24731005728244781
4484,0.2187211811542511
4485,0.25645631551742554
4486,0.22371168434619904
4487,0.21900072693824768
4488,0.22323210537433624
4489,0.22860990464687347
4490,0.257205605506897
4491,0.2796533405780792
4492,0.23148396611213684
4493,0.23866426944732666
4494,0.24894873797893524
4495,0.22157669067382812
4496,0.2566417455673218
4497,0.2767947316169739
4498,0.25289976596832275
4499,0.225797638297081
4500,0.25188928842544556
4501,0.18079979717731476
4502,0.20401179790496826
4503,0.20038720965385437
4504,0.22273389995098114
4505,0.19459334015846252
4506,0.2578795552253723
4507,0.1909618079662323
4508,0.24884675443172455
4509,0.18666164577007294
4510,0.21216800808906555
4511,0.20127448439598083
4512,0.18773798644542694
4513,0.21680361032485962
4514,0.18853746354579926
4515,0.1955806165933609
4516,0.20390166342258453
4517,0.20045386254787445
4518,0.23627358675003052
4519,0.21825069189071655
4520,0.21015729010105133
4521,0.19231237471103668
4522,0.19309614598751068
4523,0.20854702591896057
4524,0.20509561896324158
4525,0.18625177443027496
4526,0.19959601759910583
4527,0.20100905001163483
4528,0.22098885476589203
4529,0.21820685267448425
4530,0.19170509278774261
4531,0.21408939361572266
4532,0.197066068649292
4533,0.21451953053474426
4534,0.2180841565132141
4535,0.2119024097919464
4536,0.2058585286140442
4537,0.20719613134860992
4538,0.19691108167171478
4539,0.19891753792762756
4540,0.18823562562465668
4541,0.2029774785041809
4542,0.20921385288238525
4543,0.19794495403766632
4544,0.23198974132537842
4545,0.20961900055408478
4546,0.2080250233411789
4547,0.1900321990251541
4548,0.20271064341068268
4549,0.19902333617210388
4550,0.21870605647563934
4551,0.19573503732681274
4552,0.2195044755935669
4553,0.20246903598308563
4554,0.19013163447380066
4555,0.20216898620128632
4556,0.18693998456001282
4557,0.2268339842557907
4558,0.2198033630847931
4559,0.2071654051542282
4560,0.19343172013759613
4561,0.21155086159706116
4562,0.2034422755241394
4563,0.2172059863805771
4564,0.23826703429222107
4565,0.2016821801662445
4566,0.225797638297081
4567,0.21253976225852966
4568,0.20748059451580048
4569,0.21762995421886444
4570,0.20893214643001556
4571,0.23302634060382843
4572,0.22327156364917755
4573,0.28141388297080994
4574,0.21342256665229797
4575,0.30211102962493896
4576,0.22024545073509216
4577,0.23070544004440308
4578,0.2082899510860443
4579,0.24596339464187622
4580,0.22862569987773895
4581,0.2185499668121338
4582,0.21374572813510895
4583,0.2190045863389969
4584,0.22586283087730408
4585,0.2830471694469452
4586,0.22040292620658875
4587,0.21324488520622253
4588,0.2280856966972351
4589,0.21129103004932404
4590,0.2297275960445404
4591,0.20804652571678162
4592,0.21087020635604858
4593,0.23560936748981476
4594,0.23830580711364746
4595,0.2147916555404663
4596,0.2401137799024582
4597,0.21900703012943268
4598,0.22955578565597534
4599,0.22523099184036255
4600,0.25556910037994385
4601,0.25259536504745483
4602,0.23752249777317047
4603,0.21319277584552765
4604,0.2122999131679535
4605,0.24142561852931976
4606,0.2065228819847107
4607,0.2112991064786911
4608,0.2375418245792389
4609,0.22260990738868713
4610,0.2089395970106125
4611,0.24763897061347961
4612,0.22042615711688995
4613,0.21356448531150818
4614,0.19346457719802856
4615,0.22229327261447906
4616,0.21212847530841827
4617,0.22741137444972992
4618,0.2039433717727661
4619,0.22872911393642426
4620,0.20748378336429596
4621,0.21494938433170319
4622,0.20338033139705658
4623,0.22042261064052582
4624,0.2272202968597412
4625,0.23972737789154053
4626,0.21617665886878967
4627,0.22987258434295654
4628,0.24515365064144135
4629,0.2153547704219818
4630,0.24169476330280304
4631,0.24670587480068207
4632,0.24548977613449097
4633,0.25188928842544556
4634,0.21253976225852966
4635,0.2376287430524826
4636,0.2376287430524826
4637,0.27005043625831604
4638,0.27005043625831604
4639,0.25789302587509155
4640,0.2578880488872528
4641,0.2578928768634796
4642,0.25788819789886475
4643,0.2599025070667267
4644,0.2599025070667267
4645,0.253315806388855
4646,0.2535408139228821
4647,0.2535408139228821
4648,0.253315806388855
4649,0.2262672632932663
4650,0.2262672632932663
4651,0.22448742389678955
4652,0.22448742389678955
4653,0.24641889333724976
4654,0.24647358059883118
4655,0.24647358059883118
4656,0.24641889333724976
4657,0.26159200072288513
4658,0.26159200072288513
4659,0.25558072328567505
4660,0.2555358409881592
4661,0.2555358409881592
4662,0.25558072328567505
4663,0.2478284239768982
4664,0.2478284239768982
4665,0.2447078377008438
4666,0.24499499797821045
4667,0.24499499797821045
4668,0.2447078377008438
4669,0.2511107623577118
4670,0.2511107623577118
4671,0.22048026323318481
4672,0.22048026323318481
4673,0.24334716796875
4674,0.24334919452667236
4675,0.24334919452667236
4676,0.24334716796875
4677,0.22831477224826813
4678,0.22831477224826813
4679,0.24488565325737
4680,0.24488565325737
4681,0.23886579275131226
4682,0.23886579275131226
4683,0.26930731534957886
4684,0.26955482363700867
4685,0.26955482363700867
4686,0.26930731534957886
4687,0.2372383028268814
4688,0.23755979537963867
4689,0.23755979537963867
4690,0.2372383028268814
4691,0.2453581988811493
4692,0.2453581988811493
4693,0.26993489265441895
4694,0.27010345458984375
4695,0.27010345458984375
4696,0.26993489265441895
4697,0.25339990854263306
4698,0.2536803185939789
4699,0.2536803185939789
4700,0.25339990854263306
4701,0.2879123091697693
4702,0.2879123091697693
4703,0.24671056866645813
4704,0.24671056866645813
4705,0.2573530673980713
4706,0.2573530673980713
4707,0.24705427885055542
4708,0.2471935749053955
4709,0.2471935749053955
4710,0.24705427885055542
4711,0.2442004233598709
4712,0.2442004233598709
4713,0.25629815459251404
4714,0.25629815459251404
4715,0.24601931869983673
4716,0.24603311717510223
4717,0.24603311717510223
4718,0.24601931869983673
4719,0.2592322826385498
4720,0.2592322826385498
4721,0.2284426987171173
4722,0.2284426987171173
4723,0.22990286350250244
4724,0.22990286350250244
4725,0.25443464517593384
4726,0.25441089272499084
4727,0.25441089272499084
4728,0.25443464517593384
4729,0.25142213702201843
4730,0.25142213702201843
4731,0.23671522736549377
4732,0.23671522736549377
4733,0.2399245649576187
4734,0.2399245649576187
4735,0.2378624826669693
4736,0.2378624826669693
4737,0.2499023675918579
4738,0.2499023675918579
4739,0.2511363625526428
4740,0.2511139214038849
4741,0.2511139214038849
4742,0.2511363625526428
4743,0.24830907583236694
4744,0.24830907583236694
4745,0.24282331764698029
4746,0.24284416437149048
4747,0.24284416437149048
4748,0.24282331764698029
4749,0.2405518889427185
4750,0.2405518889427185
4751,0.2505042552947998
4752,0.2505042552947998
4753,0.2696702778339386
4754,0.2696702778339386
4755,0.25735926628112793
4756,0.25755536556243896
4757,0.25755536556243896
4758,0.25735926628112793
4759,0.23238949477672577
4760,0.23238949477672577
4761,0.2593809962272644
4762,0.2593809962272644
4763,0.24337030947208405
4764,0.24340011179447174
4765,0.24340011179447174
4766,0.24337030947208405
4767,0.25463199615478516
4768,0.25463199615478516
4769,0.25270599126815796
4770,0.25270599126815796
4771,0.24530795216560364
4772,0.24530795216560364
4773,0.2509535551071167
4774,0.25095224380493164
4775,0.25095224380493164
4776,0.2509535551071167
4777,0.2643197774887085
4778,0.2643892765045166
4779,0.26431921124458313
4780,0.26438984274864197
4781,0.2562151551246643
4782,0.2562151551246643
4783,0.2553789019584656
4784,0.2553789019584656
4785,0.2405124455690384
4786,0.24050718545913696
4787,0.24050718545913696
4788,0.2405124455690384
4789,0.2331194281578064
4790,0.2331194281578064
4791,0.24953997135162354
4792,0.24612140655517578
4793,0.24954473972320557
4794,0.24611647427082062
4795,0.24618306756019592
4796,0.24618306756019592
4797,0.24427196383476257
4798,0.24430201947689056
4799,0.24430201947689056
4800,0.24427196383476257
4801,0.25665536522865295
4802,0.25665536522865295
4803,0.24749480187892914
4804,0.24749480187892914
4805,0.24721260368824005
4806,0.24721071124076843
4807,0.24721071124076843
4808,0.24721260368824005
4809,0.25912395119667053
4810,0.25912395119667053
4811,0.2451746165752411
4812,0.2451746165752411
4813,0.2643086910247803
4814,0.26430872082710266
4815,0.26430872082710266
4816,0.2643086910247803
4817,0.2139749675989151
4818,0.2139749675989151
4819,0.2190113663673401
4820,0.2190113663673401
4821,0.21462944149971008
4822,0.21444717049598694
4823,0.21462902426719666
4824,0.21444758772850037
4825,0.224557027220726
4826,0.224557027220726
4827,0.21534983813762665
4828,0.2159455567598343
4829,0.2159455567598343
4830,0.21534985303878784
4831,0.20371194183826447
4832,0.20371194183826447
4833,0.18676723539829254
4834,0.18676723539829254
4835,0.20741043984889984
4836,0.20759236812591553
4837,0.20759236812591553
4838,0.20741043984889984
4839,0.21397019922733307
4840,0.21397019922733307
4841,0.216917484998703
4842,0.21693021059036255
4843,0.21693021059036255
4844,0.216917484998703
4845,0.20793592929840088
4846,0.20793592929840088
4847,0.20878954231739044
4848,0.20870409905910492
4849,0.20870409905910492
4850,0.20878954231739044
4851,0.21280018985271454
4852,0.21280018985271454
4853,0.1951388269662857
4854,0.1951388269662857
4855,0.2138703465461731
4856,0.21388541162014008
4857,0.21388541162014008
4858,0.2138703465461731
4859,0.20518285036087036
4860,0.20518285036087036
4861,0.19779106974601746
4862,0.19779106974601746
4863,0.21307982504367828
4864,0.21307982504367828
4865,0.2267790287733078
4866,0.22718092799186707
4867,0.22718092799186707
4868,0.2267790287733078
4869,0.19960366189479828
4870,0.20020797848701477
4871,0.20020797848701477
4872,0.19960366189479828
4873,0.2125980406999588
4874,0.2125980406999588
4875,0.23134712874889374
4876,0.23120631277561188
4877,0.23120631277561188
4878,0.23134712874889374
4879,0.2177889198064804
4880,0.21725258231163025
4881,0.21725258231163025
4882,0.2177889198064804
4883,0.25771236419677734
4884,0.25771236419677734
4885,0.2209579050540924
4886,0.2209579050540924
4887,0.21669846773147583
4888,0.21669846773147583
4889,0.19776365160942078
4890,0.19856970012187958
4891,0.19856970012187958
4892,0.19776365160942078
4893,0.2138936072587967
4894,0.21389362215995789
4895,0.226133793592453
4896,0.226133793592453
4897,0.21721145510673523
4898,0.21727269887924194
4899,0.21727269887924194
4900,0.21721145510673523
4901,0.2275315225124359
4902,0.2275315225124359
4903,0.19933928549289703
4904,0.19933928549289703
4905,0.19893929362297058
4906,0.19893929362297058
4907,0.22049587965011597
4908,0.22057834267616272
4909,0.22057834267616272
4910,0.22049587965011597
4911,0.2309105545282364
4912,0.2309105545282364
4913,0.19732707738876343
4914,0.19732707738876343
4915,0.21219071745872498
4916,0.21219071745872498
4917,0.2200259119272232
4918,0.2200259119272232
4919,0.21967487037181854
4920,0.21967487037181854
4921,0.21514201164245605
4922,0.21525098383426666
4923,0.21525098383426666
4924,0.21514201164245605
4925,0.20990847051143646
4926,0.20990848541259766
4927,0.215595081448555
4928,0.21565452218055725
4929,0.21565452218055725
4930,0.215595081448555
4931,0.2151380032300949
4932,0.2151380032300949
4933,0.2123575359582901
4934,0.2123575359582901
4935,0.2165909707546234
4936,0.2165909707546234
4937,0.20090270042419434
4938,0.20172001421451569
4939,0.20172001421451569
4940,0.20090270042419434
4941,0.19805487990379333
4942,0.19805487990379333
4943,0.22437843680381775
4944,0.22437843680381775
4945,0.2089850753545761
4946,0.20906546711921692
4947,0.20906546711921692
4948,0.2089850753545761
4949,0.21780015528202057
4950,0.21780015528202057
4951,0.2038070559501648
4952,0.2038070559501648
4953,0.20788021385669708
4954,0.20788021385669708
4955,0.20880815386772156
4956,0.20891155302524567
4957,0.20891155302524567
4958,0.20880815386772156
4959,0.22243204712867737
4960,0.2224864810705185
4961,0.22243477404117584
4962,0.22248375415802002
4963,0.22620782256126404
4964,0.22620782256126404
4965,0.226649671792984
4966,0.226649671792984
4967,0.21027256548404694
4968,0.21027562022209167
4969,0.21027562022209167
4970,0.21027256548404694
4971,0.20099233090877533
4972,0.20099233090877533
4973,0.21141822636127472
4974,0.21005742251873016
4975,0.2114061564207077
4976,0.21006689965724945
4977,0.2186306267976761
4978,0.2186306267976761
4979,0.20953354239463806
4980,0.20961342751979828
4981,0.20961342751979828
4982,0.20953354239463806
4983,0.23251736164093018
4984,0.23251736164093018
4985,0.2129344493150711
4986,0.2129344493150711
4987,0.22473032772541046
4988,0.22469933331012726
4989,0.22469933331012726
4990,0.22473031282424927
4991,0.22363169491291046
4992,0.22363169491291046
4993,0.21349628269672394
4994,0.21349628269672394
4995,0.22748370468616486
4996,0.22748352587223053
4997,0.22748352587223053
4998,0.22748370468616486
4999,0.2247021496295929
5000,0.2424442023038864
5001,0.23318910598754883
5002,0.23317976295948029
5003,0.2292965054512024
5004,0.21171309053897858
5005,0.21171309053897858
5006,0.19401279091835022
5007,0.19174842536449432
5008,0.20851968228816986
5009,0.20851968228816986
5010,0.2207244336605072
5011,0.22388403117656708
5012,0.22388403117656708
5013,0.21217197179794312
5014,0.209706649184227
5015,0.209706649184227
5016,0.2175007462501526
5017,0.18377822637557983
5018,0.21232709288597107
5019,0.21232709288597107
5020,0.20843937993049622
5021,0.20540237426757812
5022,0.2138022780418396
5023,0.23867705464363098
5024,0.23867705464363098
5025,0.19288383424282074
5026,0.19288383424282074
5027,0.21574079990386963
5028,0.2442299872636795
5029,0.2442299872636795
5030,0.21758441627025604
5031,0.21758441627025604
5032,0.254996657371521
5033,0.20502720773220062
5034,0.23259466886520386
5035,0.20596201717853546
5036,0.20596201717853546
5037,0.22518010437488556
5038,0.2335098385810852
5039,0.20624905824661255
5040,0.20624905824661255
5041,0.22458992898464203
5042,0.2072729915380478
5043,0.20252476632595062
5044,0.2325163334608078
5045,0.2325163334608078
5046,0.22894558310508728
5047,0.19087037444114685
5048,0.2201765477657318
5049,0.224985271692276
5050,0.22263982892036438
5051,0.21304015815258026
5052,0.21304015815258026
5053,0.21650190651416779
5054,0.2174268364906311
5055,0.2174268364906311
5056,0.21862047910690308
5057,0.2013395130634308
5058,0.2383972406387329
5059,0.22366908192634583
5060,0.22366908192634583
5061,0.19782844185829163
5062,0.21453344821929932
5063,0.21245819330215454
5064,0.21245819330215454
5065,0.23063644766807556
5066,0.21663713455200195
5067,0.21809552609920502
5068,0.20117446780204773
5069,0.20117446780204773
5070,0.24320580065250397
5071,0.24329544603824615
5072,0.2301677167415619
5073,0.2304113656282425
5074,0.2177441567182541
5075,0.2177441567182541
5076,0.20133230090141296
5077,0.22029750049114227
5078,0.21729400753974915
5079,0.20691969990730286
5080,0.2133764773607254
5081,0.2133764773607254
5082,0.23757021129131317
5083,0.22001616656780243
5084,0.22234341502189636
5085,0.22234341502189636
5086,0.22991971671581268
5087,0.2233610302209854
5088,0.21988658607006073
5089,0.21988658607006073
5090,0.22871297597885132
5091,0.22871297597885132
5092,0.27231529355049133
5093,0.27231529355049133
5094,0.2529563903808594
5095,0.2532151937484741
5096,0.25295644998550415
5097,0.25321513414382935
5098,0.2574271857738495
5099,0.2574271857738495
5100,0.24978908896446228
5101,0.24958184361457825
5102,0.24958184361457825
5103,0.24978908896446228
5104,0.22509166598320007
5105,0.22509166598320007
5106,0.22125938534736633
5107,0.22125938534736633
5108,0.23921576142311096
5109,0.2392040193080902
5110,0.2392040193080902
5111,0.23921576142311096
5112,0.2559402585029602
5113,0.2559402585029602
5114,0.2476455569267273
5115,0.2477521151304245
5116,0.2477521151304245
5117,0.2476455569267273
5118,0.24283777177333832
5119,0.24283777177333832
5120,0.2421020269393921
5121,0.24192184209823608
5122,0.24192184209823608
5123,0.2421020269393921
5124,0.24548377096652985
5125,0.24548377096652985
5126,0.2085576206445694
5127,0.2085576206445694
5128,0.2396850734949112
5129,0.2396828532218933
5130,0.2396828532218933
5131,0.2396850734949112
5132,0.21682307124137878
5133,0.21682307124137878
5134,0.24038268625736237
5135,0.24038268625736237
5136,0.23568040132522583
5137,0.23568040132522583
5138,0.26352033019065857
5139,0.26324206590652466
5140,0.26324206590652466
5141,0.26352033019065857
5142,0.22810371220111847
5143,0.22791247069835663
5144,0.22791247069835663
5145,0.22810371220111847
5146,0.24017415940761566
5147,0.24017415940761566
5148,0.2673201560974121
5149,0.2671177387237549
5150,0.2671177387237549
5151,0.2673201560974121
5152,0.2487342208623886
5153,0.24831098318099976
5154,0.24831098318099976
5155,0.2487342208623886
5156,0.28802478313446045
5157,0.28802478313446045
5158,0.24420276284217834
5159,0.24420276284217834
5160,0.25366857647895813
5161,0.25366857647895813
5162,0.2435382455587387
5163,0.24349622428417206
5164,0.24349622428417206
5165,0.2435382455587387
5166,0.2414545863866806
5167,0.2414545863866806
5168,0.24939391016960144
5169,0.24939391016960144
5170,0.24331480264663696
5171,0.2433026134967804
5172,0.2433026134967804
5173,0.24331480264663696
5174,0.2572665512561798
5175,0.2572665512561798
5176,0.21911181509494781
5177,0.21911181509494781
5178,0.2276795655488968
5179,0.2276795655488968
5180,0.2528271973133087
5181,0.252864271402359
5182,0.252864271402359
5183,0.2528271973133087
5184,0.2505595088005066
5185,0.2505595088005066
5186,0.23013083636760712
5187,0.23013083636760712
5188,0.23803064227104187
5189,0.23803064227104187
5190,0.22983402013778687
5191,0.22983402013778687
5192,0.24596475064754486
5193,0.24596475064754486
5194,0.24546843767166138
5195,0.2455124855041504
5196,0.2455124855041504
5197,0.24546843767166138
5198,0.24528472125530243
5199,0.24528472125530243
5200,0.23323333263397217
5201,0.23322756588459015
5202,0.23322756588459015
5203,0.23323333263397217
5204,0.23157432675361633
5205,0.23157432675361633
5206,0.24691134691238403
5207,0.24691134691238403
5208,0.26709067821502686
5209,0.26709067821502686
5210,0.2542515695095062
5211,0.25404900312423706
5212,0.25404900312423706
5213,0.2542515695095062
5214,0.22080093622207642
5215,0.22080093622207642
5216,0.25704193115234375
5217,0.25704193115234375
5218,0.23773685097694397
5219,0.2376977652311325
5220,0.2376977652311325
5221,0.23773685097694397
5222,0.2525820732116699
5223,0.2525820732116699
5224,0.24969106912612915
5225,0.24969106912612915
5226,0.2404964566230774
5227,0.2404964566230774
5228,0.24720406532287598
5229,0.2472163438796997
5230,0.2472163438796997
5231,0.24720406532287598
5232,0.2624877691268921
5233,0.26247090101242065
5234,0.26248934864997864
5235,0.2624693512916565
5236,0.24794822931289673
5237,0.24794822931289673
5238,0.25313591957092285
5239,0.25313591957092285
5240,0.23009145259857178
5241,0.23010297119617462
5242,0.23010297119617462
5243,0.23009145259857178
5244,0.22906243801116943
5245,0.22906243801116943
5246,0.2439647763967514
5247,0.2396906465291977
5248,0.24395398795604706
5249,0.23970426619052887
5250,0.24396798014640808
5251,0.24396798014640808
5252,0.23853512108325958
5253,0.23849718272686005
5254,0.23849718272686005
5255,0.23853512108325958
5256,0.24777555465698242
5257,0.24777555465698242
5258,0.2431536167860031
5259,0.2431536167860031
5260,0.24249401688575745
5261,0.24249480664730072
5262,0.24249480664730072
5263,0.24249401688575745
5264,0.2567690312862396
5265,0.2567690312862396
5266,0.2420995682477951
5267,0.2420995682477951
5268,0.2602681517601013
5269,0.260267972946167
5270,0.260267972946167
5271,0.2602681517601013
5272,0.20629459619522095
5273,0.23289722204208374
5274,0.22560328245162964
5275,0.2256934642791748
5276,0.20706383883953094
5277,0.20324310660362244
5278,0.20324310660362244
5279,0.1990264654159546
5280,0.1802448034286499
5281,0.2106872946023941
5282,0.2106872946023941
5283,0.21396730840206146
5284,0.2120424509048462
5285,0.2120424509048462
5286,0.21363574266433716
5287,0.2027730643749237
5288,0.2027730643749237
5289,0.20189805328845978
5290,0.21752342581748962
5291,0.1971231997013092
5292,0.1971231997013092
5293,0.1961509734392166
5294,0.20150361955165863
5295,0.21361009776592255
5296,0.22267372906208038
5297,0.22267372906208038
5298,0.20331914722919464
5299,0.20331914722919464
5300,0.20557773113250732
5301,0.21687138080596924
5302,0.21687138080596924
5303,0.20423027873039246
5304,0.20423027873039246
5305,0.24916431307792664
5306,0.21377381682395935
5307,0.2339603751897812
5308,0.22315961122512817
5309,0.22315961122512817
5310,0.2184441238641739
5311,0.22213342785835266
5312,0.21462202072143555
5313,0.21462202072143555
5314,0.22401900589466095
5315,0.20552462339401245
5316,0.18782466650009155
5317,0.22028060257434845
5318,0.22028060257434845
5319,0.22991976141929626
5320,0.2091328203678131
5321,0.20294401049613953
5322,0.21395982801914215
5323,0.2106925994157791
5324,0.20924465358257294
5325,0.20924465358257294
5326,0.20520591735839844
5327,0.21354542672634125
5328,0.21354542672634125
5329,0.21308158338069916
5330,0.20536744594573975
5331,0.220523402094841
5332,0.20675350725650787
5333,0.20675350725650787
5334,0.1996995061635971
5335,0.20500057935714722
5336,0.20400118827819824
5337,0.20400118827819824
5338,0.21456804871559143
5339,0.20746104419231415
5340,0.20731191337108612
5341,0.20622341334819794
5342,0.20622341334819794
5343,0.2219989150762558
5344,0.22192005813121796
5345,0.2199336439371109
5346,0.2110590785741806
5347,0.20759911835193634
5348,0.20759911835193634
5349,0.19735056161880493
5350,0.21347416937351227
5351,0.21095536649227142
5352,0.21684499084949493
5353,0.20397880673408508
5354,0.20397880673408508
5355,0.2236902415752411
5356,0.20564717054367065
5357,0.2192506492137909
5358,0.2192506492137909
5359,0.20694689452648163
5360,0.20480069518089294
5361,0.20905247330665588
5362,0.20905247330665588
5363,0.24200518429279327
5364,0.27980154752731323
5365,0.25690802931785583
5366,0.25687527656555176
5367,0.2609434723854065
5368,0.2574009597301483
5369,0.2574009597301483
5370,0.20469169318675995
5371,0.22539152204990387
5372,0.24694813787937164
5373,0.24694813787937164
5374,0.26571720838546753
5375,0.26181620359420776
5376,0.26181620359420776
5377,0.24987909197807312
5378,0.24784618616104126
5379,0.24784618616104126
5380,0.2537819445133209
5381,0.23599879443645477
5382,0.24752676486968994
5383,0.24752676486968994
5384,0.23675137758255005
5385,0.24518999457359314
5386,0.24151287972927094
5387,0.27189892530441284
5388,0.27189892530441284
5389,0.24341458082199097
5390,0.24341458082199097
5391,0.2488584965467453
5392,0.274593710899353
5393,0.274593710899353
5394,0.25322088599205017
5395,0.25322088599205017
5396,0.3034631013870239
5397,0.22436368465423584
5398,0.2612524926662445
5399,0.2481726109981537
5400,0.2481726109981537
5401,0.24687892198562622
5402,0.2586154341697693
5403,0.22860948741436005
5404,0.22860948741436005
5405,0.26441967487335205
5406,0.2407512366771698
5407,0.23236632347106934
5408,0.2581367492675781
5409,0.2581367492675781
5410,0.2535616457462311
5411,0.24077829718589783
5412,0.239591583609581
5413,0.25328534841537476
5414,0.2531372904777527
5415,0.2532477080821991
5416,0.2532477080821991
5417,0.24979472160339355
5418,0.24513685703277588
5419,0.24513685703277588
5420,0.24500250816345215
5421,0.2537544369697571
5422,0.2729751467704773
5423,0.26106470823287964
5424,0.26106470823287964
5425,0.23682032525539398
5426,0.2623531222343445
5427,0.24684950709342957
5428,0.24684950709342957
5429,0.25652065873146057
5430,0.2570558488368988
5431,0.24793682992458344
5432,0.2545510530471802
5433,0.2545510530471802
5434,0.266139954328537
5435,0.2662426233291626
5436,0.2614355683326721
5437,0.26491132378578186
5438,0.24223586916923523
5439,0.24223586916923523
5440,0.2371060997247696
5441,0.25085967779159546
5442,0.24774448573589325
5443,0.23112273216247559
5444,0.24775400757789612
5445,0.24775400757789612
5446,0.2682075798511505
5447,0.2495402693748474
5448,0.25011518597602844
5449,0.25011518597602844
5450,0.26066720485687256
5451,0.24641644954681396
5452,0.27249571681022644
5453,0.27249571681022644
5454,0.22637632489204407
5455,0.2505381405353546
5456,0.2435477077960968
5457,0.24353748559951782
5458,0.25998252630233765
5459,0.23099742829799652
5460,0.23099742829799652
5461,0.1968460977077484
5462,0.20211175084114075
5463,0.2222958505153656
5464,0.2222958505153656
5465,0.23035790026187897
5466,0.23333783447742462
5467,0.23333783447742462
5468,0.22178806364536285
5469,0.2140098512172699
5470,0.2140098512172699
5471,0.23146259784698486
5472,0.2080521136522293
5473,0.21689119935035706
5474,0.21689119935035706
5475,0.2116607427597046
5476,0.22566422820091248
5477,0.22166171669960022
5478,0.24876627326011658
5479,0.24876627326011658
5480,0.20834429562091827
5481,0.20834429562091827
5482,0.22471500933170319
5483,0.25612446665763855
5484,0.25612446665763855
5485,0.24635355174541473
5486,0.24635355174541473
5487,0.2752515971660614
5488,0.21255958080291748
5489,0.24323461949825287
5490,0.22444576025009155
5491,0.22444576025009155
5492,0.22466057538986206
5493,0.23717616498470306
5494,0.21450325846672058
5495,0.21450325846672058
5496,0.2384335994720459
5497,0.22713585197925568
5498,0.2128278613090515
5499,0.23239101469516754
5500,0.23239101469516754
5501,0.23991942405700684
5502,0.22279921174049377
5503,0.22591102123260498
5504,0.23212216794490814
5505,0.23344148695468903
5506,0.2601025104522705
5507,0.2601025104522705
5508,0.24091461300849915
5509,0.22419221699237823
5510,0.22419221699237823
5511,0.22366812825202942
5512,0.22887592017650604
5513,0.25614848732948303
5514,0.23731735348701477
5515,0.23731735348701477
5516,0.20853327214717865
5517,0.2414403110742569
5518,0.2203623503446579
5519,0.2203623503446579
5520,0.22861742973327637
5521,0.25765010714530945
5522,0.22351571917533875
5523,0.23624765872955322
5524,0.23624765872955322
5525,0.24760237336158752
5526,0.24784672260284424
5527,0.23960795998573303
5528,0.24732747673988342
5529,0.22262276709079742
5530,0.22262276709079742
5531,0.2035352885723114
5532,0.22742585837841034
5533,0.22372746467590332
5534,0.2155851274728775
5535,0.2209659069776535
5536,0.2209659069776535
5537,0.2443619966506958
5538,0.22616291046142578
5539,0.232425257563591
5540,0.232425257563591
5541,0.26054587960243225
5542,0.23011866211891174
5543,0.2794734239578247
5544,0.2794734239578247
5545,0.22151009738445282
5546,0.22151009738445282
5547,0.25152185559272766
5548,0.25152185559272766
5549,0.23807325959205627
5550,0.23798605799674988
5551,0.23805002868175507
5552,0.23800911009311676
5553,0.25316646695137024
5554,0.25316646695137024
5555,0.23860447108745575
5556,0.23551629483699799
5557,0.23551629483699799
5558,0.23860447108745575
5559,0.225045844912529
5560,0.225045844912529
5561,0.21726523339748383
5562,0.21726523339748383
5563,0.2242659628391266
5564,0.2266668975353241
5565,0.2266668975353241
5566,0.2242659628391266
5567,0.23825828731060028
5568,0.23825828731060028
5569,0.23934690654277802
5570,0.2386186271905899
5571,0.2386186271905899
5572,0.23934690654277802
5573,0.22936511039733887
5574,0.22936511039733887
5575,0.22664707899093628
5576,0.2250489890575409
5577,0.2250489890575409
5578,0.22664707899093628
5579,0.23884974420070648
5580,0.23884974420070648
5581,0.2085166722536087
5582,0.2085166722536087
5583,0.23311395943164825
5584,0.23323489725589752
5585,0.23323489725589752
5586,0.23311395943164825
5587,0.22255197167396545
5588,0.22255197167396545
5589,0.22653211653232574
5590,0.22653211653232574
5591,0.22791969776153564
5592,0.22791969776153564
5593,0.2503463327884674
5594,0.24931062757968903
5595,0.24931062757968903
5596,0.2503463327884674
5597,0.2217235565185547
5598,0.21890179812908173
5599,0.21890179812908173
5600,0.2217235565185547
5601,0.22793428599834442
5602,0.22793428599834442
5603,0.25652334094047546
5604,0.25466078519821167
5605,0.25466078519821167
5606,0.25652334094047546
5607,0.2437625527381897
5608,0.23537416756153107
5609,0.23537416756153107
5610,0.2437625527381897
5611,0.27347683906555176
5612,0.27347683906555176
5613,0.23788538575172424
5614,0.23788538575172424
5615,0.24137143790721893
5616,0.24137143790721893
5617,0.23144538700580597
5618,0.22738926112651825
5619,0.22738926112651825
5620,0.23144538700580597
5621,0.2334848791360855
5622,0.2334848791360855
5623,0.23702464997768402
5624,0.23702464997768402
5625,0.23678012192249298
5626,0.2369500994682312
5627,0.2369500994682312
5628,0.23678012192249298
5629,0.24747982621192932
5630,0.24747984111309052
5631,0.22401396930217743
5632,0.22401395440101624
5633,0.22455157339572906
5634,0.22455157339572906
5635,0.2412007600069046
5636,0.24102261662483215
5637,0.24102261662483215
5638,0.2412007600069046
5639,0.24226805567741394
5640,0.24226805567741394
5641,0.22464260458946228
5642,0.22464260458946228
5643,0.22902779281139374
5644,0.22902779281139374
5645,0.24095331132411957
5646,0.24095331132411957
5647,0.2360200434923172
5648,0.2360200434923172
5649,0.24509228765964508
5650,0.24474495649337769
5651,0.24474495649337769
5652,0.24509228765964508
5653,0.23598136007785797
5654,0.23598136007785797
5655,0.23160681128501892
5656,0.23173458874225616
5657,0.23173458874225616
5658,0.23160681128501892
5659,0.22931058704853058
5660,0.22931058704853058
5661,0.23447564244270325
5662,0.23447564244270325
5663,0.2572988271713257
5664,0.2572988271713257
5665,0.24476836621761322
5666,0.24204248189926147
5667,0.24204248189926147
5668,0.24476836621761322
5669,0.2141488790512085
5670,0.2141488790512085
5671,0.24565300345420837
5672,0.24565300345420837
5673,0.22420337796211243
5674,0.22477984428405762
5675,0.22477984428405762
5676,0.22420337796211243
5677,0.24458545446395874
5678,0.24458545446395874
5679,0.24608466029167175
5680,0.24608466029167175
5681,0.22774997353553772
5682,0.22774997353553772
5683,0.23480425775051117
5684,0.2349517047405243
5685,0.2349517047405243
5686,0.23480425775051117
5687,0.24439464509487152
5688,0.2444646805524826
5689,0.2443835288286209
5690,0.24447567760944366
5691,0.24318991601467133
5692,0.24318991601467133
5693,0.24874112010002136
5694,0.24874112010002136
5695,0.21879976987838745
5696,0.21872124075889587
5697,0.21872124075889587
5698,0.21879978477954865
5699,0.22335581481456757
5700,0.22335581481456757
5701,0.22762225568294525
5702,0.22388318181037903
5703,0.22768710553646088
5704,0.2238125056028366
5705,0.23797999322414398
5706,0.23797999322414398
5707,0.2251509726047516
5708,0.22572118043899536
5709,0.22572118043899536
5710,0.2251509726047516
5711,0.25128641724586487
5712,0.25128641724586487
5713,0.2321273386478424
5714,0.2321273386478424
5715,0.23970836400985718
5716,0.23965030908584595
5717,0.23965030908584595
5718,0.23970836400985718
5719,0.2513592541217804
5720,0.2513592541217804
5721,0.23239661753177643
5722,0.23239661753177643
5723,0.25890129804611206
5724,0.25889676809310913
5725,0.25889676809310913
5726,0.25890129804611206
5727,0.23861411213874817
5728,0.23861411213874817
5729,0.26307412981987
5730,0.26307412981987
5731,0.24610444903373718
5732,0.24606582522392273
5733,0.24610450863838196
5734,0.24606576561927795
5735,0.24608935415744781
5736,0.24608935415744781
5737,0.24231316149234772
5738,0.24221569299697876
5739,0.24221569299697876
5740,0.24231316149234772
5741,0.24038860201835632
5742,0.24038860201835632
5743,0.23591192066669464
5744,0.23591192066669464
5745,0.2395433932542801
5746,0.23952215909957886
5747,0.23952215909957886
5748,0.2395433932542801
5749,0.2512940466403961
5750,0.2512940466403961
5751,0.24870917201042175
5752,0.24872517585754395
5753,0.24872517585754395
5754,0.24870917201042175
5755,0.23917889595031738
5756,0.23917889595031738
5757,0.24035224318504333
5758,0.2402125746011734
5759,0.2402125746011734
5760,0.24035224318504333
5761,0.2412845939397812
5762,0.2412845939397812
5763,0.20930056273937225
5764,0.20930056273937225
5765,0.2448929101228714
5766,0.24489250779151917
5767,0.24489250779151917
5768,0.2448929101228714
5769,0.23679549992084503
5770,0.23679549992084503
5771,0.23482570052146912
5772,0.23482570052146912
5773,0.24172908067703247
5774,0.24172908067703247
5775,0.25581884384155273
5776,0.25573092699050903
5777,0.25573092699050903
5778,0.25581884384155273
5779,0.22940684854984283
5780,0.22925251722335815
5781,0.22925251722335815
5782,0.22940684854984283
5783,0.23717285692691803
5784,0.23717285692691803
5785,0.25552406907081604
5786,0.2554257810115814
5787,0.2554257810115814
5788,0.25552406907081604
5789,0.24197964370250702
5790,0.24188636243343353
5791,0.24188636243343353
5792,0.24197964370250702
5793,0.27198365330696106
5794,0.27198365330696106
5795,0.2515137791633606
5796,0.2515137791633606
5797,0.2575494349002838
5798,0.2575494349002838
5799,0.24354709684848785
5800,0.2434847354888916
5801,0.2434847354888916
5802,0.24354709684848785
5803,0.25221145153045654
5804,0.25221145153045654
5805,0.25261977314949036
5806,0.25261977314949036
5807,0.2500099241733551
5808,0.2500016987323761
5809,0.2500016987323761
5810,0.2500099241733551
5811,0.2527112364768982
5812,0.2527112364768982
5813,0.22107921540737152
5814,0.22107921540737152
5815,0.23874405026435852
5816,0.23874405026435852
5817,0.25501561164855957
5818,0.2550220191478729
5819,0.2550220191478729
5820,0.25501561164855957
5821,0.252747118473053
5822,0.252747118473053
5823,0.23110124468803406
5824,0.23110124468803406
5825,0.2354111671447754
5826,0.2354111671447754
5827,0.24387584626674652
5828,0.24387584626674652
5829,0.23961716890335083
5830,0.23961716890335083
5831,0.24193528294563293
5832,0.24193648993968964
5833,0.24193648993968964
5834,0.24193528294563293
5835,0.23871153593063354
5836,0.23871153593063354
5837,0.2406129240989685
5838,0.2406042218208313
5839,0.2406042218208313
5840,0.2406129240989685
5841,0.240156352519989
5842,0.240156352519989
5843,0.23851215839385986
5844,0.23851215839385986
5845,0.26765280961990356
5846,0.26765280961990356
5847,0.2461727112531662
5848,0.2460647076368332
5849,0.2460647076368332
5850,0.2461727112531662
5851,0.2266392707824707
5852,0.2266392707824707
5853,0.24327540397644043
5854,0.24327540397644043
5855,0.23633712530136108
5856,0.2363230586051941
5857,0.2363230586051941
5858,0.23633712530136108
5859,0.26285290718078613
5860,0.26285290718078613
5861,0.239421546459198
5862,0.239421546459198
5863,0.23745912313461304
5864,0.23745912313461304
5865,0.2378852367401123
5866,0.23788803815841675
5867,0.23788803815841675
5868,0.2378852367401123
5869,0.25879040360450745
5870,0.2588115930557251
5871,0.2587905526161194
5872,0.25881141424179077
5873,0.2468118667602539
5874,0.2468118667602539
5875,0.24472734332084656
5876,0.24472734332084656
5877,0.2390872985124588
5878,0.23909065127372742
5879,0.23909065127372742
5880,0.2390872985124588
5881,0.24409790337085724
5882,0.24409790337085724
5883,0.24605919420719147
5884,0.24399536848068237
5885,0.24605685472488403
5886,0.2439979910850525
5887,0.247383713722229
5888,0.247383713722229
5889,0.23679259419441223
5890,0.23677730560302734
5891,0.23677730560302734
5892,0.23679259419441223
5893,0.25323906540870667
5894,0.25323906540870667
5895,0.236270010471344
5896,0.236270010471344
5897,0.24627062678337097
5898,0.2462719976902008
5899,0.2462719976902008
5900,0.24627062678337097
5901,0.2467278242111206
5902,0.2467278242111206
5903,0.23359626531600952
5904,0.23359626531600952
5905,0.2451276183128357
5906,0.2451276183128357
5907,0.2451276183128357
5908,0.2451276183128357
5909,0.2224070131778717
5910,0.2224070131778717
5911,0.251278281211853
5912,0.251278281211853
5913,0.2438734620809555
5914,0.24392884969711304
5915,0.24389606714248657
5916,0.2439064383506775
5917,0.25672733783721924
5918,0.25672733783721924
5919,0.23200723528862
5920,0.23405614495277405
5921,0.23405614495277405
5922,0.23200723528862
5923,0.2286626398563385
5924,0.2286626398563385
5925,0.2163517326116562
5926,0.2163517326116562
5927,0.22295254468917847
5928,0.22293145954608917
5929,0.22293145954608917
5930,0.22295254468917847
5931,0.23685306310653687
5932,0.23685306310653687
5933,0.2372671216726303
5934,0.23802295327186584
5935,0.23802295327186584
5936,0.2372671216726303
5937,0.22230643033981323
5938,0.22230643033981323
5939,0.21604004502296448
5940,0.21750813722610474
5941,0.21750813722610474
5942,0.21604004502296448
5943,0.235494464635849
5944,0.235494464635849
5945,0.20777198672294617
5946,0.20777198672294617
5947,0.22877804934978485
5948,0.22868290543556213
5949,0.22868290543556213
5950,0.22877804934978485
5951,0.2168218344449997
5952,0.2168218344449997
5953,0.2147996872663498
5954,0.2147996872663498
5955,0.22839465737342834
5956,0.22839465737342834
5957,0.25033068656921387
5958,0.25152334570884705
5959,0.25152334570884705
5960,0.25033068656921387
5961,0.20578882098197937
5962,0.20749910175800323
5963,0.20749910175800323
5964,0.20578882098197937
5965,0.22198297083377838
5966,0.22198297083377838
5967,0.2565763592720032
5968,0.25747838616371155
5969,0.25747838616371155
5970,0.2565763592720032
5971,0.24370911717414856
5972,0.24702322483062744
5973,0.24702322483062744
5974,0.24370911717414856
5975,0.27890539169311523
5976,0.27890539169311523
5977,0.24367652833461761
5978,0.24367652833461761
5979,0.2403610795736313
5980,0.2403610795736313
5981,0.21329201757907867
5982,0.21634210646152496
5983,0.21634210646152496
5984,0.21329201757907867
5985,0.22787731885910034
5986,0.22787731885910034
5987,0.23871998488903046
5988,0.23871998488903046
5989,0.24163109064102173
5990,0.24152439832687378
5991,0.24152439832687378
5992,0.24163109064102173
5993,0.24793937802314758
5994,0.24793937802314758
5995,0.2156587690114975
5996,0.2156587690114975
5997,0.22693580389022827
5998,0.22693580389022827
5999,0.23583360016345978
6000,0.2362992763519287
6001,0.2362992763519287
6002,0.23583360016345978
6003,0.24654367566108704
6004,0.24654367566108704
6005,0.21500259637832642
6006,0.21500259637832642
6007,0.2253747582435608
6008,0.2253747582435608
6009,0.23494745790958405
6010,0.23494745790958405
6011,0.23219025135040283
6012,0.23219025135040283
6013,0.24970883131027222
6014,0.25134149193763733
6015,0.25134149193763733
6016,0.24970883131027222
6017,0.23339694738388062
6018,0.23339694738388062
6019,0.22937850654125214
6020,0.2291935831308365
6021,0.2291935831308365
6022,0.22937850654125214
6023,0.22476960718631744
6024,0.22476960718631744
6025,0.23617208003997803
6026,0.23617208003997803
6027,0.25683507323265076
6028,0.25683507323265076
6029,0.22720223665237427
6030,0.22901685535907745
6031,0.22901685535907745
6032,0.22720223665237427
6033,0.19939741492271423
6034,0.19939741492271423
6035,0.2507678270339966
6036,0.2507678270339966
6037,0.21714520454406738
6038,0.21671974658966064
6039,0.21671974658966064
6040,0.21714520454406738
6041,0.24532103538513184
6042,0.24532103538513184
6043,0.23545898497104645
6044,0.23545898497104645
6045,0.21860112249851227
6046,0.21860112249851227
6047,0.23377725481987
6048,0.2343709021806717
6049,0.2343709021806717
6050,0.23377725481987
6051,0.246859610080719
6052,0.24701490998268127
6053,0.24687741696834564
6054,0.2469973862171173
6055,0.2418818175792694
6056,0.2418818175792694
6057,0.25291362404823303
6058,0.25291362404823303
6059,0.2178957462310791
6060,0.2180013805627823
6061,0.2180013805627823
6062,0.2178957462310791
6063,0.2127150148153305
6064,0.2127150148153305
6065,0.22620773315429688
6066,0.22289367020130157
6067,0.2260989099740982
6068,0.22300244867801666
6069,0.24121464788913727
6070,0.24121464788913727
6071,0.218230202794075
6072,0.21781295537948608
6073,0.21781295537948608
6074,0.218230202794075
6075,0.25130409002304077
6076,0.25130409002304077
6077,0.2256079614162445
6078,0.2256079614162445
6079,0.24240374565124512
6080,0.24247461557388306
6081,0.24247461557388306
6082,0.24240374565124512
6083,0.25595444440841675
6084,0.25595444440841675
6085,0.22419168055057526
6086,0.22419168055057526
6087,0.2745083272457123
6088,0.274513304233551
6089,0.274513304233551
6090,0.2745083272457123
6091,0.22347387671470642
6092,0.26286789774894714
6093,0.24353918433189392
6094,0.2435612976551056
6095,0.24977584183216095
6096,0.23982161283493042
6097,0.23982161283493042
6098,0.2015857696533203
6099,0.2153068631887436
6100,0.2259000688791275
6101,0.2259000688791275
6102,0.26191946864128113
6103,0.25154051184654236
6104,0.25154051184654236
6105,0.23261268436908722
6106,0.23284944891929626
6107,0.23284944891929626
6108,0.2409946173429489
6109,0.20575197041034698
6110,0.22933760285377502
6111,0.22933760285377502
6112,0.21538563072681427
6113,0.22883102297782898
6114,0.23244833946228027
6115,0.26003220677375793
6116,0.26003220677375793
6117,0.22305020689964294
6118,0.22305020689964294
6119,0.2330150604248047
6120,0.25955718755722046
6121,0.25955718755722046
6122,0.23875953257083893
6123,0.23875953257083893
6124,0.2722664475440979
6125,0.21694284677505493
6126,0.2497309446334839
6127,0.23478545248508453
6128,0.23478545248508453
6129,0.23466384410858154
6130,0.24301251769065857
6131,0.2189338505268097
6132,0.2189338505268097
6133,0.24850165843963623
6134,0.22060419619083405
6135,0.22288894653320312
6136,0.24675145745277405
6137,0.24675145745277405
6138,0.2468777894973755
6139,0.2245633602142334
6140,0.23439854383468628
6141,0.22938457131385803
6142,0.23881807923316956
6143,0.2375122606754303
6144,0.2375122606754303
6145,0.23879912495613098
6146,0.23262864351272583
6147,0.23262864351272583
6148,0.22902518510818481
6149,0.24090136587619781
6150,0.2524455785751343
6151,0.24430324137210846
6152,0.24430324137210846
6153,0.2178177684545517
6154,0.2506832182407379
6155,0.22983261942863464
6156,0.22983261942863464
6157,0.24514886736869812
6158,0.24253329634666443
6159,0.23333753645420074
6160,0.23918914794921875
6161,0.23918914794921875
6162,0.254123330116272
6163,0.25423845648765564
6164,0.24412597715854645
6165,0.24659767746925354
6166,0.22381606698036194
6167,0.22381606698036194
6168,0.22035303711891174
6169,0.23796409368515015
6170,0.2331826388835907
6171,0.21928846836090088
6172,0.2305763065814972
6173,0.2305763065814972
6174,0.243874192237854
6175,0.23627111315727234
6176,0.23858845233917236
6177,0.23858845233917236
6178,0.24923621118068695
6179,0.23631320893764496
6180,0.25130409002304077
6181,0.25130409002304077
6182,0.20317023992538452
6183,0.1964651197195053
6184,0.22977091372013092
6185,0.2297620326280594
6186,0.22792917490005493
6187,0.2068393975496292
6188,0.2068393975496292
6189,0.18529993295669556
6190,0.17242233455181122
6191,0.21763217449188232
6192,0.21763217449188232
6193,0.19266368448734283
6194,0.19704723358154297
6195,0.19704723358154297
6196,0.23067672550678253
6197,0.20912808179855347
6198,0.20912808179855347
6199,0.18237662315368652
6200,0.20269441604614258
6201,0.19348108768463135
6202,0.19348108768463135
6203,0.18664491176605225
6204,0.19257594645023346
6205,0.19393464922904968
6206,0.21385306119918823
6207,0.21385306119918823
6208,0.1984260380268097
6209,0.1984260380268097
6210,0.1987062692642212
6211,0.20676757395267487
6212,0.20676757395267487
6213,0.21861818432807922
6214,0.21861818432807922
6215,0.24275736510753632
6216,0.20012173056602478
6217,0.20192761719226837
6218,0.20524168014526367
6219,0.20524168014526367
6220,0.1946609765291214
6221,0.20968157052993774
6222,0.1957220435142517
6223,0.1957220435142517
6224,0.19942809641361237
6225,0.1978352665901184
6226,0.17952193319797516
6227,0.19964586198329926
6228,0.19964586198329926
6229,0.20963996648788452
6230,0.20114575326442719
6231,0.18956999480724335
6232,0.20284828543663025
6233,0.197194442152977
6234,0.22680024802684784
6235,0.22680024802684784
6236,0.20291768014431
6237,0.19778084754943848
6238,0.19778084754943848
6239,0.1976691484451294
6240,0.20969806611537933
6241,0.19565744698047638
6242,0.1926051676273346
6243,0.1926051676273346
6244,0.19400477409362793
6245,0.2130376249551773
6246,0.19965751469135284
6247,0.19965751469135284
6248,0.20415520668029785
6249,0.1937343180179596
6250,0.20073804259300232
6251,0.20039799809455872
6252,0.20039799809455872
6253,0.21076683700084686
6254,0.21082815527915955
6255,0.20116545259952545
6256,0.21413713693618774
6257,0.1968497335910797
6258,0.1968497335910797
6259,0.18563224375247955
6260,0.1995667815208435
6261,0.1981886476278305
6262,0.19833724200725555
6263,0.20020835101604462
6264,0.20020835101604462
6265,0.20847350358963013
6266,0.2042360156774521
6267,0.20508219301700592
6268,0.20508219301700592
6269,0.2194935530424118
6270,0.1957000195980072
6271,0.23419034481048584
6272,0.23419032990932465
6273,0.19627393782138824
6274,0.2367231547832489
6275,0.2516822814941406
6276,0.25221866369247437
6277,0.23004832863807678
6278,0.19728940725326538
6279,0.19728940725326538
6280,0.19897177815437317
6281,0.18173223733901978
6282,0.22584664821624756
6283,0.22584664821624756
6284,0.21114441752433777
6285,0.1964845359325409
6286,0.1964845359325409
6287,0.22831156849861145
6288,0.19790950417518616
6289,0.19790950417518616
6290,0.1993219554424286
6291,0.2163790464401245
6292,0.1962319016456604
6293,0.1962319016456604
6294,0.1938043236732483
6295,0.19926562905311584
6296,0.209505096077919
6297,0.23009121417999268
6298,0.23009121417999268
6299,0.20212338864803314
6300,0.20212338864803314
6301,0.20070219039916992
6302,0.22971117496490479
6303,0.22971117496490479
6304,0.20931309461593628
6305,0.20931309461593628
6306,0.27419084310531616
6307,0.2153812199831009
6308,0.2281946837902069
6309,0.21545569598674774
6310,0.21545569598674774
6311,0.20747196674346924
6312,0.20385156571865082
6313,0.21135345101356506
6314,0.21135345101356506
6315,0.21378761529922485
6316,0.21479377150535583
6317,0.19113986194133759
6318,0.2090405374765396
6319,0.2090405374765396
6320,0.23467600345611572
6321,0.21121151745319366
6322,0.20345567166805267
6323,0.21188844740390778
6324,0.20890849828720093
6325,0.2258686125278473
6326,0.2258686125278473
6327,0.21319837868213654
6328,0.2034597098827362
6329,0.2034597098827362
6330,0.2040686160326004
6331,0.20912262797355652
6332,0.22204580903053284
6333,0.20416302978992462
6334,0.20416302978992462
6335,0.20009475946426392
6336,0.21011477708816528
6337,0.19850999116897583
6338,0.19850999116897583
6339,0.21550020575523376
6340,0.22289755940437317
6341,0.1977899670600891
6342,0.20925424993038177
6343,0.20925424993038177
6344,0.24178634583950043
6345,0.24146616458892822
6346,0.21082773804664612
6347,0.2262578308582306
6348,0.19773563742637634
6349,0.19773563742637634
6350,0.19842779636383057
6351,0.19991853833198547
6352,0.1961139738559723
6353,0.21628139913082123
6354,0.1984058916568756
6355,0.1984058916568756
6356,0.22453807294368744
6357,0.2055259495973587
6358,0.2203664481639862
6359,0.2203664481639862
6360,0.2215440273284912
6361,0.20754706859588623
6362,0.24539849162101746
6363,0.24539849162101746
6364,0.20475299656391144
6365,0.20475299656391144
6366,0.1941816806793213
6367,0.1941816806793213
6368,0.22539010643959045
6369,0.22541823983192444
6370,0.22539059817790985
6371,0.2254178375005722
6372,0.22416365146636963
6373,0.22416365146636963
6374,0.21005003154277802
6375,0.21018074452877045
6376,0.21018074452877045
6377,0.21005003154277802
6378,0.20080885291099548
6379,0.20080885291099548
6380,0.1836290955543518
6381,0.1836290955543518
6382,0.21808843314647675
6383,0.21815772354602814
6384,0.21815772354602814
6385,0.21808843314647675
6386,0.1908760368824005
6387,0.1908760368824005
6388,0.20019541680812836
6389,0.20017103850841522
6390,0.20017103850841522
6391,0.20019541680812836
6392,0.22406640648841858
6393,0.22406640648841858
6394,0.2099134922027588
6395,0.20995859801769257
6396,0.20995859801769257
6397,0.2099134922027588
6398,0.1957152634859085
6399,0.1957152634859085
6400,0.20021705329418182
6401,0.20021705329418182
6402,0.2065606266260147
6403,0.20656093955039978
6404,0.20656093955039978
6405,0.2065606266260147
6406,0.19901444017887115
6407,0.19901444017887115
6408,0.19538594782352448
6409,0.19538594782352448
6410,0.20243066549301147
6411,0.20243066549301147
6412,0.2127411961555481
6413,0.21287387609481812
6414,0.21287387609481812
6415,0.2127411961555481
6416,0.19951771199703217
6417,0.19957590103149414
6418,0.19957590103149414
6419,0.19951771199703217
6420,0.20754003524780273
6421,0.20754003524780273
6422,0.2168561816215515
6423,0.2169857621192932
6424,0.2169857621192932
6425,0.2168561816215515
6426,0.2201344072818756
6427,0.2200562208890915
6428,0.2200562208890915
6429,0.2201344072818756
6430,0.2512880563735962
6431,0.2512880563735962
6432,0.21119874715805054
6433,0.21119874715805054
6434,0.2003803700208664
6435,0.2003803700208664
6436,0.204366073012352
6437,0.2044587880373001
6438,0.2044587880373001
6439,0.204366073012352
6440,0.20210249722003937
6441,0.20210249722003937
6442,0.20984995365142822
6443,0.20984995365142822
6444,0.2066320776939392
6445,0.20663826167583466
6446,0.20663826167583466
6447,0.2066320776939392
6448,0.20998677611351013
6449,0.20998677611351013
6450,0.19915664196014404
6451,0.19915664196014404
6452,0.19362837076187134
6453,0.19362837076187134
6454,0.20484156906604767
6455,0.20484255254268646
6456,0.20484255254268646
6457,0.20484156906604767
6458,0.22222156822681427
6459,0.22222156822681427
6460,0.19890505075454712
6461,0.19890505075454712
6462,0.2027568519115448
6463,0.2027568519115448
6464,0.21089285612106323
6465,0.21089285612106323
6466,0.20743365585803986
6467,0.20743365585803986
6468,0.22434675693511963
6469,0.22439096868038177
6470,0.22439096868038177
6471,0.22434675693511963
6472,0.2041459083557129
6473,0.2041459083557129
6474,0.20146465301513672
6475,0.20146727561950684
6476,0.20146727561950684
6477,0.20146465301513672
6478,0.20179599523544312
6479,0.20179599523544312
6480,0.20730794966220856
6481,0.20730794966220856
6482,0.19674797356128693
6483,0.19674797356128693
6484,0.1928253173828125
6485,0.19293004274368286
6486,0.19293004274368286
6487,0.1928253173828125
6488,0.19650959968566895
6489,0.19650959968566895
6490,0.21675989031791687
6491,0.21675989031791687
6492,0.20324920117855072
6493,0.20326009392738342
6494,0.20326009392738342
6495,0.20324920117855072
6496,0.2027531862258911
6497,0.2027531862258911
6498,0.2041993886232376
6499,0.2041993886232376
6500,0.20236262679100037
6501,0.20236262679100037
6502,0.2064407616853714
6503,0.20646262168884277
6504,0.20646262168884277
6505,0.2064407616853714
6506,0.21140636503696442
6507,0.21146957576274872
6508,0.21140658855438232
6509,0.21146933734416962
6510,0.20929193496704102
6511,0.20929193496704102
6512,0.22664234042167664
6513,0.22664234042167664
6514,0.19929343461990356
6515,0.19929435849189758
6516,0.19929435849189758
6517,0.19929343461990356
6518,0.20013859868049622
6519,0.20013859868049622
6520,0.2006145715713501
6521,0.19994865357875824
6522,0.2006131410598755
6523,0.19995002448558807
6524,0.20838981866836548
6525,0.20838981866836548
6526,0.203400656580925
6527,0.20341429114341736
6528,0.20341429114341736
6529,0.203400656580925
6530,0.2209067940711975
6531,0.2209067940711975
6532,0.20740365982055664
6533,0.20740365982055664
6534,0.21453943848609924
6535,0.21453969180583954
6536,0.21453969180583954
6537,0.21453943848609924
6538,0.22145996987819672
6539,0.22145996987819672
6540,0.2021549642086029
6541,0.2021549642086029
6542,0.23076556622982025
6543,0.2307654768228531
6544,0.2307654768228531
6545,0.23076556622982025
6546,0.20839080214500427
6547,0.23495599627494812
6548,0.2233918309211731
6549,0.22351637482643127
6550,0.24161918461322784
6551,0.2125672549009323
6552,0.2125672549009323
6553,0.2142052948474884
6554,0.20005561411380768
6555,0.2116655558347702
6556,0.2116655558347702
6557,0.21583439409732819
6558,0.21595193445682526
6559,0.21595193445682526
6560,0.21029061079025269
6561,0.20371223986148834
6562,0.20371223986148834
6563,0.21315647661685944
6564,0.21454793214797974
6565,0.20927368104457855
6566,0.20927368104457855
6567,0.2064620405435562
6568,0.21665175259113312
6569,0.21620750427246094
6570,0.230707049369812
6571,0.230707049369812
6572,0.2085317224264145
6573,0.2085317224264145
6574,0.20879043638706207
6575,0.2375943958759308
6576,0.2375943958759308
6577,0.22311632335186005
6578,0.22311632335186005
6579,0.25244414806365967
6580,0.22652769088745117
6581,0.22446073591709137
6582,0.21329502761363983
6583,0.21329502761363983
6584,0.21681633591651917
6585,0.21691718697547913
6586,0.22314991056919098
6587,0.22314991056919098
6588,0.22518765926361084
6589,0.22273674607276917
6590,0.2086656242609024
6591,0.22158727049827576
6592,0.22158727049827576
6593,0.23765508830547333
6594,0.21608181297779083
6595,0.21642059087753296
6596,0.2256660908460617
6597,0.21702080965042114
6598,0.2354751080274582
6599,0.2354751080274582
6600,0.22640858590602875
6601,0.21410571038722992
6602,0.21410571038722992
6603,0.214268296957016
6604,0.21969138085842133
6605,0.23957562446594238
6606,0.21758577227592468
6607,0.21758577227592468
6608,0.2034035623073578
6609,0.22206513583660126
6610,0.20556031167507172
6611,0.20556031167507172
6612,0.22657015919685364
6613,0.23860321938991547
6614,0.2059960812330246
6615,0.22037576138973236
6616,0.22037576138973236
6617,0.23045428097248077
6618,0.2303982526063919
6619,0.22367992997169495
6620,0.23383748531341553
6621,0.20278437435626984
6622,0.20278438925743103
6623,0.20189261436462402
6624,0.21169711649417877
6625,0.20878924429416656
6626,0.22588573396205902
6627,0.20602257549762726
6628,0.20602257549762726
6629,0.2374679297208786
6630,0.21240007877349854
6631,0.22522670030593872
6632,0.22522670030593872
6633,0.23958703875541687
6634,0.21067148447036743
6635,0.25431376695632935
6636,0.25431376695632935
6637,0.21299336850643158
6638,0.23371383547782898
6639,0.22704514861106873
6640,0.22695940732955933
6641,0.24404744803905487
6642,0.21890290081501007
6643,0.21890290081501007
6644,0.18329618871212006
6645,0.1874602884054184
6646,0.19927126169204712
6647,0.19927126169204712
6648,0.20743876695632935
6649,0.209604412317276
6650,0.209604412317276
6651,0.21517156064510345
6652,0.2048814296722412
6653,0.2048814296722412
6654,0.2159232795238495
6655,0.18586982786655426
6656,0.2006302773952484
6657,0.2006302773952484
6658,0.19915986061096191
6659,0.20200181007385254
6660,0.19978588819503784
6661,0.2357858419418335
6662,0.2357858419418335
6663,0.2001098096370697
6664,0.2001098096370697
6665,0.21643082797527313
6666,0.24886474013328552
6667,0.24886474013328552
6668,0.22231242060661316
6669,0.22231242060661316
6670,0.2460666000843048
6671,0.19185248017311096
6672,0.21641510725021362
6673,0.21390797197818756
6674,0.21390797197818756
6675,0.2091178596019745
6676,0.23389840126037598
6677,0.19234177470207214
6678,0.19234177470207214
6679,0.20377352833747864
6680,0.21504798531532288
6681,0.19609853625297546
6682,0.21046236157417297
6683,0.21046236157417297
6684,0.21203842759132385
6685,0.19531258940696716
6686,0.21261441707611084
6687,0.23168107867240906
6688,0.22334808111190796
6689,0.22109492123126984
6690,0.22109492123126984
6691,0.22934801876544952
6692,0.20026569068431854
6693,0.20026569068431854
6694,0.20977318286895752
6695,0.2121676206588745
6696,0.2366155982017517
6697,0.2301824390888214
6698,0.2301824390888214
6699,0.20362764596939087
6700,0.2355603277683258
6701,0.21268139779567719
6702,0.21268139779567719
6703,0.22543317079544067
6704,0.22874730825424194
6705,0.22259210050106049
6706,0.21766549348831177
6707,0.21766549348831177
6708,0.23606301844120026
6709,0.23626787960529327
6710,0.21802155673503876
6711,0.23736681044101715
6712,0.21006283164024353
6713,0.21006283164024353
6714,0.18745121359825134
6715,0.21276214718818665
6716,0.210321307182312
6717,0.19598154723644257
6718,0.21280935406684875
6719,0.21280935406684875
6720,0.24141202867031097
6721,0.22722354531288147
6722,0.21563079953193665
6723,0.21563079953193665
6724,0.2425622195005417
6725,0.23209142684936523
6726,0.24690425395965576
6727,0.24690425395965576
6728,0.23489759862422943
6729,0.3121621608734131
6730,0.3288889229297638
6731,0.3296976089477539
6732,0.25781095027923584
6733,0.24744707345962524
6734,0.24744707345962524
6735,0.22665126621723175
6736,0.21486514806747437
6737,0.31846070289611816
6738,0.31846070289611816
6739,0.31487345695495605
6740,0.26424485445022583
6741,0.26424485445022583
6742,0.28678596019744873
6743,0.2547036409378052
6744,0.2547036409378052
6745,0.23226383328437805
6746,0.23649851977825165
6747,0.23972287774085999
6748,0.23972287774085999
6749,0.2262457311153412
6750,0.25499677658081055
6751,0.23842492699623108
6752,0.2989823818206787
6753,0.2989823818206787
6754,0.2353387475013733
6755,0.2353387475013733
6756,0.23727673292160034
6757,0.26544055342674255
6758,0.26544055342674255
6759,0.2548708915710449
6760,0.2548708915710449
6761,0.2972184419631958
6762,0.24270956218242645
6763,0.3013252019882202
6764,0.25614893436431885
6765,0.25614893436431885
6766,0.25214794278144836
6767,0.25628966093063354
6768,0.2430511862039566
6769,0.2430511862039566
6770,0.2581660747528076
6771,0.2327478677034378
6772,0.22044312953948975
6773,0.25736644864082336
6774,0.25736644864082336
6775,0.2578955888748169
6776,0.24163487553596497
6777,0.23217223584651947
6778,0.2320326417684555
6779,0.24119627475738525
6780,0.26377972960472107
6781,0.26377972960472107
6782,0.24582606554031372
6783,0.237296923995018
6784,0.237296923995018
6785,0.23800058662891388
6786,0.24398529529571533
6787,0.30622485280036926
6788,0.25223076343536377
6789,0.25223076343536377
6790,0.22809858620166779
6791,0.25340592861175537
6792,0.23609548807144165
6793,0.23609548807144165
6794,0.28832846879959106
6795,0.2531319260597229
6796,0.2364216446876526
6797,0.24700650572776794
6798,0.24700650572776794
6799,0.32743239402770996
6800,0.32719144225120544
6801,0.24672994017601013
6802,0.2517816126346588
6803,0.26298707723617554
6804,0.26298707723617554
6805,0.23554904758930206
6806,0.27084746956825256
6807,0.26358047127723694
6808,0.24303396046161652
6809,0.23682022094726562
6810,0.23682022094726562
6811,0.2510560154914856
6812,0.23610422015190125
6813,0.24411208927631378
6814,0.2441120743751526
6815,0.25743991136550903
6816,0.22794142365455627
6817,0.2766398787498474
6818,0.2766398787498474
6819,0.21490420401096344
6820,0.22653153538703918
6821,0.21106845140457153
6822,0.21117937564849854
6823,0.22014857828617096
6824,0.21158690750598907
6825,0.21158690750598907
6826,0.21443122625350952
6827,0.19856390357017517
6828,0.20821042358875275
6829,0.20821042358875275
6830,0.21704602241516113
6831,0.2177509218454361
6832,0.2177509218454361
6833,0.2069767415523529
6834,0.21016569435596466
6835,0.21016569435596466
6836,0.21275638043880463
6837,0.18462751805782318
6838,0.21744613349437714
6839,0.21744613349437714
6840,0.20926181972026825
6841,0.2067519575357437
6842,0.21848277747631073
6843,0.2241644412279129
6844,0.2241644412279129
6845,0.19910797476768494
6846,0.19910797476768494
6847,0.2118416428565979
6848,0.22973404824733734
6849,0.22973404824733734
6850,0.21103253960609436
6851,0.21103253960609436
6852,0.25207996368408203
6853,0.2252722680568695
6854,0.2242310345172882
6855,0.20790094137191772
6856,0.20790094137191772
6857,0.2193310409784317
6858,0.2196420580148697
6859,0.2235770970582962
6860,0.2235770970582962
6861,0.22763416171073914
6862,0.19731518626213074
6863,0.20567737519741058
6864,0.2206372767686844
6865,0.2206372767686844
6866,0.23307141661643982
6867,0.19733178615570068
6868,0.21361134946346283
6869,0.21993640065193176
6870,0.21739831566810608
6871,0.20742565393447876
6872,0.20742565393447876
6873,0.21229884028434753
6874,0.21644699573516846
6875,0.21644699573516846
6876,0.2164328694343567
6877,0.20505021512508392
6878,0.22879210114479065
6879,0.21699082851409912
6880,0.21699082851409912
6881,0.19881373643875122
6882,0.21608291566371918
6883,0.2095331996679306
6884,0.2095331996679306
6885,0.21941357851028442
6886,0.21120233833789825
6887,0.21074393391609192
6888,0.20557023584842682
6889,0.20557023584842682
6890,0.21994127333164215
6891,0.21990539133548737
6892,0.22506219148635864
6893,0.2270895391702652
6894,0.2142576277256012
6895,0.2142576277256012
6896,0.21022118628025055
6897,0.21454526484012604
6898,0.2137654572725296
6899,0.224848210811615
6900,0.20970194041728973
6901,0.20970194041728973
6902,0.22982372343540192
6903,0.2102016806602478
6904,0.22525495290756226
6905,0.22525495290756226
6906,0.2207564115524292
6907,0.21532954275608063
6908,0.21329325437545776
6909,0.21329325437545776
6910,0.21095362305641174
6911,0.21095362305641174
6912,0.2284170687198639
6913,0.2284170687198639
6914,0.22027498483657837
6915,0.22026515007019043
6916,0.22030377388000488
6917,0.2202363759279251
6918,0.24577397108078003
6919,0.24577397108078003
6920,0.21513652801513672
6921,0.2167338877916336
6922,0.2167338877916336
6923,0.21513652801513672
6924,0.20801906287670135
6925,0.20801906287670135
6926,0.18448947370052338
6927,0.18448947370052338
6928,0.20683106780052185
6929,0.20589250326156616
6930,0.20589250326156616
6931,0.20683106780052185
6932,0.21238744258880615
6933,0.21238744258880615
6934,0.21721109747886658
6935,0.21817848086357117
6936,0.21817848086357117
6937,0.21721109747886658
6938,0.2058703750371933
6939,0.2058703750371933
6940,0.20429900288581848
6941,0.20467223227024078
6942,0.20467224717140198
6943,0.20429900288581848
6944,0.2112555056810379
6945,0.2112555056810379
6946,0.20026828348636627
6947,0.20026828348636627
6948,0.21457692980766296
6949,0.2144751250743866
6950,0.2144751250743866
6951,0.21457692980766296
6952,0.20513392984867096
6953,0.20513392984867096
6954,0.20603199303150177
6955,0.20603199303150177
6956,0.21728533506393433
6957,0.21728533506393433
6958,0.2297322303056717
6959,0.23119914531707764
6960,0.23119914531707764
6961,0.2297322303056717
6962,0.20974338054656982
6963,0.20967639982700348
6964,0.20967639982700348
6965,0.20974338054656982
6966,0.21340884268283844
6967,0.21340884268283844
6968,0.23817859590053558
6969,0.24135728180408478
6970,0.24135728180408478
6971,0.23817859590053558
6972,0.21464990079402924
6973,0.2244240641593933
6974,0.2244240641593933
6975,0.21464988589286804
6976,0.2645793855190277
6977,0.2645793855190277
6978,0.22935715317726135
6979,0.22935715317726135
6980,0.22474874556064606
6981,0.22474874556064606
6982,0.20685061812400818
6983,0.20745731890201569
6984,0.20745731890201569
6985,0.20685061812400818
6986,0.21670037508010864
6987,0.21670037508010864
6988,0.22308973968029022
6989,0.22308973968029022
6990,0.22586345672607422
6991,0.22548912465572357
6992,0.22548912465572357
6993,0.22586345672607422
6994,0.23470145463943481
6995,0.23470145463943481
6996,0.21055574715137482
6997,0.21055574715137482
6998,0.1979093849658966
6999,0.1979093849658966
7000,0.21924740076065063
7001,0.21932372450828552
7002,0.21932372450828552
7003,0.21924740076065063
7004,0.23261602222919464
7005,0.23261602222919464
7006,0.20617394149303436
7007,0.20617394149303436
7008,0.2104196548461914
7009,0.2104196548461914
7010,0.2240583598613739
7011,0.2240583598613739
7012,0.22099901735782623
7013,0.22099901735782623
7014,0.22254426777362823
7015,0.22287487983703613
7016,0.22287487983703613
7017,0.22254426777362823
7018,0.22146281599998474
7019,0.22146281599998474
7020,0.21512103080749512
7021,0.21464738249778748
7022,0.21464738249778748
7023,0.21512103080749512
7024,0.2114541083574295
7025,0.2114541083574295
7026,0.2283518761396408
7027,0.2283518761396408
7028,0.23333606123924255
7029,0.23333606123924255
7030,0.21667428314685822
7031,0.21766364574432373
7032,0.21766364574432373
7033,0.21667428314685822
7034,0.20353825390338898
7035,0.20353825390338898
7036,0.23703904449939728
7037,0.23703904449939728
7038,0.20987442135810852
7039,0.20955996215343475
7040,0.20955994725227356
7041,0.20987442135810852
7042,0.22226284444332123
7043,0.22226284444332123
7044,0.22254592180252075
7045,0.22254592180252075
7046,0.20711790025234222
7047,0.20711790025234222
7048,0.2255985289812088
7049,0.22525626420974731
7050,0.22525626420974731
7051,0.2255985289812088
7052,0.22560563683509827
7053,0.22569294273853302
7054,0.2256259024143219
7055,0.2256726771593094
7056,0.2299770712852478
7057,0.2299770712852478
7058,0.23647883534431458
7059,0.23647883534431458
7060,0.20562878251075745
7061,0.20567771792411804
7062,0.20567771792411804
7063,0.20562878251075745
7064,0.20554514229297638
7065,0.20554514229297638
7066,0.20756521821022034
7067,0.20585910975933075
7068,0.2075345516204834
7069,0.20589017868041992
7070,0.2267189621925354
7071,0.2267189621925354
7072,0.2103046327829361
7073,0.2099916636943817
7074,0.2099916636943817
7075,0.2103046327829361
7076,0.23826539516448975
7077,0.23826539516448975
7078,0.21031370759010315
7079,0.21031370759010315
7080,0.23368307948112488
7081,0.23383639752864838
7082,0.23383639752864838
7083,0.23368307948112488
7084,0.23477287590503693
7085,0.23477287590503693
7086,0.212892085313797
7087,0.212892085313797
7088,0.25386813282966614
7089,0.25387638807296753
7090,0.25387638807296753
7091,0.25386813282966614
7092,0.22707827389240265
7093,0.25500595569610596
7094,0.24115438759326935
7095,0.2413022518157959
7096,0.24713630974292755
7097,0.24264977872371674
7098,0.24264977872371674
7099,0.2101510614156723
7100,0.22070536017417908
7101,0.23152881860733032
7102,0.23152881860733032
7103,0.24249067902565002
7104,0.23957400023937225
7105,0.23957400023937225
7106,0.2339829057455063
7107,0.23422184586524963
7108,0.23422184586524963
7109,0.23819103837013245
7110,0.21614760160446167
7111,0.23065747320652008
7112,0.23065747320652008
7113,0.21818114817142487
7114,0.23702843487262726
7115,0.2303621917963028
7116,0.24947261810302734
7117,0.24947261810302734
7118,0.22723767161369324
7119,0.22723767161369324
7120,0.23670287430286407
7121,0.2566128075122833
7122,0.2566128075122833
7123,0.24006342887878418
7124,0.24006342887878418
7125,0.26207226514816284
7126,0.2296704202890396
7127,0.24447764456272125
7128,0.23986296355724335
7129,0.23986296355724335
7130,0.2373049557209015
7131,0.24097034335136414
7132,0.23364955186843872
7133,0.23364955186843872
7134,0.24562549591064453
7135,0.2257700115442276
7136,0.22564047574996948
7137,0.24664384126663208
7138,0.24664384126663208
7139,0.24726687371730804
7140,0.2263510823249817
7141,0.23432879149913788
7142,0.2306075394153595
7143,0.2411241978406906
7144,0.23916234076023102
7145,0.23916234076023102
7146,0.24061115086078644
7147,0.2290104776620865
7148,0.2290104776620865
7149,0.2282644808292389
7150,0.23669637739658356
7151,0.2459474503993988
7152,0.24582764506340027
7153,0.24582764506340027
7154,0.223615825176239
7155,0.24570372700691223
7156,0.23532015085220337
7157,0.23532015085220337
7158,0.2417830377817154
7159,0.2390975058078766
7160,0.23766949772834778
7161,0.23818758130073547
7162,0.23818758130073547
7163,0.2512637674808502
7164,0.25125837326049805
7165,0.24011506140232086
7166,0.24544066190719604
7167,0.22875584661960602
7168,0.22875584661960602
7169,0.22233235836029053
7170,0.2375827580690384
7171,0.2345917969942093
7172,0.2322562038898468
7173,0.23594480752944946
7174,0.23594480752944946
7175,0.24226337671279907
7176,0.23910683393478394
7177,0.23813608288764954
7178,0.23813608288764954
7179,0.24911871552467346
7180,0.23611781001091003
7181,0.24397876858711243
7182,0.24397876858711243
7183,0.21790257096290588
7184,0.250348836183548
7185,0.24236667156219482
7186,0.24229122698307037
7187,0.25248539447784424
7188,0.23811572790145874
7189,0.23811572790145874
7190,0.19105006754398346
7191,0.19802913069725037
7192,0.2215406447649002
7193,0.2215406447649002
7194,0.221995547413826
7195,0.22084075212478638
7196,0.22084075212478638
7197,0.23555965721607208
7198,0.22454601526260376
7199,0.22454601526260376
7200,0.22462889552116394
7201,0.20825062692165375
7202,0.21113373339176178
7203,0.21113373339176178
7204,0.20797862112522125
7205,0.22438643872737885
7206,0.20638306438922882
7207,0.2493409365415573
7208,0.2493409365415573
7209,0.2242230474948883
7210,0.2242230474948883
7211,0.22993047535419464
7212,0.2570400536060333
7213,0.2570400536060333
7214,0.23842793703079224
7215,0.23842793703079224
7216,0.25408005714416504
7217,0.19897204637527466
7218,0.22481107711791992
7219,0.23514601588249207
7220,0.23514601588249207
7221,0.2204315960407257
7222,0.24508830904960632
7223,0.1995367407798767
7224,0.1995367407798767
7225,0.21325479447841644
7226,0.22792395949363708
7227,0.20505058765411377
7228,0.2252616435289383
7229,0.2252616435289383
7230,0.2184329777956009
7231,0.22361868619918823
7232,0.22010615468025208
7233,0.24328342080116272
7234,0.2350688874721527
7235,0.2392181009054184
7236,0.2392181009054184
7237,0.2408374547958374
7238,0.20624199509620667
7239,0.20624199509620667
7240,0.21637940406799316
7241,0.24059271812438965
7242,0.2525521516799927
7243,0.24492186307907104
7244,0.24492186307907104
7245,0.21803399920463562
7246,0.2487487941980362
7247,0.22621861100196838
7248,0.22621861100196838
7249,0.24431203305721283
7250,0.24472695589065552
7251,0.23433715105056763
7252,0.24173635244369507
7253,0.24173635244369507
7254,0.2493131160736084
7255,0.2494562715291977
7256,0.22490666806697845
7257,0.24735161662101746
7258,0.2158583104610443
7259,0.2158583104610443
7260,0.20074638724327087
7261,0.2296506017446518
7262,0.22490090131759644
7263,0.20169557631015778
7264,0.2270471453666687
7265,0.2270471453666687
7266,0.2487240582704544
7267,0.2399366796016693
7268,0.22189493477344513
7269,0.22189493477344513
7270,0.25150731205940247
7271,0.23977583646774292
7272,0.2578762471675873
7273,0.2578762471675873
7274,0.20788636803627014
7275,0.24566848576068878
7276,0.2524888515472412
7277,0.2524805963039398
7278,0.28646767139434814
7279,0.22666214406490326
7280,0.22666214406490326
7281,0.18812641501426697
7282,0.17276161909103394
7283,0.2548036575317383
7284,0.2548036575317383
7285,0.21307609975337982
7286,0.21008625626564026
7287,0.21008625626564026
7288,0.27654507756233215
7289,0.21065430343151093
7290,0.21065430343151093
7291,0.19911958277225494
7292,0.25316715240478516
7293,0.19778910279273987
7294,0.19778908789157867
7295,0.187049001455307
7296,0.20851588249206543
7297,0.20062042772769928
7298,0.25650298595428467
7299,0.25650298595428467
7300,0.22596772015094757
7301,0.22596772015094757
7302,0.21041953563690186
7303,0.25641313195228577
7304,0.25641313195228577
7305,0.27531588077545166
7306,0.27531588077545166
7307,0.27263471484184265
7308,0.2105664312839508
7309,0.24066755175590515
7310,0.23928330838680267
7311,0.23928330838680267
7312,0.21448002755641937
7313,0.24016277492046356
7314,0.20642977952957153
7315,0.20642977952957153
7316,0.22093148529529572
7317,0.24194231629371643
7318,0.18765223026275635
7319,0.2223273664712906
7320,0.2223273664712906
7321,0.23348389565944672
7322,0.2601114809513092
7323,0.1984259933233261
7324,0.21563337743282318
7325,0.21855808794498444
7326,0.30554330348968506
7327,0.30554330348968506
7328,0.23873695731163025
7329,0.20290857553482056
7330,0.20290857553482056
7331,0.20187415182590485
7332,0.26592913269996643
7333,0.25678569078445435
7334,0.2324853539466858
7335,0.2324853539466858
7336,0.21670009195804596
7337,0.25396209955215454
7338,0.207149475812912
7339,0.207149475812912
7340,0.22385628521442413
7341,0.2769175171852112
7342,0.209140807390213
7343,0.27471792697906494
7344,0.27471792697906494
7345,0.24668142199516296
7346,0.24670587480068207
7347,0.2159106582403183
7348,0.2453392595052719
7349,0.1989387720823288
7350,0.1989387720823288
7351,0.19099973142147064
7352,0.21510492265224457
7353,0.21017423272132874
7354,0.21387848258018494
7355,0.2075536996126175
7356,0.2075536996126175
7357,0.2292821705341339
7358,0.20981921255588531
7359,0.21896134316921234
7360,0.21896134316921234
7361,0.26667124032974243
7362,0.20331989228725433
7363,0.33681854605674744
7364,0.33681854605674744
7365,0.20830997824668884
7366,0.20830997824668884
7367,0.2428300976753235
7368,0.2428300976753235
7369,0.2309807687997818
7370,0.23100748658180237
7371,0.23099346458911896
7372,0.23099428415298462
7373,0.2529858350753784
7374,0.2529858350753784
7375,0.21472664177417755
7376,0.21542662382125854
7377,0.21542662382125854
7378,0.21472664177417755
7379,0.21064923703670502
7380,0.21064923703670502
7381,0.18879708647727966
7382,0.18879708647727966
7383,0.2154434621334076
7384,0.2131776660680771
7385,0.2131776660680771
7386,0.2154434621334076
7387,0.22404982149600983
7388,0.22404982149600983
7389,0.22277964651584625
7390,0.222852423787117
7391,0.222852423787117
7392,0.22277964651584625
7393,0.22164875268936157
7394,0.22164875268936157
7395,0.20624211430549622
7396,0.20604315400123596
7397,0.20604315400123596
7398,0.20624211430549622
7399,0.21668820083141327
7400,0.21668820083141327
7401,0.22611545026302338
7402,0.22611545026302338
7403,0.21126465499401093
7404,0.2112296223640442
7405,0.2112296223640442
7406,0.21126465499401093
7407,0.20939309895038605
7408,0.20939309895038605
7409,0.21808017790317535
7410,0.21808017790317535
7411,0.21588239073753357
7412,0.21588239073753357
7413,0.24199700355529785
7414,0.24129708111286163
7415,0.24129708111286163
7416,0.24199700355529785
7417,0.2147853970527649
7418,0.21554940938949585
7419,0.21554940938949585
7420,0.2147853970527649
7421,0.21093805134296417
7422,0.21093806624412537
7423,0.2484135627746582
7424,0.24881981313228607
7425,0.24881981313228607
7426,0.2484135627746582
7427,0.23671607673168182
7428,0.2377883642911911
7429,0.2377883642911911
7430,0.23671607673168182
7431,0.2747739851474762
7432,0.2747739851474762
7433,0.2277965545654297
7434,0.2277965545654297
7435,0.23951280117034912
7436,0.23951280117034912
7437,0.216675266623497
7438,0.21721960604190826
7439,0.21721960604190826
7440,0.216675266623497
7441,0.22082093358039856
7442,0.22082093358039856
7443,0.2258797585964203
7444,0.2258797585964203
7445,0.22475925087928772
7446,0.22473324835300446
7447,0.22473324835300446
7448,0.22475925087928772
7449,0.23701752722263336
7450,0.23701752722263336
7451,0.23685410618782043
7452,0.23685410618782043
7453,0.19995714724063873
7454,0.19995714724063873
7455,0.22561350464820862
7456,0.22560742497444153
7457,0.22560742497444153
7458,0.22561350464820862
7459,0.24131491780281067
7460,0.24131491780281067
7461,0.22923433780670166
7462,0.22923433780670166
7463,0.21368412673473358
7464,0.21368412673473358
7465,0.2238176316022873
7466,0.2238176316022873
7467,0.22042545676231384
7468,0.22042545676231384
7469,0.2583147883415222
7470,0.25812599062919617
7471,0.25812599062919617
7472,0.2583147883415222
7473,0.23214277625083923
7474,0.23214277625083923
7475,0.21813344955444336
7476,0.21807965636253357
7477,0.21807965636253357
7478,0.21813344955444336
7479,0.21753209829330444
7480,0.21753209829330444
7481,0.23340250551700592
7482,0.23340250551700592
7483,0.2544114589691162
7484,0.2544114589691162
7485,0.22319115698337555
7486,0.22383713722229004
7487,0.22383713722229004
7488,0.22319115698337555
7489,0.21161776781082153
7490,0.21161776781082153
7491,0.2354350984096527
7492,0.2354350984096527
7493,0.20641201734542847
7494,0.20633353292942047
7495,0.20633353292942047
7496,0.20641201734542847
7497,0.2243850827217102
7498,0.2243850827217102
7499,0.2572120130062103
7500,0.2572120130062103
7501,0.20811578631401062
7502,0.20811578631401062
7503,0.23698872327804565
7504,0.23662516474723816
7505,0.23662516474723816
7506,0.23698872327804565
7507,0.23874232172966003
7508,0.2387366145849228
7509,0.23873478174209595
7510,0.23874415457248688
7511,0.2315831184387207
7512,0.2315831184387207
7513,0.2470315396785736
7514,0.2470315396785736
7515,0.20698878169059753
7516,0.20698785781860352
7517,0.20698785781860352
7518,0.20698878169059753
7519,0.20119525492191315
7520,0.20119525492191315
7521,0.21698246896266937
7522,0.21292464435100555
7523,0.2169789969921112
7524,0.2129373997449875
7525,0.22824230790138245
7526,0.22824230790138245
7527,0.20697267353534698
7528,0.2068968415260315
7529,0.2068968415260315
7530,0.20697267353534698
7531,0.24222280085086823
7532,0.24222280085086823
7533,0.21282397210597992
7534,0.21282397210597992
7535,0.23134399950504303
7536,0.231365367770195
7537,0.231365367770195
7538,0.23134399950504303
7539,0.25031566619873047
7540,0.25031566619873047
7541,0.21602486073970795
7542,0.21602486073970795
7543,0.28335681557655334
7544,0.2833617925643921
7545,0.2833617925643921
7546,0.28335681557655334
7547,0.2092248797416687
7548,0.2201613038778305
7549,0.20571240782737732
7550,0.20567536354064941
7551,0.21700388193130493
7552,0.19398218393325806
7553,0.19398218393325806
7554,0.17607612907886505
7555,0.16445553302764893
7556,0.19054149091243744
7557,0.19054149091243744
7558,0.20242393016815186
7559,0.2038295418024063
7560,0.2038295418024063
7561,0.19872356951236725
7562,0.18582166731357574
7563,0.18582166731357574
7564,0.19230294227600098
7565,0.1750476062297821
7566,0.18044513463974
7567,0.18044513463974
7568,0.1808350682258606
7569,0.18426676094532013
7570,0.19036634266376495
7571,0.21975445747375488
7572,0.21975445747375488
7573,0.17883671820163727
7574,0.17883671820163727
7575,0.1987370252609253
7576,0.23241499066352844
7577,0.23241499066352844
7578,0.20102854073047638
7579,0.20102854073047638
7580,0.2543654441833496
7581,0.19298279285430908
7582,0.2046644240617752
7583,0.18866577744483948
7584,0.18866576254367828
7585,0.19312581419944763
7586,0.22536996006965637
7587,0.19007831811904907
7588,0.19007831811904907
7589,0.20459844172000885
7590,0.19455377757549286
7591,0.17687007784843445
7592,0.20680570602416992
7593,0.20680570602416992
7594,0.21565812826156616
7595,0.18140378594398499
7596,0.18866677582263947
7597,0.21534353494644165
7598,0.20606914162635803
7599,0.20472212135791779
7600,0.20472212135791779
7601,0.20696291327476501
7602,0.1950664520263672
7603,0.1950664520263672
7604,0.19644878804683685
7605,0.19064737856388092
7606,0.20992645621299744
7607,0.21008054912090302
7608,0.21008054912090302
7609,0.1803351640701294
7610,0.20682813227176666
7611,0.19468608498573303
7612,0.19468608498573303
7613,0.2004137635231018
7614,0.20525303483009338
7615,0.20930364727973938
7616,0.19559767842292786
7617,0.19559767842292786
7618,0.21846149861812592
7619,0.21852341294288635
7620,0.2128009796142578
7621,0.2179090678691864
7622,0.19036732614040375
7623,0.19036732614040375
7624,0.1752195954322815
7625,0.19430378079414368
7626,0.19201339781284332
7627,0.19513708353042603
7628,0.19398340582847595
7629,0.19398340582847595
7630,0.2206396758556366
7631,0.19915828108787537
7632,0.20739887654781342
7633,0.20739887654781342
7634,0.21577268838882446
7635,0.20207801461219788
7636,0.21062827110290527
7637,0.21062827110290527
7638,0.21340890228748322
7639,0.24154406785964966
7640,0.23595988750457764
7641,0.23586556315422058
7642,0.2610393166542053
7643,0.2340770661830902
7644,0.2340770661830902
7645,0.22478026151657104
7646,0.2008386254310608
7647,0.22321386635303497
7648,0.22321386635303497
7649,0.2261333465576172
7650,0.2278827428817749
7651,0.2278827428817749
7652,0.23035928606987
7653,0.21472285687923431
7654,0.21472285687923431
7655,0.21800597012043
7656,0.22197580337524414
7657,0.22501692175865173
7658,0.22501692175865173
7659,0.21023781597614288
7660,0.2253100574016571
7661,0.22109878063201904
7662,0.24587395787239075
7663,0.24587395787239075
7664,0.2291957139968872
7665,0.2291957139968872
7666,0.21946701407432556
7667,0.2556743621826172
7668,0.2556743621826172
7669,0.23496690392494202
7670,0.23496690392494202
7671,0.2784104347229004
7672,0.24130427837371826
7673,0.2339411973953247
7674,0.22636854648590088
7675,0.22636854648590088
7676,0.2186945527791977
7677,0.224911630153656
7678,0.23720507323741913
7679,0.23720507323741913
7680,0.24362747371196747
7681,0.23537926375865936
7682,0.21176981925964355
7683,0.2275024950504303
7684,0.2275024950504303
7685,0.2412533462047577
7686,0.23850713670253754
7687,0.21159321069717407
7688,0.2355756014585495
7689,0.2297670543193817
7690,0.25118809938430786
7691,0.25118809938430786
7692,0.23310300707817078
7693,0.22126518189907074
7694,0.22126518189907074
7695,0.21793131530284882
7696,0.2508968114852905
7697,0.24898457527160645
7698,0.2320602387189865
7699,0.2320602387189865
7700,0.21751999855041504
7701,0.25224897265434265
7702,0.21506138145923615
7703,0.21506138145923615
7704,0.23398686945438385
7705,0.25281715393066406
7706,0.2130456268787384
7707,0.24854561686515808
7708,0.24854561686515808
7709,0.2393486350774765
7710,0.2394571751356125
7711,0.23649193346500397
7712,0.2553805708885193
7713,0.21039548516273499
7714,0.21039548516273499
7715,0.20727765560150146
7716,0.21680958569049835
7717,0.21481895446777344
7718,0.23775455355644226
7719,0.21616491675376892
7720,0.21616491675376892
7721,0.2487875521183014
7722,0.22867074608802795
7723,0.23938396573066711
7724,0.23938396573066711
7725,0.2513245940208435
7726,0.2187710553407669
7727,0.27996450662612915
7728,0.27996450662612915
7729,0.21124805510044098
7730,0.22310683131217957
7731,0.22381475567817688
7732,0.22370624542236328
7733,0.23601892590522766
7734,0.2302633821964264
7735,0.2302633821964264
7736,0.217563197016716
7737,0.205321803689003
7738,0.21541646122932434
7739,0.21541646122932434
7740,0.21433377265930176
7741,0.22319991886615753
7742,0.22319991886615753
7743,0.2259906828403473
7744,0.22207140922546387
7745,0.22207140922546387
7746,0.22234302759170532
7747,0.20191209018230438
7748,0.21916581690311432
7749,0.21916581690311432
7750,0.20996534824371338
7751,0.20456376671791077
7752,0.21745802462100983
7753,0.23918063938617706
7754,0.23918063938617706
7755,0.21073777973651886
7756,0.21073777973651886
7757,0.22225457429885864
7758,0.24282091856002808
7759,0.24282091856002808
7760,0.23343147337436676
7761,0.23343147337436676
7762,0.2589583098888397
7763,0.23211942613124847
7764,0.22238165140151978
7765,0.21166522800922394
7766,0.21166522800922394
7767,0.21717192232608795
7768,0.2241617888212204
7769,0.2278572916984558
7770,0.2278572916984558
7771,0.23684558272361755
7772,0.21350790560245514
7773,0.21169517934322357
7774,0.22456851601600647
7775,0.22456851601600647
7776,0.23456354439258575
7777,0.20722763240337372
7778,0.2193392813205719
7779,0.22906118631362915
7780,0.2261347770690918
7781,0.2340250462293625
7782,0.2340250462293625
7783,0.2212153822183609
7784,0.21776986122131348
7785,0.21776986122131348
7786,0.21413137018680573
7787,0.22212766110897064
7788,0.2220108062028885
7789,0.21445225179195404
7790,0.21445225179195404
7791,0.20757068693637848
7792,0.23303590714931488
7793,0.21850523352622986
7794,0.21850523352622986
7795,0.2259168028831482
7796,0.22255274653434753
7797,0.21271531283855438
7798,0.22132974863052368
7799,0.22132974863052368
7800,0.23114435374736786
7801,0.23131054639816284
7802,0.23168033361434937
7803,0.23997491598129272
7804,0.20737497508525848
7805,0.20737497508525848
7806,0.20717041194438934
7807,0.21484893560409546
7808,0.21178363263607025
7809,0.22744987905025482
7810,0.2193872332572937
7811,0.2193872332572937
7812,0.2402770072221756
7813,0.22912797331809998
7814,0.23188817501068115
7815,0.23188817501068115
7816,0.23612821102142334
7817,0.21713615953922272
7818,0.2396884709596634
7819,0.2396884709596634
7820,0.20414967834949493
7821,0.22604238986968994
7822,0.23780886828899384
7823,0.23774397373199463
7824,0.26165884733200073
7825,0.21967586874961853
7826,0.21967586874961853
7827,0.2079194039106369
7828,0.19346873462200165
7829,0.22221535444259644
7830,0.22221535444259644
7831,0.2037128359079361
7832,0.20926785469055176
7833,0.20926785469055176
7834,0.23868148028850555
7835,0.20715458691120148
7836,0.20715458691120148
7837,0.21553559601306915
7838,0.20972463488578796
7839,0.21304430067539215
7840,0.21304430067539215
7841,0.20348292589187622
7842,0.20420823991298676
7843,0.21244899928569794
7844,0.23775562644004822
7845,0.23775562644004822
7846,0.20532965660095215
7847,0.20532965660095215
7848,0.2112773060798645
7849,0.24770992994308472
7850,0.24770992994308472
7851,0.2489035427570343
7852,0.2489035427570343
7853,0.27646487951278687
7854,0.23306511342525482
7855,0.22424602508544922
7856,0.2115301936864853
7857,0.2115301936864853
7858,0.2128191590309143
7859,0.22074773907661438
7860,0.22708891332149506
7861,0.22708891332149506
7862,0.23365873098373413
7863,0.21303138136863708
7864,0.2086067646741867
7865,0.21366144716739655
7866,0.21366144716739655
7867,0.23372110724449158
7868,0.21325090527534485
7869,0.21230784058570862
7870,0.22259023785591125
7871,0.21783582866191864
7872,0.25639182329177856
7873,0.25639182329177856
7874,0.22675341367721558
7875,0.20926342904567719
7876,0.20926342904567719
7877,0.20780400931835175
7878,0.23385030031204224
7879,0.24200767278671265
7880,0.20744338631629944
7881,0.20744338631629944
7882,0.20109356939792633
7883,0.24715489149093628
7884,0.21064597368240356
7885,0.21064597368240356
7886,0.22310326993465424
7887,0.23675255477428436
7888,0.20438355207443237
7889,0.23982800543308258
7890,0.23982800543308258
7891,0.23153145611286163
7892,0.23162749409675598
7893,0.2291126698255539
7894,0.24810925126075745
7895,0.20158809423446655
7896,0.20158809423446655
7897,0.20438805222511292
7898,0.20309896767139435
7899,0.20255842804908752
7900,0.2277289181947708
7901,0.21129579842090607
7902,0.21129579842090607
7903,0.2387147843837738
7904,0.2100268453359604
7905,0.2324521541595459
7906,0.2324521541595459
7907,0.2589082419872284
7908,0.21144002676010132
7909,0.28592872619628906
7910,0.28592872619628906
7911,0.2138126641511917
7912,0.2138126641511917
7913,0.22971847653388977
7914,0.22971847653388977
7915,0.2113359570503235
7916,0.21130289137363434
7917,0.21136268973350525
7918,0.21127615869045258
7919,0.23745529353618622
7920,0.23745529353618622
7921,0.21947526931762695
7922,0.2210158407688141
7923,0.2210158407688141
7924,0.21947526931762695
7925,0.21306924521923065
7926,0.21306924521923065
7927,0.19323618710041046
7928,0.19323618710041046
7929,0.20601949095726013
7930,0.20528358221054077
7931,0.20528358221054077
7932,0.20601949095726013
7933,0.21689990162849426
7934,0.21689990162849426
7935,0.2217753827571869
7936,0.22256717085838318
7937,0.22256717085838318
7938,0.2217753827571869
7939,0.2053440511226654
7940,0.2053440511226654
7941,0.20781195163726807
7942,0.20821738243103027
7943,0.20821738243103027
7944,0.20781195163726807
7945,0.2200184464454651
7946,0.2200184464454651
7947,0.1977052390575409
7948,0.1977052390575409
7949,0.21726959943771362
7950,0.21712324023246765
7951,0.21712324023246765
7952,0.21726959943771362
7953,0.20719902217388153
7954,0.20719902217388153
7955,0.20667900145053864
7956,0.20667900145053864
7957,0.2192019522190094
7958,0.2192019522190094
7959,0.2304525524377823
7960,0.23203518986701965
7961,0.23203518986701965
7962,0.2304525524377823
7963,0.20771029591560364
7964,0.2082451432943344
7965,0.2082451432943344
7966,0.20771029591560364
7967,0.2178449034690857
7968,0.2178449034690857
7969,0.237897127866745
7970,0.24101528525352478
7971,0.24101528525352478
7972,0.237897127866745
7973,0.21544663608074188
7974,0.2184004783630371
7975,0.2184004783630371
7976,0.21544663608074188
7977,0.26387643814086914
7978,0.26387643814086914
7979,0.23342245817184448
7980,0.23342245817184448
7981,0.22743114829063416
7982,0.22743114829063416
7983,0.2049466222524643
7984,0.20627856254577637
7985,0.20627856254577637
7986,0.2049466222524643
7987,0.21828535199165344
7988,0.21828535199165344
7989,0.22802701592445374
7990,0.22802701592445374
7991,0.23069044947624207
7992,0.23035219311714172
7993,0.23035219311714172
7994,0.23069044947624207
7995,0.2387566864490509
7996,0.2387566864490509
7997,0.20415166020393372
7998,0.20415166020393372
7999,0.20643281936645508
8000,0.20643281936645508
8001,0.2230660766363144
8002,0.22309495508670807
8003,0.22309495508670807
8004,0.2230660766363144
8005,0.23348316550254822
8006,0.23348316550254822
8007,0.206025630235672
8008,0.206025630235672
8009,0.21469905972480774
8010,0.21469905972480774
8011,0.22493892908096313
8012,0.22493892908096313
8013,0.22622284293174744
8014,0.22622284293174744
8015,0.21603380143642426
8016,0.21586301922798157
8017,0.21586301922798157
8018,0.21603380143642426
8019,0.22128450870513916
8020,0.22128450870513916
8021,0.22019797563552856
8022,0.21975378692150116
8023,0.21975378692150116
8024,0.22019797563552856
8025,0.21515688300132751
8026,0.21515688300132751
8027,0.22561778128147125
8028,0.22561778128147125
8029,0.23550011217594147
8030,0.23550011217594147
8031,0.21604280173778534
8032,0.21722359955310822
8033,0.21722359955310822
8034,0.21604280173778534
8035,0.20244596898555756
8036,0.20244596898555756
8037,0.24058295786380768
8038,0.24058295786380768
8039,0.2148502767086029
8040,0.21433672308921814
8041,0.21433672308921814
8042,0.2148502767086029
8043,0.22656260430812836
8044,0.22656260430812836
8045,0.21624062955379486
8046,0.21624062955379486
8047,0.2102472335100174
8048,0.2102472335100174
8049,0.2263973355293274
8050,0.22648805379867554
8051,0.22648805379867554
8052,0.2263973355293274
8053,0.22327959537506104
8054,0.22335299849510193
8055,0.22329309582710266
8056,0.2233394980430603
8057,0.23333005607128143
8058,0.23333005607128143
8059,0.23525218665599823
8060,0.23525218665599823
8061,0.20812731981277466
8062,0.20817875862121582
8063,0.20817875862121582
8064,0.20812731981277466
8065,0.2054438292980194
8066,0.2054438292980194
8067,0.21023042500019073
8068,0.208804652094841
8069,0.21019552648067474
8070,0.20883911848068237
8071,0.2299642264842987
8072,0.2299642264842987
8073,0.2152421623468399
8074,0.2148474007844925
8075,0.2148474007844925
8076,0.2152421623468399
8077,0.2391974925994873
8078,0.2391974925994873
8079,0.2149859070777893
8080,0.2149859070777893
8081,0.236153244972229
8082,0.236393541097641
8083,0.236393541097641
8084,0.236153244972229
8085,0.23365922272205353
8086,0.23365922272205353
8087,0.21841542422771454
8088,0.21841542422771454
8089,0.23891741037368774
8090,0.23892492055892944
8091,0.23892492055892944
8092,0.23891741037368774
8093,0.22648921608924866
8094,0.22648921608924866
8095,0.266391396522522
8096,0.266391396522522
8097,0.25030702352523804
8098,0.2503190040588379
8099,0.2503281235694885
8100,0.25029805302619934
8101,0.27516046166419983
8102,0.27516046166419983
8103,0.24647852778434753
8104,0.24823538959026337
8105,0.24823538959026337
8106,0.24647852778434753
8107,0.23510810732841492
8108,0.23510810732841492
8109,0.22457322478294373
8110,0.22457322478294373
8111,0.24238969385623932
8112,0.24091506004333496
8113,0.24091506004333496
8114,0.24238969385623932
8115,0.2477075755596161
8116,0.2477075755596161
8117,0.24690526723861694
8118,0.2474028766155243
8119,0.2474028766155243
8120,0.24690526723861694
8121,0.23591868579387665
8122,0.23591868579387665
8123,0.22650912404060364
8124,0.22765770554542542
8125,0.22765770554542542
8126,0.22650912404060364
8127,0.24012771248817444
8128,0.24012771248817444
8129,0.217476487159729
8130,0.217476487159729
8131,0.24329066276550293
8132,0.24321895837783813
8133,0.24321895837783813
8134,0.24329066276550293
8135,0.22378818690776825
8136,0.22378818690776825
8137,0.23103630542755127
8138,0.23103630542755127
8139,0.23589222133159637
8140,0.23589222133159637
8141,0.2613529860973358
8142,0.26184090971946716
8143,0.26184090971946716
8144,0.2613529860973358
8145,0.22265398502349854
8146,0.2243189662694931
8147,0.2243189662694931
8148,0.22265398502349854
8149,0.23290091753005981
8150,0.23290091753005981
8151,0.26773059368133545
8152,0.26995471119880676
8153,0.26995471119880676
8154,0.26773059368133545
8155,0.26654496788978577
8156,0.2695087790489197
8157,0.2695087790489197
8158,0.26654496788978577
8159,0.28976887464523315
8160,0.28976887464523315
8161,0.2520872950553894
8162,0.2520872950553894
8163,0.24965937435626984
8164,0.24965937435626984
8165,0.2272317111492157
8166,0.2299705147743225
8167,0.2299705147743225
8168,0.2272317111492157
8169,0.23563730716705322
8170,0.23563730716705322
8171,0.2466578632593155
8172,0.2466578632593155
8173,0.2517719864845276
8174,0.25164347887039185
8175,0.25164347887039185
8176,0.2517719864845276
8177,0.2577638328075409
8178,0.2577638328075409
8179,0.2240217626094818
8180,0.2240217626094818
8181,0.23369967937469482
8182,0.23369967937469482
8183,0.24663889408111572
8184,0.24702277779579163
8185,0.24702277779579163
8186,0.24663889408111572
8187,0.25066134333610535
8188,0.25066134333610535
8189,0.23378920555114746
8190,0.23378922045230865
8191,0.22968396544456482
8192,0.22968396544456482
8193,0.24124425649642944
8194,0.24124425649642944
8195,0.24179209768772125
8196,0.24179209768772125
8197,0.27703607082366943
8198,0.278949499130249
8199,0.278949499130249
8200,0.27703607082366943
8201,0.25051775574684143
8202,0.25051775574684143
8203,0.23673829436302185
8204,0.236527681350708
8205,0.236527681350708
8206,0.23673829436302185
8207,0.2344362735748291
8208,0.2344362735748291
8209,0.2550528645515442
8210,0.2550528645515442
8211,0.29375022649765015
8212,0.29375022649765015
8213,0.24684634804725647
8214,0.24881291389465332
8215,0.24881291389465332
8216,0.24684634804725647
8217,0.20945321023464203
8218,0.20945321023464203
8219,0.26686984300613403
8220,0.26686984300613403
8221,0.22862842679023743
8222,0.22824643552303314
8223,0.22824643552303314
8224,0.22862842679023743
8225,0.2540934681892395
8226,0.2540934681892395
8227,0.2652173936367035
8228,0.2652173936367035
8229,0.2276977300643921
8230,0.2276977300643921
8231,0.2579860985279083
8232,0.25904056429862976
8233,0.25904056429862976
8234,0.2579860985279083
8235,0.2546870708465576
8236,0.2547804117202759
8237,0.25469014048576355
8238,0.25477728247642517
8239,0.2506069839000702
8240,0.2506069839000702
8241,0.2599068284034729
8242,0.2599068284034729
8243,0.22395755350589752
8244,0.22404873371124268
8245,0.22404873371124268
8246,0.22395755350589752
8247,0.2268279790878296
8248,0.2268279790878296
8249,0.23203980922698975
8250,0.22868649661540985
8251,0.23196160793304443
8252,0.22877494990825653
8253,0.2500471770763397
8254,0.2500471770763397
8255,0.2298257201910019
8256,0.22948427498340607
8257,0.22948427498340607
8258,0.2298257052898407
8259,0.25922220945358276
8260,0.25922220945358276
8261,0.23431402444839478
8262,0.23431402444839478
8263,0.24974486231803894
8264,0.24981093406677246
8265,0.24981093406677246
8266,0.24974486231803894
8267,0.2762494385242462
8268,0.2762494385242462
8269,0.23070743680000305
8270,0.23070743680000305
8271,0.30387082695961
8272,0.30388176441192627
8273,0.30388176441192627
8274,0.30387082695961
8275,0.2154041826725006
8276,0.23377317190170288
8277,0.22060704231262207
8278,0.220608651638031
8279,0.23094087839126587
8280,0.20477080345153809
8281,0.20477080345153809
8282,0.20215369760990143
8283,0.19311408698558807
8284,0.20555777847766876
8285,0.20555777847766876
8286,0.21783031523227692
8287,0.2197849154472351
8288,0.2197849154472351
8289,0.20845405757427216
8290,0.2063889354467392
8291,0.2063889354467392
8292,0.2167685627937317
8293,0.18501022458076477
8294,0.2122209072113037
8295,0.2122209072113037
8296,0.2037065327167511
8297,0.2029753476381302
8298,0.21244879066944122
8299,0.23080028593540192
8300,0.23080028593540192
8301,0.19217067956924438
8302,0.19217067956924438
8303,0.2089594304561615
8304,0.23888731002807617
8305,0.23888731002807617
8306,0.21168634295463562
8307,0.21168634295463562
8308,0.2599342465400696
8309,0.2194521427154541
8310,0.22955507040023804
8311,0.1988980770111084
8312,0.1988980770111084
8313,0.21630984544754028
8314,0.22394417226314545
8315,0.2163502722978592
8316,0.2163502722978592
8317,0.22825682163238525
8318,0.20136143267154694
8319,0.2036995142698288
8320,0.22271259129047394
8321,0.22271259129047394
8322,0.2286488562822342
8323,0.19013690948486328
8324,0.2186560183763504
8325,0.22619232535362244
8326,0.21995866298675537
8327,0.21183162927627563
8328,0.21183162927627563
8329,0.21583512425422668
8330,0.21685341000556946
8331,0.21685341000556946
8332,0.2156813144683838
8333,0.20706619322299957
8334,0.22756841778755188
8335,0.21683350205421448
8336,0.21683350205421448
8337,0.19145041704177856
8338,0.22050948441028595
8339,0.20516297221183777
8340,0.20516297221183777
8341,0.2175152599811554
8342,0.21742768585681915
8343,0.21084299683570862
8344,0.2021404504776001
8345,0.2021404504776001
8346,0.23039484024047852
8347,0.2304341346025467
8348,0.2302316427230835
8349,0.23394225537776947
8350,0.21102581918239594
8351,0.21102581918239594
8352,0.19470642507076263
8353,0.2128763645887375
8354,0.21123501658439636
8355,0.21801194548606873
8356,0.20626786351203918
8357,0.20626786351203918
8358,0.2372928261756897
8359,0.21428188681602478
8360,0.22449317574501038
8361,0.22449317574501038
8362,0.22635209560394287
8363,0.21838967502117157
8364,0.2175680249929428
8365,0.2175680249929428
8366,0.20877517759799957
8367,0.2509200870990753
8368,0.24167105555534363
8369,0.2416098713874817
8370,0.3006916642189026
8371,0.26617100834846497
8372,0.26617100834846497
8373,0.22285237908363342
8374,0.20763139426708221
8375,0.27116256952285767
8376,0.27116256952285767
8377,0.2233574092388153
8378,0.2255636602640152
8379,0.2255636602640152
8380,0.2767500579357147
8381,0.2305792272090912
8382,0.2305792272090912
8383,0.21423402428627014
8384,0.23389115929603577
8385,0.22760726511478424
8386,0.22760726511478424
8387,0.20702366530895233
8388,0.2475854605436325
8389,0.21418702602386475
8390,0.251287043094635
8391,0.251287043094635
8392,0.24252188205718994
8393,0.24252188205718994
8394,0.22588782012462616
8395,0.27391108870506287
8396,0.27391108870506287
8397,0.2833709716796875
8398,0.2833709716796875
8399,0.27923583984375
8400,0.2391209453344345
8401,0.23191377520561218
8402,0.23198258876800537
8403,0.23198258876800537
8404,0.2194186896085739
8405,0.22804640233516693
8406,0.23363520205020905
8407,0.23363520205020905
8408,0.2417282611131668
8409,0.24057984352111816
8410,0.2204277217388153
8411,0.22883480787277222
8412,0.22883480787277222
8413,0.2385990172624588
8414,0.26789623498916626
8415,0.21006986498832703
8416,0.23030614852905273
8417,0.22867509722709656
8418,0.28993383049964905
8419,0.28993383049964905
8420,0.2535260021686554
8421,0.2155567705631256
8422,0.2155567705631256
8423,0.21229912340641022
8424,0.2956274151802063
8425,0.28108519315719604
8426,0.25103259086608887
8427,0.25103259086608887
8428,0.2209436297416687
8429,0.2845876216888428
8430,0.22322377562522888
8431,0.22322377562522888
8432,0.24698328971862793
8433,0.2865598499774933
8434,0.2144763320684433
8435,0.29884305596351624
8436,0.29884305596351624
8437,0.24156445264816284
8438,0.24160251021385193
8439,0.23059344291687012
8440,0.2615407705307007
8441,0.207464799284935
8442,0.207464799284935
8443,0.2229725420475006
8444,0.21541573107242584
8445,0.2137044221162796
8446,0.23647890985012054
8447,0.224568709731102
8448,0.22456872463226318
8449,0.24634121358394623
8450,0.2328956574201584
8451,0.23784349858760834
8452,0.23784349858760834
8453,0.2846911549568176
8454,0.21491822600364685
8455,0.330797016620636
8456,0.330797016620636
8457,0.2062995880842209
8458,0.20131495594978333
8459,0.21777111291885376
8460,0.21778886020183563
8461,0.22973047196865082
8462,0.2201489806175232
8463,0.2201489806175232
8464,0.20301124453544617
8465,0.1857011318206787
8466,0.21435360610485077
8467,0.21435360610485077
8468,0.19512547552585602
8469,0.20664356648921967
8470,0.20664356648921967
8471,0.21971523761749268
8472,0.2132624387741089
8473,0.2132624387741089
8474,0.20099849998950958
8475,0.20312444865703583
8476,0.21207284927368164
8477,0.21207284927368164
8478,0.1998601257801056
8479,0.19821862876415253
8480,0.20508542656898499
8481,0.22118450701236725
8482,0.22118450701236725
8483,0.20227384567260742
8484,0.20227384567260742
8485,0.21285289525985718
8486,0.22710569202899933
8487,0.22710569202899933
8488,0.2280699461698532
8489,0.2280699461698532
8490,0.2559785544872284
8491,0.22155603766441345
8492,0.20665691792964935
8493,0.20725589990615845
8494,0.20725589990615845
8495,0.20457738637924194
8496,0.21457980573177338
8497,0.21349821984767914
8498,0.21349821984767914
8499,0.22144855558872223
8500,0.20408110320568085
8501,0.19591102004051208
8502,0.20924103260040283
8503,0.20924103260040283
8504,0.2254170924425125
8505,0.20122285187244415
8506,0.20498713850975037
8507,0.21686473488807678
8508,0.21358899772167206
8509,0.229357048869133
8510,0.229357048869133
8511,0.21012532711029053
8512,0.20671993494033813
8513,0.20671993494033813
8514,0.20472627878189087
8515,0.21495158970355988
8516,0.20384681224822998
8517,0.2004835456609726
8518,0.2004835456609726
8519,0.19965499639511108
8520,0.22907961905002594
8521,0.209365114569664
8522,0.209365114569664
8523,0.20728850364685059
8524,0.21329529583454132
8525,0.20481526851654053
8526,0.2143726497888565
8527,0.2143726497888565
8528,0.21153263747692108
8529,0.21151618659496307
8530,0.21748660504817963
8531,0.2318912148475647
8532,0.20086324214935303
8533,0.20086324214935303
8534,0.19891448318958282
8535,0.20224016904830933
8536,0.2015180140733719
8537,0.21504883468151093
8538,0.2098437249660492
8539,0.2098437249660492
8540,0.2285294234752655
8541,0.21387915313243866
8542,0.22258637845516205
8543,0.22258637845516205
8544,0.22853738069534302
8545,0.20596261322498322
8546,0.24017511308193207
8547,0.24017511308193207
8548,0.2092551440000534
8549,0.21873877942562103
8550,0.2130417376756668
8551,0.21310830116271973
8552,0.21863295137882233
8553,0.20774592459201813
8554,0.20774592459201813
8555,0.18754185736179352
8556,0.1702675223350525
8557,0.207087442278862
8558,0.207087442278862
8559,0.21015170216560364
8560,0.21043899655342102
8561,0.21043899655342102
8562,0.20812803506851196
8563,0.20392580330371857
8564,0.20392580330371857
8565,0.19681653380393982
8566,0.19503912329673767
8567,0.19473926723003387
8568,0.19473926723003387
8569,0.19109272956848145
8570,0.19548943638801575
8571,0.20048515498638153
8572,0.22064070403575897
8573,0.22064070403575897
8574,0.20080795884132385
8575,0.20080795884132385
8576,0.2048032432794571
8577,0.2207360565662384
8578,0.2207360565662384
8579,0.21217799186706543
8580,0.21217799186706543
8581,0.24902594089508057
8582,0.2064169943332672
8583,0.2169794738292694
8584,0.19889004528522491
8585,0.19889004528522491
8586,0.2064005434513092
8587,0.215041384100914
8588,0.2032194286584854
8589,0.2032194286584854
8590,0.21638937294483185
8591,0.20008502900600433
8592,0.1775558888912201
8593,0.2133747786283493
8594,0.2133747786283493
8595,0.22366103529930115
8596,0.2006867676973343
8597,0.19919650256633759
8598,0.21627169847488403
8599,0.2098991423845291
8600,0.21370555460453033
8601,0.21370555460453033
8602,0.20530648529529572
8603,0.20597493648529053
8604,0.20597493648529053
8605,0.20500637590885162
8606,0.21236467361450195
8607,0.20788562297821045
8608,0.20009279251098633
8609,0.20009279251098633
8610,0.19736191630363464
8611,0.21219508349895477
8612,0.20519350469112396
8613,0.20519350469112396
8614,0.20609110593795776
8615,0.19851107895374298
8616,0.2043301910161972
8617,0.21040834486484528
8618,0.21040834486484528
8619,0.2189369648694992
8620,0.21898633241653442
8621,0.21753396093845367
8622,0.21714569628238678
8623,0.20346905291080475
8624,0.20346905291080475
8625,0.18851326406002045
8626,0.20420517027378082
8627,0.203086718916893
8628,0.20788130164146423
8629,0.20525361597537994
8630,0.20525361597537994
8631,0.22807936370372772
8632,0.2040746510028839
8633,0.21660307049751282
8634,0.21660307049751282
8635,0.2163192629814148
8636,0.19958041608333588
8637,0.21953892707824707
8638,0.21953892707824707
8639,0.20396386086940765
8640,0.27691102027893066
8641,0.27899256348609924
8642,0.279643177986145
8643,0.2646290957927704
8644,0.21661889553070068
8645,0.21661889553070068
8646,0.19019804894924164
8647,0.18098026514053345
8648,0.27608203887939453
8649,0.27608203887939453
8650,0.25409796833992004
8651,0.22021952271461487
8652,0.22021952271461487
8653,0.2723027169704437
8654,0.21045365929603577
8655,0.21045365929603577
8656,0.2047884166240692
8657,0.2400074601173401
8658,0.20467351377010345
8659,0.20467351377010345
8660,0.19066253304481506
8661,0.23082275688648224
8662,0.20713593065738678
8663,0.28148144483566284
8664,0.28148144483566284
8665,0.22078634798526764
8666,0.22078634798526764
8667,0.2093382328748703
8668,0.24897320568561554
8669,0.24897320568561554
8670,0.25446975231170654
8671,0.25446975231170654
8672,0.26336681842803955
8673,0.20387762784957886
8674,0.25521785020828247
8675,0.22356954216957092
8676,0.22356954216957092
8677,0.21953240036964417
8678,0.22310031950473785
8679,0.20457014441490173
8680,0.20457014441490173
8681,0.21848338842391968
8682,0.23449113965034485
8683,0.19691072404384613
8684,0.2240675389766693
8685,0.2240675389766693
8686,0.23592321574687958
8687,0.23716141283512115
8688,0.2078820914030075
8689,0.21892942488193512
8690,0.21880128979682922
8691,0.2834223508834839
8692,0.2834223508834839
8693,0.23261025547981262
8694,0.2041778862476349
8695,0.2041778862476349
8696,0.2054847627878189
8697,0.2437635362148285
8698,0.2627565562725067
8699,0.225704625248909
8700,0.225704625248909
8701,0.21435017883777618
8702,0.23932725191116333
8703,0.2051738202571869
8704,0.2051738202571869
8705,0.24257342517375946
8706,0.26519882678985596
8707,0.2056061178445816
8708,0.24860474467277527
8709,0.24860474467277527
8710,0.2913910746574402
8711,0.29103025794029236
8712,0.2187756896018982
8713,0.24081318080425262
8714,0.21891754865646362
8715,0.21891754865646362
8716,0.20562754571437836
8717,0.22643697261810303
8718,0.21733172237873077
8719,0.2076684981584549
8720,0.2052823156118393
8721,0.2052823156118393
8722,0.22938945889472961
8723,0.2103305160999298
8724,0.21988405287265778
8725,0.21988405287265778
8726,0.25821998715400696
8727,0.21079808473587036
8728,0.3083977997303009
8729,0.3083977997303009
8730,0.2148546278476715
8731,0.23230880498886108
8732,0.2135491967201233
8733,0.21348156034946442
8734,0.22893691062927246
8735,0.21453891694545746
8736,0.21453891694545746
8737,0.1898806393146515
8738,0.18959665298461914
8739,0.20159335434436798
8740,0.20159335434436798
8741,0.21375927329063416
8742,0.21894104778766632
8743,0.21894104778766632
8744,0.20410899817943573
8745,0.19485227763652802
8746,0.19485227763652802
8747,0.20734058320522308
8748,0.18947310745716095
8749,0.20563530921936035
8750,0.20563530921936035
8751,0.1966305822134018
8752,0.1935429722070694
8753,0.20478932559490204
8754,0.23281383514404297
8755,0.23281383514404297
8756,0.19405806064605713
8757,0.19405806064605713
8758,0.21105848252773285
8759,0.24250373244285583
8760,0.24250373244285583
8761,0.21239030361175537
8762,0.21239030361175537
8763,0.2577737271785736
8764,0.2057184875011444
8765,0.220658540725708
8766,0.21233606338500977
8767,0.21233606338500977
8768,0.2155301868915558
8769,0.23502114415168762
8770,0.20603029429912567
8771,0.20603029429912567
8772,0.2231743037700653
8773,0.2166341245174408
8774,0.2042667716741562
8775,0.22399179637432098
8776,0.22399179637432098
8777,0.22240407764911652
8778,0.20127373933792114
8779,0.19702830910682678
8780,0.22892004251480103
8781,0.217074915766716
8782,0.21682855486869812
8783,0.21682855486869812
8784,0.21802817285060883
8785,0.2111639380455017
8786,0.2111639380455017
8787,0.20958425104618073
8788,0.21130429208278656
8789,0.23251283168792725
8790,0.22784726321697235
8791,0.22784726321697235
8792,0.19365966320037842
8793,0.2239881008863449
8794,0.20693762600421906
8795,0.20693762600421906
8796,0.22344881296157837
8797,0.22804808616638184
8798,0.21579283475875854
8799,0.216527059674263
8800,0.2165270447731018
8801,0.22627362608909607
8802,0.22634480893611908
8803,0.22679759562015533
8804,0.22851940989494324
8805,0.19963699579238892
8806,0.19963699579238892
8807,0.20629346370697021
8808,0.20382970571517944
8809,0.20222122967243195
8810,0.2104777842760086
8811,0.2068406641483307
8812,0.2068406641483307
8813,0.2350589781999588
8814,0.20781297981739044
8815,0.2191242277622223
8816,0.2191242277622223
8817,0.22710639238357544
8818,0.21066783368587494
8819,0.23143334686756134
8820,0.23143334686756134
8821,0.22328200936317444
8822,0.2625877857208252
8823,0.2630653977394104
8824,0.2633752226829529
8825,0.26287487149238586
8826,0.24285176396369934
8827,0.24285176396369934
8828,0.22079536318778992
8829,0.20538227260112762
8830,0.2569672465324402
8831,0.2569672465324402
8832,0.25300315022468567
8833,0.2398836463689804
8834,0.2398836463689804
8835,0.25444284081459045
8836,0.23528055846691132
8837,0.23528055846691132
8838,0.21897906064987183
8839,0.2398407757282257
8840,0.23621071875095367
8841,0.23621071875095367
8842,0.21680037677288055
8843,0.23485635221004486
8844,0.22915026545524597
8845,0.26225870847702026
8846,0.26225870847702026
8847,0.235281303524971
8848,0.235281303524971
8849,0.2326403707265854
8850,0.26047518849372864
8851,0.26047518849372864
8852,0.25875771045684814
8853,0.25875771045684814
8854,0.27538856863975525
8855,0.23643144965171814
8856,0.2540956437587738
8857,0.24450086057186127
8858,0.24450086057186127
8859,0.24192140996456146
8860,0.2481248676776886
8861,0.23585033416748047
8862,0.23585033416748047
8863,0.24815568327903748
8864,0.24645647406578064
8865,0.2178066521883011
8866,0.24675190448760986
8867,0.24675190448760986
8868,0.2484784722328186
8869,0.24331942200660706
8870,0.22141112387180328
8871,0.23061811923980713
8872,0.23697255551815033
8873,0.2679346799850464
8874,0.2679346799850464
8875,0.24406489729881287
8876,0.22865986824035645
8877,0.22865986824035645
8878,0.2271898239850998
8879,0.24746479094028473
8880,0.26413965225219727
8881,0.24881905317306519
8882,0.24881905317306519
8883,0.23089295625686646
8884,0.24939286708831787
8885,0.23157276213169098
8886,0.23157276213169098
8887,0.24496915936470032
8888,0.2673019766807556
8889,0.23134338855743408
8890,0.24863570928573608
8891,0.24863570928573608
8892,0.27274206280708313
8893,0.2726480960845947
8894,0.2410401999950409
8895,0.2511513829231262
8896,0.22867585718631744
8897,0.22867585718631744
8898,0.2292305827140808
8899,0.2399863451719284
8900,0.23685389757156372
8901,0.23820056021213531
8902,0.23233866691589355
8903,0.23233866691589355
8904,0.244822159409523
8905,0.23475798964500427
8906,0.2369842827320099
8907,0.2369842827320099
8908,0.2592610716819763
8909,0.22673141956329346
8910,0.2884751856327057
8911,0.2884751856327057
8912,0.21144263446331024
8913,0.21144263446331024
8914,0.23334184288978577
8915,0.23334184288978577
8916,0.2349734753370285
8917,0.23479674756526947
8918,0.23500359058380127
8919,0.23476634919643402
8920,0.25333142280578613
8921,0.25333142280578613
8922,0.22126901149749756
8923,0.22695130109786987
8924,0.22695130109786987
8925,0.22126901149749756
8926,0.20888292789459229
8927,0.20888292789459229
8928,0.19628119468688965
8929,0.19628119468688965
8930,0.21516886353492737
8931,0.2127508670091629
8932,0.2127508670091629
8933,0.21516886353492737
8934,0.21500714123249054
8935,0.21500714123249054
8936,0.21645031869411469
8937,0.2181801199913025
8938,0.2181801199913025
8939,0.21645031869411469
8940,0.22235535085201263
8941,0.22235535085201263
8942,0.20636847615242004
8943,0.2086174041032791
8944,0.2086174041032791
8945,0.20636847615242004
8946,0.22161245346069336
8947,0.22161245346069336
8948,0.20264886319637299
8949,0.20264886319637299
8950,0.21608319878578186
8951,0.21596024930477142
8952,0.21596024930477142
8953,0.21608319878578186
8954,0.204889178276062
8955,0.204889178276062
8956,0.2025587558746338
8957,0.2025587558746338
8958,0.2165052890777588
8959,0.2165052890777588
8960,0.24054139852523804
8961,0.2426263839006424
8962,0.2426263839006424
8963,0.24054139852523804
8964,0.20579199492931366
8965,0.2091502845287323
8966,0.2091502845287323
8967,0.20579199492931366
8968,0.21570704877376556
8969,0.21570704877376556
8970,0.24693115055561066
8971,0.24980099499225616
8972,0.24980099499225616
8973,0.24693115055561066
8974,0.23076000809669495
8975,0.24450421333312988
8976,0.24450421333312988
8977,0.23076000809669495
8978,0.2769260108470917
8979,0.2769260108470917
8980,0.23187267780303955
8981,0.23187267780303955
8982,0.2277725636959076
8983,0.2277725636959076
8984,0.20654074847698212
8985,0.21001899242401123
8986,0.21001899242401123
8987,0.20654074847698212
8988,0.21563051640987396
8989,0.21563051640987396
8990,0.22783999145030975
8991,0.22783999145030975
8992,0.22855398058891296
8993,0.22816260159015656
8994,0.22816260159015656
8995,0.22855398058891296
8996,0.23676252365112305
8997,0.23676252365112305
8998,0.2131810188293457
8999,0.2131810188293457
9000,0.20942533016204834
9001,0.20942533016204834
9002,0.22092139720916748
9003,0.22121082246303558
9004,0.22121082246303558
9005,0.22092139720916748
9006,0.23615264892578125
9007,0.23615264892578125
9008,0.20649583637714386
9009,0.20649583637714386
9010,0.21873557567596436
9011,0.21873557567596436
9012,0.22526155412197113
9013,0.22526155412197113
9014,0.22312070429325104
9015,0.22312070429325104
9016,0.2446485161781311
9017,0.24608054757118225
9018,0.24608054757118225
9019,0.2446485161781311
9020,0.22425007820129395
9021,0.22425007820129395
9022,0.21544149518013
9023,0.2148943543434143
9024,0.2148943394422531
9025,0.21544149518013
9026,0.2132454812526703
9027,0.2132454812526703
9028,0.22730478644371033
9029,0.22730478644371033
9030,0.23533718287944794
9031,0.23533718287944794
9032,0.21007263660430908
9033,0.21243244409561157
9034,0.21243244409561157
9035,0.21007263660430908
9036,0.2034652978181839
9037,0.2034652978181839
9038,0.2473759949207306
9039,0.2473759949207306
9040,0.214246466755867
9041,0.21362833678722382
9042,0.21362833678722382
9043,0.214246466755867
9044,0.2274204045534134
9045,0.2274204045534134
9046,0.23041658103466034
9047,0.23041658103466034
9048,0.20668236911296844
9049,0.20668236911296844
9050,0.22868286073207855
9051,0.2287684679031372
9052,0.2287684679031372
9053,0.22868286073207855
9054,0.23498690128326416
9055,0.23505735397338867
9056,0.23500652611255646
9057,0.23503774404525757
9058,0.23277652263641357
9059,0.23277652263641357
9060,0.24657565355300903
9061,0.24657565355300903
9062,0.20747160911560059
9063,0.2075420767068863
9064,0.2075420767068863
9065,0.20747160911560059
9066,0.2038884460926056
9067,0.2038884460926056
9068,0.21228621900081635
9069,0.2090057134628296
9070,0.2121628075838089
9071,0.20913910865783691
9072,0.22879110276699066
9073,0.22879110276699066
9074,0.2148268073797226
9075,0.21421459317207336
9076,0.21421459317207336
9077,0.2148268073797226
9078,0.24157686531543732
9079,0.24157686531543732
9080,0.2180144488811493
9081,0.2180144488811493
9082,0.2346334457397461
9083,0.23488342761993408
9084,0.23488342761993408
9085,0.2346334457397461
9086,0.24776381254196167
9087,0.24776381254196167
9088,0.21503877639770508
9089,0.21503877639770508
9090,0.2822403609752655
9091,0.28224748373031616
9092,0.28224748373031616
9093,0.2822403609752655
9094,0.22146965563297272
9095,0.267900675535202
9096,0.2609257698059082
9097,0.26134270429611206
9098,0.23159372806549072
9099,0.22148571908473969
9100,0.22148571908473969
9101,0.19587071239948273
9102,0.1915004849433899
9103,0.24736955761909485
9104,0.24736955761909485
9105,0.2740961015224457
9106,0.23389920592308044
9107,0.23389920592308044
9108,0.24290844798088074
9109,0.21206113696098328
9110,0.21206113696098328
9111,0.22171065211296082
9112,0.18826594948768616
9113,0.20912502706050873
9114,0.20912502706050873
9115,0.2069588005542755
9116,0.2033015787601471
9117,0.21442827582359314
9118,0.2627161741256714
9119,0.2627161741256714
9120,0.19605287909507751
9121,0.19605287909507751
9122,0.21781831979751587
9123,0.25082093477249146
9124,0.25082093477249146
9125,0.22130537033081055
9126,0.22130537033081055
9127,0.2659638524055481
9128,0.21487334370613098
9129,0.24370510876178741
9130,0.20885241031646729
9131,0.20885241031646729
9132,0.2213209718465805
9133,0.2406591773033142
9134,0.21737724542617798
9135,0.21737724542617798
9136,0.23052848875522614
9137,0.2035919576883316
9138,0.2020258605480194
9139,0.23036305606365204
9140,0.23036305606365204
9141,0.23785772919654846
9142,0.20262955129146576
9143,0.22282752394676208
9144,0.22631597518920898
9145,0.22597722709178925
9146,0.2265586107969284
9147,0.2265586107969284
9148,0.22660070657730103
9149,0.21473467350006104
9150,0.21473467350006104
9151,0.21561144292354584
9152,0.21541227400302887
9153,0.23396599292755127
9154,0.22158904373645782
9155,0.22158904373645782
9156,0.1926107406616211
9157,0.22957350313663483
9158,0.21421590447425842
9159,0.21421590447425842
9160,0.2296576052904129
9161,0.21614770591259003
9162,0.21737174689769745
9163,0.21358722448349
9164,0.21358722448349
9165,0.2778611481189728
9166,0.2771958112716675
9167,0.229728102684021
9168,0.23969271779060364
9169,0.2241482436656952
9170,0.2241482436656952
9171,0.19802320003509521
9172,0.23143012821674347
9173,0.22598424553871155
9174,0.21697649359703064
9175,0.21475069224834442
9176,0.21475069224834442
9177,0.23763014376163483
9178,0.2212497591972351
9179,0.2245306521654129
9180,0.2245306521654129
9181,0.23971198499202728
9182,0.22374600172042847
9183,0.24655206501483917
9184,0.24655206501483917
9185,0.23720651865005493
9186,0.2562662363052368
9187,0.24994300305843353
9188,0.2499472200870514
9189,0.24972078204154968
9190,0.2457725554704666
9191,0.2457725554704666
9192,0.22703583538532257
9193,0.22014673054218292
9194,0.23702913522720337
9195,0.23702913522720337
9196,0.24715492129325867
9197,0.24795691668987274
9198,0.24795691668987274
9199,0.23998577892780304
9200,0.23658737540245056
9201,0.23658737540245056
9202,0.24480798840522766
9203,0.2233947515487671
9204,0.23451454937458038
9205,0.23451454937458038
9206,0.227652907371521
9207,0.23622813820838928
9208,0.23375636339187622
9209,0.2574601173400879
9210,0.2574601173400879
9211,0.23162221908569336
9212,0.23162221908569336
9213,0.2387239933013916
9214,0.2600679397583008
9215,0.2600679397583008
9216,0.24281881749629974
9217,0.24281881749629974
9218,0.27692094445228577
9219,0.23972012102603912
9220,0.2498454451560974
9221,0.24128679931163788
9222,0.24128679931163788
9223,0.23755091428756714
9224,0.24834835529327393
9225,0.23897065222263336
9226,0.23897065222263336
9227,0.24926550686359406
9228,0.2275879681110382
9229,0.22390545904636383
9230,0.2464333176612854
9231,0.2464333176612854
9232,0.24723398685455322
9233,0.23118820786476135
9234,0.2352282702922821
9235,0.24145397543907166
9236,0.2430328130722046
9237,0.2430662214756012
9238,0.2430662214756012
9239,0.2436227947473526
9240,0.2364835888147354
9241,0.2364835888147354
9242,0.2365386039018631
9243,0.24117808043956757
9244,0.25443339347839355
9245,0.24926859140396118
9246,0.24926859140396118
9247,0.22725145518779755
9248,0.25026488304138184
9249,0.2370927631855011
9250,0.2370927631855011
9251,0.24483302235603333
9252,0.2424871325492859
9253,0.23892159759998322
9254,0.24194934964179993
9255,0.24194934964179993
9256,0.25518426299095154
9257,0.2552996277809143
9258,0.24759434163570404
9259,0.2492135763168335
9260,0.232585608959198
9261,0.232585608959198
9262,0.22477400302886963
9263,0.24219289422035217
9264,0.23812556266784668
9265,0.23975111544132233
9266,0.23774096369743347
9267,0.23774096369743347
9268,0.2547228932380676
9269,0.2405657321214676
9270,0.2404111623764038
9271,0.2404111623764038
9272,0.2523152828216553
9273,0.23910368978977203
9274,0.24973656237125397
9275,0.24973656237125397
9276,0.22724558413028717
9277,0.2512930929660797
9278,0.23988382518291473
9279,0.23983611166477203
9280,0.24928368628025055
9281,0.24071507155895233
9282,0.24071507155895233
9283,0.22748368978500366
9284,0.22177894413471222
9285,0.22668932378292084
9286,0.22668932378292084
9287,0.24321241676807404
9288,0.2435869574546814
9289,0.2435869574546814
9290,0.23144391179084778
9291,0.2296494096517563
9292,0.2296494096517563
9293,0.23987428843975067
9294,0.2177722454071045
9295,0.2378976196050644
9296,0.2378976196050644
9297,0.22683151066303253
9298,0.22762782871723175
9299,0.23558925092220306
9300,0.2503435015678406
9301,0.2503435015678406
9302,0.22757050395011902
9303,0.22757050395011902
9304,0.23536799848079681
9305,0.2561204433441162
9306,0.2561204433441162
9307,0.23424918949604034
9308,0.23424918949604034
9309,0.27890750765800476
9310,0.24394838511943817
9311,0.24445657432079315
9312,0.2330344021320343
9313,0.2330344021320343
9314,0.23311607539653778
9315,0.24036073684692383
9316,0.24330058693885803
9317,0.24330058693885803
9318,0.2514454424381256
9319,0.2270597219467163
9320,0.22747284173965454
9321,0.2423066943883896
9322,0.2423066943883896
9323,0.24601931869983673
9324,0.22564655542373657
9325,0.2305808812379837
9326,0.24285997450351715
9327,0.2405199408531189
9328,0.23447097837924957
9329,0.23447097837924957
9330,0.23621536791324615
9331,0.23629900813102722
9332,0.23629900813102722
9333,0.23478879034519196
9334,0.24137146770954132
9335,0.25319936871528625
9336,0.243186816573143
9337,0.243186816573143
9338,0.22220633924007416
9339,0.24984848499298096
9340,0.2324623018503189
9341,0.2324623018503189
9342,0.24503082036972046
9343,0.2413937896490097
9344,0.23177412152290344
9345,0.24066385626792908
9346,0.24066385626792908
9347,0.24646945297718048
9348,0.24656003713607788
9349,0.24601104855537415
9350,0.24967555701732635
9351,0.22424371540546417
9352,0.22424371540546417
9353,0.22346998751163483
9354,0.23221775889396667
9355,0.2291475087404251
9356,0.24505823850631714
9357,0.2333972007036209
9358,0.2333972007036209
9359,0.2533551752567291
9360,0.23531918227672577
9361,0.24438393115997314
9362,0.24438393115997314
9363,0.24759651720523834
9364,0.2330193817615509
9365,0.24727481603622437
9366,0.24727481603622437
9367,0.19085831940174103
9368,0.23393407464027405
9369,0.24294210970401764
9370,0.24333027005195618
9371,0.24842752516269684
9372,0.20040732622146606
9373,0.20040732622146606
9374,0.1875062733888626
9375,0.1785372793674469
9376,0.2350628823041916
9377,0.2350628823041916
9378,0.21396461129188538
9379,0.19315198063850403
9380,0.19315198063850403
9381,0.24289989471435547
9382,0.19402408599853516
9383,0.19402408599853516
9384,0.2011026293039322
9385,0.2235773503780365
9386,0.1913614273071289
9387,0.1913614273071289
9388,0.19005340337753296
9389,0.20589256286621094
9390,0.20176103711128235
9391,0.2224489003419876
9392,0.2224489003419876
9393,0.2089487463235855
9394,0.2089487463235855
9395,0.20254357159137726
9396,0.2272011935710907
9397,0.2272011935710907
9398,0.21961498260498047
9399,0.21961498260498047
9400,0.26010674238204956
9401,0.20574794709682465
9402,0.22186553478240967
9403,0.21315988898277283
9404,0.21315988898277283
9405,0.20533034205436707
9406,0.1996467560529709
9407,0.20139047503471375
9408,0.20139047503471375
9409,0.20895718038082123
9410,0.21860480308532715
9411,0.18869483470916748
9412,0.20632776618003845
9413,0.20632776618003845
9414,0.22682718932628632
9415,0.2294706404209137
9416,0.20602679252624512
9417,0.21074947714805603
9418,0.20613917708396912
9419,0.24578553438186646
9420,0.24578553438186646
9421,0.21998737752437592
9422,0.19834645092487335
9423,0.19834645092487335
9424,0.2002994567155838
9425,0.2258540242910385
9426,0.21905367076396942
9427,0.20437130331993103
9428,0.20437130331993103
9429,0.2072858065366745
9430,0.21304292976856232
9431,0.20084373652935028
9432,0.20084373652935028
9433,0.201664000749588
9434,0.24021507799625397
9435,0.19915145635604858
9436,0.23301586508750916
9437,0.23301586508750916
9438,0.24013589322566986
9439,0.23987671732902527
9440,0.20906604826450348
9441,0.2260993868112564
9442,0.19429636001586914
9443,0.19429636001586914
9444,0.19212159514427185
9445,0.19550129771232605
9446,0.19264888763427734
9447,0.20595070719718933
9448,0.200743168592453
9449,0.200743168592453
9450,0.22040978074073792
9451,0.20455248653888702
9452,0.2128373235464096
9453,0.2128373235464096
9454,0.23388583958148956
9455,0.20625999569892883
9456,0.2816392183303833
9457,0.2816392183303833
9458,0.22201748192310333
9459,0.30762842297554016
9460,0.3010577857494354
9461,0.3020297586917877
9462,0.2715340852737427
9463,0.23020103573799133
9464,0.23020103573799133
9465,0.20543396472930908
9466,0.2017383575439453
9467,0.3110015392303467
9468,0.3110015392303467
9469,0.30148428678512573
9470,0.24915671348571777
9471,0.24915671348571777
9472,0.2677227258682251
9473,0.2341906875371933
9474,0.2341906875371933
9475,0.22800962626934052
9476,0.21245265007019043
9477,0.21657270193099976
9478,0.21657270193099976
9479,0.21400995552539825
9480,0.23868142068386078
9481,0.22269485890865326
9482,0.2837004065513611
9483,0.2837004065513611
9484,0.21237125992774963
9485,0.21237125992774963
9486,0.21893566846847534
9487,0.2575671970844269
9488,0.2575671970844269
9489,0.261134535074234
9490,0.261134535074234
9491,0.2884461581707001
9492,0.23013286292552948
9493,0.2817642092704773
9494,0.23189324140548706
9495,0.23189324140548706
9496,0.22965556383132935
9497,0.2441275715827942
9498,0.22820989787578583
9499,0.22820989787578583
9500,0.24497470259666443
9501,0.2266300767660141
9502,0.21194608509540558
9503,0.23906895518302917
9504,0.23906895518302917
9505,0.2474481463432312
9506,0.2316599041223526
9507,0.22814418375492096
9508,0.23130108416080475
9509,0.23027440905570984
9510,0.28435254096984863
9511,0.28435254096984863
9512,0.24644872546195984
9513,0.22572796046733856
9514,0.22572796046733856
9515,0.22702577710151672
9516,0.23900237679481506
9517,0.2894341051578522
9518,0.2404152750968933
9519,0.2404152750968933
9520,0.20596778392791748
9521,0.2546517848968506
9522,0.21634364128112793
9523,0.21634364128112793
9524,0.25093960762023926
9525,0.2708739936351776
9526,0.22090862691402435
9527,0.2472808063030243
9528,0.2472808063030243
9529,0.3071449100971222
9530,0.3063189387321472
9531,0.24222159385681152
9532,0.25069496035575867
9533,0.25088873505592346
9534,0.25088873505592346
9535,0.2092549055814743
9536,0.25563058257102966
9537,0.2498178482055664
9538,0.2308104932308197
9539,0.21700936555862427
9540,0.21700936555862427
9541,0.24470308423042297
9542,0.2246929556131363
9543,0.23396898806095123
9544,0.23396898806095123
9545,0.27012374997138977
9546,0.22514225542545319
9547,0.3031194806098938
9548,0.3031194806098938
9549,0.22728043794631958
9550,0.25123703479766846
9551,0.2399037629365921
9552,0.2398560494184494
9553,0.24920183420181274
9554,0.24062900245189667
9555,0.24062900245189667
9556,0.2273179143667221
9557,0.22182109951972961
9558,0.22676193714141846
9559,0.22676193714141846
9560,0.2431754469871521
9561,0.2435772716999054
9562,0.2435772716999054
9563,0.23155111074447632
9564,0.2297232747077942
9565,0.2297232747077942
9566,0.2398163229227066
9567,0.21769066154956818
9568,0.23784783482551575
9569,0.23784783482551575
9570,0.22678044438362122
9571,0.22772282361984253
9572,0.2356182336807251
9573,0.25031721591949463
9574,0.25031721591949463
9575,0.22750863432884216
9576,0.22750863432884216
9577,0.23532438278198242
9578,0.25607895851135254
9579,0.25607895851135254
9580,0.2343037873506546
9581,0.2343037873506546
9582,0.27877122163772583
9583,0.24397312104701996
9584,0.244474858045578
9585,0.2329728603363037
9586,0.2329728603363037
9587,0.23313875496387482
9588,0.24030056595802307
9589,0.24332401156425476
9590,0.24332401156425476
9591,0.2514001727104187
9592,0.22701098024845123
9593,0.2274971306324005
9594,0.24226795136928558
9595,0.24226795136928558
9596,0.24602770805358887
9597,0.2256935089826584
9598,0.23057511448860168
9599,0.24281705915927887
9600,0.24044792354106903
9601,0.23454880714416504
9602,0.23454880714416504
9603,0.23627695441246033
9604,0.23626664280891418
9605,0.23626664280891418
9606,0.23476408421993256
9607,0.24127204716205597
9608,0.2531398832798004
9609,0.2431620955467224
9610,0.2431620955467224
9611,0.22212323546409607
9612,0.24975618720054626
9613,0.2324073314666748
9614,0.2324073314666748
9615,0.2450832724571228
9616,0.2413128912448883
9617,0.2317812293767929
9618,0.240616112947464
9619,0.240616112947464
9620,0.24646709859371185
9621,0.24655957520008087
9622,0.24595727026462555
9623,0.249611496925354
9624,0.22431038320064545
9625,0.22431038320064545
9626,0.22343862056732178
9627,0.2322719395160675
9628,0.22920720279216766
9629,0.24509692192077637
9630,0.2333422303199768
9631,0.2333422303199768
9632,0.25330644845962524
9633,0.23528975248336792
9634,0.24437519907951355
9635,0.24437519907951355
9636,0.24752873182296753
9637,0.2329714000225067
9638,0.24728941917419434
9639,0.24728941917419434
9640,0.20619024336338043
9641,0.20268309116363525
9642,0.21724340319633484
9643,0.21726113557815552
9644,0.23135791718959808
9645,0.21990159153938293
9646,0.21990159153938293
9647,0.20310717821121216
9648,0.18624629080295563
9649,0.21360622346401215
9650,0.21360622346401215
9651,0.19593386352062225
9652,0.20641283690929413
9653,0.20641283690929413
9654,0.2192264199256897
9655,0.2129248082637787
9656,0.2129248082637787
9657,0.2015012800693512
9658,0.20392164587974548
9659,0.21141810715198517
9660,0.21141810715198517
9661,0.20048542320728302
9662,0.19889037311077118
9663,0.20531997084617615
9664,0.22062630951404572
9665,0.22062630951404572
9666,0.20317605137825012
9667,0.20317605137825012
9668,0.21284165978431702
9669,0.22750099003314972
9670,0.22750099003314972
9671,0.22719864547252655
9672,0.22719864547252655
9673,0.25679558515548706
9674,0.2218080312013626
9675,0.20712682604789734
9676,0.20749346911907196
9677,0.20749346911907196
9678,0.2048305720090866
9679,0.2148989588022232
9680,0.21365326642990112
9681,0.21365326642990112
9682,0.22172623872756958
9683,0.20504626631736755
9684,0.19644714891910553
9685,0.2090919315814972
9686,0.2090919315814972
9687,0.2256145179271698
9688,0.20208248496055603
9689,0.20544368028640747
9690,0.2169794738292694
9691,0.21369870007038116
9692,0.22920112311840057
9693,0.22920112311840057
9694,0.2110915333032608
9695,0.20644938945770264
9696,0.20644938945770264
9697,0.2046540081501007
9698,0.21612763404846191
9699,0.20574429631233215
9700,0.20109637081623077
9701,0.20109637081623077
9702,0.20047664642333984
9703,0.23024453222751617
9704,0.21013084053993225
9705,0.21013084053993225
9706,0.20865164697170258
9707,0.21457551419734955
9708,0.20446881651878357
9709,0.2159324735403061
9710,0.2159324735403061
9711,0.21051891148090363
9712,0.2104145735502243
9713,0.21698926389217377
9714,0.2326006144285202
9715,0.2007758915424347
9716,0.2007758915424347
9717,0.19947242736816406
9718,0.20210054516792297
9719,0.20141559839248657
9720,0.2155715823173523
9721,0.21060502529144287
9722,0.21060502529144287
9723,0.22891971468925476
9724,0.2136838734149933
9725,0.22269564867019653
9726,0.22269564867019653
9727,0.23002752661705017
9728,0.20652930438518524
9729,0.24286535382270813
9730,0.24286535382270813
9731,0.2159520387649536
9732,0.2159520387649536
9733,0.251139760017395
9734,0.251139760017395
9735,0.22499510645866394
9736,0.22526706755161285
9737,0.2249891608953476
9738,0.2252730131149292
9739,0.22634674608707428
9740,0.22634674608707428
9741,0.2121565043926239
9742,0.2123248130083084
9743,0.2123248130083084
9744,0.2121565043926239
9745,0.19650833308696747
9746,0.19650833308696747
9747,0.1865403950214386
9748,0.1865403950214386
9749,0.206852525472641
9750,0.20716625452041626
9751,0.20716625452041626
9752,0.206852525472641
9753,0.23594841361045837
9754,0.23594841361045837
9755,0.22087319195270538
9756,0.22087034583091736
9757,0.22087034583091736
9758,0.22087319195270538
9759,0.20836888253688812
9760,0.20836889743804932
9761,0.20737004280090332
9762,0.2073400616645813
9763,0.2073400616645813
9764,0.20737004280090332
9765,0.21559731662273407
9766,0.21559731662273407
9767,0.18846596777439117
9768,0.18846596777439117
9769,0.2090563029050827
9770,0.2090650498867035
9771,0.2090650498867035
9772,0.2090563029050827
9773,0.2030743807554245
9774,0.2030743807554245
9775,0.20238429307937622
9776,0.20238429307937622
9777,0.21332527697086334
9778,0.21332527697086334
9779,0.23696106672286987
9780,0.23711532354354858
9781,0.23711532354354858
9782,0.23696106672286987
9783,0.1942928433418274
9784,0.19452863931655884
9785,0.19452863931655884
9786,0.1942928433418274
9787,0.2152952402830124
9788,0.2152952402830124
9789,0.24105891585350037
9790,0.2409707009792328
9791,0.2409707009792328
9792,0.24105891585350037
9793,0.21164730191230774
9794,0.2117285281419754
9795,0.2117285281419754
9796,0.21164730191230774
9797,0.25916850566864014
9798,0.25916850566864014
9799,0.21880383789539337
9800,0.21880383789539337
9801,0.22764427959918976
9802,0.22764427959918976
9803,0.2019389569759369
9804,0.2023162543773651
9805,0.2023162543773651
9806,0.2019389569759369
9807,0.2203739583492279
9808,0.2203739583492279
9809,0.2285759299993515
9810,0.2285759299993515
9811,0.21742236614227295
9812,0.21744775772094727
9813,0.21744775772094727
9814,0.21742236614227295
9815,0.2284049540758133
9816,0.2284049540758133
9817,0.1946873515844345
9818,0.1946873515844345
9819,0.19666051864624023
9820,0.19666051864624023
9821,0.22452691197395325
9822,0.22455215454101562
9823,0.22455215454101562
9824,0.22452691197395325
9825,0.23134049773216248
9826,0.23134049773216248
9827,0.19678479433059692
9828,0.19678479433059692
9829,0.21843092143535614
9830,0.21843092143535614
9831,0.21978504955768585
9832,0.21978504955768585
9833,0.22275115549564362
9834,0.22275115549564362
9835,0.20711736381053925
9836,0.20712760090827942
9837,0.20712760090827942
9838,0.20711736381053925
9839,0.21769453585147858
9840,0.21769453585147858
9841,0.21100252866744995
9842,0.21101301908493042
9843,0.21101301908493042
9844,0.21100252866744995
9845,0.21223582327365875
9846,0.21223582327365875
9847,0.20641085505485535
9848,0.20641085505485535
9849,0.2227773517370224
9850,0.2227773517370224
9851,0.21545521914958954
9852,0.21593919396400452
9853,0.21593919396400452
9854,0.21545520424842834
9855,0.19383938610553741
9856,0.1938394010066986
9857,0.22415803372859955
9858,0.22415803372859955
9859,0.21318142116069794
9860,0.21321432292461395
9861,0.21321432292461395
9862,0.21318142116069794
9863,0.21676699817180634
9864,0.21676699817180634
9865,0.20664840936660767
9866,0.20664840936660767
9867,0.21595978736877441
9868,0.21595978736877441
9869,0.20567823946475983
9870,0.2057020217180252
9871,0.2057020217180252
9872,0.20567823946475983
9873,0.2521169185638428
9874,0.25151005387306213
9875,0.25212720036506653
9876,0.25149980187416077
9877,0.22448068857192993
9878,0.22448068857192993
9879,0.23085233569145203
9880,0.23085233569145203
9881,0.21268388628959656
9882,0.21269036829471588
9883,0.21269036829471588
9884,0.21268388628959656
9885,0.20014899969100952
9886,0.20014901459217072
9887,0.21952049434185028
9888,0.21607592701911926
9889,0.21951377391815186
9890,0.21608246862888336
9891,0.2192360758781433
9892,0.2192360758781433
9893,0.2132241278886795
9894,0.21325697004795074
9895,0.21325697004795074
9896,0.2132241278886795
9897,0.22705775499343872
9898,0.22705775499343872
9899,0.21516230702400208
9900,0.21516230702400208
9901,0.2238238900899887
9902,0.22380979359149933
9903,0.22380979359149933
9904,0.2238238900899887
9905,0.23000089824199677
9906,0.23000089824199677
9907,0.22177155315876007
9908,0.22177155315876007
9909,0.22288878262043
9910,0.22288836538791656
9911,0.22288836538791656
9912,0.22288878262043
9913,0.20979391038417816
9914,0.2261495590209961
9915,0.22418488562107086
9916,0.22401581704616547
9917,0.25293654203414917
9918,0.2213190495967865
9919,0.2213190495967865
9920,0.2028125375509262
9921,0.1859789788722992
9922,0.21341152489185333
9923,0.21341152489185333
9924,0.20945662260055542
9925,0.21472424268722534
9926,0.21472424268722534
9927,0.22385501861572266
9928,0.21012663841247559
9929,0.21012663841247559
9930,0.20294485986232758
9931,0.2034880518913269
9932,0.21128816902637482
9933,0.21128816902637482
9934,0.20440813899040222
9935,0.2088850736618042
9936,0.2094573974609375
9937,0.2318151444196701
9938,0.2318151444196701
9939,0.20551809668540955
9940,0.20551809668540955
9941,0.21053186058998108
9942,0.24412430822849274
9943,0.24412430822849274
9944,0.2378912717103958
9945,0.2378912717103958
9946,0.26095032691955566
9947,0.21891449391841888
9948,0.21821749210357666
9949,0.2060839831829071
9950,0.2060839831829071
9951,0.2105892300605774
9952,0.2156735211610794
9953,0.21537995338439941
9954,0.21537995338439941
9955,0.22514712810516357
9956,0.22026637196540833
9957,0.1964024305343628
9958,0.215933158993721
9959,0.215933158993721
9960,0.22795704007148743
9961,0.2161935716867447
9962,0.20950071513652802
9963,0.22609326243400574
9964,0.21650934219360352
9965,0.2584342062473297
9966,0.2584342062473297
9967,0.22845754027366638
9968,0.21067309379577637
9969,0.21067309379577637
9970,0.21099144220352173
9971,0.23594626784324646
9972,0.2348649501800537
9973,0.2151152491569519
9974,0.2151152491569519
9975,0.19944877922534943
9976,0.2412565052509308
9977,0.20878924429416656
9978,0.20878924429416656
9979,0.22016814351081848
9980,0.24262097477912903
9981,0.20872049033641815
9982,0.2359239012002945
9983,0.2359239012002945
9984,0.22692452371120453
9985,0.2269473373889923
9986,0.22444714605808258
9987,0.24145662784576416
9988,0.20462186634540558
9989,0.20462186634540558
9990,0.19886435568332672
9991,0.20763523876667023
9992,0.20601563155651093
9993,0.2180815488100052
9994,0.2093680202960968
9995,0.2093680202960968
9996,0.2386980950832367
9997,0.2138219177722931
9998,0.22449341416358948
9999,0.22449341416358948
10000,0.2484341263771057
10001,0.21415041387081146
10002,0.28145384788513184
10003,0.28145384788513184
10004,0.20530878007411957
10005,0.2540157437324524
10006,0.23737575113773346
10007,0.23735246062278748
10008,0.2993420958518982
10009,0.2528861165046692
10010,0.2528861165046692
10011,0.21431630849838257
10012,0.19318132102489471
10013,0.2546103596687317
10014,0.2546103596687317
10015,0.21069414913654327
10016,0.2174244225025177
10017,0.2174244225025177
10018,0.2667280435562134
10019,0.20995105803012848
10020,0.20995105803012848
10021,0.2208658754825592
10022,0.22133173048496246
10023,0.2208329290151596
10024,0.2208329290151596
10025,0.20500561594963074
10026,0.22655558586120605
10027,0.2165004312992096
10028,0.25762617588043213
10029,0.25762617588043213
10030,0.22373716533184052
10031,0.22373716533184052
10032,0.21776476502418518
10033,0.2666115164756775
10034,0.2666115164756775
10035,0.2862164378166199
10036,0.2862164378166199
10037,0.28785577416419983
10038,0.23992572724819183
10039,0.2330678105354309
10040,0.2202429473400116
10041,0.2202429473400116
10042,0.21793900430202484
10043,0.2280273139476776
10044,0.23616459965705872
10045,0.23616459965705872
10046,0.24321717023849487
10047,0.2249978929758072
10048,0.21318663656711578
10049,0.22032375633716583
10050,0.22032375633716583
10051,0.23668286204338074
10052,0.24696046113967896
10053,0.21410174667835236
10054,0.22728648781776428
10055,0.22481708228588104
10056,0.29206061363220215
10057,0.29206061363220215
10058,0.2450733482837677
10059,0.21543537080287933
10060,0.21543537080287933
10061,0.2097286432981491
10062,0.2876051664352417
10063,0.2953558564186096
10064,0.2367599606513977
10065,0.2367599606513977
10066,0.20963838696479797
10067,0.28294888138771057
10068,0.21565452218055725
10069,0.21565452218055725
10070,0.24206572771072388
10071,0.27493101358413696
10072,0.20854435861110687
10073,0.29324641823768616
10074,0.29324641823768616
10075,0.23868988454341888
10076,0.23875458538532257
10077,0.23620274662971497
10078,0.2566119432449341
10079,0.2014402598142624
10080,0.2014402598142624
10081,0.21276241540908813
10082,0.2067391723394394
10083,0.20386284589767456
10084,0.23534391820430756
10085,0.21626494824886322
10086,0.21626494824886322
10087,0.24657392501831055
10088,0.21841906011104584
10089,0.24304422736167908
10090,0.24304422736167908
10091,0.2871396541595459
10092,0.2161017507314682
10093,0.33873412013053894
10094,0.33873412013053894
10095,0.2289097160100937
10096,0.2289097160100937
10097,0.25529709458351135
10098,0.25529709458351135
10099,0.2417452335357666
10100,0.24172231554985046
10101,0.24174511432647705
10102,0.24172243475914001
10103,0.2487907111644745
10104,0.2487907111644745
10105,0.24132677912712097
10106,0.24164962768554688
10107,0.24164962768554688
10108,0.24132677912712097
10109,0.20290452241897583
10110,0.20290453732013702
10111,0.21413107216358185
10112,0.21413107216358185
10113,0.22764605283737183
10114,0.22775252163410187
10115,0.22775252163410187
10116,0.22764605283737183
10117,0.24621406197547913
10118,0.24621406197547913
10119,0.24865800142288208
10120,0.248601034283638
10121,0.248601034283638
10122,0.24865800142288208
10123,0.22790676355361938
10124,0.22790676355361938
10125,0.23206603527069092
10126,0.23263394832611084
10127,0.23263394832611084
10128,0.23206603527069092
10129,0.2420017123222351
10130,0.2420017123222351
10131,0.21168065071105957
10132,0.21168065071105957
10133,0.23478549718856812
10134,0.23478806018829346
10135,0.23478806018829346
10136,0.23478549718856812
10137,0.2264878749847412
10138,0.2264878749847412
10139,0.2287130355834961
10140,0.2287130355834961
10141,0.2343626767396927
10142,0.23436269164085388
10143,0.25642523169517517
10144,0.25675347447395325
10145,0.25675347447395325
10146,0.25642523169517517
10147,0.22410568594932556
10148,0.2244967371225357
10149,0.2244967371225357
10150,0.22410568594932556
10151,0.23679006099700928
10152,0.23679006099700928
10153,0.2586863040924072
10154,0.2589302361011505
10155,0.2589302361011505
10156,0.2586863040924072
10157,0.23411902785301208
10158,0.23445989191532135
10159,0.23445989191532135
10160,0.23411902785301208
10161,0.2777526378631592
10162,0.2777526378631592
10163,0.22309039533138275
10164,0.22309039533138275
10165,0.2463117241859436
10166,0.2463117241859436
10167,0.23297810554504395
10168,0.23324161767959595
10169,0.23324161767959595
10170,0.23297810554504395
10171,0.23648110032081604
10172,0.23648110032081604
10173,0.24388663470745087
10174,0.24388664960861206
10175,0.22784331440925598
10176,0.22786156833171844
10177,0.22786156833171844
10178,0.22784331440925598
10179,0.2528685927391052
10180,0.2528685927391052
10181,0.21833637356758118
10182,0.21833637356758118
10183,0.22237582504749298
10184,0.22237582504749298
10185,0.2455226629972458
10186,0.24549058079719543
10187,0.24549058079719543
10188,0.2455226629972458
10189,0.24268458783626556
10190,0.24268458783626556
10191,0.2181064784526825
10192,0.2181064784526825
10193,0.2311507612466812
10194,0.2311507612466812
10195,0.23484382033348083
10196,0.23484382033348083
10197,0.24314838647842407
10198,0.24314838647842407
10199,0.23253293335437775
10200,0.2325257956981659
10201,0.2325257956981659
10202,0.23253293335437775
10203,0.2356085628271103
10204,0.2356085628271103
10205,0.2378339171409607
10206,0.23785948753356934
10207,0.23785948753356934
10208,0.2378339171409607
10209,0.23507684469223022
10210,0.23507684469223022
10211,0.23656436800956726
10212,0.23656436800956726
10213,0.2508675158023834
10214,0.2508675158023834
10215,0.24454376101493835
10216,0.24484920501708984
10217,0.24484920501708984
10218,0.24454376101493835
10219,0.22213871777057648
10220,0.22213871777057648
10221,0.2497389018535614
10222,0.2497389018535614
10223,0.23375871777534485
10224,0.2338005006313324
10225,0.2338005006313324
10226,0.23375871777534485
10227,0.23794740438461304
10228,0.23794740438461304
10229,0.2387273907661438
10230,0.2387273907661438
10231,0.23645654320716858
10232,0.23645654320716858
10233,0.23651763796806335
10234,0.2365155816078186
10235,0.2365155816078186
10236,0.23651763796806335
10237,0.2518579363822937
10238,0.25195392966270447
10239,0.25185710191726685
10240,0.2519547939300537
10241,0.25121402740478516
10242,0.25121402740478516
10243,0.24650928378105164
10244,0.24650928378105164
10245,0.23098737001419067
10246,0.23098234832286835
10247,0.23098234832286835
10248,0.23098737001419067
10249,0.22489787638187408
10250,0.22489787638187408
10251,0.23609648644924164
10252,0.23210133612155914
10253,0.23610486090183258
10254,0.23209258913993835
10255,0.22650885581970215
10256,0.22650885581970215
10257,0.23446622490882874
10258,0.23450298607349396
10259,0.23450298607349396
10260,0.23446622490882874
10261,0.2512570321559906
10262,0.2512570321559906
10263,0.23535732924938202
10264,0.23535732924938202
10265,0.24384388327598572
10266,0.24384132027626038
10267,0.24384132027626038
10268,0.24384388327598572
10269,0.2506677210330963
10270,0.2506677210330963
10271,0.2401973158121109
10272,0.2401973158121109
10273,0.24274057149887085
10274,0.24274061620235443
10275,0.24274061620235443
10276,0.24274057149887085
10277,0.21623572707176208
10278,0.23259805142879486
10279,0.23315608501434326
10280,0.23298197984695435
10281,0.23810520768165588
10282,0.2244197428226471
10283,0.2244197428226471
10284,0.2098442018032074
10285,0.20067283511161804
10286,0.21426959335803986
10287,0.21426959335803986
10288,0.2200368493795395
10289,0.2228051871061325
10290,0.2228051871061325
10291,0.21979589760303497
10292,0.21244929730892181
10293,0.21244929730892181
10294,0.2255329042673111
10295,0.19999061524868011
10296,0.21884506940841675
10297,0.21884506940841675
10298,0.2078487128019333
10299,0.20149126648902893
10300,0.21987347304821014
10301,0.24113719165325165
10302,0.24113719165325165
10303,0.20408499240875244
10304,0.20408500730991364
10305,0.22010371088981628
10306,0.24649977684020996
10307,0.24649977684020996
10308,0.2288699895143509
10309,0.2288699895143509
10310,0.27177900075912476
10311,0.22980394959449768
10312,0.230126291513443
10313,0.2071821093559265
10314,0.2071821093559265
10315,0.21865949034690857
10316,0.23390035331249237
10317,0.22660589218139648
10318,0.22660589218139648
10319,0.23707984387874603
10320,0.2094084620475769
10321,0.20951884984970093
10322,0.22618888318538666
10323,0.22618888318538666
10324,0.237748384475708
10325,0.20193924009799957
10326,0.22104382514953613
10327,0.22416804730892181
10328,0.2272489219903946
10329,0.2286258041858673
10330,0.2286258041858673
10331,0.2209206521511078
10332,0.21993398666381836
10333,0.21993398666381836
10334,0.21820242702960968
10335,0.21959775686264038
10336,0.22912245988845825
10337,0.20964033901691437
10338,0.20964033901691437
10339,0.2031259685754776
10340,0.2379685640335083
10341,0.21720640361309052
10342,0.21720640361309052
10343,0.2284291535615921
10344,0.21537603437900543
10345,0.21104682981967926
10346,0.2187560349702835
10347,0.2187560349702835
10348,0.2367265522480011
10349,0.23682081699371338
10350,0.2334492951631546
10351,0.2416124790906906
10352,0.21146075427532196
10353,0.21146075427532196
10354,0.20419782400131226
10355,0.21794763207435608
10356,0.2154148370027542
10357,0.22742828726768494
10358,0.21793149411678314
10359,0.21793149411678314
10360,0.2403605431318283
10361,0.2224067896604538
10362,0.23249635100364685
10363,0.23249635100364685
10364,0.23730313777923584
10365,0.21743445098400116
10366,0.24788008630275726
10367,0.24788008630275726
10368,0.2417568862438202
10369,0.2417568862438202
10370,0.26836681365966797
10371,0.26836681365966797
10372,0.25126025080680847
10373,0.25123170018196106
10374,0.25126025080680847
10375,0.25123170018196106
10376,0.2543884813785553
10377,0.2543884813785553
10378,0.25136828422546387
10379,0.2513498365879059
10380,0.2513498365879059
10381,0.25136828422546387
10382,0.22604995965957642
10383,0.22604995965957642
10384,0.234655499458313
10385,0.234655499458313
10386,0.24478928744792938
10387,0.2447863221168518
10388,0.2447863221168518
10389,0.24478928744792938
10390,0.2583344280719757
10391,0.2583344280719757
10392,0.25637954473495483
10393,0.25638124346733093
10394,0.25638124346733093
10395,0.25637954473495483
10396,0.2456246316432953
10397,0.2456246316432953
10398,0.2450295388698578
10399,0.24501068890094757
10400,0.24501070380210876
10401,0.2450295388698578
10402,0.24944138526916504
10403,0.24944138526916504
10404,0.22919689118862152
10405,0.22919689118862152
10406,0.2511458098888397
10407,0.25114575028419495
10408,0.25114575028419495
10409,0.2511458098888397
10410,0.2420501857995987
10411,0.2420501857995987
10412,0.24352195858955383
10413,0.24352195858955383
10414,0.24510526657104492
10415,0.24510526657104492
10416,0.26412370800971985
10417,0.2641043961048126
10418,0.2641043961048126
10419,0.26412370800971985
10420,0.24000662565231323
10421,0.2399851232767105
10422,0.2399851232767105
10423,0.24000662565231323
10424,0.24495501816272736
10425,0.24495501816272736
10426,0.26526206731796265
10427,0.26524633169174194
10428,0.26524633169174194
10429,0.26526206731796265
10430,0.2478521764278412
10431,0.24783600866794586
10432,0.24783600866794586
10433,0.2478521764278412
10434,0.2964542508125305
10435,0.2964542508125305
10436,0.2470579743385315
10437,0.2470579743385315
10438,0.25858408212661743
10439,0.25858408212661743
10440,0.24696166813373566
10441,0.2469480037689209
10442,0.2469480037689209
10443,0.24696166813373566
10444,0.2509823441505432
10445,0.2509823441505432
10446,0.2556246221065521
10447,0.2556246221065521
10448,0.25179407000541687
10449,0.25179314613342285
10450,0.25179314613342285
10451,0.25179407000541687
10452,0.26265597343444824
10453,0.26265597343444824
10454,0.2376331239938736
10455,0.2376331239938736
10456,0.23768091201782227
10457,0.23768091201782227
10458,0.25788700580596924
10459,0.25788775086402893
10460,0.25788775086402893
10461,0.25788700580596924
10462,0.255607545375824
10463,0.255607545375824
10464,0.2407366782426834
10465,0.2407366782426834
10466,0.23907425999641418
10467,0.23907425999641418
10468,0.251768559217453
10469,0.251768559217453
10470,0.24888914823532104
10471,0.24888914823532104
10472,0.24867947399616241
10473,0.24867941439151764
10474,0.24867941439151764
10475,0.24867947399616241
10476,0.24715189635753632
10477,0.24715189635753632
10478,0.2479524314403534
10479,0.2479516714811325
10480,0.2479516714811325
10481,0.2479524314403534
10482,0.24612998962402344
10483,0.24612998962402344
10484,0.2476809024810791
10485,0.2476809024810791
10486,0.2754301428794861
10487,0.2754301428794861
10488,0.2551939785480499
10489,0.2551782727241516
10490,0.2551782727241516
10491,0.2551939785480499
10492,0.23543690145015717
10493,0.23543690145015717
10494,0.25499069690704346
10495,0.25499069690704346
10496,0.24360676109790802
10497,0.24360571801662445
10498,0.24360571801662445
10499,0.24360676109790802
10500,0.2634141445159912
10501,0.2634141445159912
10502,0.25019997358322144
10503,0.25019997358322144
10504,0.24603435397148132
10505,0.24603435397148132
10506,0.24890775978565216
10507,0.24890771508216858
10508,0.24890771508216858
10509,0.24890775978565216
10510,0.2611704170703888
10511,0.26123735308647156
10512,0.2611704468727112
10513,0.26123732328414917
10514,0.25620073080062866
10515,0.25620073080062866
10516,0.2567976117134094
10517,0.2567976117134094
10518,0.2424744814634323
10519,0.24247461557388306
10520,0.24247461557388306
10521,0.2424744814634323
10522,0.2449520081281662
10523,0.2449520081281662
10524,0.24903786182403564
10525,0.24663424491882324
10526,0.2490376979112625
10527,0.24663440883159637
10528,0.24925075471401215
10529,0.24925075471401215
10530,0.24422818422317505
10531,0.24422712624073029
10532,0.24422712624073029
10533,0.24422818422317505
10534,0.2620954215526581
10535,0.2620954215526581
10536,0.24674268066883087
10537,0.24674268066883087
10538,0.25268790125846863
10539,0.2526880204677582
10540,0.2526880204677582
10541,0.25268790125846863
10542,0.25596776604652405
10543,0.25596776604652405
10544,0.24299809336662292
10545,0.24299809336662292
10546,0.2565452754497528
10547,0.2565452754497528
10548,0.2565452754497528
10549,0.2565452754497528
10550,0.2268006056547165
10551,0.2268006056547165
10552,0.2369401901960373
10553,0.2369401901960373
10554,0.2280404418706894
10555,0.22797048091888428
10556,0.2280382364988327
10557,0.22797268629074097
10558,0.2414274662733078
10559,0.2414274662733078
10560,0.23100155591964722
10561,0.23132824897766113
10562,0.23132824897766113
10563,0.23100155591964722
10564,0.19377656280994415
10565,0.19377656280994415
10566,0.19765518605709076
10567,0.19765518605709076
10568,0.21335436403751373
10569,0.2143969088792801
10570,0.2143969088792801
10571,0.21335436403751373
10572,0.2282443642616272
10573,0.2282443642616272
10574,0.23227296769618988
10575,0.2322711944580078
10576,0.2322711944580078
10577,0.23227296769618988
10578,0.22263671457767487
10579,0.22263671457767487
10580,0.2160337269306183
10581,0.21734711527824402
10582,0.21734711527824402
10583,0.2160337269306183
10584,0.22355683147907257
10585,0.22355683147907257
10586,0.19995754957199097
10587,0.19995754957199097
10588,0.2206200659275055
10589,0.22063833475112915
10590,0.22063833475112915
10591,0.2206200659275055
10592,0.21505901217460632
10593,0.21505901217460632
10594,0.21657316386699677
10595,0.21657316386699677
10596,0.21489837765693665
10597,0.21489837765693665
10598,0.24075263738632202
10599,0.24129563570022583
10600,0.24129563570022583
10601,0.24075263738632202
10602,0.21392910182476044
10603,0.2141447216272354
10604,0.2141447216272354
10605,0.21392910182476044
10606,0.2260379195213318
10607,0.2260379195213318
10608,0.2518059015274048
10609,0.25178301334381104
10610,0.25178301334381104
10611,0.2518059015274048
10612,0.22544890642166138
10613,0.22551482915878296
10614,0.22551482915878296
10615,0.22544890642166138
10616,0.2582857608795166
10617,0.2582857608795166
10618,0.2041161060333252
10619,0.2041161060333252
10620,0.22777579724788666
10621,0.22777579724788666
10622,0.2247268110513687
10623,0.22512467205524445
10624,0.22512467205524445
10625,0.2247268110513687
10626,0.22047008574008942
10627,0.22047008574008942
10628,0.23723497986793518
10629,0.23723497986793518
10630,0.20533598959445953
10631,0.20536789298057556
10632,0.20536789298057556
10633,0.20533598959445953
10634,0.22740918397903442
10635,0.22740918397903442
10636,0.2145605832338333
10637,0.2145605832338333
10638,0.20653949677944183
10639,0.20653949677944183
10640,0.23144793510437012
10641,0.23152336478233337
10642,0.23152336478233337
10643,0.23144793510437012
10644,0.22945986688137054
10645,0.22945986688137054
10646,0.21122145652770996
10647,0.21122145652770996
10648,0.2171841263771057
10649,0.2171841263771057
10650,0.23996317386627197
10651,0.23996317386627197
10652,0.23219062387943268
10653,0.23219062387943268
10654,0.22479824721813202
10655,0.22488634288311005
10656,0.22488634288311005
10657,0.22479824721813202
10658,0.23112434148788452
10659,0.23112434148788452
10660,0.21733857691287994
10661,0.2173876315355301
10662,0.2173876315355301
10663,0.21733857691287994
10664,0.22421826422214508
10665,0.22421826422214508
10666,0.22700083255767822
10667,0.22700083255767822
10668,0.234948068857193
10669,0.234948068857193
10670,0.2377227544784546
10671,0.23782138526439667
10672,0.23782138526439667
10673,0.2377227544784546
10674,0.21107101440429688
10675,0.21107101440429688
10676,0.2415871024131775
10677,0.2415871024131775
10678,0.22237800061702728
10679,0.2224457859992981
10680,0.2224457859992981
10681,0.22237800061702728
10682,0.22534266114234924
10683,0.22534266114234924
10684,0.23271240293979645
10685,0.23271240293979645
10686,0.23147627711296082
10687,0.23147627711296082
10688,0.2298649698495865
10689,0.229941725730896
10690,0.229941725730896
10691,0.2298649698495865
10692,0.2387266606092453
10693,0.2388978749513626
10694,0.238727405667305
10695,0.2388971447944641
10696,0.2372588962316513
10697,0.2372588962316513
10698,0.23917841911315918
10699,0.23917841911315918
10700,0.21784183382987976
10701,0.21784456074237823
10702,0.21784456074237823
10703,0.21784183382987976
10704,0.2041134536266327
10705,0.2041134536266327
10706,0.22246511280536652
10707,0.21914181113243103
10708,0.22244833409786224
10709,0.21915234625339508
10710,0.20731453597545624
10711,0.20731453597545624
10712,0.22265473008155823
10713,0.22272427380084991
10714,0.22272427380084991
10715,0.22265473008155823
10716,0.24520356953144073
10717,0.24520356953144073
10718,0.23160910606384277
10719,0.23160910606384277
10720,0.23018260300159454
10721,0.23016458749771118
10722,0.23016458749771118
10723,0.23018260300159454
10724,0.24411678314208984
10725,0.24411678314208984
10726,0.23555390536785126
10727,0.23555390536785126
10728,0.23762524127960205
10729,0.23762443661689758
10730,0.23762443661689758
10731,0.23762524127960205
10732,0.2860204875469208
10733,0.3278856873512268
10734,0.3030283451080322
10735,0.3032083511352539
10736,0.27789169549942017
10737,0.30403614044189453
10738,0.30403614044189453
10739,0.25197187066078186
10740,0.2710971534252167
10741,0.3059369921684265
10742,0.3059369921684265
10743,0.31641969084739685
10744,0.3106030225753784
10745,0.3106030225753784
10746,0.3000505864620209
10747,0.2960982322692871
10748,0.2960982322692871
10749,0.27225223183631897
10750,0.2846938967704773
10751,0.2959374785423279
10752,0.2959374785423279
10753,0.27817457914352417
10754,0.2852470874786377
10755,0.2716939449310303
10756,0.31579023599624634
10757,0.31579023599624634
10758,0.2862146496772766
10759,0.2862146496772766
10760,0.29139867424964905
10761,0.31099045276641846
10762,0.31099045276641846
10763,0.28305214643478394
10764,0.28305214643478394
10765,0.33448290824890137
10766,0.27408021688461304
10767,0.31073176860809326
10768,0.30282554030418396
10769,0.30282554030418396
10770,0.2852698564529419
10771,0.30545616149902344
10772,0.2784513533115387
10773,0.2784513533115387
10774,0.30980536341667175
10775,0.2731820046901703
10776,0.27279892563819885
10777,0.3016584813594818
10778,0.3016584813594818
10779,0.2940444350242615
10780,0.28607913851737976
10781,0.2699830234050751
10782,0.27269795536994934
10783,0.2916388511657715
10784,0.2888988256454468
10785,0.2888988256454468
10786,0.26577234268188477
10787,0.2775333523750305
10788,0.2775333523750305
10789,0.2778644859790802
10790,0.2888699173927307
10791,0.3171868920326233
10792,0.3001807630062103
10793,0.3001807630062103
10794,0.27591168880462646
10795,0.295317679643631
10796,0.2893441617488861
10797,0.2893441617488861
10798,0.29113996028900146
10799,0.2866543233394623
10800,0.2723443806171417
10801,0.289253830909729
10802,0.289253830909729
10803,0.3110225796699524
10804,0.3109499514102936
10805,0.3028673827648163
10806,0.3020629286766052
10807,0.2930145859718323
10808,0.2930145859718323
10809,0.28506141901016235
10810,0.299331396818161
10811,0.2979041635990143
10812,0.28174108266830444
10813,0.29026034474372864
10814,0.29026034474372864
10815,0.2922686040401459
10816,0.276705265045166
10817,0.2946990728378296
10818,0.2946990728378296
10819,0.2783053517341614
10820,0.2682192325592041
10821,0.29477059841156006
10822,0.29477059841156006
10823,0.22871755063533783
10824,0.22935178875923157
10825,0.26807430386543274
10826,0.2713494896888733
10827,0.26085129380226135
10828,0.2609107792377472
10829,0.26199445128440857
10830,0.2620450258255005
10831,0.2876822054386139
10832,0.2908628582954407
10833,0.25598934292793274
10834,0.25004541873931885
10835,0.253290593624115
10836,0.25941231846809387
10837,0.2286757528781891
10838,0.23017236590385437
10839,0.21635086834430695
10840,0.2183760404586792
10841,0.25589802861213684
10842,0.26769399642944336
10843,0.27060666680336
10844,0.2587772607803345
10845,0.24805490672588348
10846,0.24960435926914215
10847,0.24599134922027588
10848,0.24600467085838318
10849,0.24718651175498962
10850,0.24717311561107635
10851,0.26176130771636963
10852,0.2651312053203583
10853,0.23362766206264496
10854,0.2352389544248581
10855,0.23836326599121094
10856,0.2366943061351776
10857,0.23226937651634216
10858,0.234050452709198
10859,0.24309100210666656
10860,0.2439701110124588
10861,0.23957499861717224
10862,0.2395857870578766
10863,0.2409937083721161
10864,0.24098704755306244
10865,0.2219446897506714
10866,0.22316142916679382
10867,0.24632993340492249
10868,0.2482646256685257
10869,0.23446056246757507
10870,0.23559512197971344
10871,0.2693130373954773
10872,0.2700485289096832
10873,0.27389782667160034
10874,0.27187106013298035
10875,0.2387419044971466
10876,0.23453325033187866
10877,0.23641498386859894
10878,0.24077287316322327
10879,0.2301429808139801
10880,0.23215286433696747
10881,0.27377083897590637
10882,0.2699123024940491
10883,0.2718314826488495
10884,0.27570685744285583
10885,0.2865442633628845
10886,0.2787049412727356
10887,0.28261077404022217
10888,0.2903248965740204
10889,0.28430530428886414
10890,0.2855847477912903
10891,0.2450844645500183
10892,0.24623608589172363
10893,0.25452476739883423
10894,0.25580811500549316
10895,0.2460729330778122
10896,0.24347414076328278
10897,0.24529020488262177
10898,0.24796634912490845
10899,0.23831769824028015
10900,0.23947115242481232
10901,0.24815842509269714
10902,0.24998824298381805
10903,0.2440926730632782
10904,0.24406218528747559
10905,0.24528366327285767
10906,0.2453121542930603
10907,0.25275126099586487
10908,0.25371843576431274
10909,0.24351096153259277
10910,0.24368655681610107
10911,0.22709420323371887
10912,0.22846870124340057
10913,0.24480247497558594
10914,0.24493059515953064
10915,0.24577687680721283
10916,0.2456502914428711
10917,0.25052884221076965
10918,0.2511742115020752
10919,0.25766047835350037
10920,0.25971975922584534
10921,0.22502446174621582
10922,0.22574706375598907
10923,0.2410050332546234
10924,0.2410229742527008
10925,0.2374313622713089
10926,0.23842386901378632
10927,0.2951507270336151
10928,0.2965449094772339
10929,0.3000209331512451
10930,0.29857274889945984
10931,0.25644057989120483
10932,0.2580725848674774
10933,0.23423495888710022
10934,0.23424820601940155
10935,0.23550933599472046
10936,0.23549702763557434
10937,0.2318800389766693
10938,0.2332846224308014
10939,0.2722720503807068
10940,0.2753617763519287
10941,0.2959667146205902
10942,0.29912039637565613
10943,0.2599809765815735
10944,0.2559123635292053
10945,0.25813010334968567
10946,0.26215657591819763
10947,0.22178354859352112
10948,0.22379586100578308
10949,0.27072927355766296
10950,0.2733915150165558
10951,0.22569045424461365
10952,0.22563311457633972
10953,0.22768235206604004
10954,0.22763949632644653
10955,0.2591332495212555
10956,0.2618429660797119
10957,0.2876337766647339
10958,0.2900649905204773
10959,0.22833086550235748
10960,0.23006553947925568
10961,0.27499920129776
10962,0.2755330801010132
10963,0.2794215977191925
10964,0.27884191274642944
10965,0.25982964038848877
10966,0.2598714530467987
10967,0.26113152503967285
10968,0.26117193698883057
10969,0.24668176472187042
10970,0.24736446142196655
10971,0.2583928406238556
10972,0.2589453458786011
10973,0.23145931959152222
10974,0.23145440220832825
10975,0.23282158374786377
10976,0.23282739520072937
10977,0.23029863834381104
10978,0.2330389767885208
10979,0.23888027667999268
10980,0.23609650135040283
10981,0.24007104337215424
10982,0.23728036880493164
10983,0.24498464167118073
10984,0.24609507620334625
10985,0.2267366647720337
10986,0.22668197751045227
10987,0.2286747694015503
10988,0.2286345213651657
10989,0.2555984854698181
10990,0.2563154697418213
10991,0.23413285613059998
10992,0.23534908890724182
10993,0.24666737020015717
10994,0.24670188128948212
10995,0.2483016401529312
10996,0.2482662945985794
10997,0.2804983854293823
10998,0.2833506762981415
10999,0.22488179802894592
11000,0.2259422391653061
11001,0.31457141041755676
11002,0.31457212567329407
11003,0.31858158111572266
11004,0.31858083605766296
11005,0.208592027425766
11006,0.23576995730400085
11007,0.2161487340927124
11008,0.2162235826253891
11009,0.21950475871562958
11010,0.19994372129440308
11011,0.19994372129440308
11012,0.18410944938659668
11013,0.1729906052350998
11014,0.196614071726799
11015,0.196614071726799
11016,0.2105722427368164
11017,0.20937089622020721
11018,0.20937089622020721
11019,0.19613343477249146
11020,0.19733533263206482
11021,0.19733533263206482
11022,0.1997140645980835
11023,0.17192450165748596
11024,0.1908780038356781
11025,0.1908780038356781
11026,0.18887703120708466
11027,0.19150443375110626
11028,0.19895894825458527
11029,0.22700968384742737
11030,0.22700968384742737
11031,0.181133434176445
11032,0.181133434176445
11033,0.2052200585603714
11034,0.2340884506702423
11035,0.2340884506702423
11036,0.20121803879737854
11037,0.20121803879737854
11038,0.26365920901298523
11039,0.20756402611732483
11040,0.21519093215465546
11041,0.18865244090557098
11042,0.18865244090557098
11043,0.2019198089838028
11044,0.21771225333213806
11045,0.20299121737480164
11046,0.20299121737480164
11047,0.222373828291893
11048,0.19331803917884827
11049,0.18487143516540527
11050,0.2137959599494934
11051,0.2137959599494934
11052,0.22677761316299438
11053,0.18371547758579254
11054,0.19479972124099731
11055,0.2160392850637436
11056,0.2125101387500763
11057,0.20321884751319885
11058,0.20321884751319885
11059,0.2110273838043213
11060,0.20380540192127228
11061,0.20380540192127228
11062,0.20170027017593384
11063,0.19203999638557434
11064,0.23110991716384888
11065,0.2138081043958664
11066,0.2138081043958664
11067,0.1815246343612671
11068,0.21099743247032166
11069,0.199772447347641
11070,0.199772447347641
11071,0.2136903703212738
11072,0.20946329832077026
11073,0.2084813117980957
11074,0.19547608494758606
11075,0.19547608494758606
11076,0.22291982173919678
11077,0.22279179096221924
11078,0.22696031630039215
11079,0.2239614725112915
11080,0.19040684401988983
11081,0.19040684401988983
11082,0.1867818534374237
11083,0.19391965866088867
11084,0.19144095480442047
11085,0.211034893989563
11086,0.19920378923416138
11087,0.19920378923416138
11088,0.22728896141052246
11089,0.19520017504692078
11090,0.22229473292827606
11091,0.22229473292827606
11092,0.21923108398914337
11093,0.1999536156654358
11094,0.21316049993038177
11095,0.21316049993038177
11096,0.23175856471061707
11097,0.23175856471061707
11098,0.24801340699195862
11099,0.24801340699195862
11100,0.2394999861717224
11101,0.2394808828830719
11102,0.2394999861717224
11103,0.2394808977842331
11104,0.2594713270664215
11105,0.2594713270664215
11106,0.24204908311367035
11107,0.24217939376831055
11108,0.24217939376831055
11109,0.24204908311367035
11110,0.21036159992218018
11111,0.21036159992218018
11112,0.21544229984283447
11113,0.21544229984283447
11114,0.23190747201442719
11115,0.23193985223770142
11116,0.23193985223770142
11117,0.23190747201442719
11118,0.23855088651180267
11119,0.23855088651180267
11120,0.23931190371513367
11121,0.23930473625659943
11122,0.23930473625659943
11123,0.23931190371513367
11124,0.2404414862394333
11125,0.2404414862394333
11126,0.23159748315811157
11127,0.23177063465118408
11128,0.23177063465118408
11129,0.23159748315811157
11130,0.23902380466461182
11131,0.23902380466461182
11132,0.22756445407867432
11133,0.22756445407867432
11134,0.23123891651630402
11135,0.23123902082443237
11136,0.23123902082443237
11137,0.23123890161514282
11138,0.22558316588401794
11139,0.22558316588401794
11140,0.23097065091133118
11141,0.23097065091133118
11142,0.2283523976802826
11143,0.2283523976802826
11144,0.24899187684059143
11145,0.24913495779037476
11146,0.24913495779037476
11147,0.24899187684059143
11148,0.23452195525169373
11149,0.23469752073287964
11150,0.23469752073287964
11151,0.23452195525169373
11152,0.2365150898694992
11153,0.2365150898694992
11154,0.2564861476421356
11155,0.25660812854766846
11156,0.25660812854766846
11157,0.2564861476421356
11158,0.2462209165096283
11159,0.2464495748281479
11160,0.2464495748281479
11161,0.2462209165096283
11162,0.2748885452747345
11163,0.2748885452747345
11164,0.22500745952129364
11165,0.22500745952129364
11166,0.23880141973495483
11167,0.23880141973495483
11168,0.24016377329826355
11169,0.2402777075767517
11170,0.2402777075767517
11171,0.24016377329826355
11172,0.23186397552490234
11173,0.23186397552490234
11174,0.24899840354919434
11175,0.24899840354919434
11176,0.22820553183555603
11177,0.2282080203294754
11178,0.2282080203294754
11179,0.22820553183555603
11180,0.24153846502304077
11181,0.24153846502304077
11182,0.23154401779174805
11183,0.23154401779174805
11184,0.22108742594718933
11185,0.22108742594718933
11186,0.24011966586112976
11187,0.24011315405368805
11188,0.24011315405368805
11189,0.24011966586112976
11190,0.2363000512123108
11191,0.2363000512123108
11192,0.23749636113643646
11193,0.23749636113643646
11194,0.2309085726737976
11195,0.2309085726737976
11196,0.24211622774600983
11197,0.24211622774600983
11198,0.23970836400985718
11199,0.23970836400985718
11200,0.24676167964935303
11201,0.24675852060317993
11202,0.24675852060317993
11203,0.24676167964935303
11204,0.24607473611831665
11205,0.24607473611831665
11206,0.2315981537103653
11207,0.23160001635551453
11208,0.23160001635551453
11209,0.2315981537103653
11210,0.230093851685524
11211,0.230093851685524
11212,0.24615322053432465
11213,0.24615322053432465
11214,0.24957086145877838
11215,0.24957086145877838
11216,0.24658694863319397
11217,0.24671441316604614
11218,0.24671441316604614
11219,0.24658694863319397
11220,0.22883734107017517
11221,0.22883734107017517
11222,0.25234586000442505
11223,0.25234586000442505
11224,0.23412632942199707
11225,0.2341303676366806
11226,0.2341303676366806
11227,0.23412632942199707
11228,0.2402728646993637
11229,0.2402728646993637
11230,0.2526646852493286
11231,0.2526646852493286
11232,0.2383197695016861
11233,0.2383197695016861
11234,0.2466692477464676
11235,0.24666938185691833
11236,0.24666938185691833
11237,0.2466692477464676
11238,0.2463807463645935
11239,0.24646876752376556
11240,0.24638067185878754
11241,0.24646884202957153
11242,0.24124041199684143
11243,0.24124041199684143
11244,0.24783733487129211
11245,0.24783733487129211
11246,0.2269987165927887
11247,0.22699783742427826
11248,0.22699783742427826
11249,0.2269987165927887
11250,0.2240864485502243
11251,0.2240864485502243
11252,0.2346063107252121
11253,0.2318919152021408
11254,0.23460718989372253
11255,0.2318909764289856
11256,0.227189302444458
11257,0.227189302444458
11258,0.23465360701084137
11259,0.23465915024280548
11260,0.23465915024280548
11261,0.23465360701084137
11262,0.24961821734905243
11263,0.24961821734905243
11264,0.2427474558353424
11265,0.2427474558353424
11266,0.23630551993846893
11267,0.23630526661872864
11268,0.23630526661872864
11269,0.23630551993846893
11270,0.2583949863910675
11271,0.2583949863910675
11272,0.24422293901443481
11273,0.24422293901443481
11274,0.26468950510025024
11275,0.26468950510025024
11276,0.26468950510025024
11277,0.26468950510025024
11278,0.2288997322320938
11279,0.24126093089580536
11280,0.23164679110050201
11281,0.23156192898750305
11282,0.2412072718143463
11283,0.23260238766670227
11284,0.23260238766670227
11285,0.19749286770820618
11286,0.1965894103050232
11287,0.21529842913150787
11288,0.21529842913150787
11289,0.23324015736579895
11290,0.2366746962070465
11291,0.2366746962070465
11292,0.218515545129776
11293,0.22115734219551086
11294,0.22115734219551086
11295,0.2272137701511383
11296,0.20479245483875275
11297,0.22400164604187012
11298,0.22400164604187012
11299,0.2182897925376892
11300,0.216793492436409
11301,0.22280088067054749
11302,0.2467760145664215
11303,0.2467760145664215
11304,0.21281903982162476
11305,0.21281903982162476
11306,0.22765672206878662
11307,0.2524182200431824
11308,0.2524182200431824
11309,0.22668349742889404
11310,0.22668349742889404
11311,0.26577550172805786
11312,0.21148571372032166
11313,0.23608313500881195
11314,0.22622761130332947
11315,0.22622761130332947
11316,0.22608759999275208
11317,0.23827308416366577
11318,0.21359223127365112
11319,0.21359223127365112
11320,0.23963965475559235
11321,0.21357959508895874
11322,0.20683905482292175
11323,0.2349490225315094
11324,0.2349490225315094
11325,0.23413145542144775
11326,0.21066339313983917
11327,0.22023415565490723
11328,0.23613908886909485
11329,0.23422884941101074
11330,0.2242734581232071
11331,0.2242734581232071
11332,0.23026227951049805
11333,0.22809067368507385
11334,0.22809067368507385
11335,0.2263614386320114
11336,0.22641952335834503
11337,0.23826247453689575
11338,0.23716165125370026
11339,0.23716165125370026
11340,0.2124301940202713
11341,0.24085119366645813
11342,0.22469444572925568
11343,0.22469444572925568
11344,0.22791169583797455
11345,0.23013101518154144
11346,0.22991260886192322
11347,0.2260773479938507
11348,0.2260773479938507
11349,0.24447938799858093
11350,0.24463769793510437
11351,0.2406338006258011
11352,0.23933778703212738
11353,0.22279959917068481
11354,0.22279959917068481
11355,0.2102534919977188
11356,0.22772540152072906
11357,0.22437801957130432
11358,0.2147374153137207
11359,0.22533564269542694
11360,0.22533564269542694
11361,0.24730561673641205
11362,0.22843259572982788
11363,0.23415125906467438
11364,0.23415125906467438
11365,0.24286063015460968
11366,0.23332448303699493
11367,0.23397140204906464
11368,0.23397140204906464
