,TC
0,0.22848057746887207
1,0.22848057746887207
2,0.23335281014442444
3,0.23335281014442444
4,0.23283779621124268
5,0.23283779621124268
6,0.2132650911808014
7,0.24461562931537628
8,0.2367556244134903
9,0.2367556244134903
10,0.24132868647575378
11,0.24132868647575378
12,0.2289171814918518
13,0.23859189450740814
14,0.23859189450740814
15,0.23775722086429596
16,0.23775722086429596
17,0.23091530799865723
18,0.2204705774784088
19,0.24198773503303528
20,0.21908977627754211
21,0.2394714206457138
22,0.23863546550273895
23,0.23863546550273895
24,0.237910196185112
25,0.237910196185112
26,0.2331618070602417
27,0.2331618070602417
28,0.2322644293308258
29,0.21423134207725525
30,0.2323070615530014
31,0.2323070615530014
32,0.20592515170574188
33,0.20592515170574188
34,0.21787047386169434
35,0.24007035791873932
36,0.22681425511837006
37,0.22548498213291168
38,0.2233072817325592
39,0.2451498806476593
40,0.24636895954608917
41,0.21836349368095398
42,0.24584048986434937
43,0.24501027166843414
44,0.22859309613704681
45,0.230457603931427
46,0.2476462721824646
47,0.2445547729730606
48,0.2440667599439621
49,0.2424056977033615
50,0.21917195618152618
51,0.23779542744159698
52,0.22485527396202087
53,0.2425696700811386
54,0.2425696700811386
55,0.2258005291223526
56,0.25221431255340576
57,0.25221431255340576
58,0.22984342277050018
59,0.24142996966838837
60,0.23079293966293335
61,0.2284248322248459
62,0.2485606074333191
63,0.2485606074333191
64,0.25172683596611023
65,0.25282853841781616
66,0.2443462759256363
67,0.2468712031841278
68,0.21256476640701294
69,0.2123689204454422
70,0.21903128921985626
71,0.21903128921985626
72,0.23931071162223816
73,0.2373124659061432
74,0.2373124659061432
75,0.23200266063213348
76,0.2230861783027649
77,0.24841788411140442
78,0.24861684441566467
79,0.3000875413417816
80,0.2516191303730011
81,0.24239079654216766
82,0.20014911890029907
83,0.2463488131761551
84,0.24840299785137177
85,0.24840299785137177
86,0.23662811517715454
87,0.2461092174053192
88,0.2521141469478607
89,0.25080394744873047
90,0.24881140887737274
91,0.24606308341026306
92,0.23465222120285034
93,0.23626668751239777
94,0.23836132884025574
95,0.24292004108428955
96,0.2677873373031616
97,0.23634721338748932
98,0.21587981283664703
99,0.21587981283664703
100,0.23008117079734802
101,0.23008117079734802
102,0.22557255625724792
103,0.23717227578163147
104,0.23717227578163147
105,0.2445201724767685
106,0.2487979233264923
107,0.2325388491153717
108,0.2325388491153717
109,0.24031083285808563
110,0.22412994503974915
111,0.22412994503974915
112,0.2279798984527588
113,0.22924596071243286
114,0.24571754038333893
115,0.24571754038333893
116,0.22394421696662903
117,0.22394421696662903
118,0.22335520386695862
119,0.22335520386695862
120,0.21616649627685547
121,0.2148640900850296
122,0.24573977291584015
123,0.24934130907058716
124,0.24268534779548645
125,0.24268534779548645
126,0.21978197991847992
127,0.24553489685058594
128,0.24553489685058594
129,0.23209233582019806
130,0.23538777232170105
131,0.2447550743818283
132,0.2447550743818283
133,0.24434152245521545
134,0.23757138848304749
135,0.23757138848304749
136,0.23419950902462006
137,0.229591965675354
138,0.2061242163181305
139,0.2440674901008606
140,0.24064335227012634
141,0.2142745405435562
142,0.2554048001766205
143,0.24535340070724487
144,0.24535340070724487
145,0.20998677611351013
146,0.20998677611351013
147,0.24108168482780457
148,0.2795610725879669
149,0.22243870794773102
150,0.2482469379901886
151,0.24265317618846893
152,0.24268384277820587
153,0.2213476598262787
154,0.2356608510017395
155,0.2356608510017395
156,0.2039647102355957
157,0.24094431102275848
158,0.2428061068058014
159,0.23896333575248718
160,0.23896333575248718
161,0.21278224885463715
162,0.21278224885463715
163,0.2351200133562088
164,0.2351200133562088
165,0.25164031982421875
166,0.25164031982421875
167,0.2195451259613037
168,0.22953882813453674
169,0.22953882813453674
170,0.2356088012456894
171,0.2356088012456894
172,0.23471586406230927
173,0.24373531341552734
174,0.24373531341552734
175,0.2325298935174942
176,0.24801188707351685
177,0.22153596580028534
178,0.22153596580028534
179,0.22012238204479218
180,0.212849959731102
181,0.22669383883476257
182,0.21577970683574677
183,0.23034322261810303
184,0.23034322261810303
185,0.2288917601108551
186,0.23147781193256378
187,0.26163530349731445
188,0.23563052713871002
189,0.23563052713871002
190,0.24544085562229156
191,0.21361973881721497
192,0.23266029357910156
193,0.2527732253074646
194,0.22990433871746063
195,0.22990433871746063
196,0.20551972091197968
197,0.24213241040706635
198,0.24056342244148254
199,0.2455388307571411
200,0.24357162415981293
201,0.25373008847236633
202,0.25373008847236633
203,0.23503559827804565
204,0.24532359838485718
205,0.23279398679733276
206,0.25663599371910095
207,0.25652867555618286
208,0.24535763263702393
209,0.2389073371887207
210,0.218449205160141
211,0.2140544205904007
212,0.2140544205904007
213,0.20664477348327637
214,0.21967743337154388
215,0.23462702333927155
216,0.25835368037223816
217,0.23098254203796387
218,0.2505228817462921
219,0.23529134690761566
220,0.2290128767490387
221,0.2431560605764389
222,0.2537917494773865
223,0.2537917494773865
224,0.22666247189044952
225,0.2287580668926239
226,0.2287580668926239
227,0.24214310944080353
228,0.23571188747882843
229,0.23571188747882843
230,0.22867172956466675
231,0.22776785492897034
232,0.22776785492897034
233,0.24289341270923615
234,0.23550578951835632
235,0.23550578951835632
236,0.24688707292079926
237,0.23435187339782715
238,0.23435187339782715
239,0.21374723315238953
240,0.2442428469657898
241,0.2442428469657898
242,0.24702216684818268
243,0.24702216684818268
244,0.22510085999965668
245,0.22510085999965668
246,0.24531066417694092
247,0.24531066417694092
248,0.2410392165184021
249,0.2410392165184021
250,0.23538906872272491
251,0.23538906872272491
252,0.2385672926902771
253,0.2385672926902771
254,0.22779914736747742
255,0.22779914736747742
256,0.242433100938797
257,0.242433100938797
258,0.23402121663093567
259,0.23402121663093567
260,0.25108569860458374
261,0.25108569860458374
262,0.2562869191169739
263,0.2562869191169739
264,0.2402069866657257
265,0.2402069866657257
266,0.24856147170066833
267,0.24856147170066833
268,0.2323751002550125
269,0.2323751002550125
270,0.22251272201538086
271,0.24627280235290527
272,0.2338227480649948
273,0.2338227480649948
274,0.24660614132881165
275,0.24728190898895264
276,0.24795496463775635
277,0.22613079845905304
278,0.22613079845905304
279,0.24984440207481384
280,0.24984440207481384
281,0.23474498093128204
282,0.22769196331501007
283,0.22769196331501007
284,0.23072899878025055
285,0.23072899878025055
286,0.21414025127887726
287,0.21414025127887726
288,0.24069955945014954
289,0.24069955945014954
290,0.24865096807479858
291,0.24865096807479858
292,0.23845720291137695
293,0.20139524340629578
294,0.22590667009353638
295,0.24657371640205383
296,0.24657371640205383
297,0.2228640764951706
298,0.2228640764951706
299,0.22980688512325287
300,0.2298322319984436
301,0.2298322319984436
302,0.2467595934867859
303,0.2263820469379425
304,0.2263820469379425
305,0.2406368851661682
306,0.2406368851661682
307,0.23969396948814392
308,0.23969396948814392
309,0.23900006711483002
310,0.23899877071380615
311,0.23899877071380615
312,0.23488225042819977
313,0.21729446947574615
314,0.20316718518733978
315,0.22883765399456024
316,0.2523121237754822
317,0.21414320170879364
318,0.2603909373283386
319,0.21993349492549896
320,0.24786259233951569
321,0.23756225407123566
322,0.22576315701007843
323,0.22477491199970245
324,0.23011788725852966
325,0.23006795346736908
326,0.226851686835289
327,0.226851686835289
328,0.2289423644542694
329,0.24135425686836243
330,0.24135425686836243
331,0.23858483135700226
332,0.25314533710479736
333,0.25314533710479736
334,0.20726388692855835
335,0.2413685917854309
336,0.2413685917854309
337,0.25731372833251953
338,0.25731372833251953
339,0.2503316402435303
340,0.25121980905532837
341,0.2198619693517685
342,0.24328120052814484
343,0.24328120052814484
344,0.227559894323349
345,0.227559894323349
346,0.21672965586185455
347,0.21672965586185455
348,0.24002808332443237
349,0.2389286756515503
350,0.23887871205806732
351,0.24930647015571594
352,0.28940558433532715
353,0.22202938795089722
354,0.22202938795089722
355,0.23440717160701752
356,0.23440717160701752
357,0.24331974983215332
358,0.24655616283416748
359,0.23066110908985138
360,0.22877955436706543
361,0.22017662227153778
362,0.23618310689926147
363,0.24488107860088348
364,0.24488107860088348
365,0.21482302248477936
366,0.23404574394226074
367,0.23404574394226074
368,0.193971648812294
369,0.23053911328315735
370,0.21899740397930145
371,0.24586701393127441
372,0.24586701393127441
373,0.2440107762813568
374,0.28296422958374023
375,0.2296164333820343
376,0.23895391821861267
377,0.23780187964439392
378,0.23780187964439392
379,0.2594018280506134
380,0.25650033354759216
381,0.224202960729599
382,0.2153482437133789
383,0.21848651766777039
384,0.21848651766777039
385,0.2371819019317627
386,0.24374434351921082
387,0.24588194489479065
388,0.23673096299171448
389,0.21727198362350464
390,0.23914296925067902
391,0.2245427668094635
392,0.2245427668094635
393,0.2076300084590912
394,0.2349380999803543
395,0.2349380999803543
396,0.23487025499343872
397,0.23487025499343872
398,0.24716907739639282
399,0.20781826972961426
400,0.23410964012145996
401,0.23410964012145996
402,0.23126348853111267
403,0.23126348853111267
404,0.21541790664196014
405,0.24476420879364014
406,0.2519747316837311
407,0.2519747316837311
408,0.24979308247566223
409,0.24979308247566223
410,0.22582177817821503
411,0.22582177817821503
412,0.2262880653142929
413,0.2262880653142929
414,0.23013129830360413
415,0.23363962769508362
416,0.2326023280620575
417,0.2326023280620575
418,0.24477159976959229
419,0.23082813620567322
420,0.23082813620567322
421,0.22742341458797455
422,0.22742341458797455
423,0.22726187109947205
424,0.22696071863174438
425,0.2427360564470291
426,0.24212384223937988
427,0.22431257367134094
428,0.2523666024208069
429,0.2405967116355896
430,0.20636054873466492
431,0.2749549150466919
432,0.22149275243282318
433,0.20968422293663025
434,0.23245646059513092
435,0.2453499734401703
436,0.21872669458389282
437,0.24405786395072937
438,0.24592214822769165
439,0.2468041628599167
440,0.25559985637664795
441,0.25731581449508667
442,0.2743527889251709
443,0.2382592260837555
444,0.20905421674251556
445,0.23434795439243317
446,0.25991472601890564
447,0.24164345860481262
448,0.23048710823059082
449,0.19343212246894836
450,0.22816647589206696
451,0.22135651111602783
452,0.23629078269004822
453,0.21458245813846588
454,0.21458245813846588
455,0.221579909324646
456,0.221579909324646
457,0.24777339398860931
458,0.2477707415819168
459,0.23916608095169067
460,0.23434452712535858
461,0.2580040991306305
462,0.2580040991306305
463,0.22560590505599976
464,0.19576983153820038
465,0.22449178993701935
466,0.23988942801952362
467,0.23774094879627228
468,0.23862279951572418
469,0.23862279951572418
470,0.24046024680137634
471,0.24652042984962463
472,0.23532232642173767
473,0.23532232642173767
474,0.23195236921310425
475,0.23195236921310425
476,0.2292412519454956
477,0.2254713773727417
478,0.23379024863243103
479,0.24953216314315796
480,0.23409520089626312
481,0.23547178506851196
482,0.22812259197235107
483,0.22812259197235107
484,0.23752881586551666
485,0.223466694355011
486,0.24392150342464447
487,0.22691144049167633
488,0.22691144049167633
489,0.2278413474559784
490,0.2278413474559784
491,0.23585931956768036
492,0.23585931956768036
493,0.2136968970298767
494,0.22227106988430023
495,0.22227106988430023
496,0.22334402799606323
497,0.22334402799606323
498,0.2229127287864685
499,0.2229127287864685
500,0.22340704500675201
501,0.22340704500675201
502,0.23507557809352875
503,0.23507557809352875
504,0.23202663660049438
505,0.23257753252983093
506,0.24779769778251648
507,0.24779769778251648
508,0.2639000117778778
509,0.21212217211723328
510,0.22760100662708282
511,0.2267867922782898
512,0.22586868703365326
513,0.21956297755241394
514,0.23598971962928772
515,0.24500511586666107
516,0.24500511586666107
517,0.22645770013332367
518,0.22849774360656738
519,0.24035002291202545
520,0.22905588150024414
521,0.22905588150024414
522,0.24654725193977356
523,0.24654725193977356
524,0.22995446622371674
525,0.20331339538097382
526,0.23876634240150452
527,0.2367580384016037
528,0.23451872169971466
529,0.23451872169971466
530,0.239872008562088
531,0.239872008562088
532,0.2446565330028534
533,0.2446565330028534
534,0.24737516045570374
535,0.24737516045570374
536,0.22572921216487885
537,0.22572921216487885
538,0.24166211485862732
539,0.24166211485862732
540,0.2374601662158966
541,0.24223965406417847
542,0.21858759224414825
543,0.21858759224414825
544,0.21245639026165009
545,0.21245639026165009
546,0.23527418076992035
547,0.23527418076992035
548,0.24956998229026794
549,0.24956998229026794
550,0.26296380162239075
551,0.26296380162239075
552,0.2568047046661377
553,0.2568047046661377
554,0.25412365794181824
555,0.25412365794181824
556,0.2613314688205719
557,0.2613314688205719
558,0.2568588852882385
559,0.2568588852882385
560,0.24700161814689636
561,0.24700161814689636
562,0.24539215862751007
563,0.2349526733160019
564,0.2349526733160019
565,0.29571324586868286
566,0.22513805329799652
567,0.2253308892250061
568,0.2253308892250061
569,0.22207114100456238
570,0.22207114100456238
571,0.22434216737747192
572,0.22434216737747192
573,0.21803972125053406
574,0.21803972125053406
575,0.21717219054698944
576,0.21717219054698944
577,0.2507455348968506
578,0.2507455348968506
579,0.22009803354740143
580,0.22009803354740143
581,0.24857430160045624
582,0.2378491312265396
583,0.22186434268951416
584,0.22186434268951416
585,0.23013043403625488
586,0.23013043403625488
587,0.2258693426847458
588,0.2258693426847458
589,0.22550535202026367
590,0.2193635255098343
591,0.21561653912067413
592,0.21561653912067413
593,0.25328773260116577
594,0.25328773260116577
595,0.22209987044334412
596,0.23015251755714417
597,0.23523099720478058
598,0.23523099720478058
599,0.23270876705646515
600,0.22004257142543793
601,0.22004257142543793
602,0.23688571155071259
603,0.23688571155071259
604,0.2351188063621521
605,0.2337314635515213
606,0.2268724888563156
607,0.21550360321998596
608,0.21550360321998596
609,0.23675242066383362
610,0.23675242066383362
611,0.23383761942386627
612,0.21907909214496613
613,0.21907909214496613
614,0.22169242799282074
615,0.22169242799282074
616,0.23305091261863708
617,0.23305091261863708
618,0.2410045862197876
619,0.2410045862197876
620,0.23589731752872467
621,0.2323615849018097
622,0.2323615849018097
623,0.24346214532852173
624,0.24346214532852173
625,0.24494391679763794
626,0.2402251809835434
627,0.24866414070129395
628,0.2408585250377655
629,0.21712300181388855
630,0.23183047771453857
631,0.2326764166355133
632,0.22028972208499908
633,0.22028972208499908
634,0.2152390331029892
635,0.2861366868019104
636,0.22721697390079498
637,0.22721697390079498
638,0.2442179173231125
639,0.2263639271259308
640,0.22312206029891968
641,0.35286837816238403
642,0.21987329423427582
643,0.23262056708335876
644,0.264718234539032
645,0.26930710673332214
646,0.2828231155872345
647,0.23470425605773926
648,0.23470425605773926
649,0.22093041241168976
650,0.2350858747959137
651,0.2350858747959137
652,0.2499142438173294
653,0.2207522839307785
654,0.2207522839307785
655,0.23121877014636993
656,0.21122725307941437
657,0.2364644706249237
658,0.2364644706249237
659,0.22527438402175903
660,0.24305027723312378
661,0.21189454197883606
662,0.21248912811279297
663,0.2324419617652893
664,0.2324419617652893
665,0.204586461186409
666,0.22249440848827362
667,0.22892025113105774
668,0.21922826766967773
669,0.24780388176441193
670,0.23434890806674957
671,0.2386777400970459
672,0.23755550384521484
673,0.23722563683986664
674,0.24055035412311554
675,0.23723793029785156
676,0.23444566130638123
677,0.2318253368139267
678,0.2336006760597229
679,0.2336006760597229
680,0.22807182371616364
681,0.22807182371616364
682,0.27682265639305115
683,0.22450858354568481
684,0.2469639778137207
685,0.23233816027641296
686,0.23233816027641296
687,0.24682796001434326
688,0.24682796001434326
689,0.23363950848579407
690,0.2291421890258789
691,0.24800579249858856
692,0.24800579249858856
693,0.24461621046066284
694,0.24461621046066284
695,0.24844349920749664
696,0.21294595301151276
697,0.2303675264120102
698,0.21508276462554932
699,0.21508276462554932
700,0.2306850403547287
701,0.2306850403547287
702,0.23424674570560455
703,0.24241875112056732
704,0.25731921195983887
705,0.239545077085495
706,0.23316974937915802
707,0.23316974937915802
708,0.23946434259414673
709,0.24071761965751648
710,0.21555155515670776
711,0.2717532813549042
712,0.263147234916687
713,0.24138252437114716
714,0.2226870059967041
715,0.2419026792049408
716,0.23748524487018585
717,0.21601422131061554
718,0.21601422131061554
719,0.21129052340984344
720,0.23037196695804596
721,0.23136165738105774
722,0.23136165738105774
723,0.2128673642873764
724,0.2393154352903366
725,0.24163836240768433
726,0.2139154076576233
727,0.22024105489253998
728,0.24765664339065552
729,0.2670971751213074
730,0.24305234849452972
731,0.22019535303115845
732,0.20870652794837952
733,0.2271994948387146
734,0.21712316572666168
735,0.2516767382621765
736,0.21971839666366577
737,0.23942197859287262
738,0.258588969707489
739,0.23578371107578278
740,0.23565462231636047
741,0.23874430358409882
742,0.23874430358409882
743,0.23164738714694977
744,0.23164738714694977
745,0.20335906744003296
746,0.22758838534355164
747,0.22758838534355164
748,0.22167466580867767
749,0.22167466580867767
750,0.235459104180336
751,0.235459104180336
752,0.22618964314460754
753,0.21745462715625763
754,0.21745462715625763
755,0.2616623044013977
756,0.2600938379764557
757,0.2557227909564972
758,0.24584278464317322
759,0.22888591885566711
760,0.2470288872718811
761,0.2365182787179947
762,0.2215183675289154
763,0.247743159532547
764,0.24791093170642853
765,0.2717724144458771
766,0.20317856967449188
767,0.20317856967449188
768,0.24237628281116486
769,0.21228551864624023
770,0.21855786442756653
771,0.2271544188261032
772,0.24399477243423462
773,0.2571302354335785
774,0.2571302354335785
775,0.2370012104511261
776,0.2401817888021469
777,0.21647438406944275
778,0.23451125621795654
779,0.23451125621795654
780,0.2497301548719406
781,0.22792582213878632
782,0.24829328060150146
783,0.23386599123477936
784,0.22332274913787842
785,0.22544124722480774
786,0.22544124722480774
787,0.1973007321357727
788,0.22209009528160095
789,0.22209009528160095
790,0.23954756557941437
791,0.24554279446601868
792,0.2489241361618042
793,0.23498870432376862
794,0.23163598775863647
795,0.22194471955299377
796,0.2402835488319397
797,0.22465354204177856
798,0.2205563187599182
799,0.19283774495124817
800,0.24183738231658936
801,0.25683802366256714
802,0.22745727002620697
803,0.2807890772819519
804,0.23928521573543549
805,0.23981763422489166
806,0.2217147797346115
807,0.21279454231262207
808,0.2287490963935852
809,0.24207764863967896
810,0.2647409737110138
811,0.21971358358860016
812,0.2068055272102356
813,0.255344420671463
814,0.26358240842819214
815,0.20568539202213287
816,0.24439558386802673
817,0.23133371770381927
818,0.22647346556186676
819,0.2383004128932953
820,0.23616516590118408
821,0.244231715798378
822,0.244231715798378
823,0.2481331080198288
824,0.2481331080198288
825,0.2398424595594406
826,0.2398424595594406
827,0.23352232575416565
828,0.2431265115737915
829,0.2431265115737915
830,0.24678905308246613
831,0.2230619341135025
832,0.2422582060098648
833,0.2422582060098648
834,0.24335218966007233
835,0.24069450795650482
836,0.22952762246131897
837,0.24395433068275452
838,0.22634822130203247
839,0.21925581991672516
840,0.21810436248779297
841,0.21810436248779297
842,0.23687203228473663
843,0.23481829464435577
844,0.23481829464435577
845,0.23337477445602417
846,0.23341965675354004
847,0.20071172714233398
848,0.20071172714233398
849,0.23367705941200256
850,0.23367705941200256
851,0.23679594695568085
852,0.23679594695568085
853,0.23967096209526062
854,0.23967096209526062
855,0.2203473001718521
856,0.2507617175579071
857,0.23679408431053162
858,0.23679408431053162
859,0.2477705478668213
860,0.2477705478668213
861,0.23733274638652802
862,0.24541258811950684
863,0.24541258811950684
864,0.2443002164363861
865,0.2443002164363861
866,0.23876729607582092
867,0.2242395579814911
868,0.24848002195358276
869,0.22645357251167297
870,0.24613724648952484
871,0.24665093421936035
872,0.24665093421936035
873,0.24484489858150482
874,0.24484489858150482
875,0.24034279584884644
876,0.24034279584884644
877,0.24023431539535522
878,0.20272618532180786
879,0.2381124645471573
880,0.2381124645471573
881,0.21058407425880432
882,0.21058407425880432
883,0.2247546911239624
884,0.24877938628196716
885,0.23678116500377655
886,0.23696386814117432
887,0.2281893640756607
888,0.25049659609794617
889,0.25118979811668396
890,0.2294190227985382
891,0.24382233619689941
892,0.2508394718170166
893,0.23439250886440277
894,0.23889313638210297
895,0.2434415966272354
896,0.2517010569572449
897,0.2565650939941406
898,0.2534755766391754
899,0.22804522514343262
900,0.24670284986495972
901,0.22571738064289093
902,0.24903571605682373
903,0.24903571605682373
904,0.2321401685476303
905,0.2574871778488159
906,0.2574871778488159
907,0.23722513020038605
908,0.23669132590293884
909,0.23777270317077637
910,0.23661138117313385
911,0.25577694177627563
912,0.25577694177627563
913,0.258506178855896
914,0.257743775844574
915,0.25027844309806824
916,0.24611979722976685
917,0.22025345265865326
918,0.2013489007949829
919,0.21977084875106812
920,0.21977084875106812
921,0.23933127522468567
922,0.22896571457386017
923,0.22896571457386017
924,0.2232377529144287
925,0.2288265973329544
926,0.25736600160598755
927,0.254941463470459
928,0.28143686056137085
929,0.24904631078243256
930,0.2415483593940735
931,0.20227555930614471
932,0.24479788541793823
933,0.2538265287876129
934,0.2538265287876129
935,0.23441243171691895
936,0.2509520649909973
937,0.2563698887825012
938,0.253539502620697
939,0.25387367606163025
940,0.2429196834564209
941,0.23202121257781982
942,0.23456917703151703
943,0.2370365560054779
944,0.2491244673728943
945,0.259537935256958
946,0.24387064576148987
947,0.22534796595573425
948,0.22534796595573425
949,0.23017141222953796
950,0.23017141222953796
951,0.2305886149406433
952,0.23775875568389893
953,0.23775875568389893
954,0.25086864829063416
955,0.25437062978744507
956,0.22629031538963318
957,0.22629031538963318
958,0.2385430932044983
959,0.2190047800540924
960,0.2190047800540924
961,0.22605390846729279
962,0.2266266942024231
963,0.25251665711402893
964,0.25251665711402893
965,0.21587781608104706
966,0.21587781608104706
967,0.2321440875530243
968,0.2321440875530243
969,0.22286489605903625
970,0.21556758880615234
971,0.2524133622646332
972,0.2540339231491089
973,0.2433546483516693
974,0.2433546483516693
975,0.22682155668735504
976,0.25138747692108154
977,0.25138747692108154
978,0.24104540050029755
979,0.24415405094623566
980,0.25148317217826843
981,0.25148317217826843
982,0.251311331987381
983,0.24351416528224945
984,0.24351416528224945
985,0.2416330724954605
986,0.23732921481132507
987,0.2094745934009552
988,0.24507272243499756
989,0.24575649201869965
990,0.21721230447292328
991,0.25645482540130615
992,0.23832471668720245
993,0.23832471668720245
994,0.21104168891906738
995,0.21104168891906738
996,0.2380046397447586
997,0.2974092662334442
998,0.21465127170085907
999,0.2536596953868866
1000,0.2499527931213379
1001,0.25004255771636963
1002,0.2122877687215805
1003,0.2335374802350998
1004,0.2335374802350998
1005,0.19775204360485077
1006,0.23498883843421936
1007,0.24022163450717926
1008,0.23556596040725708
1009,0.23556596040725708
1010,0.21191652119159698
1011,0.21191652119159698
1012,0.24309015274047852
1013,0.24309015274047852
1014,0.259447306394577
1015,0.259447306394577
1016,0.21425342559814453
1017,0.22310231626033783
1018,0.22310231626033783
1019,0.23001499474048615
1020,0.23001499474048615
1021,0.22959738969802856
1022,0.2489512860774994
1023,0.2489512860774994
1024,0.24084797501564026
1025,0.2544352114200592
1026,0.23114903271198273
1027,0.23114903271198273
1028,0.20983345806598663
1029,0.2132769078016281
1030,0.22522024810314178
1031,0.22338040173053741
1032,0.22191597521305084
1033,0.22191597521305084
1034,0.22512422502040863
1035,0.23845593631267548
1036,0.26913565397262573
1037,0.23028743267059326
1038,0.23028743267059326
1039,0.2528468370437622
1040,0.2078372836112976
1041,0.23786452412605286
1042,0.2582559883594513
1043,0.23834362626075745
1044,0.23834362626075745
1045,0.21633246541023254
1046,0.24200724065303802
1047,0.23717430233955383
1048,0.25132545828819275
1049,0.24926237761974335
1050,0.25881925225257874
1051,0.25881925225257874
1052,0.24289605021476746
1053,0.25173237919807434
1054,0.23966841399669647
1055,0.2634742259979248
1056,0.259206622838974
1057,0.2409844994544983
1058,0.23114368319511414
1059,0.21884840726852417
1060,0.20847934484481812
1061,0.20847934484481812
1062,0.20784854888916016
1063,0.2176842838525772
1064,0.23364657163619995
1065,0.2660940885543823
1066,0.23994813859462738
1067,0.2559857666492462
1068,0.2318168729543686
1069,0.23640181124210358
1070,0.2501533031463623
1071,0.2620537579059601
1072,0.2620537579059601
1073,0.23435762524604797
1074,0.22240804135799408
1075,0.22240804135799408
1076,0.23915202915668488
1077,0.24099496006965637
1078,0.24099496006965637
1079,0.22870536148548126
1080,0.23057495057582855
1081,0.23057495057582855
1082,0.24924518167972565
1083,0.2409449964761734
1084,0.2409449964761734
1085,0.2537805140018463
1086,0.23918873071670532
1087,0.23918873071670532
1088,0.21263308823108673
1089,0.23979584872722626
1090,0.23979584872722626
1091,0.24420706927776337
1092,0.24420706927776337
1093,0.2270318567752838
1094,0.2270318567752838
1095,0.2503589391708374
1096,0.2503589391708374
1097,0.23704589903354645
1098,0.23704589903354645
1099,0.23034903407096863
1100,0.23034903407096863
1101,0.2341001331806183
1102,0.2341001331806183
1103,0.22339092195034027
1104,0.22339092195034027
1105,0.24433627724647522
1106,0.24433627724647522
1107,0.24104586243629456
1108,0.24104586243629456
1109,0.2541101574897766
1110,0.2541101574897766
1111,0.2588594853878021
1112,0.2588594853878021
1113,0.23995722830295563
1114,0.23995722830295563
1115,0.25333988666534424
1116,0.25333988666534424
1117,0.23181968927383423
1118,0.23181970417499542
1119,0.2276136428117752
1120,0.2525715231895447
1121,0.2406778782606125
1122,0.2406778782606125
1123,0.2524569034576416
1124,0.25259914994239807
1125,0.2526376247406006
1126,0.22088509798049927
1127,0.22088509798049927
1128,0.25552454590797424
1129,0.25552454590797424
1130,0.22965463995933533
1131,0.21700873970985413
1132,0.21700873970985413
1133,0.22519463300704956
1134,0.22519463300704956
1135,0.20915493369102478
1136,0.20915493369102478
1137,0.23645204305648804
1138,0.23645204305648804
1139,0.24536561965942383
1140,0.24536561965942383
1141,0.24095481634140015
1142,0.19113606214523315
1143,0.22914950549602509
1144,0.25203147530555725
1145,0.25203147530555725
1146,0.23043358325958252
1147,0.23043358325958252
1148,0.2220456451177597
1149,0.2363181859254837
1150,0.2363181859254837
1151,0.2524588108062744
1152,0.23149307072162628
1153,0.23149307072162628
1154,0.2485356330871582
1155,0.2485356330871582
1156,0.24139362573623657
1157,0.24139362573623657
1158,0.23349295556545258
1159,0.23500663042068481
1160,0.23500663042068481
1161,0.2329348921775818
1162,0.22251397371292114
1163,0.20379512012004852
1164,0.22785663604736328
1165,0.2452632486820221
1166,0.20351234078407288
1167,0.26893433928489685
1168,0.21449173986911774
1169,0.24382899701595306
1170,0.2340446412563324
1171,0.2171679586172104
1172,0.2270338088274002
1173,0.23859262466430664
1174,0.23899170756340027
1175,0.21977820992469788
1176,0.21977820992469788
1177,0.22270481288433075
1178,0.24029207229614258
1179,0.24029207229614258
1180,0.23361974954605103
1181,0.2566353976726532
1182,0.2566353976726532
1183,0.21478775143623352
1184,0.24494770169258118
1185,0.24494770169258118
1186,0.25454482436180115
1187,0.25454482436180115
1188,0.2520526051521301
1189,0.2498929351568222
1190,0.22009515762329102
1191,0.25097084045410156
1192,0.25097084045410156
1193,0.2232382595539093
1194,0.2232382595539093
1195,0.22679629921913147
1196,0.22679629921913147
1197,0.24758026003837585
1198,0.24535419046878815
1199,0.23542726039886475
1200,0.25331437587738037
1201,0.30677539110183716
1202,0.21287578344345093
1203,0.21287578344345093
1204,0.232914000749588
1205,0.232914000749588
1206,0.25772514939308167
1207,0.25380367040634155
1208,0.22438561916351318
1209,0.22997327148914337
1210,0.22446151077747345
1211,0.23084504902362823
1212,0.2461957037448883
1213,0.2461957037448883
1214,0.20753483474254608
1215,0.2335754930973053
1216,0.2335754930973053
1217,0.1946181058883667
1218,0.2334911972284317
1219,0.2169376015663147
1220,0.2445487380027771
1221,0.2445487380027771
1222,0.24087777733802795
1223,0.2695106565952301
1224,0.2284151315689087
1225,0.24471816420555115
1226,0.2448301911354065
1227,0.2448301911354065
1228,0.2624584436416626
1229,0.2511247992515564
1230,0.2267175018787384
1231,0.21317899227142334
1232,0.22662530839443207
1233,0.22662530839443207
1234,0.23681938648223877
1235,0.252338171005249
1236,0.2545880377292633
1237,0.23124408721923828
1238,0.20660893619060516
1239,0.2391689270734787
1240,0.21547910571098328
1241,0.21547910571098328
1242,0.21167954802513123
1243,0.23081588745117188
1244,0.23081588745117188
1245,0.2349858283996582
1246,0.2349858283996582
1247,0.25297045707702637
1248,0.20266090333461761
1249,0.23438429832458496
1250,0.23438429832458496
1251,0.22796531021595
1252,0.22796531021595
1253,0.2246691733598709
1254,0.24810130894184113
1255,0.2564411461353302
1256,0.2564411461353302
1257,0.25368455052375793
1258,0.25368455052375793
1259,0.2236165702342987
1260,0.2236165702342987
1261,0.21479973196983337
1262,0.21479973196983337
1263,0.23684103786945343
1264,0.24145515263080597
1265,0.23930585384368896
1266,0.23930585384368896
1267,0.24157041311264038
1268,0.22553768754005432
1269,0.22553768754005432
1270,0.22455866634845734
1271,0.22455866634845734
1272,0.2256016582250595
1273,0.2254045456647873
1274,0.24515239894390106
1275,0.24527131021022797
1276,0.2314169555902481
1277,0.257604718208313
1278,0.2431233525276184
1279,0.19521990418434143
1280,0.2800418734550476
1281,0.2232063114643097
1282,0.20816627144813538
1283,0.2309386134147644
1284,0.24462485313415527
1285,0.21173371374607086
1286,0.24494242668151855
1287,0.25008827447891235
1288,0.2502477765083313
1289,0.26178425550460815
1290,0.26652637124061584
1291,0.29087358713150024
1292,0.23249243199825287
1293,0.19581127166748047
1294,0.22859406471252441
1295,0.27093756198883057
1296,0.24700616300106049
1297,0.21878400444984436
1298,0.18854805827140808
1299,0.22116266191005707
1300,0.21772943437099457
1301,0.22864921391010284
1302,0.224365234375
1303,0.224365234375
1304,0.22140315175056458
1305,0.22140315175056458
1306,0.25477495789527893
1307,0.2481645792722702
1308,0.24720001220703125
1309,0.2429165095090866
1310,0.26059141755104065
1311,0.26059141755104065
1312,0.23411297798156738
1313,0.18903906643390656
1314,0.22558018565177917
1315,0.2413565069437027
1316,0.23770621418952942
1317,0.23812620341777802
1318,0.23812620341777802
1319,0.24915838241577148
1320,0.2531483769416809
1321,0.22952871024608612
1322,0.22952871024608612
1323,0.23902000486850739
1324,0.23902000486850739
1325,0.23857271671295166
1326,0.2341781109571457
1327,0.23373664915561676
1328,0.2574913203716278
1329,0.23324093222618103
1330,0.23126325011253357
1331,0.2299371361732483
1332,0.2299371361732483
1333,0.24684876203536987
1334,0.2232755571603775
1335,0.24717575311660767
1336,0.21946921944618225
1337,0.21946921944618225
1338,0.22086934745311737
1339,0.22086934745311737
1340,0.2407308965921402
1341,0.2407308965921402
1342,0.22188174724578857
1343,0.21364513039588928
1344,0.21364513039588928
1345,0.21473580598831177
1346,0.21473580598831177
1347,0.21409669518470764
1348,0.21409669518470764
1349,0.21494917571544647
1350,0.21494917571544647
1351,0.22985482215881348
1352,0.22985482215881348
1353,0.23679977655410767
1354,0.2372613400220871
1355,0.2537108063697815
1356,0.2537108063697815
1357,0.2723950445652008
1358,0.22087827324867249
1359,0.2258160412311554
1360,0.22342494130134583
1361,0.22463464736938477
1362,0.22783586382865906
1363,0.23973561823368073
1364,0.24928101897239685
1365,0.24928101897239685
1366,0.22504541277885437
1367,0.22631601989269257
1368,0.24830205738544464
1369,0.23652949929237366
1370,0.23652949929237366
1371,0.24530920386314392
1372,0.24530920386314392
1373,0.23786328732967377
1374,0.208952397108078
1375,0.2448979914188385
1376,0.24331094324588776
1377,0.23227399587631226
1378,0.23227399587631226
1379,0.24202896654605865
1380,0.24202896654605865
1381,0.24603372812271118
1382,0.24603372812271118
1383,0.24350719153881073
1384,0.24350719153881073
1385,0.219828799366951
1386,0.219828799366951
1387,0.2379603087902069
1388,0.2379603087902069
1389,0.24663567543029785
1390,0.25097426772117615
1391,0.22581276297569275
1392,0.22581276297569275
1393,0.2069832682609558
1394,0.2069832682609558
1395,0.23731407523155212
1396,0.23731407523155212
1397,0.25010791420936584
1398,0.25010791420936584
1399,0.26369497179985046
1400,0.26369497179985046
1401,0.26417210698127747
1402,0.26417210698127747
1403,0.26196399331092834
1404,0.26196399331092834
1405,0.26682302355766296
1406,0.26682302355766296
1407,0.2639974355697632
1408,0.2639974355697632
1409,0.25254324078559875
1410,0.25254324078559875
1411,0.24717378616333008
1412,0.22968855500221252
1413,0.22968855500221252
1414,0.3127106726169586
1415,0.23261931538581848
1416,0.22255021333694458
1417,0.22255021333694458
1418,0.2296823412179947
1419,0.2296823412179947
1420,0.23165318369865417
1421,0.23165318369865417
1422,0.2215161919593811
1423,0.2215161919593811
1424,0.22815370559692383
1425,0.22815370559692383
1426,0.24602267146110535
1427,0.24602267146110535
1428,0.22897469997406006
1429,0.22897469997406006
1430,0.25376570224761963
1431,0.2453632950782776
1432,0.21486110985279083
1433,0.21486110985279083
1434,0.2234412282705307
1435,0.2234412282705307
1436,0.217678502202034
1437,0.217678502202034
1438,0.23406419157981873
1439,0.226710245013237
1440,0.21136826276779175
1441,0.21136826276779175
1442,0.24395708739757538
1443,0.24395708739757538
1444,0.21690733730793
1445,0.22701887786388397
1446,0.22809158265590668
1447,0.22809158265590668
1448,0.23992657661437988
1449,0.21962247788906097
1450,0.21962247788906097
1451,0.2359716296195984
1452,0.2359716296195984
1453,0.24357005953788757
1454,0.23848329484462738
1455,0.22535021603107452
1456,0.2145153433084488
1457,0.2145153433084488
1458,0.2433033436536789
1459,0.2433033436536789
1460,0.23813898861408234
1461,0.22910812497138977
1462,0.22910812497138977
1463,0.2285747528076172
1464,0.2285747528076172
1465,0.2235971987247467
1466,0.2235971987247467
1467,0.2374836504459381
1468,0.2374836504459381
1469,0.24053366482257843
1470,0.2295323610305786
1471,0.2295323610305786
1472,0.25079163908958435
1473,0.25079163908958435
1474,0.2493586391210556
1475,0.24550026655197144
1476,0.25403451919555664
1477,0.24142944812774658
1478,0.20793962478637695
1479,0.22755713760852814
1480,0.22798675298690796
1481,0.20877330005168915
1482,0.20877330005168915
1483,0.2126983404159546
1484,0.3035629093647003
1485,0.22832603752613068
1486,0.22832603752613068
1487,0.24473139643669128
1488,0.23293572664260864
1489,0.22875581681728363
1490,0.36412113904953003
1491,0.22584868967533112
1492,0.23966294527053833
1493,0.2767516076564789
1494,0.2838161885738373
1495,0.30033329129219055
1496,0.22688154876232147
1497,0.22688154876232147
1498,0.22675074636936188
1499,0.2280774712562561
1500,0.2280774712562561
1501,0.2551107704639435
1502,0.21783478558063507
1503,0.21783478558063507
1504,0.2274748533964157
1505,0.20245370268821716
1506,0.23362481594085693
1507,0.23362481594085693
1508,0.23326073586940765
1509,0.24353395402431488
1510,0.2028668075799942
1511,0.21041080355644226
1512,0.22847063839435577
1513,0.22847063839435577
1514,0.20890173316001892
1515,0.21250855922698975
1516,0.2184341549873352
1517,0.20850852131843567
1518,0.2518564462661743
1519,0.23664534091949463
1520,0.24460235238075256
1521,0.23265263438224792
1522,0.23531821370124817
1523,0.23558616638183594
1524,0.23085518181324005
1525,0.22928203642368317
1526,0.2411058247089386
1527,0.22716590762138367
1528,0.22716590762138367
1529,0.22248351573944092
1530,0.22248351573944092
1531,0.29426777362823486
1532,0.22287403047084808
1533,0.2528252601623535
1534,0.22897835075855255
1535,0.22897835075855255
1536,0.2428443431854248
1537,0.2428443431854248
1538,0.23283182084560394
1539,0.21863900125026703
1540,0.24634680151939392
1541,0.24634680151939392
1542,0.24075645208358765
1543,0.24075645208358765
1544,0.25586390495300293
1545,0.2032269984483719
1546,0.23886153101921082
1547,0.20414598286151886
1548,0.20414598286151886
1549,0.2265080362558365
1550,0.2265080362558365
1551,0.2414027452468872
1552,0.24694961309432983
1553,0.26288002729415894
1554,0.2346353530883789
1555,0.2266809493303299
1556,0.2266809493303299
1557,0.23364481329917908
1558,0.23444685339927673
1559,0.21351821720600128
1560,0.2874250113964081
1561,0.27317336201667786
1562,0.23770126700401306
1563,0.21608966588974
1564,0.24369306862354279
1565,0.2311207354068756
1566,0.20319139957427979
1567,0.20319139957427979
1568,0.20589345693588257
1569,0.22490103542804718
1570,0.22523336112499237
1571,0.22523336112499237
1572,0.2009023129940033
1573,0.23345397412776947
1574,0.2353726625442505
1575,0.22635097801685333
1576,0.2234814316034317
1577,0.2528006136417389
1578,0.2801768183708191
1579,0.24519287049770355
1580,0.21765340864658356
1581,0.20854851603507996
1582,0.23398813605308533
1583,0.21124574542045593
1584,0.2562566101551056
1585,0.20956847071647644
1586,0.24751746654510498
1587,0.2639170289039612
1588,0.23683468997478485
1589,0.24165228009223938
1590,0.23347827792167664
1591,0.23347827792167664
1592,0.2254798710346222
1593,0.2254798710346222
1594,0.1937641203403473
1595,0.23646175861358643
1596,0.23646175861358643
1597,0.2233218103647232
1598,0.2233218103647232
1599,0.23229937255382538
1600,0.23229937255382538
1601,0.21978791058063507
1602,0.20966152846813202
1603,0.20966152846813202
1604,0.2695021629333496
1605,0.2665286958217621
1606,0.26161712408065796
1607,0.24938614666461945
1608,0.22511669993400574
1609,0.25159260630607605
1610,0.23622675240039825
1611,0.21438710391521454
1612,0.2559104859828949
1613,0.2559753358364105
1614,0.2897292971611023
1615,0.21319451928138733
1616,0.21319451928138733
1617,0.2393505871295929
1618,0.20999343693256378
1619,0.21688216924667358
1620,0.22859372198581696
1621,0.23688791692256927
1622,0.2609810531139374
1623,0.2609810531139374
1624,0.2439742535352707
1625,0.24264094233512878
1626,0.21364223957061768
1627,0.2244090735912323
1628,0.2244090735912323
1629,0.2534395754337311
1630,0.2345895767211914
1631,0.2534385025501251
1632,0.23705898225307465
1633,0.22108130156993866
1634,0.22521843016147614
1635,0.22521843016147614
1636,0.19279611110687256
1637,0.22536715865135193
1638,0.22536715865135193
1639,0.2424522489309311
1640,0.25160813331604004
1641,0.25157612562179565
1642,0.22696995735168457
1643,0.2306673228740692
1644,0.230646550655365
1645,0.2480219602584839
1646,0.22703632712364197
1647,0.2283289134502411
1648,0.18605586886405945
1649,0.2452283501625061
1650,0.25042441487312317
1651,0.2383233606815338
1652,0.271869421005249
1653,0.25102758407592773
1654,0.25145629048347473
1655,0.21133069694042206
1656,0.206687331199646
1657,0.2270815372467041
1658,0.24058498442173004
1659,0.2657862603664398
1660,0.21364711225032806
1661,0.2092752605676651
1662,0.26406630873680115
1663,0.27086031436920166
1664,0.2029208242893219
1665,0.24784070253372192
1666,0.22972215712070465
1667,0.23002855479717255
1668,0.2374592423439026
1669,0.22958040237426758
1670,0.2462177276611328
1671,0.2462177276611328
1672,0.2504098415374756
1673,0.2504098415374756
1674,0.24630078673362732
1675,0.24630078673362732
1676,0.23023968935012817
1677,0.2459077090024948
1678,0.2459077090024948
1679,0.2521774172782898
1680,0.23002508282661438
1681,0.24770599603652954
1682,0.24770599603652954
1683,0.25392594933509827
1684,0.25244271755218506
1685,0.2372279018163681
1686,0.24184806644916534
1687,0.234336256980896
1688,0.20903946459293365
1689,0.2107020765542984
1690,0.2107020765542984
1691,0.24690452218055725
1692,0.24219708144664764
1693,0.24219708144664764
1694,0.24330830574035645
1695,0.24330663681030273
1696,0.20252084732055664
1697,0.20252084732055664
1698,0.2675783634185791
1699,0.2675783634185791
1700,0.2685137689113617
1701,0.2685137689113617
1702,0.27097564935684204
1703,0.27097564935684204
1704,0.2401503622531891
1705,0.2822507917881012
1706,0.2683427631855011
1707,0.2683427631855011
1708,0.26771974563598633
1709,0.26771974563598633
1710,0.2626986503601074
1711,0.27394452691078186
1712,0.27394452691078186
1713,0.2689191699028015
1714,0.2689191699028015
1715,0.263548344373703
1716,0.25847503542900085
1717,0.2688348591327667
1718,0.245223730802536
1719,0.2731199860572815
1720,0.27507051825523376
1721,0.27507051825523376
1722,0.2751980423927307
1723,0.2751980423927307
1724,0.267792284488678
1725,0.267792284488678
1726,0.2638971209526062
1727,0.24838241934776306
1728,0.2764769196510315
1729,0.2764769196510315
1730,0.24845921993255615
1731,0.24845921993255615
1732,0.2572837769985199
1733,0.274857759475708
1734,0.26710253953933716
1735,0.2609080970287323
1736,0.24201273918151855
1737,0.29502272605895996
1738,0.2853197753429413
1739,0.2675333619117737
1740,0.28555482625961304
1741,0.2819353938102722
1742,0.2550258934497833
1743,0.26719987392425537
1744,0.27159810066223145
1745,0.2901405394077301
1746,0.30936872959136963
1747,0.30444851517677307
1748,0.2889818251132965
1749,0.27268171310424805
1750,0.2676055133342743
1751,0.29106825590133667
1752,0.29106825590133667
1753,0.29234373569488525
1754,0.2878182530403137
1755,0.2878182530403137
1756,0.25993919372558594
1757,0.2625444531440735
1758,0.25742605328559875
1759,0.2629726231098175
1760,0.28297173976898193
1761,0.28297173976898193
1762,0.28619176149368286
1763,0.28264185786247253
1764,0.2832627296447754
1765,0.2791735529899597
1766,0.24438922107219696
1767,0.2614443004131317
1768,0.266789048910141
1769,0.266789048910141
1770,0.2769753336906433
1771,0.2745625674724579
1772,0.2745625674724579
1773,0.27051275968551636
1774,0.24199171364307404
1775,0.27988970279693604
1776,0.29048553109169006
1777,0.29228919744491577
1778,0.29899466037750244
1779,0.2709137499332428
1780,0.23993846774101257
1781,0.27754291892051697
1782,0.28388965129852295
1783,0.28388965129852295
1784,0.26869624853134155
1785,0.2881951332092285
1786,0.2823185920715332
1787,0.29191291332244873
1788,0.2868954837322235
1789,0.2729285657405853
1790,0.2618757486343384
1791,0.2689041197299957
1792,0.2626475691795349
1793,0.29442906379699707
1794,0.277641236782074
1795,0.2673051953315735
1796,0.26182401180267334
1797,0.26182401180267334
1798,0.2668590545654297
1799,0.2668590545654297
1800,0.2551535964012146
1801,0.27412742376327515
1802,0.27412742376327515
1803,0.28254902362823486
1804,0.28873392939567566
1805,0.27573224902153015
1806,0.27573224902153015
1807,0.26833376288414
1808,0.2641637623310089
1809,0.2641637623310089
1810,0.23968003690242767
1811,0.2428925633430481
1812,0.29010334610939026
1813,0.29010334610939026
1814,0.2654605805873871
1815,0.2654605805873871
1816,0.2682662606239319
1817,0.2682662606239319
1818,0.2470916509628296
1819,0.24836879968643188
1820,0.26803863048553467
1821,0.2732495069503784
1822,0.28880244493484497
1823,0.28880244493484497
1824,0.25434353947639465
1825,0.2836740016937256
1826,0.2836740016937256
1827,0.26937171816825867
1828,0.2733984887599945
1829,0.28775855898857117
1830,0.28775855898857117
1831,0.28739506006240845
1832,0.27866795659065247
1833,0.27866795659065247
1834,0.26049137115478516
1835,0.26517224311828613
1836,0.23317040503025055
1837,0.2757820188999176
1838,0.2827039957046509
1839,0.24622946977615356
1840,0.28555378317832947
1841,0.26969122886657715
1842,0.26969122886657715
1843,0.27052563428878784
1844,0.27052563428878784
1845,0.27563533186912537
1846,0.33049577474594116
1847,0.25773754715919495
1848,0.2866802513599396
1849,0.2882350981235504
1850,0.28821033239364624
1851,0.258151113986969
1852,0.2707131803035736
1853,0.2707131803035736
1854,0.232817605137825
1855,0.2619447708129883
1856,0.2709130048751831
1857,0.27720141410827637
1858,0.27720141410827637
1859,0.2610281705856323
1860,0.2610281705856323
1861,0.26996666193008423
1862,0.26996666193008423
1863,0.3017086386680603
1864,0.3017086386680603
1865,0.25747501850128174
1866,0.27821552753448486
1867,0.27821552753448486
1868,0.2840177118778229
1869,0.2840177118778229
1870,0.27296119928359985
1871,0.27231401205062866
1872,0.27231401205062866
1873,0.2702067494392395
1874,0.2900645136833191
1875,0.27064815163612366
1876,0.27064815163612366
1877,0.257956862449646
1878,0.24802398681640625
1879,0.23598317801952362
1880,0.2688082456588745
1881,0.2691313326358795
1882,0.2691313326358795
1883,0.27393993735313416
1884,0.2585102617740631
1885,0.28966501355171204
1886,0.2714065611362457
1887,0.2714065611362457
1888,0.28699660301208496
1889,0.250349223613739
1890,0.26382341980934143
1891,0.2914939522743225
1892,0.27029508352279663
1893,0.27029508352279663
1894,0.22676046192646027
1895,0.2967236638069153
1896,0.26980623602867126
1897,0.28229039907455444
1898,0.27978867292404175
1899,0.28978800773620605
1900,0.28978800773620605
1901,0.2775527238845825
1902,0.27969250082969666
1903,0.26749446988105774
1904,0.29102230072021484
1905,0.2788628339767456
1906,0.27075111865997314
1907,0.2666943669319153
1908,0.2639342248439789
1909,0.25874316692352295
1910,0.25874316692352295
1911,0.2512688934803009
1912,0.2576683759689331
1913,0.26699098944664
1914,0.30277636647224426
1915,0.27387574315071106
1916,0.29195958375930786
1917,0.2690466046333313
1918,0.27048975229263306
1919,0.2892226576805115
1920,0.29679346084594727
1921,0.29679346084594727
1922,0.26974576711654663
1923,0.2675783634185791
1924,0.2675783634185791
1925,0.2707868814468384
1926,0.2838720679283142
1927,0.2838720679283142
1928,0.2645651698112488
1929,0.2838795483112335
1930,0.2838795483112335
1931,0.2817198634147644
1932,0.268778532743454
1933,0.268778532743454
1934,0.29309242963790894
1935,0.2820066809654236
1936,0.2820066809654236
1937,0.25325095653533936
1938,0.2799001932144165
1939,0.2799001932144165
1940,0.2797737717628479
1941,0.2797737717628479
1942,0.26775482296943665
1943,0.26775482296943665
1944,0.27504780888557434
1945,0.27504780888557434
1946,0.2701131999492645
1947,0.2701131999492645
1948,0.26872631907463074
1949,0.26872631907463074
1950,0.2713475525379181
1951,0.2713475525379181
1952,0.26460570096969604
1953,0.26460570096969604
1954,0.2680172920227051
1955,0.2680172920227051
1956,0.26984646916389465
1957,0.26984646916389465
1958,0.28321343660354614
1959,0.28321343660354614
1960,0.2857705056667328
1961,0.2857705056667328
1962,0.2794457674026489
1963,0.2794457674026489
1964,0.28422364592552185
1965,0.28422364592552185
1966,0.27518558502197266
1967,0.27518558502197266
1968,0.24973677098751068
1969,0.26924261450767517
1970,0.27944180369377136
1971,0.27944180369377136
1972,0.26595446467399597
1973,0.26360100507736206
1974,0.26233193278312683
1975,0.2747814655303955
1976,0.2747814655303955
1977,0.28761017322540283
1978,0.28761017322540283
1979,0.26261234283447266
1980,0.26431024074554443
1981,0.26431024074554443
1982,0.26988154649734497
1983,0.26988154649734497
1984,0.2598119378089905
1985,0.2598119378089905
1986,0.276768296957016
1987,0.276768296957016
1988,0.26745590567588806
1989,0.26745590567588806
1990,0.2846066653728485
1991,0.2346525341272354
1992,0.240220844745636
1993,0.28235000371932983
1994,0.28235000371932983
1995,0.2733152508735657
1996,0.2733152508735657
1997,0.27045249938964844
1998,0.2675594687461853
1999,0.2675594687461853
2000,0.28361791372299194
2001,0.2724516689777374
2002,0.2724516689777374
2003,0.28199368715286255
2004,0.28199368715286255
2005,0.28364312648773193
2006,0.28364312648773193
2007,0.25978755950927734
2008,0.27595123648643494
2009,0.27595123648643494
2010,0.27433282136917114
2011,0.26961463689804077
2012,0.2625918984413147
2013,0.26455777883529663
2014,0.27726131677627563
2015,0.2524651885032654
2016,0.29281187057495117
2017,0.25868815183639526
2018,0.274476557970047
2019,0.26727718114852905
2020,0.2633165121078491
2021,0.27369019389152527
2022,0.27926766872406006
2023,0.2794738709926605
2024,0.26707378029823303
2025,0.26707378029823303
2026,0.27537107467651367
2027,0.28019919991493225
2028,0.28019919991493225
2029,0.2728515863418579
2030,0.2816249430179596
2031,0.2816249430179596
2032,0.23764362931251526
2033,0.2718839943408966
2034,0.2718839943408966
2035,0.2899322509765625
2036,0.2899322509765625
2037,0.26399344205856323
2038,0.26599234342575073
2039,0.27075162529945374
2040,0.276157408952713
2041,0.276157408952713
2042,0.28124988079071045
2043,0.28124988079071045
2044,0.28223729133605957
2045,0.28223729133605957
2046,0.3143080770969391
2047,0.26919564604759216
2048,0.2724704146385193
2049,0.2792198657989502
2050,0.3372567892074585
2051,0.2718621492385864
2052,0.2718621492385864
2053,0.282542884349823
2054,0.282542884349823
2055,0.2678716778755188
2056,0.3129095733165741
2057,0.25849291682243347
2058,0.2662917971611023
2059,0.27587997913360596
2060,0.26939159631729126
2061,0.2760605812072754
2062,0.2760605812072754
2063,0.25903254747390747
2064,0.2713761329650879
2065,0.2713761329650879
2066,0.25610730051994324
2067,0.2533944547176361
2068,0.2643595337867737
2069,0.28306305408477783
2070,0.28306305408477783
2071,0.2724291682243347
2072,0.2848156988620758
2073,0.2639048993587494
2074,0.26302656531333923
2075,0.2710036337375641
2076,0.2710036337375641
2077,0.28395241498947144
2078,0.27160659432411194
2079,0.2671489417552948
2080,0.257240891456604
2081,0.2795817255973816
2082,0.2795817255973816
2083,0.2657121419906616
2084,0.2945731580257416
2085,0.29565316438674927
2086,0.27793028950691223
2087,0.26222753524780273
2088,0.27574628591537476
2089,0.268375039100647
2090,0.268375039100647
2091,0.2574853003025055
2092,0.2724257707595825
2093,0.2724257707595825
2094,0.27771836519241333
2095,0.27771836519241333
2096,0.28581979870796204
2097,0.2821662425994873
2098,0.2721196413040161
2099,0.2721196413040161
2100,0.2773858606815338
2101,0.2773858606815338
2102,0.27538222074508667
2103,0.2733863592147827
2104,0.29399827122688293
2105,0.29399827122688293
2106,0.2767210304737091
2107,0.2767210304737091
2108,0.26512807607650757
2109,0.26512807607650757
2110,0.26824697852134705
2111,0.26824697852134705
2112,0.25992685556411743
2113,0.26116523146629333
2114,0.2676587998867035
2115,0.2676587998867035
2116,0.2646486461162567
2117,0.2756597399711609
2118,0.2756597399711609
2119,0.26676416397094727
2120,0.26676416397094727
2121,0.23753240704536438
2122,0.23669882118701935
2123,0.26459407806396484
2124,0.28092923760414124
2125,0.25434696674346924
2126,0.30975210666656494
2127,0.2660209536552429
2128,0.25378847122192383
2129,0.3074362874031067
2130,0.2657892405986786
2131,0.2632192075252533
2132,0.2688184380531311
2133,0.2683729827404022
2134,0.27130377292633057
2135,0.2615143060684204
2136,0.26646679639816284
2137,0.26654040813446045
2138,0.29752177000045776
2139,0.29851776361465454
2140,0.3257417678833008
2141,0.26197028160095215
2142,0.2583009898662567
2143,0.2534675598144531
2144,0.29639944434165955
2145,0.28462085127830505
2146,0.2603073716163635
2147,0.2307504117488861
2148,0.260701984167099
2149,0.255691796541214
2150,0.2670663297176361
2151,0.2746833264827728
2152,0.2746833264827728
2153,0.28365325927734375
2154,0.28365325927734375
2155,0.28969088196754456
2156,0.29060935974121094
2157,0.280914843082428
2158,0.27540323138237
2159,0.28863221406936646
2160,0.28863221406936646
2161,0.2595409154891968
2162,0.22935497760772705
2163,0.28028327226638794
2164,0.2803041934967041
2165,0.25543147325515747
2166,0.2797715365886688
2167,0.2797715365886688
2168,0.31217247247695923
2169,0.288147896528244
2170,0.2744969129562378
2171,0.2744969129562378
2172,0.27547600865364075
2173,0.27547600865364075
2174,0.2783149480819702
2175,0.2752876877784729
2176,0.27945342659950256
2177,0.2986108362674713
2178,0.27771008014678955
2179,0.2635743319988251
2180,0.2734445333480835
2181,0.2734445333480835
2182,0.2767629623413086
2183,0.26568302512168884
2184,0.27396127581596375
2185,0.2598053216934204
2186,0.2598053216934204
2187,0.2774569094181061
2188,0.2774569094181061
2189,0.2672506868839264
2190,0.2672506868839264
2191,0.255565345287323
2192,0.2657912075519562
2193,0.2657912075519562
2194,0.26555684208869934
2195,0.26555684208869934
2196,0.26548680663108826
2197,0.26548680663108826
2198,0.2648521661758423
2199,0.2648521661758423
2200,0.2702171802520752
2201,0.2702171802520752
2202,0.27058500051498413
2203,0.2709349989891052
2204,0.28565099835395813
2205,0.28565099835395813
2206,0.3050711154937744
2207,0.2526429295539856
2208,0.23845650255680084
2209,0.2513619661331177
2210,0.233644500374794
2211,0.25202909111976624
2212,0.26801443099975586
2213,0.30507174134254456
2214,0.30507174134254456
2215,0.23532988131046295
2216,0.2411770224571228
2217,0.28689536452293396
2218,0.2722310423851013
2219,0.2722310423851013
2220,0.2830268144607544
2221,0.2830268144607544
2222,0.26686421036720276
2223,0.22843600809574127
2224,0.2648830711841583
2225,0.26705658435821533
2226,0.2699178159236908
2227,0.2699178159236908
2228,0.2827647030353546
2229,0.2827647030353546
2230,0.28444796800613403
2231,0.28444796800613403
2232,0.2793780565261841
2233,0.2793780565261841
2234,0.2671148478984833
2235,0.2671148478984833
2236,0.27352482080459595
2237,0.27352482080459595
2238,0.28686410188674927
2239,0.2910802662372589
2240,0.2718605101108551
2241,0.2718605101108551
2242,0.25740352272987366
2243,0.25740352272987366
2244,0.26957830786705017
2245,0.26957830786705017
2246,0.28588545322418213
2247,0.28588545322418213
2248,0.2939140796661377
2249,0.2939140796661377
2250,0.29431143403053284
2251,0.29431143403053284
2252,0.2991025745868683
2253,0.2991025745868683
2254,0.29532867670059204
2255,0.29532867670059204
2256,0.29630473256111145
2257,0.29630473256111145
2258,0.2850622236728668
2259,0.2850622236728668
2260,0.2767077088356018
2261,0.27022576332092285
2262,0.27022576332092285
2263,0.3412097692489624
2264,0.26775723695755005
2265,0.2722041606903076
2266,0.2722041606903076
2267,0.283420205116272
2268,0.283420205116272
2269,0.2780269384384155
2270,0.2780269384384155
2271,0.26807093620300293
2272,0.26807093620300293
2273,0.2693707048892975
2274,0.2693707048892975
2275,0.2796105742454529
2276,0.2796105742454529
2277,0.26881325244903564
2278,0.26881325244903564
2279,0.29029762744903564
2280,0.2765781879425049
2281,0.26478978991508484
2282,0.26478978991508484
2283,0.26956331729888916
2284,0.26956331729888916
2285,0.2672337293624878
2286,0.2672337293624878
2287,0.2711411118507385
2288,0.2486858367919922
2289,0.2615430951118469
2290,0.2615430951118469
2291,0.2812199890613556
2292,0.2812199890613556
2293,0.26188766956329346
2294,0.24488776922225952
2295,0.26900824904441833
2296,0.26900824904441833
2297,0.2561768889427185
2298,0.26247045397758484
2299,0.26247045397758484
2300,0.2784152626991272
2301,0.2784152626991272
2302,0.27383852005004883
2303,0.26574572920799255
2304,0.2621355950832367
2305,0.2783445715904236
2306,0.2783445715904236
2307,0.2915925979614258
2308,0.2915925979614258
2309,0.27775874733924866
2310,0.2719249427318573
2311,0.2719249427318573
2312,0.2810799181461334
2313,0.2810799181461334
2314,0.2676076889038086
2315,0.2676076889038086
2316,0.26808270812034607
2317,0.26808270812034607
2318,0.26534855365753174
2319,0.27440381050109863
2320,0.27440381050109863
2321,0.2871810793876648
2322,0.2871810793876648
2323,0.28877031803131104
2324,0.28513607382774353
2325,0.28146103024482727
2326,0.27061909437179565
2327,0.25552651286125183
2328,0.2605949640274048
2329,0.24998794496059418
2330,0.2651614546775818
2331,0.2651614546775818
2332,0.26691704988479614
2333,0.33513838052749634
2334,0.268880695104599
2335,0.268880695104599
2336,0.2697453498840332
2337,0.25876596570014954
2338,0.30043625831604004
2339,0.3765423893928528
2340,0.25070688128471375
2341,0.2619941830635071
2342,0.31657934188842773
2343,0.32053646445274353
2344,0.33288639783859253
2345,0.26804596185684204
2346,0.26804596185684204
2347,0.2826538681983948
2348,0.26395708322525024
2349,0.26395708322525024
2350,0.27926918864250183
2351,0.2637404799461365
2352,0.2637404799461365
2353,0.2471974492073059
2354,0.24982309341430664
2355,0.2661619186401367
2356,0.2661619186401367
2357,0.2746497392654419
2358,0.2702312171459198
2359,0.23914718627929688
2360,0.25529956817626953
2361,0.28428834676742554
2362,0.28428834676742554
2363,0.275331050157547
2364,0.2661513388156891
2365,0.267607718706131
2366,0.27969253063201904
2367,0.27567505836486816
2368,0.26869258284568787
2369,0.3166511654853821
2370,0.2726459503173828
2371,0.2758156359195709
2372,0.2969222664833069
2373,0.2593335509300232
2374,0.29141339659690857
2375,0.2729601263999939
2376,0.2827721834182739
2377,0.2827721834182739
2378,0.27904796600341797
2379,0.27904796600341797
2380,0.3281547427177429
2381,0.25970175862312317
2382,0.27633368968963623
2383,0.2767431139945984
2384,0.2767431139945984
2385,0.2828095853328705
2386,0.2828095853328705
2387,0.2957022190093994
2388,0.2669522762298584
2389,0.2840908467769623
2390,0.2840908467769623
2391,0.2817458212375641
2392,0.2817458212375641
2393,0.2826318144798279
2394,0.25557753443717957
2395,0.26751336455345154
2396,0.26409125328063965
2397,0.26409125328063965
2398,0.2723090648651123
2399,0.2723090648651123
2400,0.2707903981208801
2401,0.2716362774372101
2402,0.30575746297836304
2403,0.2643561363220215
2404,0.27741312980651855
2405,0.27741312980651855
2406,0.28069525957107544
2407,0.27147114276885986
2408,0.2586320638656616
2409,0.32317817211151123
2410,0.314669668674469
2411,0.2671775817871094
2412,0.26825204491615295
2413,0.271695613861084
2414,0.2795356512069702
2415,0.2605878710746765
2416,0.2605878710746765
2417,0.24580678343772888
2418,0.27783203125
2419,0.2749592065811157
2420,0.2749592065811157
2421,0.2630058526992798
2422,0.2805688679218292
2423,0.2746247947216034
2424,0.27379265427589417
2425,0.2646436095237732
2426,0.29150938987731934
2427,0.3185312747955322
2428,0.2675676643848419
2429,0.26455166935920715
2430,0.28366193175315857
2431,0.25957417488098145
2432,0.26151591539382935
2433,0.30521857738494873
2434,0.2573702931404114
2435,0.27186664938926697
2436,0.3079448342323303
2437,0.2875951826572418
2438,0.28085750341415405
2439,0.28094592690467834
2440,0.28094592690467834
2441,0.2790454924106598
2442,0.2790454924106598
2443,0.2450798749923706
2444,0.27273526787757874
2445,0.27273526787757874
2446,0.2661801874637604
2447,0.2661801874637604
2448,0.26564714312553406
2449,0.26564714312553406
2450,0.276176393032074
2451,0.2687534987926483
2452,0.2687534987926483
2453,0.31258589029312134
2454,0.31031471490859985
2455,0.3037821054458618
2456,0.2723560929298401
2457,0.2739335000514984
2458,0.26828059554100037
2459,0.2809702455997467
2460,0.2681933343410492
2461,0.29825928807258606
2462,0.2982383966445923
2463,0.3279842138290405
2464,0.2611026465892792
2465,0.2611026465892792
2466,0.27097082138061523
2467,0.2626408338546753
2468,0.2742263674736023
2469,0.2656175196170807
2470,0.2801317274570465
2471,0.28454917669296265
2472,0.28454917669296265
2473,0.2703063488006592
2474,0.2653978765010834
2475,0.2685391306877136
2476,0.2617267966270447
2477,0.2617267966270447
2478,0.2824915945529938
2479,0.2803725004196167
2480,0.29647940397262573
2481,0.290821373462677
2482,0.2572261691093445
2483,0.26763391494750977
2484,0.26763391494750977
2485,0.2293614149093628
2486,0.28144627809524536
2487,0.28144627809524536
2488,0.28718119859695435
2489,0.27138620615005493
2490,0.2781214416027069
2491,0.26098257303237915
2492,0.26546308398246765
2493,0.26773926615715027
2494,0.28604164719581604
2495,0.2529008686542511
2496,0.25598132610321045
2497,0.23078475892543793
2498,0.2705906927585602
2499,0.27358829975128174
2500,0.2759206295013428
2501,0.29057997465133667
2502,0.2935989797115326
2503,0.29448598623275757
2504,0.26618513464927673
2505,0.24325717985630035
2506,0.27216488122940063
2507,0.26940447092056274
2508,0.29420560598373413
2509,0.25348642468452454
2510,0.26828742027282715
2511,0.2877097725868225
2512,0.29510024189949036
2513,0.23770108819007874
2514,0.27949756383895874
2515,0.2638600468635559
2516,0.2831496596336365
2517,0.25725582242012024
2518,0.2566078305244446
2519,0.28535616397857666
2520,0.28535616397857666
2521,0.2870454788208008
2522,0.2870454788208008
2523,0.2796251177787781
2524,0.2796251177787781
2525,0.2719551622867584
2526,0.2693350911140442
2527,0.2693350911140442
2528,0.2799818515777588
2529,0.2718803882598877
2530,0.2852106988430023
2531,0.2852106988430023
2532,0.30014973878860474
2533,0.2985990047454834
2534,0.26713135838508606
2535,0.25666722655296326
2536,0.26990634202957153
2537,0.2654455006122589
2538,0.26215189695358276
2539,0.26215189695358276
2540,0.28423672914505005
2541,0.2570257782936096
2542,0.2570257782936096
2543,0.2747005224227905
2544,0.2745644748210907
2545,0.2385970950126648
2546,0.2385970950126648
2547,0.2562539577484131
2548,0.2562539577484131
2549,0.26064786314964294
2550,0.26064786314964294
2551,0.2606712579727173
2552,0.2606712579727173
2553,0.22933542728424072
2554,0.26921346783638
2555,0.262643963098526
2556,0.262643963098526
2557,0.2608536183834076
2558,0.26085364818573
2559,0.2544826865196228
2560,0.26456910371780396
2561,0.26456910371780396
2562,0.25984859466552734
2563,0.25984859466552734
2564,0.25196582078933716
2565,0.24614804983139038
2566,0.2608600854873657
2567,0.2363922894001007
2568,0.26371341943740845
2569,0.2661224603652954
2570,0.2661224603652954
2571,0.26404738426208496
2572,0.26404738426208496
2573,0.25907936692237854
2574,0.25907936692237854
2575,0.2564989924430847
2576,0.23332031071186066
2577,0.2691023349761963
2578,0.2691023349761963
2579,0.23004332184791565
2580,0.23004332184791565
2581,0.24424228072166443
2582,0.26831141114234924
2583,0.2603171169757843
2584,0.25538939237594604
2585,0.23675651848316193
2586,0.28475719690322876
2587,0.27735939621925354
2588,0.25829705595970154
2589,0.2715859115123749
2590,0.26784607768058777
2591,0.2441575825214386
2592,0.2511817216873169
2593,0.2661183476448059
2594,0.2770576477050781
2595,0.3038366734981537
2596,0.2982238233089447
2597,0.2770264148712158
2598,0.2718154489994049
2599,0.25340285897254944
2600,0.28421494364738464
2601,0.28421494364738464
2602,0.27871665358543396
2603,0.2760276794433594
2604,0.2760276794433594
2605,0.2560812830924988
2606,0.25457167625427246
2607,0.2528191804885864
2608,0.2507895827293396
2609,0.27385425567626953
2610,0.27385425567626953
2611,0.2752193808555603
2612,0.27528852224349976
2613,0.2685481011867523
2614,0.27241992950439453
2615,0.23118849098682404
2616,0.24446094036102295
2617,0.25257033109664917
2618,0.25257033109664917
2619,0.2705806791782379
2620,0.26635581254959106
2621,0.26635581254959106
2622,0.2613794207572937
2623,0.2341681718826294
2624,0.2724783420562744
2625,0.27842235565185547
2626,0.2967720627784729
2627,0.28823578357696533
2628,0.26656126976013184
2629,0.22578854858875275
2630,0.27125298976898193
2631,0.2705250680446625
2632,0.2705250680446625
2633,0.2638683319091797
2634,0.2773076295852661
2635,0.2687985301017761
2636,0.2737695872783661
2637,0.2722158432006836
2638,0.27391231060028076
2639,0.256422758102417
2640,0.26456350088119507
2641,0.25723665952682495
2642,0.2866112291812897
2643,0.27764368057250977
2644,0.2549087703227997
2645,0.24653813242912292
2646,0.24653813242912292
2647,0.25175654888153076
2648,0.25175654888153076
2649,0.24399913847446442
2650,0.2615370452404022
2651,0.2615370452404022
2652,0.2699311673641205
2653,0.2736912667751312
2654,0.2677939236164093
2655,0.2677939236164093
2656,0.2602267563343048
2657,0.25263434648513794
2658,0.25263434648513794
2659,0.23248475790023804
2660,0.2338765412569046
2661,0.2756454646587372
2662,0.2756454646587372
2663,0.25541651248931885
2664,0.25541651248931885
2665,0.24954837560653687
2666,0.24954837560653687
2667,0.23481415212154388
2668,0.2398807406425476
2669,0.26716750860214233
2670,0.2712497413158417
2671,0.2775862216949463
2672,0.2775862216949463
2673,0.24790939688682556
2674,0.26970717310905457
2675,0.26970717310905457
2676,0.256691038608551
2677,0.2592460513114929
2678,0.2735717296600342
2679,0.2735717296600342
2680,0.2826302647590637
2681,0.2715044319629669
2682,0.2715044319629669
2683,0.2540667653083801
2684,0.2570168972015381
2685,0.22684846818447113
2686,0.2593320608139038
2687,0.26813289523124695
2688,0.23034939169883728
2689,0.26985645294189453
2690,0.2670649588108063
2691,0.2670649588108063
2692,0.25381237268447876
2693,0.25381237268447876
2694,0.27097004652023315
2695,0.3187837302684784
2696,0.24818065762519836
2697,0.2733674645423889
2698,0.2757755219936371
2699,0.27584001421928406
2700,0.24963565170764923
2701,0.2587694227695465
2702,0.2587694227695465
2703,0.2233753651380539
2704,0.2562587261199951
2705,0.25749340653419495
2706,0.2677667438983917
2707,0.2677667438983917
2708,0.24681830406188965
2709,0.24681830406188965
2710,0.2569568455219269
2711,0.2569568455219269
2712,0.2917981445789337
2713,0.2917981445789337
2714,0.24701660871505737
2715,0.25896912813186646
2716,0.25896912813186646
2717,0.2649931013584137
2718,0.2649931013584137
2719,0.26668745279312134
2720,0.25899481773376465
2721,0.25899481773376465
2722,0.2536237835884094
2723,0.2778260111808777
2724,0.2522773742675781
2725,0.2522773742675781
2726,0.24697771668434143
2727,0.2223920077085495
2728,0.23042455315589905
2729,0.2504303455352783
2730,0.257255494594574
2731,0.257255494594574
2732,0.2688090205192566
2733,0.24724584817886353
2734,0.28335973620414734
2735,0.26524657011032104
2736,0.26524657011032104
2737,0.2737632393836975
2738,0.23291830718517303
2739,0.2511294484138489
2740,0.2776399552822113
2741,0.252729594707489
2742,0.252729594707489
2743,0.22084064781665802
2744,0.2828112840652466
2745,0.2667257487773895
2746,0.27116018533706665
2747,0.2701398730278015
2748,0.2781296670436859
2749,0.2781296670436859
2750,0.2706739902496338
2751,0.2650926411151886
2752,0.25127068161964417
2753,0.2834532558917999
2754,0.26899412274360657
2755,0.2666844129562378
2756,0.259006142616272
2757,0.25766557455062866
2758,0.24248775839805603
2759,0.24248775839805603
2760,0.2386253923177719
2761,0.2366293966770172
2762,0.2616656422615051
2763,0.2889825701713562
2764,0.2563306987285614
2765,0.276803195476532
2766,0.2598978281021118
2767,0.2645144462585449
2768,0.27387669682502747
2769,0.2877363860607147
2770,0.2877363860607147
2771,0.2517595589160919
2772,0.25121480226516724
2773,0.25121480226516724
2774,0.25704893469810486
2775,0.27549535036087036
2776,0.27549535036087036
2777,0.2491554468870163
2778,0.271747887134552
2779,0.271747887134552
2780,0.26481175422668457
2781,0.25726863741874695
2782,0.25726863741874695
2783,0.27991700172424316
2784,0.2657957971096039
2785,0.2657957971096039
2786,0.24562552571296692
2787,0.2719747722148895
2788,0.2719747722148895
2789,0.27182042598724365
2790,0.27182042598724365
2791,0.2588786482810974
2792,0.2588786482810974
2793,0.26181134581565857
2794,0.26181134581565857
2795,0.2631548047065735
2796,0.2631548047065735
2797,0.2603399157524109
2798,0.2603399157524109
2799,0.2611335813999176
2800,0.2611335813999176
2801,0.2554810643196106
2802,0.2554810643196106
2803,0.26141157746315
2804,0.26141157746315
2805,0.260742723941803
2806,0.260742723941803
2807,0.2734561264514923
2808,0.2734561264514923
2809,0.27560994029045105
2810,0.27560994029045105
2811,0.26794373989105225
2812,0.26794373989105225
2813,0.27168282866477966
2814,0.27168282866477966
2815,0.26589858531951904
2816,0.26589858531951904
2817,0.23967769742012024
2818,0.264704167842865
2819,0.26456955075263977
2820,0.26456955075263977
2821,0.2631593942642212
2822,0.26213008165359497
2823,0.2612808346748352
2824,0.2583126723766327
2825,0.2583126723766327
2826,0.27502337098121643
2827,0.27502337098121643
2828,0.2556467652320862
2829,0.25381264090538025
2830,0.25381264090538025
2831,0.2534484565258026
2832,0.2534484565258026
2833,0.24774202704429626
2834,0.24774202704429626
2835,0.26852503418922424
2836,0.26852503418922424
2837,0.26581108570098877
2838,0.26581108570098877
2839,0.27920594811439514
2840,0.21950918436050415
2841,0.23349395394325256
2842,0.27110838890075684
2843,0.27110838890075684
2844,0.2526431381702423
2845,0.2526431381702423
2846,0.26747387647628784
2847,0.255715936422348
2848,0.255715936422348
2849,0.26868581771850586
2850,0.2529938519001007
2851,0.2529938519001007
2852,0.26505517959594727
2853,0.26505517959594727
2854,0.2739992141723633
2855,0.2739992141723633
2856,0.2540331780910492
2857,0.2703368663787842
2858,0.2703368663787842
2859,0.26495736837387085
2860,0.2576141953468323
2861,0.23781028389930725
2862,0.2589043974876404
2863,0.2695128619670868
2864,0.23905813694000244
2865,0.2853308916091919
2866,0.24469280242919922
2867,0.2737606167793274
2868,0.26267194747924805
2869,0.25470903515815735
2870,0.2509429454803467
2871,0.2691974639892578
2872,0.2692949175834656
2873,0.25748327374458313
2874,0.25748327374458313
2875,0.26500004529953003
2876,0.26226094365119934
2877,0.26226094365119934
2878,0.26573213934898376
2879,0.28664666414260864
2880,0.28664666414260864
2881,0.22673431038856506
2882,0.2617517113685608
2883,0.2617517113685608
2884,0.2932564914226532
2885,0.2932564914226532
2886,0.2596561908721924
2887,0.2613745331764221
2888,0.2644374668598175
2889,0.26384204626083374
2890,0.26384204626083374
2891,0.26210781931877136
2892,0.26210781931877136
2893,0.26411306858062744
2894,0.26411306858062744
2895,0.3113180994987488
2896,0.25290173292160034
2897,0.26755785942077637
2898,0.2683887481689453
2899,0.3259895145893097
2900,0.25703662633895874
2901,0.25703662633895874
2902,0.2717980742454529
2903,0.2717980742454529
2904,0.2689528167247772
2905,0.3058423697948456
2906,0.25124678015708923
2907,0.24792775511741638
2908,0.25745636224746704
2909,0.26253440976142883
2910,0.2587006092071533
2911,0.2587006092071533
2912,0.2466464787721634
2913,0.25688275694847107
2914,0.25688275694847107
2915,0.2258608639240265
2916,0.24827641248703003
2917,0.2497425675392151
2918,0.2702656686306
2919,0.2702656686306
2920,0.2720745801925659
2921,0.28720271587371826
2922,0.2593274712562561
2923,0.2564960718154907
2924,0.2608661353588104
2925,0.2608661353588104
2926,0.2757030427455902
2927,0.2682075798511505
2928,0.26236796379089355
2929,0.2464565485715866
2930,0.2638792395591736
2931,0.2638792395591736
2932,0.2540096938610077
2933,0.2836454510688782
2934,0.2847955822944641
2935,0.2691815197467804
2936,0.25192826986312866
2937,0.27113091945648193
2938,0.25386789441108704
2939,0.25386789441108704
2940,0.24121756851673126
2941,0.26539576053619385
2942,0.26539576053619385
2943,0.2616463303565979
2944,0.2616463601589203
2945,0.27112916111946106
2946,0.2625250816345215
2947,0.25688302516937256
2948,0.25688302516937256
2949,0.2585967779159546
2950,0.2585967779159546
2951,0.25374406576156616
2952,0.26776430010795593
2953,0.28546231985092163
2954,0.28546231985092163
2955,0.2696041464805603
2956,0.2696041464805603
2957,0.25837692618370056
2958,0.25837692618370056
2959,0.2585213780403137
2960,0.2585213780403137
2961,0.2525019645690918
2962,0.25265148282051086
2963,0.2579966187477112
2964,0.2579966187477112
2965,0.2570040225982666
2966,0.26313552260398865
2967,0.26313552260398865
2968,0.25897103548049927
2969,0.25897103548049927
2970,0.2313401848077774
2971,0.23084360361099243
2972,0.25537148118019104
2973,0.26334813237190247
2974,0.2398988902568817
2975,0.3024718463420868
2976,0.2539210021495819
2977,0.2407323122024536
2978,0.29594963788986206
2979,0.257594496011734
2980,0.2531532049179077
2981,0.26460450887680054
2982,0.259300172328949
2983,0.25202426314353943
2984,0.2575974464416504
2985,0.2642325758934021
2986,0.26273658871650696
2987,0.29141440987586975
2988,0.28992676734924316
2989,0.31491950154304504
2990,0.24762117862701416
2991,0.23811666667461395
2992,0.23871009051799774
2993,0.2950426936149597
2994,0.2788330912590027
2995,0.2487751841545105
2996,0.1989375352859497
2997,0.25206291675567627
2998,0.24397027492523193
2999,0.2572888433933258
3000,0.25844934582710266
3001,0.25844934582710266
3002,0.27008554339408875
3003,0.27008554339408875
3004,0.2766348719596863
3005,0.2759830951690674
3006,0.26673075556755066
3007,0.25936728715896606
3008,0.27677562832832336
3009,0.27677562832832336
3010,0.251728892326355
3011,0.21371567249298096
3012,0.25948047637939453
3013,0.2641073763370514
3014,0.25078392028808594
3015,0.27101224660873413
3016,0.27101224660873413
3017,0.3039012551307678
3018,0.2755606472492218
3019,0.2683274745941162
3020,0.2683274745941162
3021,0.2605544626712799
3022,0.2605544626712799
3023,0.26431259512901306
3024,0.2603076100349426
3025,0.2636755704879761
3026,0.28852277994155884
3027,0.26723504066467285
3028,0.2581459879875183
3029,0.25664472579956055
3030,0.25664472579956055
3031,0.26344841718673706
3032,0.25900566577911377
3033,0.262582004070282
3034,0.2512098550796509
3035,0.2512098550796509
3036,0.2573954463005066
3037,0.2573954463005066
3038,0.2528879940509796
3039,0.2528879940509796
3040,0.23834890127182007
3041,0.25415533781051636
3042,0.25415533781051636
3043,0.25495922565460205
3044,0.25495922565460205
3045,0.25476744771003723
3046,0.25476744771003723
3047,0.25424256920814514
3048,0.25424256920814514
3049,0.2627066671848297
3050,0.2627066671848297
3051,0.254057914018631
3052,0.2548603415489197
3053,0.27249184250831604
3054,0.27249184250831604
3055,0.2970331311225891
3056,0.23981702327728271
3057,0.23188525438308716
3058,0.23771244287490845
3059,0.2292158007621765
3060,0.23953242599964142
3061,0.25475186109542847
3062,0.29580581188201904
3063,0.29580581188201904
3064,0.2300780564546585
3065,0.23313939571380615
3066,0.2737269401550293
3067,0.25651663541793823
3068,0.25651663541793823
3069,0.2737833261489868
3070,0.2737833261489868
3071,0.2521735429763794
3072,0.21969036757946014
3073,0.257829487323761
3074,0.25882112979888916
3075,0.2580980062484741
3076,0.2580980062484741
3077,0.2718881070613861
3078,0.2718881070613861
3079,0.27430498600006104
3080,0.27430498600006104
3081,0.2790144085884094
3082,0.2790144085884094
3083,0.2600053548812866
3084,0.2600053548812866
3085,0.26816123723983765
3086,0.26816123723983765
3087,0.2741513252258301
3088,0.27941077947616577
3089,0.2548104226589203
3090,0.2548104226589203
3091,0.2426217645406723
3092,0.2426217645406723
3093,0.26176223158836365
3094,0.26176223158836365
3095,0.27650582790374756
3096,0.27650582790374756
3097,0.2854692041873932
3098,0.2854692041873932
3099,0.28472888469696045
3100,0.28472888469696045
3101,0.28865179419517517
3102,0.28865179419517517
3103,0.28519609570503235
3104,0.28519609570503235
3105,0.28547072410583496
3106,0.28547072410583496
3107,0.27130264043807983
3108,0.27130264043807983
3109,0.26241886615753174
3110,0.2626538574695587
3111,0.2626538574695587
3112,0.3307628631591797
3113,0.25431299209594727
3114,0.2575119733810425
3115,0.2575119733810425
3116,0.26576945185661316
3117,0.26576945185661316
3118,0.264224648475647
3119,0.264224648475647
3120,0.2513115704059601
3121,0.2513115704059601
3122,0.2501137852668762
3123,0.2501137852668762
3124,0.28341615200042725
3125,0.28341615200042725
3126,0.2565982937812805
3127,0.2565982937812805
3128,0.27914515137672424
3129,0.26688340306282043
3130,0.25090157985687256
3131,0.25090157985687256
3132,0.2636999487876892
3133,0.2636999487876892
3134,0.2582688331604004
3135,0.2582688331604004
3136,0.2587278485298157
3137,0.23418362438678741
3138,0.25087666511535645
3139,0.25087666511535645
3140,0.28369787335395813
3141,0.28369787335395813
3142,0.2493499219417572
3143,0.2347266972064972
3144,0.2566174566745758
3145,0.2566174566745758
3146,0.24815815687179565
3147,0.2551864981651306
3148,0.2551864981651306
3149,0.265217661857605
3150,0.265217661857605
3151,0.257564902305603
3152,0.2519020736217499
3153,0.247717022895813
3154,0.2613644301891327
3155,0.2613644301891327
3156,0.28451240062713623
3157,0.28451240062713623
3158,0.2624759078025818
3159,0.25522536039352417
3160,0.25522536039352417
3161,0.26263803243637085
3162,0.26263803243637085
3163,0.2562691867351532
3164,0.2562691867351532
3165,0.2616778612136841
3166,0.2616778612136841
3167,0.2524566352367401
3168,0.2605382204055786
3169,0.2605382204055786
3170,0.2726583778858185
3171,0.2726583778858185
3172,0.27474403381347656
3173,0.2675655782222748
3174,0.2685728073120117
3175,0.2661672532558441
3176,0.23545022308826447
3177,0.2553114891052246
3178,0.23692066967487335
3179,0.24841272830963135
3180,0.24841272830963135
3181,0.24972310662269592
3182,0.3234301805496216
3183,0.2591075003147125
3184,0.2591075003147125
3185,0.26415884494781494
3186,0.2531810700893402
3187,0.28077462315559387
3188,0.3733089566230774
3189,0.24354341626167297
3190,0.2555913031101227
3191,0.3057512640953064
3192,0.31057342886924744
3193,0.3207770586013794
3194,0.2558538317680359
3195,0.2558538317680359
3196,0.2823547124862671
3197,0.2632646858692169
3198,0.26326465606689453
3199,0.2687779366970062
3200,0.25489553809165955
3201,0.25489553809165955
3202,0.23569878935813904
3203,0.23905496299266815
3204,0.25646212697029114
3205,0.25646212697029114
3206,0.2599223554134369
3207,0.2657797932624817
3208,0.2280256301164627
3209,0.23010721802711487
3210,0.268943727016449
3211,0.268943727016449
3212,0.264963835477829
3213,0.25273531675338745
3214,0.2564200758934021
3215,0.26286426186561584
3216,0.26456618309020996
3217,0.25060030817985535
3218,0.31156331300735474
3219,0.26662319898605347
3220,0.26174384355545044
3221,0.28455817699432373
3222,0.24379152059555054
3223,0.27656465768814087
3224,0.2663487195968628
3225,0.2656816840171814
3226,0.2656816840171814
3227,0.2615824043750763
3228,0.2615824043750763
3229,0.31681910157203674
3230,0.24759040772914886
3231,0.2668827474117279
3232,0.26180189847946167
3233,0.26180189847946167
3234,0.26927873492240906
3235,0.26927873492240906
3236,0.27687186002731323
3237,0.25610536336898804
3238,0.2711217999458313
3239,0.2711217999458313
3240,0.26822564005851746
3241,0.26822564005851746
3242,0.26723045110702515
3243,0.24343392252922058
3244,0.25796401500701904
3245,0.24982713162899017
3246,0.24982713162899017
3247,0.26233428716659546
3248,0.26233428716659546
3249,0.26064497232437134
3250,0.26600492000579834
3251,0.2955957353115082
3252,0.2525661587715149
3253,0.2678985595703125
3254,0.2678985595703125
3255,0.2728182077407837
3256,0.26493847370147705
3257,0.24473246932029724
3258,0.3128442168235779
3259,0.30345356464385986
3260,0.259263277053833
3261,0.258034348487854
3262,0.26361286640167236
3263,0.27252131700515747
3264,0.24872198700904846
3265,0.24872198700904846
3266,0.22545352578163147
3267,0.26702067255973816
3268,0.266744464635849
3269,0.266744464635849
3270,0.24550464749336243
3271,0.2726231813430786
3272,0.2693350911140442
3273,0.25653380155563354
3274,0.2492721676826477
3275,0.2842082679271698
3276,0.3081963062286377
3277,0.2580413222312927
3278,0.25583991408348083
3279,0.26739755272865295
3280,0.25388550758361816
3281,0.24605362117290497
3282,0.29316431283950806
3283,0.24630559980869293
3284,0.2588808834552765
3285,0.29750847816467285
3286,0.26973822712898254
3287,0.26640984416007996
3288,0.26963165402412415
3289,0.26963165402412415
3290,0.26579931378364563
3291,0.26579931378364563
3292,0.22677478194236755
3293,0.25829464197158813
3294,0.25829464197158813
3295,0.24209287762641907
3296,0.24209287762641907
3297,0.26552337408065796
3298,0.26552337408065796
3299,0.2638933062553406
3300,0.2525536119937897
3301,0.2525536119937897
3302,0.3016481399536133
3303,0.29966554045677185
3304,0.2935199737548828
3305,0.2665042281150818
3306,0.2688014805316925
3307,0.2626432478427887
3308,0.26123279333114624
3309,0.2534845769405365
3310,0.2885611653327942
3311,0.28859230875968933
3312,0.3247518837451935
3313,0.2420426458120346
3314,0.2420426458120346
3315,0.25715675950050354
3316,0.23704323172569275
3317,0.2602802515029907
3318,0.2602909803390503
3319,0.27223095297813416
3320,0.2893276810646057
3321,0.2893276810646057
3322,0.2602589726448059
3323,0.256280779838562
3324,0.2496480643749237
3325,0.25128334760665894
3326,0.25128334760665894
3327,0.26965218782424927
3328,0.26694899797439575
3329,0.2836616635322571
3330,0.27923786640167236
3331,0.24838726222515106
3332,0.24890200793743134
3333,0.24890200793743134
3334,0.1994992196559906
3335,0.2684996426105499
3336,0.2684996426105499
3337,0.2756474018096924
3338,0.26625901460647583
3339,0.2665542960166931
3340,0.2523952126502991
3341,0.25354650616645813
3342,0.25058698654174805
3343,0.27080464363098145
3344,0.24314670264720917
3345,0.24443331360816956
3346,0.213344544172287
3347,0.26418712735176086
3348,0.27349016070365906
3349,0.290895938873291
3350,0.2912750840187073
3351,0.2787020802497864
3352,0.2793535590171814
3353,0.2569711208343506
3354,0.23206858336925507
3355,0.2601834535598755
3356,0.26935482025146484
3357,0.2960118055343628
3358,0.2435396909713745
3359,0.23950211703777313
3360,0.2793630361557007
3361,0.28538674116134644
3362,0.22501781582832336
3363,0.27234047651290894
3364,0.2592259645462036
3365,0.2678019404411316
3366,0.2521666884422302
3367,0.24091148376464844
3368,0.2743612825870514
3369,0.2743612825870514
3370,0.2745377719402313
3371,0.2745377719402313
3372,0.2645387351512909
3373,0.2645387351512909
3374,0.2648215591907501
3375,0.2603701651096344
3376,0.2603701651096344
3377,0.27000775933265686
3378,0.2598153352737427
3379,0.2757349908351898
3380,0.2757349908351898
3381,0.2901621460914612
3382,0.2883857786655426
3383,0.2533109784126282
3384,0.24966059625148773
3385,0.25618815422058105
3386,0.25420594215393066
3387,0.25358518958091736
3388,0.25358518958091736
3389,0.28176000714302063
3390,0.24791400134563446
3391,0.24791400134563446
3392,0.26381605863571167
3393,0.2637726664543152
3394,0.22169071435928345
3395,0.22169071435928345
3396,0.23110409080982208
3397,0.23110409080982208
3398,0.233221173286438
3399,0.233221173286438
3400,0.23639021813869476
3401,0.23639021813869476
3402,0.21288727223873138
3403,0.24884140491485596
3404,0.23867830634117126
3405,0.23867830634117126
3406,0.24509789049625397
3407,0.24509789049625397
3408,0.23203958570957184
3409,0.24229639768600464
3410,0.24229639768600464
3411,0.2409515380859375
3412,0.2409515380859375
3413,0.23412232100963593
3414,0.22150495648384094
3415,0.24573767185211182
3416,0.22097964584827423
3417,0.2430979311466217
3418,0.24324367940425873
3419,0.24324367940425873
3420,0.24191151559352875
3421,0.24191151559352875
3422,0.23630325496196747
3423,0.23630325496196747
3424,0.23565572500228882
3425,0.21437087655067444
3426,0.23457852005958557
3427,0.23457852005958557
3428,0.2045474499464035
3429,0.2045474499464035
3430,0.21901348233222961
3431,0.24483004212379456
3432,0.22802692651748657
3433,0.22651587426662445
3434,0.22397714853286743
3435,0.24884100258350372
3436,0.2501800060272217
3437,0.21991920471191406
3438,0.2553679347038269
3439,0.24846705794334412
3440,0.2286371886730194
3441,0.2346612960100174
3442,0.25613874197006226
3443,0.2494054138660431
3444,0.250514417886734
3445,0.24817171692848206
3446,0.221848726272583
3447,0.2392863631248474
3448,0.22892318665981293
3449,0.24502694606781006
3450,0.24502694606781006
3451,0.234273761510849
3452,0.2559968829154968
3453,0.2559968829154968
3454,0.2324853390455246
3455,0.24702727794647217
3456,0.23420067131519318
3457,0.23228196799755096
3458,0.25293272733688354
3459,0.25293272733688354
3460,0.25608590245246887
3461,0.257539838552475
3462,0.24836279451847076
3463,0.2544404864311218
3464,0.21131253242492676
3465,0.2120567113161087
3466,0.2217085212469101
3467,0.2217085212469101
3468,0.253445565700531
3469,0.2394312024116516
3470,0.2394312024116516
3471,0.2316153198480606
3472,0.22334612905979156
3473,0.2527342736721039
3474,0.25311601161956787
3475,0.3315298855304718
3476,0.2620450258255005
3477,0.25561562180519104
3478,0.19894815981388092
3479,0.25379976630210876
3480,0.2521045506000519
3481,0.2521045506000519
3482,0.24484820663928986
3483,0.2490818351507187
3484,0.2558400630950928
3485,0.2568061947822571
3486,0.2527100443840027
3487,0.2547496557235718
3488,0.23843970894813538
3489,0.24260270595550537
3490,0.24493636190891266
3491,0.2508377730846405
3492,0.2839483916759491
3493,0.24026773869991302
3494,0.218006432056427
3495,0.218006432056427
3496,0.22952969372272491
3497,0.22952969372272491
3498,0.2265131175518036
3499,0.23781272768974304
3500,0.23781272768974304
3501,0.2488287091255188
3502,0.2536754906177521
3503,0.23410041630268097
3504,0.23410041630268097
3505,0.25376632809638977
3506,0.22770756483078003
3507,0.22770756483078003
3508,0.22815458476543427
3509,0.22916394472122192
3510,0.2505693733692169
3511,0.2505693733692169
3512,0.22782672941684723
3513,0.22782672941684723
3514,0.22534020245075226
3515,0.22534020245075226
3516,0.21763260662555695
3517,0.2163039594888687
3518,0.2484823614358902
3519,0.2527742087841034
3520,0.24822461605072021
3521,0.24822461605072021
3522,0.22054456174373627
3523,0.24942432343959808
3524,0.24942432343959808
3525,0.23624581098556519
3526,0.24030596017837524
3527,0.24908822774887085
3528,0.24908822774887085
3529,0.25293493270874023
3530,0.2409573793411255
3531,0.2409573793411255
3532,0.23814216256141663
3533,0.2314087152481079
3534,0.20107680559158325
3535,0.24666374921798706
3536,0.24444706737995148
3537,0.2139028161764145
3538,0.25959309935569763
3539,0.2430548369884491
3540,0.2430548369884491
3541,0.2111704796552658
3542,0.2111704796552658
3543,0.25852227210998535
3544,0.2901277542114258
3545,0.22732506692409515
3546,0.2515137791633606
3547,0.24662438035011292
3548,0.2467154711484909
3549,0.22321930527687073
3550,0.24131032824516296
3551,0.24131032824516296
3552,0.20466695725917816
3553,0.24532023072242737
3554,0.24695426225662231
3555,0.24707742035388947
3556,0.24707742035388947
3557,0.21374766528606415
3558,0.21374766528606415
3559,0.23766568303108215
3560,0.23766568303108215
3561,0.25661301612854004
3562,0.25661301612854004
3563,0.2224913388490677
3564,0.2312973141670227
3565,0.2312973141670227
3566,0.2391735464334488
3567,0.2391735464334488
3568,0.24121689796447754
3569,0.2469913363456726
3570,0.2469913363456726
3571,0.2363777756690979
3572,0.2524862587451935
3573,0.2251722812652588
3574,0.2251722812652588
3575,0.2214004248380661
3576,0.21478860080242157
3577,0.22682572901248932
3578,0.21701359748840332
3579,0.23573416471481323
3580,0.23573416471481323
3581,0.23268288373947144
3582,0.23347629606723785
3583,0.265870064496994
3584,0.2400573492050171
3585,0.2400573492050171
3586,0.24992293119430542
3587,0.21549463272094727
3588,0.23691242933273315
3589,0.2565752863883972
3590,0.23401939868927002
3591,0.23401939868927002
3592,0.20072515308856964
3593,0.24898529052734375
3594,0.2457803636789322
3595,0.24848335981369019
3596,0.2463999092578888
3597,0.25753992795944214
3598,0.25753992795944214
3599,0.23693791031837463
3600,0.24807944893836975
3601,0.23494380712509155
3602,0.2609459161758423
3603,0.2599509358406067
3604,0.2576271891593933
3605,0.24535615742206573
3606,0.21860748529434204
3607,0.21495693922042847
3608,0.21495693922042847
3609,0.2081671506166458
3610,0.22480203211307526
3611,0.24394308030605316
3612,0.26350656151771545
3613,0.2354276329278946
3614,0.2557704448699951
3615,0.24211078882217407
3616,0.23037824034690857
3617,0.2476874738931656
3618,0.25806930661201477
3619,0.25806930661201477
3620,0.22990348935127258
3621,0.2292325794696808
3622,0.2292325794696808
3623,0.24600018560886383
3624,0.23685766756534576
3625,0.23685766756534576
3626,0.22790278494358063
3627,0.2335740327835083
3628,0.2335740327835083
3629,0.24858075380325317
3630,0.2375781536102295
3631,0.2375781536102295
3632,0.2516336739063263
3633,0.23575541377067566
3634,0.23575541377067566
3635,0.21749071776866913
3636,0.251716673374176
3637,0.251716673374176
3638,0.25913143157958984
3639,0.25913143157958984
3640,0.23191794753074646
3641,0.23191794753074646
3642,0.24878080189228058
3643,0.24878080189228058
3644,0.2465619295835495
3645,0.2465619295835495
3646,0.24007616937160492
3647,0.24007616937160492
3648,0.244093656539917
3649,0.244093656539917
3650,0.23376917839050293
3651,0.23376917839050293
3652,0.2450503259897232
3653,0.2450503259897232
3654,0.23672285676002502
3655,0.23672285676002502
3656,0.255279004573822
3657,0.255279004573822
3658,0.2606583833694458
3659,0.2606583833694458
3660,0.24214451014995575
3661,0.24214451014995575
3662,0.25297650694847107
3663,0.25297650694847107
3664,0.23877255618572235
3665,0.23877255618572235
3666,0.2233705371618271
3667,0.2497701346874237
3668,0.2357455939054489
3669,0.2357455939054489
3670,0.25002366304397583
3671,0.2502146065235138
3672,0.25041845440864563
3673,0.23052802681922913
3674,0.23052802681922913
3675,0.25357985496520996
3676,0.25357985496520996
3677,0.23991209268569946
3678,0.23190811276435852
3679,0.23190811276435852
3680,0.23101218044757843
3681,0.23101218044757843
3682,0.2174675613641739
3683,0.2174675613641739
3684,0.2472708374261856
3685,0.2472708374261856
3686,0.2544099688529968
3687,0.2544099688529968
3688,0.24346762895584106
3689,0.20126813650131226
3690,0.2270263135433197
3691,0.2494409829378128
3692,0.2494409829378128
3693,0.22990098595619202
3694,0.22990098595619202
3695,0.23509198427200317
3696,0.23123571276664734
3697,0.23123571276664734
3698,0.2504654824733734
3699,0.23278193175792694
3700,0.23278193175792694
3701,0.24439498782157898
3702,0.24439498782157898
3703,0.2460363358259201
3704,0.2460363358259201
3705,0.24043673276901245
3706,0.2414526790380478
3707,0.2414526790380478
3708,0.23368129134178162
3709,0.21894657611846924
3710,0.20359249413013458
3711,0.23650258779525757
3712,0.2562326490879059
3713,0.21355903148651123
3714,0.26497700810432434
3715,0.22029076516628265
3716,0.25470495223999023
3717,0.2393186241388321
3718,0.2294197380542755
3719,0.23225122690200806
3720,0.23754264414310455
3721,0.2375103384256363
3722,0.2316843569278717
3723,0.2316843569278717
3724,0.2300131618976593
3725,0.24411776661872864
3726,0.24411776661872864
3727,0.24409466981887817
3728,0.2592352628707886
3729,0.2592352628707886
3730,0.20755428075790405
3731,0.24567532539367676
3732,0.24567532539367676
3733,0.26957792043685913
3734,0.26957792043685913
3735,0.2539960741996765
3736,0.26308709383010864
3737,0.2209153175354004
3738,0.24763931334018707
3739,0.24763931334018707
3740,0.23072150349617004
3741,0.23072150349617004
3742,0.22221384942531586
3743,0.22221384942531586
3744,0.24767516553401947
3745,0.24167224764823914
3746,0.24420464038848877
3747,0.25253140926361084
3748,0.3003612756729126
3749,0.22455519437789917
3750,0.22455519437789917
3751,0.24217237532138824
3752,0.24217237532138824
3753,0.24973513185977936
3754,0.2567574083805084
3755,0.23379622399806976
3756,0.23138131201267242
3757,0.2226126492023468
3758,0.2423507571220398
3759,0.2483101636171341
3760,0.2483101636171341
3761,0.21729210019111633
3762,0.23434533178806305
3763,0.23434533178806305
3764,0.19292597472667694
3765,0.23265469074249268
3766,0.22644849121570587
3767,0.2549804449081421
3768,0.2549804449081421
3769,0.25051796436309814
3770,0.3122898042201996
3771,0.23244178295135498
3772,0.24170872569084167
3773,0.24155528843402863
3774,0.24155527353286743
3775,0.26394328474998474
3776,0.26384538412094116
3777,0.2274959236383438
3778,0.21931859850883484
3779,0.22257746756076813
3780,0.22257746756076813
3781,0.24112176895141602
3782,0.24780558049678802
3783,0.2500151991844177
3784,0.24813136458396912
3785,0.21928775310516357
3786,0.2522016167640686
3787,0.2262468934059143
3788,0.2262468934059143
3789,0.20778976380825043
3790,0.2403072714805603
3791,0.2403072714805603
3792,0.23516042530536652
3793,0.23516042530536652
3794,0.25167837738990784
3795,0.207927867770195
3796,0.23410440981388092
3797,0.23410440981388092
3798,0.23181180655956268
3799,0.23181180655956268
3800,0.2169191837310791
3801,0.24841976165771484
3802,0.2564433813095093
3803,0.2564433813095093
3804,0.25499263405799866
3805,0.25499263405799866
3806,0.23008577525615692
3807,0.23008577525615692
3808,0.2249404340982437
3809,0.2249404340982437
3810,0.23311689496040344
3811,0.23731954395771027
3812,0.23598377406597137
3813,0.23598377406597137
3814,0.2521052062511444
3815,0.23586179316043854
3816,0.23586179316043854
3817,0.23296359181404114
3818,0.23296359181404114
3819,0.22737281024456024
3820,0.22708727419376373
3821,0.2448057234287262
3822,0.24571266770362854
3823,0.2267839014530182
3824,0.26082557439804077
3825,0.24359890818595886
3826,0.2071388065814972
3827,0.2807503938674927
3828,0.22737669944763184
3829,0.21267250180244446
3830,0.23674431443214417
3831,0.24900054931640625
3832,0.22227564454078674
3833,0.24658027291297913
3834,0.24952274560928345
3835,0.2513009011745453
3836,0.2616642117500305
3837,0.26233160495758057
3838,0.2829431891441345
3839,0.24044181406497955
3840,0.2088811695575714
3841,0.2335546314716339
3842,0.2664121687412262
3843,0.24859336018562317
3844,0.23358552157878876
3845,0.19341692328453064
3846,0.23216146230697632
3847,0.225764662027359
3848,0.23792004585266113
3849,0.2229602187871933
3850,0.2229602187871933
3851,0.22433620691299438
3852,0.22433620691299438
3853,0.2518596053123474
3854,0.24952252209186554
3855,0.24309487640857697
3856,0.23823685944080353
3857,0.2625117599964142
3858,0.2625117599964142
3859,0.22810599207878113
3860,0.1966969519853592
3861,0.2256837785243988
3862,0.24623019993305206
3863,0.23856592178344727
3864,0.24647921323776245
3865,0.24647921323776245
3866,0.25014781951904297
3867,0.2507733404636383
3868,0.24024873971939087
3869,0.24024873971939087
3870,0.23508554697036743
3871,0.23508554697036743
3872,0.23320744931697845
3873,0.22822467982769012
3874,0.23957158625125885
3875,0.25706005096435547
3876,0.23641473054885864
3877,0.23954446613788605
3878,0.2276116907596588
3879,0.2276116907596588
3880,0.24194413423538208
3881,0.22694799304008484
3882,0.248287171125412
3883,0.23055240511894226
3884,0.23055240511894226
3885,0.22920791804790497
3886,0.22920791804790497
3887,0.24051567912101746
3888,0.24051567912101746
3889,0.21507862210273743
3890,0.22686392068862915
3891,0.22686392068862915
3892,0.22679203748703003
3893,0.22679203748703003
3894,0.22612696886062622
3895,0.22612696886062622
3896,0.22661173343658447
3897,0.22661173343658447
3898,0.2403305023908615
3899,0.2403305023908615
3900,0.23499007523059845
3901,0.23528479039669037
3902,0.2514982521533966
3903,0.2514982521533966
3904,0.2700980603694916
3905,0.21276041865348816
3906,0.2277173101902008
3907,0.22879867255687714
3908,0.22595226764678955
3909,0.22152632474899292
3910,0.23930194973945618
3911,0.25302836298942566
3912,0.25302836298942566
3913,0.22658447921276093
3914,0.2286207228899002
3915,0.24392051994800568
3916,0.23152750730514526
3917,0.23152750730514526
3918,0.24551624059677124
3919,0.24551624059677124
3920,0.23302879929542542
3921,0.19433030486106873
3922,0.24089577794075012
3923,0.2390403002500534
3924,0.23987837135791779
3925,0.23987837135791779
3926,0.24584802985191345
3927,0.24584802985191345
3928,0.25197508931159973
3929,0.25197508931159973
3930,0.25516679883003235
3931,0.25516679883003235
3932,0.22626934945583344
3933,0.22626934945583344
3934,0.24845771491527557
3935,0.24845771491527557
3936,0.24225075542926788
3937,0.2471027374267578
3938,0.22057375311851501
3939,0.22057375311851501
3940,0.21363122761249542
3941,0.21363122761249542
3942,0.2432253062725067
3943,0.2432253062725067
3944,0.2592605650424957
3945,0.2592605650424957
3946,0.2698403596878052
3947,0.2698403596878052
3948,0.261199027299881
3949,0.261199027299881
3950,0.2586228847503662
3951,0.2586228847503662
3952,0.26658087968826294
3953,0.26658087968826294
3954,0.260940819978714
3955,0.260940819978714
3956,0.2506866455078125
3957,0.2506866455078125
3958,0.249491348862648
3959,0.24016964435577393
3960,0.24016964435577393
3961,0.3069177269935608
3962,0.2279309630393982
3963,0.2269502580165863
3964,0.2269502580165863
3965,0.22648972272872925
3966,0.22648972272872925
3967,0.22578164935112
3968,0.22578164935112
3969,0.22265364229679108
3970,0.22265364229679108
3971,0.22427862882614136
3972,0.22427862882614136
3973,0.2559596300125122
3974,0.2559596300125122
3975,0.2239406555891037
3976,0.2239406555891037
3977,0.25324547290802
3978,0.24153825640678406
3979,0.22135776281356812
3980,0.22135776281356812
3981,0.2316097468137741
3982,0.2316097468137741
3983,0.22645455598831177
3984,0.22645455598831177
3985,0.22727689146995544
3986,0.22140952944755554
3987,0.21868441998958588
3988,0.21868441998958588
3989,0.26532310247421265
3990,0.26532310247421265
3991,0.2226206511259079
3992,0.2297869473695755
3993,0.23993511497974396
3994,0.23993511497974396
3995,0.23552200198173523
3996,0.22435513138771057
3997,0.22435513138771057
3998,0.24353325366973877
3999,0.24353325366973877
4000,0.2396581470966339
4001,0.2371833473443985
4002,0.23007191717624664
4003,0.22194086015224457
4004,0.22194086015224457
4005,0.24127644300460815
4006,0.24127644300460815
4007,0.23541289567947388
4008,0.22245265543460846
4009,0.22245265543460846
4010,0.22273693978786469
4011,0.22273693978786469
4012,0.23703621327877045
4013,0.23703621327877045
4014,0.24631235003471375
4015,0.24631235003471375
4016,0.2406625896692276
4017,0.2328380048274994
4018,0.2328380048274994
4019,0.24835461378097534
4020,0.24835461378097534
4021,0.24941755831241608
4022,0.24507135152816772
4023,0.2528809905052185
4024,0.24695400893688202
4025,0.21641728281974792
4026,0.235440194606781
4027,0.23190714418888092
4028,0.22180649638175964
4029,0.22180649638175964
4030,0.2179696410894394
4031,0.29677116870880127
4032,0.23260271549224854
4033,0.23260271549224854
4034,0.24741770327091217
4035,0.2279566079378128
4036,0.230274960398674
4037,0.36170491576194763
4038,0.22040480375289917
4039,0.2360948771238327
4040,0.27121633291244507
4041,0.27719318866729736
4042,0.29339271783828735
4043,0.23928755521774292
4044,0.23928755521774292
4045,0.2237824648618698
4046,0.23621822893619537
4047,0.23621822893619537
4048,0.2571951746940613
4049,0.22337345778942108
4050,0.22337345778942108
4051,0.2306947112083435
4052,0.21470431983470917
4053,0.2415027767419815
4054,0.2415027767419815
4055,0.22777396440505981
4056,0.24765977263450623
4057,0.212793231010437
4058,0.2141657918691635
4059,0.236465185880661
4060,0.236465185880661
4061,0.2104988545179367
4062,0.22534532845020294
4063,0.23371252417564392
4064,0.21989865601062775
4065,0.251105934381485
4066,0.23860803246498108
4067,0.24483837187290192
4068,0.2436423897743225
4069,0.23862306773662567
4070,0.2436361014842987
4071,0.23777198791503906
4072,0.23626428842544556
4073,0.2336449772119522
4074,0.2396559864282608
4075,0.2396559864282608
4076,0.23220208287239075
4077,0.23220208287239075
4078,0.2866003215312958
4079,0.2270306795835495
4080,0.25002557039260864
4081,0.23773881793022156
4082,0.23773881793022156
4083,0.25795629620552063
4084,0.25795629620552063
4085,0.24093978106975555
4086,0.234159916639328
4087,0.25689053535461426
4088,0.25689053535461426
4089,0.25509190559387207
4090,0.25509190559387207
4091,0.2528766691684723
4092,0.2128707319498062
4093,0.23314744234085083
4094,0.21476410329341888
4095,0.21476410329341888
4096,0.23612980544567108
4097,0.23612980544567108
4098,0.23676100373268127
4099,0.24692058563232422
4100,0.2624528706073761
4101,0.24221591651439667
4102,0.23412975668907166
4103,0.23412975668907166
4104,0.24566474556922913
4105,0.24625980854034424
4106,0.21823294460773468
4107,0.2800501585006714
4108,0.26812320947647095
4109,0.24541449546813965
4110,0.2235218733549118
4111,0.2446712851524353
4112,0.2417224496603012
4113,0.21845485270023346
4114,0.21845485270023346
4115,0.21500398218631744
4116,0.2316586673259735
4117,0.23279213905334473
4118,0.23279213905334473
4119,0.21129250526428223
4120,0.24538280069828033
4121,0.24136020243167877
4122,0.219270259141922
4123,0.21824850142002106
4124,0.2544945776462555
4125,0.27411195635795593
4126,0.2464609146118164
4127,0.22313472628593445
4128,0.2145749181509018
4129,0.2280881106853485
4130,0.2199498564004898
4131,0.2575926184654236
4132,0.22110959887504578
4133,0.24454140663146973
4134,0.26351770758628845
4135,0.2431413233280182
4136,0.23922313749790192
4137,0.24752157926559448
4138,0.24752157926559448
4139,0.23675580322742462
4140,0.23675580322742462
4141,0.20271052420139313
4142,0.2307453155517578
4143,0.2307453155517578
4144,0.2269265055656433
4145,0.2269265055656433
4146,0.23745355010032654
4147,0.23745355010032654
4148,0.2267708033323288
4149,0.2171550691127777
4150,0.2171550691127777
4151,0.2664594054222107
4152,0.2650534510612488
4153,0.26068806648254395
4154,0.2512161135673523
4155,0.23267613351345062
4156,0.25088608264923096
4157,0.23935014009475708
4158,0.22044311463832855
4159,0.2517169117927551
4160,0.2518303692340851
4161,0.28188633918762207
4162,0.2044566571712494
4163,0.2044566571712494
4164,0.24637213349342346
4165,0.21156342327594757
4166,0.22128577530384064
4167,0.23132950067520142
4168,0.2488545924425125
4169,0.26790374517440796
4170,0.26790374517440796
4171,0.23981423676013947
4172,0.24407902359962463
4173,0.21745167672634125
4174,0.2361007034778595
4175,0.2361007034778595
4176,0.2521122694015503
4177,0.23215053975582123
4178,0.2527119815349579
4179,0.24165424704551697
4180,0.22944305837154388
4181,0.22984692454338074
4182,0.22984692454338074
4183,0.19752289354801178
4184,0.22717221081256866
4185,0.22717221081256866
4186,0.24424168467521667
4187,0.24897441267967224
4188,0.2521631717681885
4189,0.2392370104789734
4190,0.23672161996364594
4191,0.2290729284286499
4192,0.24513956904411316
4193,0.2248169332742691
4194,0.22284989058971405
4195,0.19329531490802765
4196,0.24501600861549377
4197,0.27399230003356934
4198,0.24045488238334656
4199,0.3062450587749481
4200,0.24745774269104004
4201,0.2480292171239853
4202,0.22148674726486206
4203,0.21360304951667786
4204,0.22836662828922272
4205,0.2487564980983734
4206,0.26859766244888306
4207,0.22325235605239868
4208,0.2080298364162445
4209,0.25965139269828796
4210,0.2679990530014038
4211,0.20534078776836395
4212,0.24988538026809692
4213,0.2359139621257782
4214,0.22941091656684875
4215,0.23918989300727844
4216,0.23549503087997437
4217,0.25208964943885803
4218,0.25208964943885803
4219,0.2557443380355835
4220,0.2557443380355835
4221,0.24328111112117767
4222,0.24328111112117767
4223,0.24214309453964233
4224,0.2466011941432953
4225,0.2466011941432953
4226,0.24988839030265808
4227,0.22427965700626373
4228,0.24539031088352203
4229,0.24539031088352203
4230,0.24826809763908386
4231,0.24583667516708374
4232,0.2325630784034729
4233,0.24708420038223267
4234,0.22833435237407684
4235,0.22053168714046478
4236,0.22128179669380188
4237,0.22128179669380188
4238,0.24483346939086914
4239,0.2384839653968811
4240,0.2384839653968811
4241,0.23957356810569763
4242,0.23957450687885284
4243,0.2005513459444046
4244,0.2005513459444046
4245,0.24117909371852875
4246,0.24117909371852875
4247,0.24395418167114258
4248,0.24395418167114258
4249,0.24262483417987823
4250,0.24262483417987823
4251,0.2189387083053589
4252,0.25569599866867065
4253,0.2441452443599701
4254,0.2441452443599701
4255,0.25140661001205444
4256,0.25140661001205444
4257,0.23997020721435547
4258,0.24723537266254425
4259,0.24723537266254425
4260,0.24839720129966736
4261,0.24839720129966736
4262,0.24227607250213623
4263,0.23068097233772278
4264,0.25200456380844116
4265,0.22816236317157745
4266,0.25024914741516113
4267,0.24859827756881714
4268,0.24859827756881714
4269,0.24899238348007202
4270,0.24899238348007202
4271,0.24374821782112122
4272,0.24374821782112122
4273,0.24213744699954987
4274,0.2260599285364151
4275,0.24205073714256287
4276,0.24205073714256287
4277,0.21168868243694305
4278,0.21168868243694305
4279,0.22926545143127441
4280,0.2494737058877945
4281,0.23337045311927795
4282,0.23087356984615326
4283,0.22747990489006042
4284,0.25630122423171997
4285,0.25661736726760864
4286,0.22765083611011505
4287,0.2690531611442566
4288,0.25443512201309204
4289,0.23751085996627808
4290,0.2416350543498993
4291,0.27063578367233276
4292,0.254250705242157
4293,0.25469544529914856
4294,0.24856874346733093
4295,0.23422804474830627
4296,0.24336577951908112
4297,0.23505383729934692
4298,0.26072782278060913
4299,0.26072782278060913
4300,0.2459714412689209
4301,0.2607325613498688
4302,0.2607325613498688
4303,0.23966947197914124
4304,0.2599341571331024
4305,0.24056284129619598
4306,0.2385857254266739
4307,0.26025503873825073
4308,0.26025503873825073
4309,0.2607267200946808
4310,0.2632650136947632
4311,0.2555930018424988
4312,0.2692505121231079
4313,0.2174788862466812
4314,0.22795496881008148
4315,0.22840747237205505
4316,0.22840747237205505
4317,0.27345091104507446
4318,0.2591787576675415
4319,0.2591787576675415
4320,0.2509422302246094
4321,0.22712697088718414
4322,0.2561849355697632
4323,0.2574228346347809
4324,0.34524714946746826
4325,0.2756138741970062
4326,0.27207502722740173
4327,0.20698696374893188
4328,0.268515408039093
4329,0.2576839327812195
4330,0.2576839327812195
4331,0.26139745116233826
4332,0.25885456800460815
4333,0.260864794254303
4334,0.27060365676879883
4335,0.26238417625427246
4336,0.2703370451927185
4337,0.24934227764606476
4338,0.2577728033065796
4339,0.2570948004722595
4340,0.2560778856277466
4341,0.30300092697143555
4342,0.24177294969558716
4343,0.2275352030992508
4344,0.2275352030992508
4345,0.24090509116649628
4346,0.24090509116649628
4347,0.23047739267349243
4348,0.2474382221698761
4349,0.2474382221698761
4350,0.25542980432510376
4351,0.2583165168762207
4352,0.25280582904815674
4353,0.25280582904815674
4354,0.2716319262981415
4355,0.2440606951713562
4356,0.2440606951713562
4357,0.2294921576976776
4358,0.23097528517246246
4359,0.255175918340683
4360,0.255175918340683
4361,0.24435701966285706
4362,0.24435701966285706
4363,0.2373068481683731
4364,0.2373068481683731
4365,0.22341760993003845
4366,0.22552929818630219
4367,0.254038006067276
4368,0.25613439083099365
4369,0.2596070468425751
4370,0.2596070468425751
4371,0.2306341975927353
4372,0.25586116313934326
4373,0.25586116313934326
4374,0.24350100755691528
4375,0.2463652789592743
4376,0.25352180004119873
4377,0.25352180004119873
4378,0.25773894786834717
4379,0.24830272793769836
4380,0.24830272793769836
4381,0.24232594668865204
4382,0.23799307644367218
4383,0.20973941683769226
4384,0.259246826171875
4385,0.2520679235458374
4386,0.2212415635585785
4387,0.2631300091743469
4388,0.2633594572544098
4389,0.2633594572544098
4390,0.2310287207365036
4391,0.2310287207365036
4392,0.2794734835624695
4393,0.28924790024757385
4394,0.24508094787597656
4395,0.2566831111907959
4396,0.2550836205482483
4397,0.2551893889904022
4398,0.23689398169517517
4399,0.2541863024234772
4400,0.2541863024234772
4401,0.2159818708896637
4402,0.25450995564460754
4403,0.2585154175758362
4404,0.26839885115623474
4405,0.26839885115623474
4406,0.22728823125362396
4407,0.22728823125362396
4408,0.24705439805984497
4409,0.24705439805984497
4410,0.26797574758529663
4411,0.26797574758529663
4412,0.23676954209804535
4413,0.2478124499320984
4414,0.2478124499320984
4415,0.2574227750301361
4416,0.2574227750301361
4417,0.2564997971057892
4418,0.25180739164352417
4419,0.25180739164352417
4420,0.24487441778182983
4421,0.25688719749450684
4422,0.2355836182832718
4423,0.2355836182832718
4424,0.23675501346588135
4425,0.2238796204328537
4426,0.22784997522830963
4427,0.22884385287761688
4428,0.24885818362236023
4429,0.24885818362236023
4430,0.25093740224838257
4431,0.24135228991508484
4432,0.2685515880584717
4433,0.2595057189464569
4434,0.2595057189464569
4435,0.2542393207550049
4436,0.22865787148475647
4437,0.24423441290855408
4438,0.263526052236557
4439,0.24139778316020966
4440,0.24139778316020966
4441,0.21326296031475067
4442,0.263855516910553
4443,0.26143547892570496
4444,0.25414881110191345
4445,0.2521468997001648
4446,0.2619386911392212
4447,0.2619386911392212
4448,0.24356982111930847
4449,0.2532472610473633
4450,0.24400882422924042
4451,0.2623998820781708
4452,0.2642303705215454
4453,0.2728533148765564
4454,0.2631792426109314
4455,0.2329763025045395
4456,0.23043733835220337
4457,0.23043733835220337
4458,0.21999168395996094
4459,0.2342795729637146
4460,0.2608409821987152
4461,0.26663506031036377
4462,0.24382469058036804
4463,0.2600303888320923
4464,0.2583509683609009
4465,0.23576101660728455
4466,0.25251466035842896
4467,0.2632772922515869
4468,0.2632772922515869
4469,0.23870421946048737
4470,0.23925450444221497
4471,0.23925450444221497
4472,0.2579086124897003
4473,0.24577121436595917
4474,0.24577121436595917
4475,0.23835407197475433
4476,0.25069737434387207
4477,0.25069737434387207
4478,0.2578333020210266
4479,0.2459447979927063
4480,0.2459447979927063
4481,0.25595664978027344
4482,0.24853083491325378
4483,0.24853083491325378
4484,0.22874736785888672
4485,0.2616390883922577
4486,0.2616390883922577
4487,0.28146475553512573
4488,0.28146475553512573
4489,0.24964570999145508
4490,0.24964570999145508
4491,0.2528480589389801
4492,0.2528480589389801
4493,0.2578466832637787
4494,0.2578466832637787
4495,0.25248366594314575
4496,0.25248366594314575
4497,0.25566351413726807
4498,0.25566351413726807
4499,0.2473692148923874
4500,0.2473692148923874
4501,0.25562193989753723
4502,0.25562193989753723
4503,0.24783174693584442
4504,0.24783174693584442
4505,0.2650459408760071
4506,0.2650459408760071
4507,0.26564517617225647
4508,0.26564517617225647
4509,0.25193509459495544
4510,0.25193509459495544
4511,0.26573604345321655
4512,0.26573604345321655
4513,0.25436079502105713
4514,0.25436079502105713
4515,0.23284417390823364
4516,0.2521262764930725
4517,0.2440601885318756
4518,0.2440601885318756
4519,0.2513703405857086
4520,0.2512800991535187
4521,0.25129058957099915
4522,0.24212078750133514
4523,0.24212078750133514
4524,0.2584838271141052
4525,0.2584838271141052
4526,0.2588236629962921
4527,0.2459913045167923
4528,0.2459913045167923
4529,0.2413000464439392
4530,0.2413000464439392
4531,0.23609952628612518
4532,0.23609952628612518
4533,0.2609468698501587
4534,0.2609468698501587
4535,0.26464614272117615
4536,0.26464614272117615
4537,0.2539542317390442
4538,0.21506404876708984
4539,0.23402291536331177
4540,0.2544971704483032
4541,0.2544971704483032
4542,0.22747336328029633
4543,0.22747336328029633
4544,0.2561528980731964
4545,0.2416960746049881
4546,0.2416960746049881
4547,0.25686022639274597
4548,0.2314918488264084
4549,0.2314918488264084
4550,0.25422123074531555
4551,0.25422123074531555
4552,0.263280987739563
4553,0.263280987739563
4554,0.2501767575740814
4555,0.26185163855552673
4556,0.26185163855552673
4557,0.2547968029975891
4558,0.2316674292087555
4559,0.215219184756279
4560,0.25032320618629456
4561,0.2738554775714874
4562,0.23130211234092712
4563,0.2683858871459961
4564,0.23068612813949585
4565,0.26889699697494507
4566,0.2550697326660156
4567,0.24348562955856323
4568,0.22642934322357178
4569,0.24067263305187225
4570,0.24075140058994293
4571,0.24868203699588776
4572,0.24868203699588776
4573,0.2531268000602722
4574,0.24748845398426056
4575,0.24748845398426056
4576,0.2587767541408539
4577,0.28015923500061035
4578,0.28015923500061035
4579,0.21124134957790375
4580,0.25299301743507385
4581,0.25299301743507385
4582,0.2996504008769989
4583,0.2996504008769989
4584,0.26105645298957825
4585,0.2809540629386902
4586,0.2371789515018463
4587,0.2509990632534027
4588,0.2509990632534027
4589,0.24417240917682648
4590,0.24417240917682648
4591,0.227572500705719
4592,0.227572500705719
4593,0.2612731456756592
4594,0.24731415510177612
4595,0.2550557255744934
4596,0.25788649916648865
4597,0.29800742864608765
4598,0.23483522236347198
4599,0.23483522236347198
4600,0.2624395489692688
4601,0.2624395489692688
4602,0.24915917217731476
4603,0.2693285048007965
4604,0.24503493309020996
4605,0.23520022630691528
4606,0.23303364217281342
4607,0.26065731048583984
4608,0.26276350021362305
4609,0.26276350021362305
4610,0.2357838898897171
4611,0.24268753826618195
4612,0.24268753826618195
4613,0.20591607689857483
4614,0.23793941736221313
4615,0.23040299117565155
4616,0.26531606912612915
4617,0.26531606912612915
4618,0.2658277750015259
4619,0.32270774245262146
4620,0.24588438868522644
4621,0.246902734041214
4622,0.2455563098192215
4623,0.2455563098192215
4624,0.2666304111480713
4625,0.2792590260505676
4626,0.23855803906917572
4627,0.2330629825592041
4628,0.22791118919849396
4629,0.22791118919849396
4630,0.25189974904060364
4631,0.25388914346694946
4632,0.2589367926120758
4633,0.2703263759613037
4634,0.23718734085559845
4635,0.27726131677627563
4636,0.24555927515029907
4637,0.24555927515029907
4638,0.21496684849262238
4639,0.2610190510749817
4640,0.2610190510749817
4641,0.24609984457492828
4642,0.24609984457492828
4643,0.25709182024002075
4644,0.22769616544246674
4645,0.24217741191387177
4646,0.24217741191387177
4647,0.24441589415073395
4648,0.24441589415073395
4649,0.23075827956199646
4650,0.25326722860336304
4651,0.26566535234451294
4652,0.26566535234451294
4653,0.25870829820632935
4654,0.25870829820632935
4655,0.24713759124279022
4656,0.24713759124279022
4657,0.24246549606323242
4658,0.24246549606323242
4659,0.2391633838415146
4660,0.2427823692560196
4661,0.24318262934684753
4662,0.24318262934684753
4663,0.2640227973461151
4664,0.2543817460536957
4665,0.2543817460536957
4666,0.25036466121673584
4667,0.25036466121673584
4668,0.22859147191047668
4669,0.22820626199245453
4670,0.250268816947937
4671,0.2575201392173767
4672,0.2324260026216507
4673,0.2685078978538513
4674,0.2495611608028412
4675,0.22206957638263702
4676,0.2811654210090637
4677,0.24307343363761902
4678,0.23099935054779053
4679,0.2516809403896332
4680,0.2544667422771454
4681,0.23573797941207886
4682,0.25559061765670776
4683,0.2546132504940033
4684,0.2592591345310211
4685,0.2637786865234375
4686,0.26470616459846497
4687,0.2831595838069916
4688,0.24307140707969666
4689,0.2244822233915329
4690,0.23678986728191376
4691,0.27098003029823303
4692,0.256236732006073
4693,0.2477182000875473
4694,0.20302703976631165
4695,0.2502536177635193
4696,0.2403060644865036
4697,0.2535609304904938
4698,0.2188817858695984
4699,0.2188817858695984
4700,0.2414352297782898
4701,0.2414352297782898
4702,0.25617551803588867
4703,0.258477121591568
4704,0.2466801255941391
4705,0.24237900972366333
4706,0.2673962712287903
4707,0.2673962712287903
4708,0.23402774333953857
4709,0.20665188133716583
4710,0.24025389552116394
4711,0.2509664297103882
4712,0.2443518489599228
4713,0.2653191387653351
4714,0.2653191387653351
4715,0.26417744159698486
4716,0.25579866766929626
4717,0.2548860013484955
4718,0.2548860013484955
4719,0.24460452795028687
4720,0.24460452795028687
4721,0.23718929290771484
4722,0.23368950188159943
4723,0.2490098476409912
4724,0.26732689142227173
4725,0.25604620575904846
4726,0.2498907446861267
4727,0.23930403590202332
4728,0.23930403590202332
4729,0.24681666493415833
4730,0.2404455691576004
4731,0.2548467218875885
4732,0.24825718998908997
4733,0.24825718998908997
4734,0.24475474655628204
4735,0.24475474655628204
4736,0.24614234268665314
4737,0.24614234268665314
4738,0.22403103113174438
4739,0.24325048923492432
4740,0.24325048923492432
4741,0.24337054789066315
4742,0.24337054789066315
4743,0.24261318147182465
4744,0.24261318147182465
4745,0.24236690998077393
4746,0.24236690998077393
4747,0.2601476013660431
4748,0.2601476013660431
4749,0.2471040040254593
4750,0.24787946045398712
4751,0.2571677565574646
4752,0.2571677565574646
4753,0.2794235348701477
4754,0.22056284546852112
4755,0.22900085151195526
4756,0.23066294193267822
4757,0.22686131298542023
4758,0.22703047096729279
4759,0.24440398812294006
4760,0.26706457138061523
4761,0.26706457138061523
4762,0.22756315767765045
4763,0.23014242947101593
4764,0.2513744831085205
4765,0.2381180375814438
4766,0.2381180375814438
4767,0.27092692255973816
4768,0.27092692255973816
4769,0.24013827741146088
4770,0.2075614333152771
4771,0.2456268072128296
4772,0.24456754326820374
4773,0.2528473734855652
4774,0.2528473734855652
4775,0.2592727541923523
4776,0.2592727541923523
4777,0.2648439407348633
4778,0.2648439407348633
4779,0.2757629156112671
4780,0.2757629156112671
4781,0.2433415949344635
4782,0.2433415949344635
4783,0.26418372988700867
4784,0.26418372988700867
4785,0.2470909059047699
4786,0.2507244348526001
4787,0.23228344321250916
4788,0.23228344321250916
4789,0.2332000732421875
4790,0.2332000732421875
4791,0.25276458263397217
4792,0.25276458263397217
4793,0.2701330780982971
4794,0.2701330780982971
4795,0.280294805765152
4796,0.280294805765152
4797,0.2658935487270355
4798,0.2658935487270355
4799,0.26262351870536804
4800,0.26262348890304565
4801,0.27263346314430237
4802,0.27263346314430237
4803,0.2654027044773102
4804,0.2654027044773102
4805,0.2564322352409363
4806,0.2564322352409363
4807,0.2531006634235382
4808,0.2598261535167694
4809,0.2598261535167694
4810,0.30394184589385986
4811,0.23351043462753296
4812,0.23725512623786926
4813,0.23725512623786926
4814,0.2311285138130188
4815,0.2311285138130188
4816,0.23356197774410248
4817,0.23356197774410248
4818,0.22752147912979126
4819,0.22752147912979126
4820,0.2234048843383789
4821,0.2234048843383789
4822,0.27696868777275085
4823,0.27696868777275085
4824,0.2290012538433075
4825,0.2290012538433075
4826,0.26419875025749207
4827,0.24620959162712097
4828,0.23469792306423187
4829,0.23469792306423187
4830,0.24844598770141602
4831,0.24844598770141602
4832,0.24217675626277924
4833,0.24217675626277924
4834,0.2407512068748474
4835,0.22818967700004578
4836,0.2347131222486496
4837,0.2347131222486496
4838,0.2930992841720581
4839,0.2930992841720581
4840,0.23167924582958221
4841,0.2320348024368286
4842,0.2572161555290222
4843,0.2572161555290222
4844,0.2410348653793335
4845,0.2387283593416214
4846,0.2387283593416214
4847,0.2571375072002411
4848,0.2571375072002411
4849,0.24545884132385254
4850,0.2429307997226715
4851,0.2366715967655182
4852,0.23195615410804749
4853,0.23195615410804749
4854,0.2476188838481903
4855,0.2476188838481903
4856,0.2530145049095154
4857,0.2290816307067871
4858,0.2290816307067871
4859,0.23130148649215698
4860,0.23130148649215698
4861,0.2500937879085541
4862,0.2500937879085541
4863,0.2545219659805298
4864,0.2545219659805298
4865,0.24602468311786652
4866,0.2411625236272812
4867,0.2411625236272812
4868,0.25365811586380005
4869,0.25365811586380005
4870,0.25963038206100464
4871,0.25500139594078064
4872,0.2589153051376343
4873,0.26064956188201904
4874,0.2295025885105133
4875,0.24736422300338745
4876,0.2349405586719513
4877,0.23944906890392303
4878,0.23944906890392303
4879,0.22446149587631226
4880,0.2952316999435425
4881,0.24712830781936646
4882,0.24712830781936646
4883,0.2506128251552582
4884,0.24027559161186218
4885,0.2452520728111267
4886,0.3570074439048767
4887,0.22965440154075623
4888,0.24107792973518372
4889,0.2739124000072479
4890,0.2787173390388489
4891,0.2923468351364136
4892,0.25632527470588684
4893,0.25632527470588684
4894,0.2426632195711136
4895,0.2559514045715332
4896,0.2559514045715332
4897,0.27039971947669983
4898,0.24395452439785004
4899,0.24395452439785004
4900,0.23335085809230804
4901,0.232517808675766
4902,0.2501033842563629
4903,0.2501033842563629
4904,0.23828637599945068
4905,0.25596675276756287
4906,0.22451721131801605
4907,0.22480277717113495
4908,0.24792201817035675
4909,0.24792201817035675
4910,0.22813157737255096
4911,0.24210213124752045
4912,0.2534286081790924
4913,0.2431974560022354
4914,0.25481879711151123
4915,0.24135741591453552
4916,0.2596262991428375
4917,0.26010367274284363
4918,0.24584031105041504
4919,0.2725808024406433
4920,0.24061429500579834
4921,0.26392799615859985
4922,0.23875641822814941
4923,0.26131245493888855
4924,0.26131245493888855
4925,0.2439519166946411
4926,0.24395190179347992
4927,0.28598546981811523
4928,0.23397228121757507
4929,0.25523221492767334
4930,0.2575854957103729
4931,0.2575854957103729
4932,0.27099645137786865
4933,0.27099645137786865
4934,0.25588688254356384
4935,0.2538469731807709
4936,0.26740559935569763
4937,0.26740559935569763
4938,0.26921600103378296
4939,0.26921600103378296
4940,0.2580990195274353
4941,0.23041045665740967
4942,0.23841559886932373
4943,0.23502732813358307
4944,0.23502732813358307
4945,0.2549477517604828
4946,0.2549477517604828
4947,0.24353176355361938
4948,0.2522664964199066
4949,0.2678915560245514
4950,0.24631527066230774
4951,0.2569423317909241
4952,0.2569423317909241
4953,0.26986613869667053
4954,0.25986137986183167
4955,0.23807455599308014
4956,0.28091466426849365
4957,0.27225297689437866
4958,0.2509418725967407
4959,0.24038253724575043
4960,0.2532060146331787
4961,0.26162001490592957
4962,0.23419271409511566
4963,0.23419271409511566
4964,0.2295549213886261
4965,0.2552817463874817
4966,0.25491493940353394
4967,0.25491493940353394
4968,0.2318556010723114
4969,0.26962295174598694
4970,0.2627655863761902
4971,0.22309575974941254
4972,0.23157216608524323
4973,0.2575017809867859
4974,0.27634674310684204
4975,0.25235313177108765
4976,0.23705348372459412
4977,0.23221367597579956
4978,0.24147188663482666
4979,0.2319544106721878
4980,0.27158963680267334
4981,0.23649299144744873
4982,0.25111207365989685
4983,0.26887741684913635
4984,0.25580519437789917
4985,0.248152494430542
4986,0.26993775367736816
4987,0.26993775367736816
4988,0.2579740285873413
4989,0.2579740285873413
4990,0.21962961554527283
4991,0.24308325350284576
4992,0.24308325350284576
4993,0.22540947794914246
4994,0.22540947794914246
4995,0.2596612572669983
4996,0.2596612572669983
4997,0.24920248985290527
4998,0.23725590109825134
4999,0.23725590109825134
5000,0.27123111486434937
5001,0.2701016366481781
5002,0.26626697182655334
5003,0.26211807131767273
5004,0.2509300410747528
5005,0.2571079134941101
5006,0.245100200176239
5007,0.23759625852108002
5008,0.2580350339412689
5009,0.25813424587249756
5010,0.3021591007709503
5011,0.21136021614074707
5012,0.21136021614074707
5013,0.2581252455711365
5014,0.22661897540092468
5015,0.2415764182806015
5016,0.24544188380241394
5017,0.27003365755081177
5018,0.2872893810272217
5019,0.2872893810272217
5020,0.24531328678131104
5021,0.2507110834121704
5022,0.22991657257080078
5023,0.24579687416553497
5024,0.24579687416553497
5025,0.25485482811927795
5026,0.23863878846168518
5027,0.2620985209941864
5028,0.2600710690021515
5029,0.24283264577388763
5030,0.23344559967517853
5031,0.23344559967517853
5032,0.20726686716079712
5033,0.24251185357570648
5034,0.24251185357570648
5035,0.2580902874469757
5036,0.2571370601654053
5037,0.25731509923934937
5038,0.2541907727718353
5039,0.2476697415113449
5040,0.22646138072013855
5041,0.2503190338611603
5042,0.22911351919174194
5043,0.22980882227420807
5044,0.2016657292842865
5045,0.2520846724510193
5046,0.2884784936904907
5047,0.26301324367523193
5048,0.3161027729511261
5049,0.2508479952812195
5050,0.25147807598114014
5051,0.2360607087612152
5052,0.22570908069610596
5053,0.24504534900188446
5054,0.2616458833217621
5055,0.29222333431243896
5056,0.2345263957977295
5057,0.21967965364456177
5058,0.2639135718345642
5059,0.2696549892425537
5060,0.2124788761138916
5061,0.2596805989742279
5062,0.2522265911102295
5063,0.23507553339004517
5064,0.24665910005569458
5065,0.23901937901973724
5066,0.26449906826019287
5067,0.26449906826019287
5068,0.26144254207611084
5069,0.26144254207611084
5070,0.25066736340522766
5071,0.25066736340522766
5072,0.2638711929321289
5073,0.25256824493408203
5074,0.25256824493408203
5075,0.25754937529563904
5076,0.22908776998519897
5077,0.2516894042491913
5078,0.2516894042491913
5079,0.25629815459251404
5080,0.2517835795879364
5081,0.23786327242851257
5082,0.25772738456726074
5083,0.24149315059185028
5084,0.23648114502429962
5085,0.23944950103759766
5086,0.23944950103759766
5087,0.2526066303253174
5088,0.243050217628479
5089,0.243050217628479
5090,0.24101804196834564
5091,0.24104472994804382
5092,0.20196421444416046
5093,0.20196421444416046
5094,0.26097917556762695
5095,0.26097917556762695
5096,0.25678181648254395
5097,0.25678181648254395
5098,0.2589241564273834
5099,0.2589241564273834
5100,0.22963427007198334
5101,0.27830028533935547
5102,0.25728967785835266
5103,0.25728967785835266
5104,0.26642265915870667
5105,0.26642265915870667
5106,0.2550064027309418
5107,0.2635619640350342
5108,0.2635619640350342
5109,0.26398590207099915
5110,0.26398590207099915
5111,0.2555924654006958
5112,0.24689504504203796
5113,0.26715895533561707
5114,0.2398659735918045
5115,0.2661389708518982
5116,0.26458197832107544
5117,0.26458197832107544
5118,0.26516592502593994
5119,0.26516592502593994
5120,0.25807881355285645
5121,0.25807881355285645
5122,0.25596803426742554
5123,0.2354286015033722
5124,0.2559158205986023
5125,0.2559158205986023
5126,0.22366861999034882
5127,0.22366861999034882
5128,0.245951846241951
5129,0.26875051856040955
5130,0.25253546237945557
5131,0.250716894865036
5132,0.2351355403661728
5133,0.274888813495636
5134,0.27142006158828735
5135,0.24787195026874542
5136,0.2899327278137207
5137,0.26920121908187866
5138,0.24591034650802612
5139,0.2549656927585602
5140,0.29234322905540466
5141,0.27062883973121643
5142,0.2973862886428833
5143,0.277241051197052
5144,0.2809857428073883
5145,0.2592989504337311
5146,0.2493276447057724
5147,0.29152923822402954
5148,0.29152923822402954
5149,0.27806490659713745
5150,0.27616268396377563
5151,0.27616268396377563
5152,0.2531726360321045
5153,0.272407203912735
5154,0.2566627264022827
5155,0.25352707505226135
5156,0.27472683787345886
5157,0.27472683787345886
5158,0.274617463350296
5159,0.2861790359020233
5160,0.2729337811470032
5161,0.2915270924568176
5162,0.22771567106246948
5163,0.2379903495311737
5164,0.2540000379085541
5165,0.2540000379085541
5166,0.31642600893974304
5167,0.287739634513855
5168,0.287739634513855
5169,0.2789626121520996
5170,0.234553262591362
5171,0.27654358744621277
5172,0.27333909273147583
5173,0.4114300012588501
5174,0.30821043252944946
5175,0.31083083152770996
5176,0.21032585203647614
5177,0.2842847406864166
5178,0.272841215133667
5179,0.272841215133667
5180,0.2967783808708191
5181,0.27147722244262695
5182,0.27377402782440186
5183,0.3155353367328644
5184,0.27700042724609375
5185,0.3065827488899231
5186,0.2609126567840576
5187,0.2807474732398987
5188,0.2696910798549652
5189,0.277670294046402
5190,0.34656989574432373
5191,0.2605206072330475
5192,0.24300026893615723
5193,0.24300026893615723
5194,0.2593784034252167
5195,0.2593784034252167
5196,0.23854772746562958
5197,0.2709416151046753
5198,0.2709416151046753
5199,0.27343735098838806
5200,0.2762129604816437
5201,0.2919827103614807
5202,0.2919827103614807
5203,0.3040601313114166
5204,0.25931620597839355
5205,0.25931620597839355
5206,0.23083330690860748
5207,0.23216262459754944
5208,0.2723379135131836
5209,0.2723379135131836
5210,0.2684304416179657
5211,0.2684304416179657
5212,0.25543832778930664
5213,0.25543832778930664
5214,0.2328197956085205
5215,0.22992563247680664
5216,0.26262858510017395
5217,0.26795533299446106
5218,0.29326072335243225
5219,0.29326072335243225
5220,0.24275590479373932
5221,0.271504282951355
5222,0.271504282951355
5223,0.25963258743286133
5224,0.2609190046787262
5225,0.26755285263061523
5226,0.26755285263061523
5227,0.30957382917404175
5228,0.2603612542152405
5229,0.2603612542152405
5230,0.258078008890152
5231,0.24810928106307983
5232,0.2091934233903885
5233,0.2779068946838379
5234,0.2678230404853821
5235,0.2324349284172058
5236,0.2745877504348755
5237,0.2982289493083954
5238,0.2982289493083954
5239,0.25117212533950806
5240,0.25117212533950806
5241,0.33721262216567993
5242,0.32043030858039856
5243,0.26641538739204407
5244,0.27160823345184326
5245,0.3158806264400482
5246,0.314990758895874
5247,0.25316867232322693
5248,0.2631758749485016
5249,0.2631758749485016
5250,0.22332283854484558
5251,0.2628268301486969
5252,0.2677789628505707
5253,0.294860303401947
5254,0.294860303401947
5255,0.2413468211889267
5256,0.2413468211889267
5257,0.2598590850830078
5258,0.2598590850830078
5259,0.2955895662307739
5260,0.2955895662307739
5261,0.24494394659996033
5262,0.2718292474746704
5263,0.2718292474746704
5264,0.2816627621650696
5265,0.2816627621650696
5266,0.29711654782295227
5267,0.26707640290260315
5268,0.26707640290260315
5269,0.2609831392765045
5270,0.272612601518631
5271,0.256155401468277
5272,0.256155401468277
5273,0.2560032904148102
5274,0.23242318630218506
5275,0.228987917304039
5276,0.2539534568786621
5277,0.2601489722728729
5278,0.2601489722728729
5279,0.2951648235321045
5280,0.2522946894168854
5281,0.2853516638278961
5282,0.29450225830078125
5283,0.29450225830078125
5284,0.2688182592391968
5285,0.24055755138397217
5286,0.2550783157348633
5287,0.2771395146846771
5288,0.25787287950515747
5289,0.25787287950515747
5290,0.21988257765769958
5291,0.29692772030830383
5292,0.2885197103023529
5293,0.2674188017845154
5294,0.268567830324173
5295,0.27708932757377625
5296,0.27708932757377625
5297,0.25799381732940674
5298,0.2627910375595093
5299,0.2531585097312927
5300,0.27721574902534485
5301,0.27446413040161133
5302,0.31418126821517944
5303,0.2876928448677063
5304,0.24238762259483337
5305,0.24913260340690613
5306,0.24913260340690613
5307,0.23346443474292755
5308,0.25021183490753174
5309,0.28983867168426514
5310,0.2862269878387451
5311,0.2609390318393707
5312,0.2776297926902771
5313,0.2673337161540985
5314,0.25197064876556396
5315,0.2674863934516907
5316,0.28598371148109436
5317,0.28598371148109436
5318,0.25701266527175903
5319,0.24900460243225098
5320,0.24900460243225098
5321,0.2669834494590759
5322,0.260452002286911
5323,0.260452002286911
5324,0.25203803181648254
5325,0.2763417065143585
5326,0.2763417065143585
5327,0.35145920515060425
5328,0.259891539812088
5329,0.259891539812088
5330,0.27218401432037354
5331,0.2849697768688202
5332,0.2849697768688202
5333,0.24273145198822021
5334,0.27793198823928833
5335,0.27793198823928833
5336,0.3084230422973633
5337,0.3084230422973633
5338,0.2618754804134369
5339,0.2618754804134369
5340,0.26658228039741516
5341,0.26658228039741516
5342,0.2708005905151367
5343,0.2708005905151367
5344,0.2621137499809265
5345,0.2621137499809265
5346,0.2660103440284729
5347,0.2660103440284729
5348,0.25715503096580505
5349,0.25715503096580505
5350,0.2668777108192444
5351,0.2668777108192444
5352,0.25964218378067017
5353,0.25964218378067017
5354,0.28196901082992554
5355,0.28196901082992554
5356,0.2814024090766907
5357,0.2814024090766907
5358,0.26621654629707336
5359,0.26621654629707336
5360,0.28487420082092285
5361,0.28487420082092285
5362,0.2768103778362274
5363,0.2768103778362274
5364,0.24836435914039612
5365,0.26392078399658203
5366,0.25918328762054443
5367,0.25918328762054443
5368,0.2621144950389862
5369,0.26088738441467285
5370,0.2599267065525055
5371,0.25357890129089355
5372,0.25357890129089355
5373,0.2736895680427551
5374,0.2736895680427551
5375,0.2875414490699768
5376,0.25895020365715027
5377,0.25895020365715027
5378,0.25334420800209045
5379,0.25334420800209045
5380,0.24663987755775452
5381,0.24663987755775452
5382,0.2742568254470825
5383,0.2742568254470825
5384,0.30098772048950195
5385,0.30098772048950195
5386,0.2800678610801697
5387,0.21993698179721832
5388,0.24098727107048035
5389,0.26824599504470825
5390,0.26824599504470825
5391,0.24378490447998047
5392,0.24378490447998047
5393,0.3052278161048889
5394,0.25563323497772217
5395,0.25563323497772217
5396,0.27378517389297485
5397,0.25497788190841675
5398,0.25497788190841675
5399,0.26685988903045654
5400,0.26685988903045654
5401,0.2818240225315094
5402,0.2818240225315094
5403,0.2568590044975281
5404,0.300859659910202
5405,0.300859659910202
5406,0.278863787651062
5407,0.24047382175922394
5408,0.22732600569725037
5409,0.2771247327327728
5410,0.29436632990837097
5411,0.24288581311702728
5412,0.28709742426872253
5413,0.23771172761917114
5414,0.2993996739387512
5415,0.2816687226295471
5416,0.2569863200187683
5417,0.26223909854888916
5418,0.26049089431762695
5419,0.26056939363479614
5420,0.2751183807849884
5421,0.2751183807849884
5422,0.28657180070877075
5423,0.2565690279006958
5424,0.2565690279006958
5425,0.27934208512306213
5426,0.3314260244369507
5427,0.3314260244369507
5428,0.21604476869106293
5429,0.2631179392337799
5430,0.2631179392337799
5431,0.3844606876373291
5432,0.3844606876373291
5433,0.27631646394729614
5434,0.2970660328865051
5435,0.24407649040222168
5436,0.2647395431995392
5437,0.2647395431995392
5438,0.2584793269634247
5439,0.2584793269634247
5440,0.253487229347229
5441,0.253487229347229
5442,0.34465327858924866
5443,0.258445143699646
5444,0.2751372456550598
5445,0.2679372727870941
5446,0.3301776647567749
5447,0.2468164712190628
5448,0.2468164712190628
5449,0.2906981110572815
5450,0.2906981110572815
5451,0.35644882917404175
5452,0.35637611150741577
5453,0.2521188259124756
5454,0.24274766445159912
5455,0.2532441318035126
5456,0.27899396419525146
5457,0.28826048970222473
5458,0.28826048970222473
5459,0.24432508647441864
5460,0.2578270435333252
5461,0.2578270435333252
5462,0.21553461253643036
5463,0.24596858024597168
5464,0.24271135032176971
5465,0.2781810164451599
5466,0.2781810164451599
5467,0.30103063583374023
5468,0.3755587339401245
5469,0.2626454532146454
5470,0.25968289375305176
5471,0.26103538274765015
5472,0.26103538274765015
5473,0.27904897928237915
5474,0.30019518733024597
5475,0.25927603244781494
5476,0.24305644631385803
5477,0.26604920625686646
5478,0.26604920625686646
5479,0.260296106338501
5480,0.30785638093948364
5481,0.33006834983825684
5482,0.326236367225647
5483,0.2535640597343445
5484,0.3384586572647095
5485,0.2600928246974945
5486,0.2600928246974945
5487,0.23378512263298035
5488,0.2963974177837372
5489,0.2963974177837372
5490,0.27278605103492737
5491,0.27278605103492737
5492,0.27516379952430725
5493,0.24923664331436157
5494,0.2564554512500763
5495,0.2564554512500763
5496,0.259001761674881
5497,0.259001761674881
5498,0.26353055238723755
5499,0.2642024755477905
5500,0.300289511680603
5501,0.300289511680603
5502,0.27469179034233093
5503,0.27469179034233093
5504,0.2758035361766815
5505,0.2758035361766815
5506,0.2589469254016876
5507,0.2589469254016876
5508,0.25354433059692383
5509,0.25592291355133057
5510,0.261606901884079
5511,0.261606901884079
5512,0.27724188566207886
5513,0.2779611349105835
5514,0.2779611349105835
5515,0.27943384647369385
5516,0.27943384647369385
5517,0.22980397939682007
5518,0.22937503457069397
5519,0.25723645091056824
5520,0.2687331736087799
5521,0.24648743867874146
5522,0.3150842487812042
5523,0.25696131587028503
5524,0.24072538316249847
5525,0.2958127558231354
5526,0.2601095736026764
5527,0.25156548619270325
5528,0.2734851539134979
5529,0.26271170377731323
5530,0.2484898716211319
5531,0.2632046341896057
5532,0.26575809717178345
5533,0.27015042304992676
5534,0.2942391335964203
5535,0.2847374379634857
5536,0.3136953115463257
5537,0.24702852964401245
5538,0.22921103239059448
5539,0.23656007647514343
5540,0.31889790296554565
5541,0.29190635681152344
5542,0.25712406635284424
5543,0.20250371098518372
5544,0.2766314446926117
5545,0.2591923475265503
5546,0.2734578251838684
5547,0.25038236379623413
5548,0.25038236379623413
5549,0.26647311449050903
5550,0.26647311449050903
5551,0.27022725343704224
5552,0.2733001410961151
5553,0.2840670049190521
5554,0.2784740924835205
5555,0.2834450602531433
5556,0.2834450602531433
5557,0.24417659640312195
5558,0.20839688181877136
5559,0.29371023178100586
5560,0.2601238787174225
5561,0.24987055361270905
5562,0.28082001209259033
5563,0.28082001209259033
5564,0.34462517499923706
5565,0.2717784643173218
5566,0.2873528301715851
5567,0.2873528301715851
5568,0.25931209325790405
5569,0.25931209325790405
5570,0.2566567361354828
5571,0.2520751357078552
5572,0.26919370889663696
5573,0.327421098947525
5574,0.2949995994567871
5575,0.2628479599952698
5576,0.2730105519294739
5577,0.2730105519294739
5578,0.262425035238266
5579,0.26010316610336304
5580,0.263738214969635
5581,0.2737329602241516
5582,0.2737329602241516
5583,0.26774951815605164
5584,0.26774951815605164
5585,0.25678327679634094
5586,0.25678327679634094
5587,0.258535236120224
5588,0.2678571045398712
5589,0.2678571045398712
5590,0.26647132635116577
5591,0.26647132635116577
5592,0.2651897370815277
5593,0.2651897370815277
5594,0.2637218236923218
5595,0.2637218236923218
5596,0.2910187840461731
5597,0.2910187840461731
5598,0.27848389744758606
5599,0.27598899602890015
5600,0.2724939286708832
5601,0.2724939286708832
5602,0.3212049603462219
5603,0.23409268260002136
5604,0.2302759736776352
5605,0.2340625524520874
5606,0.22779469192028046
5607,0.2389773279428482
5608,0.25061696767807007
5609,0.3255012035369873
5610,0.3255012035369873
5611,0.22864212095737457
5612,0.23146426677703857
5613,0.2680748999118805
5614,0.255291223526001
5615,0.255291223526001
5616,0.314877986907959
5617,0.314877986907959
5618,0.25626301765441895
5619,0.20564191043376923
5620,0.2544902265071869
5621,0.2543964087963104
5622,0.261596143245697
5623,0.261596143245697
5624,0.2724044620990753
5625,0.2724044620990753
5626,0.27734944224357605
5627,0.27734944224357605
5628,0.3264257609844208
5629,0.3264257609844208
5630,0.25926268100738525
5631,0.25926268100738525
5632,0.2885989248752594
5633,0.2885989248752594
5634,0.2635093331336975
5635,0.26841843128204346
5636,0.2498936653137207
5637,0.2498936653137207
5638,0.23918166756629944
5639,0.23918166756629944
5640,0.26407986879348755
5641,0.26407986879348755
5642,0.2879374623298645
5643,0.2879374623298645
5644,0.3217594623565674
5645,0.3217594623565674
5646,0.2842669188976288
5647,0.2842669188976288
5648,0.2826492488384247
5649,0.2826492488384247
5650,0.29407989978790283
5651,0.29407989978790283
5652,0.2831496596336365
5653,0.2831496596336365
5654,0.27195245027542114
5655,0.27195245027542114
5656,0.26057863235473633
5657,0.2906016707420349
5658,0.2906016707420349
5659,0.3358398675918579
5660,0.3077669143676758
5661,0.2614726424217224
5662,0.2614726126194
5663,0.28699514269828796
5664,0.28699514269828796
5665,0.270357221364975
5666,0.270357221364975
5667,0.24392540752887726
5668,0.24392540752887726
5669,0.24725940823554993
5670,0.24725940823554993
5671,0.32242143154144287
5672,0.32242143154144287
5673,0.27015459537506104
5674,0.27015459537506104
5675,0.30235564708709717
5676,0.2605654001235962
5677,0.24336153268814087
5678,0.24336153268814087
5679,0.275447815656662
5680,0.275447815656662
5681,0.25877270102500916
5682,0.25877270102500916
5683,0.2528986930847168
5684,0.23969952762126923
5685,0.2499946653842926
5686,0.2499946653842926
5687,0.3356105387210846
5688,0.3356105387210846
5689,0.24127979576587677
5690,0.23296265304088593
5691,0.26941484212875366
5692,0.26941484212875366
5693,0.2529478669166565
5694,0.25921112298965454
5695,0.25921112298965454
5696,0.26951757073402405
5697,0.26951757073402405
5698,0.2613009810447693
5699,0.2500373125076294
5700,0.2439330518245697
5701,0.2792210876941681
5702,0.2792210876941681
5703,0.3034595847129822
5704,0.3034595847129822
5705,0.2780315577983856
5706,0.24640588462352753
5707,0.24640588462352753
5708,0.277726948261261
5709,0.277726948261261
5710,0.2678584158420563
5711,0.2678584158420563
5712,0.2660520672798157
5713,0.2660520672798157
5714,0.25590628385543823
5715,0.258943647146225
5716,0.258943647146225
5717,0.2708067297935486
5718,0.2708067297935486
5719,0.3184988498687744
5720,0.3122708201408386
5721,0.27440592646598816
5722,0.27446213364601135
5723,0.23653772473335266
5724,0.26404309272766113
5725,0.2350662797689438
5726,0.2487412989139557
5727,0.2487412989139557
5728,0.239484503865242
5729,0.3271734118461609
5730,0.2626553475856781
5731,0.2626553475856781
5732,0.2606137692928314
5733,0.25286856293678284
5734,0.28758299350738525
5735,0.3788975477218628
5736,0.2388562709093094
5737,0.2555212378501892
5738,0.2986772060394287
5739,0.3068245053291321
5740,0.32391783595085144
5741,0.2682942748069763
5742,0.2682942748069763
5743,0.3142296373844147
5744,0.28570032119750977
5745,0.28570032119750977
5746,0.296037882566452
5747,0.2538570761680603
5748,0.2538570761680603
5749,0.2339576780796051
5750,0.25892138481140137
5751,0.2602023780345917
5752,0.2602023780345917
5753,0.25496309995651245
5754,0.2710258662700653
5755,0.22947868704795837
5756,0.23696084320545197
5757,0.2709536850452423
5758,0.2709536850452423
5759,0.2574966549873352
5760,0.26244068145751953
5761,0.2751372456550598
5762,0.2654016315937042
5763,0.26430192589759827
5764,0.25151118636131287
5765,0.34920382499694824
5766,0.29222816228866577
5767,0.25975069403648376
5768,0.33457887172698975
5769,0.24202898144721985
5770,0.31238502264022827
5771,0.2557682693004608
5772,0.2830480933189392
5773,0.2830480933189392
5774,0.2613093852996826
5775,0.2613093852996826
5776,0.3171958327293396
5777,0.24245837330818176
5778,0.2667078375816345
5779,0.27097398042678833
5780,0.27097398042678833
5781,0.2863699793815613
5782,0.2863699793815613
5783,0.2781713902950287
5784,0.27543118596076965
5785,0.2807202935218811
5786,0.2807202935218811
5787,0.284030556678772
5788,0.284030556678772
5789,0.2724732458591461
5790,0.24099160730838776
5791,0.254617303609848
5792,0.24838098883628845
5793,0.24838098883628845
5794,0.26641327142715454
5795,0.26641327142715454
5796,0.25418567657470703
5797,0.2667034864425659
5798,0.2861752510070801
5799,0.2545822262763977
5800,0.3005378544330597
5801,0.3005378544330597
5802,0.3286251723766327
5803,0.27182555198669434
5804,0.26131004095077515
5805,0.3103256821632385
5806,0.29401645064353943
5807,0.2631930112838745
5808,0.2705778181552887
5809,0.26407501101493835
5810,0.3117431700229645
5811,0.24760574102401733
5812,0.24760574102401733
5813,0.24505501985549927
5814,0.2924466133117676
5815,0.2975938618183136
5816,0.2975938618183136
5817,0.24104878306388855
5818,0.32787519693374634
5819,0.29489296674728394
5820,0.2519831657409668
5821,0.24520832300186157
5822,0.2878127098083496
5823,0.3029492199420929
5824,0.2628186345100403
5825,0.25628331303596497
5826,0.2653070390224457
5827,0.2533654272556305
5828,0.2447727769613266
5829,0.30076414346694946
5830,0.2550864517688751
5831,0.2831214666366577
5832,0.286501407623291
5833,0.2772803008556366
5834,0.26538875699043274
5835,0.29915928840637207
5836,0.29915928840637207
5837,0.280324786901474
5838,0.280324786901474
5839,0.22528772056102753
5840,0.2781863212585449
5841,0.2781863212585449
5842,0.27475008368492126
5843,0.27475008368492126
5844,0.2925771474838257
5845,0.2925771474838257
5846,0.2736753821372986
5847,0.24980700016021729
5848,0.24980700016021729
5849,0.2898312211036682
5850,0.2875235676765442
5851,0.2853555381298065
5852,0.28038182854652405
5853,0.2951476573944092
5854,0.2712610363960266
5855,0.25503966212272644
5856,0.24892419576644897
5857,0.3132860064506531
5858,0.3125111162662506
5859,0.4408572018146515
5860,0.23640623688697815
5861,0.23640623688697815
5862,0.2672593891620636
5863,0.23724544048309326
5864,0.2649868130683899
5865,0.26330453157424927
5866,0.2988487482070923
5867,0.34527117013931274
5868,0.34527117013931274
5869,0.25629425048828125
5870,0.26025137305259705
5871,0.23545525968074799
5872,0.2526189684867859
5873,0.2526189684867859
5874,0.2655273675918579
5875,0.281046986579895
5876,0.30823925137519836
5877,0.3286936283111572
5878,0.26815876364707947
5879,0.24261660873889923
5880,0.24261660873889923
5881,0.20969606935977936
5882,0.26619502902030945
5883,0.26619502902030945
5884,0.28965723514556885
5885,0.2720690965652466
5886,0.2659187316894531
5887,0.26374712586402893
5888,0.26388609409332275
5889,0.28123438358306885
5890,0.26540690660476685
5891,0.2367478311061859
5892,0.2400539219379425
5893,0.20355673134326935
5894,0.2646214962005615
5895,0.3337663412094116
5896,0.3996921181678772
5897,0.3963882327079773
5898,0.34757697582244873
5899,0.3518572151660919
5900,0.25824370980262756
5901,0.22442913055419922
5902,0.25154486298561096
5903,0.28619271516799927
5904,0.361173152923584
5905,0.24633009731769562
5906,0.23371067643165588
5907,0.2857713997364044
5908,0.28513669967651367
5909,0.21702611446380615
5910,0.2753645181655884
5911,0.2698339521884918
5912,0.2750997543334961
5913,0.2524639964103699
5914,0.23856742680072784
5915,0.27963635325431824
5916,0.27963635325431824
5917,0.27574899792671204
5918,0.27574899792671204
5919,0.26597529649734497
5920,0.26597529649734497
5921,0.3064959645271301
5922,0.26362913846969604
5923,0.26362913846969604
5924,0.26958346366882324
5925,0.2405056357383728
5926,0.26573559641838074
5927,0.26573559641838074
5928,0.31953924894332886
5929,0.2943967878818512
5930,0.24996617436408997
5931,0.2666762173175812
5932,0.2918083369731903
5933,0.2570507526397705
5934,0.2617987394332886
5935,0.2617987394332886
5936,0.2901161313056946
5937,0.25454992055892944
5938,0.25454992055892944
5939,0.2782667577266693
5940,0.27826064825057983
5941,0.20966826379299164
5942,0.20966826379299164
5943,0.2578382194042206
5944,0.2578382194042206
5945,0.26180940866470337
5946,0.26180940866470337
5947,0.2622036933898926
5948,0.2622036933898926
5949,0.23091237246990204
5950,0.2704927325248718
5951,0.2639535665512085
5952,0.2639535665512085
5953,0.26231086254119873
5954,0.26231086254119873
5955,0.2562275230884552
5956,0.2659854590892792
5957,0.2659854590892792
5958,0.26148930191993713
5959,0.26148930191993713
5960,0.2534942030906677
5961,0.24803954362869263
5962,0.262440025806427
5963,0.237638920545578
5964,0.2653440237045288
5965,0.26752421259880066
5966,0.26752421259880066
5967,0.26559481024742126
5968,0.26559481024742126
5969,0.26061683893203735
5970,0.26061683893203735
5971,0.25800907611846924
5972,0.23667937517166138
5973,0.27194681763648987
5974,0.27194681763648987
5975,0.22941820323467255
5976,0.22941820323467255
5977,0.2466101348400116
5978,0.2692199647426605
5979,0.26111552119255066
5980,0.257066011428833
5981,0.2380005419254303
5982,0.28389012813568115
5983,0.2781788110733032
5984,0.26003721356391907
5985,0.27759015560150146
5986,0.26762330532073975
5987,0.2352597564458847
5988,0.2522875964641571
5989,0.26263296604156494
5990,0.27344945073127747
5991,0.3008955717086792
5992,0.29579266905784607
5993,0.2752249240875244
5994,0.27532684803009033
5995,0.2571430504322052
5996,0.28270459175109863
5997,0.28270459175109863
5998,0.2775646448135376
5999,0.27496522665023804
6000,0.27496522665023804
6001,0.25753381848335266
6002,0.25174424052238464
6003,0.25436705350875854
6004,0.25114545226097107
6005,0.2743130326271057
6006,0.2743130326271057
6007,0.2752801179885864
6008,0.27453282475471497
6009,0.26787617802619934
6010,0.26785215735435486
6011,0.23111006617546082
6012,0.24966424703598022
6013,0.2571495771408081
6014,0.2571495771408081
6015,0.2688720226287842
6016,0.2655479311943054
6017,0.2655479311943054
6018,0.26120468974113464
6019,0.23426197469234467
6020,0.27251073718070984
6021,0.27490997314453125
6022,0.2973288297653198
6023,0.29046452045440674
6024,0.2620700001716614
6025,0.2291221171617508
6026,0.2672157883644104
6027,0.2694419324398041
6028,0.2694419324398041
6029,0.26255518198013306
6030,0.28111204504966736
6031,0.2679414749145508
6032,0.2743051052093506
6033,0.2725220322608948
6034,0.27641600370407104
6035,0.2543044984340668
6036,0.262754887342453
6037,0.25285661220550537
6038,0.2848932147026062
6039,0.2771376371383667
6040,0.2559605836868286
6041,0.24821123480796814
6042,0.24821123480796814
6043,0.253971666097641
6044,0.253971666097641
6045,0.23907259106636047
6046,0.2657153010368347
6047,0.2657153010368347
6048,0.2693929374217987
6049,0.2708370089530945
6050,0.26894819736480713
6051,0.26894819736480713
6052,0.26010870933532715
6053,0.25836440920829773
6054,0.25836440920829773
6055,0.2326624095439911
6056,0.23423753678798676
6057,0.2721062898635864
6058,0.2721062898635864
6059,0.25283393263816833
6060,0.25283393263816833
6061,0.2513822317123413
6062,0.2513822317123413
6063,0.23571056127548218
6064,0.23460353910923004
6065,0.2652599513530731
6066,0.2713068127632141
6067,0.27595052123069763
6068,0.27595052123069763
6069,0.2487614005804062
6070,0.2688973546028137
6071,0.2688973546028137
6072,0.2566990256309509
6073,0.25873124599456787
6074,0.2704392373561859
6075,0.2704392373561859
6076,0.2821276783943176
6077,0.2717357277870178
6078,0.2717357277870178
6079,0.25582486391067505
6080,0.25213170051574707
6081,0.21895386278629303
6082,0.2602634131908417
6083,0.2678610384464264
6084,0.23253357410430908
6085,0.26524949073791504
6086,0.27563148736953735
6087,0.27563148736953735
6088,0.25529640913009644
6089,0.25529640913009644
6090,0.2683233320713043
6091,0.3139834403991699
6092,0.24787652492523193
6093,0.27077898383140564
6094,0.2744084298610687
6095,0.2744787335395813
6096,0.24710462987422943
6097,0.2618526816368103
6098,0.2618526816368103
6099,0.22505372762680054
6100,0.2553901672363281
6101,0.25981977581977844
6102,0.2704552114009857
6103,0.2704552114009857
6104,0.2493424117565155
6105,0.2493424117565155
6106,0.2579289376735687
6107,0.2579289376735687
6108,0.2885555028915405
6109,0.2885555028915405
6110,0.24933075904846191
6111,0.25964805483818054
6112,0.25964805483818054
6113,0.26610082387924194
6114,0.26610082387924194
6115,0.2718907594680786
6116,0.25717201828956604
6117,0.25717201828956604
6118,0.25566545128822327
6119,0.274310827255249
6120,0.2549201548099518
6121,0.2549201548099518
6122,0.24599194526672363
6123,0.22519344091415405
6124,0.2305046170949936
6125,0.2537115812301636
6126,0.2585354447364807
6127,0.2585354447364807
6128,0.2745473086833954
6129,0.24638386070728302
6130,0.2813984155654907
6131,0.2624409794807434
6132,0.2624409794807434
6133,0.27083441615104675
6134,0.23572129011154175
6135,0.24884706735610962
6136,0.27390938997268677
6137,0.25229161977767944
6138,0.25229161977767944
6139,0.21284028887748718
6140,0.2812369167804718
6141,0.2638090252876282
6142,0.2714802324771881
6143,0.27177560329437256
6144,0.2752071022987366
6145,0.2752071022987366
6146,0.271136075258255
6147,0.26180535554885864
6148,0.2494245022535324
6149,0.28190863132476807
6150,0.26717519760131836
6151,0.26512110233306885
6152,0.25961723923683167
6153,0.25729799270629883
6154,0.24722963571548462
6155,0.24722963571548462
6156,0.23984654247760773
6157,0.23547223210334778
6158,0.25698938965797424
6159,0.285065233707428
6160,0.2562789022922516
6161,0.2730415463447571
6162,0.258211612701416
6163,0.2659778296947479
6164,0.27108654379844666
6165,0.2852262556552887
6166,0.2852262556552887
6167,0.25259310007095337
6168,0.25398945808410645
6169,0.25398945808410645
6170,0.25964921712875366
6171,0.27621474862098694
6172,0.27621474862098694
6173,0.2511288523674011
6174,0.27641385793685913
6175,0.27641385793685913
6176,0.2656751573085785
6177,0.25947919487953186
6178,0.25947919487953186
6179,0.27607932686805725
6180,0.27344632148742676
6181,0.27344632148742676
6182,0.24286885559558868
6183,0.276322603225708
6184,0.276322603225708
6185,0.27338412404060364
6186,0.27338412404060364
6187,0.2575891613960266
6188,0.2575891613960266
6189,0.2592679560184479
6190,0.2592679560184479
6191,0.26080235838890076
6192,0.26080235838890076
6193,0.2603510022163391
6194,0.2603510022163391
6195,0.26052606105804443
6196,0.26052606105804443
6197,0.2573915421962738
6198,0.2573915421962738
6199,0.2576717734336853
6200,0.2576717734336853
6201,0.2553675174713135
6202,0.2553675174713135
6203,0.27742621302604675
6204,0.27742621302604675
6205,0.2775643765926361
6206,0.2775643765926361
6207,0.2698962688446045
6208,0.2698962688446045
6209,0.27213233709335327
6210,0.27213233709335327
6211,0.266426682472229
6212,0.266426682472229
6213,0.24156776070594788
6214,0.26210370659828186
6215,0.26406314969062805
6216,0.26406314969062805
6217,0.2588046193122864
6218,0.25812846422195435
6219,0.25778406858444214
6220,0.26310795545578003
6221,0.26310795545578003
6222,0.2721979022026062
6223,0.2721979022026062
6224,0.2525395154953003
6225,0.25544747710227966
6226,0.25544747710227966
6227,0.2565290331840515
6228,0.2565290331840515
6229,0.2511988878250122
6230,0.2511988878250122
6231,0.26737433671951294
6232,0.26737433671951294
6233,0.26802146434783936
6234,0.26802146434783936
6235,0.27733492851257324
6236,0.21977660059928894
6237,0.23480743169784546
6238,0.2679443359375
6239,0.2679443359375
6240,0.2571079134941101
6241,0.2571079134941101
6242,0.2734336853027344
6243,0.2586917281150818
6244,0.2586917281150818
6245,0.26783329248428345
6246,0.2605983018875122
6247,0.2605983018875122
6248,0.26473188400268555
6249,0.26473188400268555
6250,0.2777749001979828
6251,0.2777749001979828
6252,0.25334811210632324
6253,0.2749782204627991
6254,0.2749782204627991
6255,0.2728269100189209
6256,0.2656403183937073
6257,0.24226918816566467
6258,0.25347548723220825
6259,0.267425000667572
6260,0.2407984584569931
6261,0.2832467555999756
6262,0.2496034950017929
6263,0.2775025963783264
6264,0.2637905776500702
6265,0.25370365381240845
6266,0.2601820230484009
6267,0.2718055248260498
6268,0.27185261249542236
6269,0.25449031591415405
6270,0.25449031591415405
6271,0.2621498107910156
6272,0.25983762741088867
6273,0.25983762741088867
6274,0.2641293704509735
6275,0.2980145812034607
6276,0.2980145812034607
6277,0.21990641951560974
6278,0.2591516375541687
6279,0.2591516375541687
6280,0.29986876249313354
6281,0.29986876249313354
6282,0.26056626439094543
6283,0.256761759519577
6284,0.26590967178344727
6285,0.2577721178531647
6286,0.2577721178531647
6287,0.26682692766189575
6288,0.26682692766189575
6289,0.2639036476612091
6290,0.2639036476612091
6291,0.3111463487148285
6292,0.25302255153656006
6293,0.2654421627521515
6294,0.2692949175834656
6295,0.31898438930511475
6296,0.2619367837905884
6297,0.2619367837905884
6298,0.2753368616104126
6299,0.2753368616104126
6300,0.25946730375289917
6301,0.30807411670684814
6302,0.25057899951934814
6303,0.24332153797149658
6304,0.2653977870941162
6305,0.26073676347732544
6306,0.25913140177726746
6307,0.25913140177726746
6308,0.25155168771743774
6309,0.2618058919906616
6310,0.2618058919906616
6311,0.23065520823001862
6312,0.2481680065393448
6313,0.25281083583831787
6314,0.27415037155151367
6315,0.27415037155151367
6316,0.2749946713447571
6317,0.28794577717781067
6318,0.25955724716186523
6319,0.2579255998134613
6320,0.262313574552536
6321,0.262313574552536
6322,0.2713150680065155
6323,0.26855915784835815
6324,0.26164883375167847
6325,0.2508251667022705
6326,0.26511210203170776
6327,0.26511210203170776
6328,0.2524811625480652
6329,0.2816981375217438
6330,0.28203147649765015
6331,0.2745981216430664
6332,0.2522871792316437
6333,0.2693200707435608
6334,0.25358158349990845
6335,0.25358158349990845
6336,0.2419978380203247
6337,0.261793851852417
6338,0.261793851852417
6339,0.26685047149658203
6340,0.26685047149658203
6341,0.27012813091278076
6342,0.2645709812641144
6343,0.26158714294433594
6344,0.26158714294433594
6345,0.26280882954597473
6346,0.26280882954597473
6347,0.2530803084373474
6348,0.26605573296546936
6349,0.28327667713165283
6350,0.28327667713165283
6351,0.2698683440685272
6352,0.2698683440685272
6353,0.25404077768325806
6354,0.25404077768325806
6355,0.25805437564849854
6356,0.25805437564849854
6357,0.2547115981578827
6358,0.25412189960479736
6359,0.25910428166389465
6360,0.25910428166389465
6361,0.2537413537502289
6362,0.26555052399635315
6363,0.26555052399635315
6364,0.2549251914024353
6365,0.2549251914024353
6366,0.23146219551563263
6367,0.23095624148845673
6368,0.245347797870636
6369,0.26121068000793457
6370,0.24108539521694183
6371,0.2973589599132538
6372,0.2511502206325531
6373,0.24251937866210938
6374,0.2889810800552368
6375,0.2551051378250122
6376,0.2491951882839203
6377,0.26307034492492676
6378,0.2581021785736084
6379,0.2555859386920929
6380,0.2569900155067444
6381,0.261097252368927
6382,0.2596331834793091
6383,0.28897544741630554
6384,0.2875642478466034
6385,0.3101278245449066
6386,0.249906986951828
6387,0.24610836803913116
6388,0.23985202610492706
6389,0.2954176068305969
6390,0.2778970003128052
6391,0.24758124351501465
6392,0.2020212709903717
6393,0.24972686171531677
6394,0.24384646117687225
6395,0.25664857029914856
6396,0.2578699588775635
6397,0.2578699588775635
6398,0.27731990814208984
6399,0.27731990814208984
6400,0.27323535084724426
6401,0.2752676010131836
6402,0.2723405361175537
6403,0.26500844955444336
6404,0.27707135677337646
6405,0.27707135677337646
6406,0.2511037588119507
6407,0.21280160546302795
6408,0.26613202691078186
6409,0.2621697187423706
6410,0.25042808055877686
6411,0.2760065495967865
6412,0.2760065495967865
6413,0.29821595549583435
6414,0.27211204171180725
6415,0.26555395126342773
6416,0.26555395126342773
6417,0.262143075466156
6418,0.262143075466156
6419,0.26372024416923523
6420,0.25985783338546753
6421,0.2599790394306183
6422,0.28572916984558105
6423,0.26424989104270935
6424,0.25548604130744934
6425,0.2620907425880432
6426,0.2620907425880432
6427,0.26088619232177734
6428,0.2612503468990326
6429,0.26596876978874207
6430,0.2490822672843933
6431,0.2490822672843933
6432,0.2563531696796417
6433,0.2563531696796417
6434,0.2493409514427185
6435,0.2493409514427185
6436,0.23958441615104675
6437,0.2513030767440796
6438,0.2513030767440796
6439,0.2524280846118927
6440,0.2524280846118927
6441,0.25229907035827637
6442,0.25229907035827637
6443,0.25344711542129517
6444,0.25344711542129517
6445,0.2599661946296692
6446,0.2599661946296692
6447,0.2555869221687317
6448,0.2565850019454956
6449,0.27122342586517334
6450,0.27122342586517334
6451,0.2924569845199585
6452,0.2406185120344162
6453,0.2320263385772705
6454,0.2398591786623001
6455,0.22909778356552124
6456,0.23916736245155334
6457,0.2530057728290558
6458,0.2920747697353363
6459,0.2920747697353363
6460,0.23009338974952698
6461,0.2334018349647522
6462,0.2725009024143219
6463,0.2568313777446747
6464,0.2568313777446747
6465,0.28458231687545776
6466,0.28458231687545776
6467,0.25277644395828247
6468,0.2166474312543869
6469,0.25186213850975037
6470,0.25210633873939514
6471,0.2615983486175537
6472,0.2615983486175537
6473,0.27590352296829224
6474,0.27590352296829224
6475,0.27643275260925293
6476,0.27643275260925293
6477,0.283730685710907
6478,0.283730685710907
6479,0.25858989357948303
6480,0.25858989357948303
6481,0.26683300733566284
6482,0.26683300733566284
6483,0.2714168131351471
6484,0.27588409185409546
6485,0.2537682354450226
6486,0.2537682354450226
6487,0.24312667548656464
6488,0.24312667548656464
6489,0.2600034475326538
6490,0.2600034475326538
6491,0.28018397092819214
6492,0.28018397092819214
6493,0.2898169159889221
6494,0.2898169159889221
6495,0.28185760974884033
6496,0.28185757994651794
6497,0.2863466441631317
6498,0.2863466441631317
6499,0.2900567352771759
6500,0.2900567352771759
6501,0.2831307351589203
6502,0.2831307351589203
6503,0.26896893978118896
6504,0.26896893978118896
6505,0.2549108862876892
6506,0.2600080668926239
6507,0.2600080668926239
6508,0.3233339190483093
6509,0.25814223289489746
6510,0.2600913941860199
6511,0.2600913941860199
6512,0.26988309621810913
6513,0.26988309621810913
6514,0.2672371566295624
6515,0.2672371566295624
6516,0.25652840733528137
6517,0.25652840733528137
6518,0.24922609329223633
6519,0.24922609329223633
6520,0.2880651652812958
6521,0.2880651652812958
6522,0.2574772238731384
6523,0.2574772238731384
6524,0.2770945429801941
6525,0.26739490032196045
6526,0.25367510318756104
6527,0.25367510318756104
6528,0.26026836037635803
6529,0.26026836037635803
6530,0.2574557662010193
6531,0.2574557662010193
6532,0.2531636357307434
6533,0.23562589287757874
6534,0.2568317651748657
6535,0.2568317651748657
6536,0.29035887122154236
6537,0.29035887122154236
6538,0.25300371646881104
6539,0.2351362705230713
6540,0.2582229673862457
6541,0.2582229673862457
6542,0.24936512112617493
6543,0.2576878070831299
6544,0.2576878070831299
6545,0.2698083221912384
6546,0.2698083221912384
6547,0.2565828263759613
6548,0.2514348030090332
6549,0.25120994448661804
6550,0.2622259259223938
6551,0.2622259259223938
6552,0.287210077047348
6553,0.287210077047348
6554,0.26463818550109863
6555,0.2545720636844635
6556,0.2545720636844635
6557,0.2681933641433716
6558,0.2681933641433716
6559,0.25689494609832764
6560,0.25689494609832764
6561,0.2631757855415344
6562,0.2631757855415344
6563,0.2513793706893921
6564,0.2675609588623047
6565,0.2675609588623047
6566,0.2706841826438904
6567,0.2706841826438904
6568,0.27386388182640076
6569,0.2672349214553833
6570,0.268487811088562
6571,0.2645500898361206
6572,0.24396048486232758
6573,0.2529762387275696
6574,0.2377987653017044
6575,0.2481694519519806
6576,0.2481694519519806
6577,0.2530180811882019
6578,0.3172799050807953
6579,0.2605607509613037
6580,0.2605607509613037
6581,0.2631343901157379
6582,0.25372451543807983
6583,0.27704504132270813
6584,0.3664102554321289
6585,0.2435043603181839
6586,0.2575071454048157
6587,0.30065569281578064
6588,0.30555760860443115
6589,0.3156936764717102
6590,0.25744664669036865
6591,0.25744664669036865
6592,0.2904084324836731
6593,0.2695365250110626
6594,0.2695365250110626
6595,0.2694091200828552
6596,0.25488245487213135
6597,0.25488245487213135
6598,0.23629529774188995
6599,0.240387424826622
6600,0.25808387994766235
6601,0.25808387994766235
6602,0.25878745317459106
6603,0.26163265109062195
6604,0.22961290180683136
6605,0.23292289674282074
6606,0.27003705501556396
6607,0.27003705501556396
6608,0.26661446690559387
6609,0.25623974204063416
6610,0.2573670744895935
6611,0.2673054337501526
6612,0.2534247040748596
6613,0.25606709718704224
6614,0.30643022060394287
6615,0.2620343565940857
6616,0.2703090310096741
6617,0.2974918484687805
6618,0.24572467803955078
6619,0.2857150137424469
6620,0.267575204372406
6621,0.26880794763565063
6622,0.26880794763565063
6623,0.2668836712837219
6624,0.2668836712837219
6625,0.3121340274810791
6626,0.24568477272987366
6627,0.26638180017471313
6628,0.2664230167865753
6629,0.2664230167865753
6630,0.27159908413887024
6631,0.27159908413887024
6632,0.272426962852478
6633,0.2569796144962311
6634,0.27446478605270386
6635,0.27446478605270386
6636,0.27108341455459595
6637,0.27108341455459595
6638,0.2667701542377472
6639,0.2448766827583313
6640,0.258590966463089
6641,0.25107210874557495
6642,0.25107210874557495
6643,0.2629280984401703
6644,0.2629280984401703
6645,0.25296905636787415
6646,0.265438437461853
6647,0.2900688052177429
6648,0.254751056432724
6649,0.2671479880809784
6650,0.2671479880809784
6651,0.2757602632045746
6652,0.26344192028045654
6653,0.2528224587440491
6654,0.3079439103603363
6655,0.29815423488616943
6656,0.25965094566345215
6657,0.26434803009033203
6658,0.2618207335472107
6659,0.27687856554985046
6660,0.25080323219299316
6661,0.25080323219299316
6662,0.22820770740509033
6663,0.2640833258628845
6664,0.26443377137184143
6665,0.26443377137184143
6666,0.25210094451904297
6667,0.27529558539390564
6668,0.28236672282218933
6669,0.26127102971076965
6670,0.24896255135536194
6671,0.2829618453979492
6672,0.30304476618766785
6673,0.258075475692749
6674,0.25374093651771545
6675,0.26831552386283875
6676,0.2545255720615387
6677,0.24836376309394836
6678,0.2871929407119751
6679,0.24530191719532013
6680,0.26075655221939087
6681,0.29178375005722046
6682,0.2644954323768616
6683,0.26675891876220703
6684,0.27083995938301086
6685,0.27083995938301086
6686,0.27039670944213867
6687,0.27039670944213867
6688,0.22850720584392548
6689,0.25983113050460815
6690,0.25983113050460815
6691,0.24880729615688324
6692,0.24880729615688324
6693,0.27246859669685364
6694,0.27246859669685364
6695,0.26147788763046265
6696,0.2545076906681061
6697,0.2545076906681061
6698,0.2957063913345337
6699,0.2938063144683838
6700,0.28840887546539307
6701,0.2649303674697876
6702,0.2745400667190552
6703,0.25538840889930725
6704,0.25887155532836914
6705,0.25494012236595154
6706,0.2861384153366089
6707,0.2861954867839813
6708,0.32194268703460693
6709,0.2417282611131668
6710,0.2417282611131668
6711,0.25957027077674866
6712,0.2439810335636139
6713,0.2551268935203552
6714,0.25925880670547485
6715,0.2717369496822357
6716,0.29623162746429443
6717,0.29623162746429443
6718,0.25315216183662415
6719,0.2570881247520447
6720,0.26254767179489136
6721,0.251436710357666
6722,0.251436710357666
6723,0.2670412063598633
6724,0.27113619446754456
6725,0.2832314670085907
6726,0.27720773220062256
6727,0.24481093883514404
6728,0.2519925832748413
6729,0.2519925832748413
6730,0.20360106229782104
6731,0.27500489354133606
6732,0.27500489354133606
6733,0.27759164571762085
6734,0.265073299407959
6735,0.2664709687232971
6736,0.25176548957824707
6737,0.2564466595649719
6738,0.2522391676902771
6739,0.26822492480278015
6740,0.23849302530288696
6741,0.24400630593299866
6742,0.21623970568180084
6743,0.2599544823169708
6744,0.27666175365448
6745,0.2839764654636383
6746,0.29651710391044617
6747,0.28626805543899536
6748,0.28786540031433105
6749,0.26181256771087646
6750,0.23113998770713806
6751,0.2647976577281952
6752,0.27353933453559875
6753,0.30195921659469604
6754,0.24495112895965576
6755,0.24394528567790985
6756,0.277687132358551
6757,0.28224897384643555
6758,0.22579528391361237
6759,0.27309712767601013
6760,0.25968343019485474
6761,0.2669757306575775
6762,0.2516903281211853
6763,0.24238921701908112
6764,0.2784014344215393
6765,0.2784014344215393
6766,0.28025850653648376
6767,0.28025850653648376
6768,0.2648369073867798
6769,0.2648369073867798
6770,0.2616737484931946
6771,0.25777965784072876
6772,0.25777965784072876
6773,0.26956701278686523
6774,0.26456430554389954
6775,0.27540507912635803
6776,0.27540507912635803
6777,0.28750211000442505
6778,0.28746509552001953
6779,0.2513810992240906
6780,0.24939316511154175
6781,0.2575821876525879
6782,0.2543503940105438
6783,0.2541467547416687
6784,0.2541467547416687
6785,0.2813795804977417
6786,0.2491944283246994
6787,0.2491944283246994
6788,0.2664673328399658
6789,0.2665776014328003
6790,0.2152089923620224
6791,0.2152089923620224
6792,0.2513144314289093
6793,0.2513144314289093
6794,0.248406782746315
6795,0.248406782746315
6796,0.2502860426902771
6797,0.2502860426902771
6798,0.22223079204559326
6799,0.264545202255249
6800,0.25032612681388855
6801,0.25032612681388855
6802,0.25832533836364746
6803,0.25832533836364746
6804,0.24744467437267303
6805,0.2555939555168152
6806,0.2555939555168152
6807,0.25530219078063965
6808,0.25530219078063965
6809,0.24821528792381287
6810,0.23692432045936584
6811,0.2590135335922241
6812,0.23298734426498413
6813,0.25727370381355286
6814,0.2566663324832916
6815,0.2566663324832916
6816,0.25640177726745605
6817,0.25640177726745605
6818,0.250349760055542
6819,0.250349760055542
6820,0.24917733669281006
6821,0.2226191610097885
6822,0.24815157055854797
6823,0.24815157055854797
6824,0.21596023440361023
6825,0.21596023440361023
6826,0.2357882261276245
6827,0.2598586976528168
6828,0.24513687193393707
6829,0.24304097890853882
6830,0.23122140765190125
6831,0.26183444261550903
6832,0.2612317204475403
6833,0.23852357268333435
6834,0.2720489799976349
6835,0.26031872630119324
6836,0.24032947421073914
6837,0.2472168207168579
6838,0.2734951376914978
6839,0.26180246472358704
6840,0.27240946888923645
6841,0.2655009627342224
6842,0.24506467580795288
6843,0.2537500262260437
6844,0.23502665758132935
6845,0.26756393909454346
6846,0.26756393909454346
6847,0.2578248977661133
6848,0.26779553294181824
6849,0.26779553294181824
6850,0.2461022436618805
6851,0.25808051228523254
6852,0.24862171709537506
6853,0.2452906370162964
6854,0.26390209794044495
6855,0.26390209794044495
6856,0.26683807373046875
6857,0.27052566409111023
6858,0.2624857425689697
6859,0.2753486931324005
6860,0.2220134437084198
6861,0.2204652726650238
6862,0.2340889424085617
6863,0.2340889424085617
6864,0.2804090082645416
6865,0.25692713260650635
6866,0.25692713260650635
6867,0.24448058009147644
6868,0.23124442994594574
6869,0.26783427596092224
6870,0.2647857964038849
6871,0.36086493730545044
6872,0.27886486053466797
6873,0.2783358097076416
6874,0.2046191394329071
6875,0.272442102432251
6876,0.2642943859100342
6877,0.2642943859100342
6878,0.2637753188610077
6879,0.2596943974494934
6880,0.2655148208141327
6881,0.27212727069854736
6882,0.26387476921081543
6883,0.27890545129776
6884,0.25149017572402954
6885,0.26041245460510254
6886,0.25755774974823
6887,0.26929014921188354
6888,0.31389233469963074
6889,0.2513817846775055
6890,0.23383095860481262
6891,0.23383095860481262
6892,0.23828387260437012
6893,0.23828387260437012
6894,0.23415152728557587
6895,0.24963882565498352
6896,0.24963882565498352
6897,0.26316362619400024
6898,0.26619136333465576
6899,0.24925215542316437
6900,0.24925215542316437
6901,0.2717549800872803
6902,0.24647456407546997
6903,0.24647456407546997
6904,0.22978535294532776
6905,0.23098044097423553
6906,0.2628699243068695
6907,0.2628699243068695
6908,0.24193982779979706
6909,0.24193982779979706
6910,0.2435349076986313
6911,0.2435349076986313
6912,0.22769586741924286
6913,0.22742456197738647
6914,0.2571547031402588
6915,0.26196473836898804
6916,0.2632378935813904
6917,0.2632378935813904
6918,0.23369961977005005
6919,0.2623595595359802
6920,0.2623595595359802
6921,0.2524900436401367
6922,0.2542048990726471
6923,0.25985631346702576
6924,0.25985631346702576
6925,0.2788042426109314
6926,0.25319987535476685
6927,0.25319987535476685
6928,0.25064125657081604
6929,0.24201424419879913
6930,0.207050621509552
6931,0.2591337561607361
6932,0.2578427791595459
6933,0.2209823578596115
6934,0.26747530698776245
6935,0.2614215016365051
6936,0.2614215016365051
6937,0.23150166869163513
6938,0.23150166869163513
6939,0.2844449281692505
6940,0.3099170923233032
6941,0.24466559290885925
6942,0.2630406320095062
6943,0.27042147517204285
6944,0.26992273330688477
6945,0.23374034464359283
6946,0.25321289896965027
6947,0.25321289896965027
6948,0.20924383401870728
6949,0.2526298761367798
6950,0.2545928359031677
6951,0.27357709407806396
6952,0.27357709407806396
6953,0.23028700053691864
6954,0.23028700053691864
6955,0.25195202231407166
6956,0.25195202231407166
6957,0.2752207815647125
6958,0.2752207815647125
6959,0.23475348949432373
6960,0.24703148007392883
6961,0.24703148007392883
6962,0.2599223554134369
6963,0.2599223554134369
6964,0.26301753520965576
6965,0.2564978301525116
6966,0.2564978301525116
6967,0.25155964493751526
6968,0.2642163038253784
6969,0.24515172839164734
6970,0.24515172839164734
6971,0.23332509398460388
6972,0.2228178232908249
6973,0.22816972434520721
6974,0.23988738656044006
6975,0.24888263642787933
6976,0.24888262152671814
6977,0.25342708826065063
6978,0.2447390854358673
6979,0.2783181071281433
6980,0.26104915142059326
6981,0.26104915142059326
6982,0.261577844619751
6983,0.224943146109581
6984,0.24732612073421478
6985,0.2681710124015808
6986,0.24857358634471893
6987,0.24857358634471893
6988,0.21507255733013153
6989,0.26645025610923767
6990,0.26548245549201965
6991,0.2600748538970947
6992,0.2585144639015198
6993,0.2689273953437805
6994,0.2689273953437805
6995,0.2515978217124939
6996,0.25766509771347046
6997,0.24493780732154846
6998,0.2720603346824646
6999,0.26766613125801086
7000,0.27812668681144714
7001,0.26095640659332275
7002,0.23111052811145782
7003,0.2271866351366043
7004,0.2271866351366043
7005,0.22505666315555573
7006,0.232869952917099
7007,0.2594437301158905
7008,0.27501004934310913
7009,0.2510628402233124
7010,0.2679581046104431
7011,0.2560388743877411
7012,0.24521766602993011
7013,0.25884056091308594
7014,0.2746190130710602
7015,0.2746190130710602
7016,0.24730248749256134
7017,0.23832984268665314
7018,0.23832984268665314
7019,0.25381389260292053
7020,0.2525795102119446
7021,0.2525795102119446
7022,0.23619848489761353
7023,0.2540521025657654
7024,0.2540521025657654
7025,0.29713958501815796
7026,0.2514149248600006
7027,0.2514149248600006
7028,0.2632836401462555
7029,0.25244638323783875
7030,0.25244638323783875
7031,0.23456840217113495
7032,0.2647094428539276
7033,0.2647094428539276
7034,0.2859596014022827
7035,0.2859596014022827
7036,0.2504972219467163
7037,0.2504972219467163
7038,0.25771066546440125
7039,0.25771066546440125
7040,0.25568637251853943
7041,0.25568637251853943
7042,0.25158804655075073
7043,0.25158804655075073
7044,0.2534167170524597
7045,0.2534167170524597
7046,0.24704092741012573
7047,0.24704092741012573
7048,0.2541554570198059
7049,0.2541554570198059
7050,0.24927765130996704
7051,0.24927765130996704
7052,0.26722994446754456
7053,0.26722994446754456
7054,0.27143192291259766
7055,0.27143192291259766
7056,0.25486597418785095
7057,0.25486597418785095
7058,0.2670091390609741
7059,0.2670091390609741
7060,0.2590678334236145
7061,0.2590678334236145
7062,0.23696269094944
7063,0.2592533528804779
7064,0.2503626048564911
7065,0.2503626048564911
7066,0.25825417041778564
7067,0.25759148597717285
7068,0.25703877210617065
7069,0.24206790328025818
7070,0.24206790328025818
7071,0.26568490266799927
7072,0.26568490266799927
7073,0.26120972633361816
7074,0.24260099232196808
7075,0.24260099232196808
7076,0.24095535278320312
7077,0.24095535278320312
7078,0.23512311279773712
7079,0.23512311279773712
7080,0.2610104978084564
7081,0.2610104978084564
7082,0.27447018027305603
7083,0.27447018027305603
7084,0.2627972662448883
7085,0.20645669102668762
7086,0.23505589365959167
7087,0.2610993981361389
7088,0.2610993981361389
7089,0.2365282028913498
7090,0.2365282028913498
7091,0.25874894857406616
7092,0.24674414098262787
7093,0.24674414098262787
7094,0.26387155055999756
7095,0.23813407123088837
7096,0.23813407123088837
7097,0.25680971145629883
7098,0.25680971145629883
7099,0.2650364637374878
7100,0.2650364637374878
7101,0.24764351546764374
7102,0.2643299102783203
7103,0.2643299102783203
7104,0.24699439108371735
7105,0.2306051254272461
7106,0.21483705937862396
7107,0.2513137459754944
7108,0.2761004567146301
7109,0.23010671138763428
7110,0.2792900800704956
7111,0.2269018590450287
7112,0.27907654643058777
7113,0.25486037135124207
7114,0.24378067255020142
7115,0.24130725860595703
7116,0.25157082080841064
7117,0.2516361176967621
7118,0.2480301707983017
7119,0.2480301707983017
7120,0.24481746554374695
7121,0.2503105103969574
7122,0.2503105103969574
7123,0.26253995299339294
7124,0.28797006607055664
7125,0.28797006607055664
7126,0.2146860659122467
7127,0.2547808587551117
7128,0.2547808587551117
7129,0.32026827335357666
7130,0.32026827335357666
7131,0.26131248474121094
7132,0.2782267928123474
7133,0.2315162718296051
7134,0.2589077055454254
7135,0.2589077055454254
7136,0.24311088025569916
7137,0.24311088025569916
7138,0.23744185268878937
7139,0.23744185268878937
7140,0.2943897247314453
7141,0.2518885135650635
7142,0.2625500559806824
7143,0.2605491876602173
7144,0.32062041759490967
7145,0.23409412801265717
7146,0.23409412801265717
7147,0.26705992221832275
7148,0.26705992221832275
7149,0.31390008330345154
7150,0.29949846863746643
7151,0.24544192850589752
7152,0.23747994005680084
7153,0.23677107691764832
7154,0.2608015239238739
7155,0.2617950141429901
7156,0.2617950141429901
7157,0.2327624410390854
7158,0.2426305115222931
7159,0.2426305115222931
7160,0.20489802956581116
7161,0.2412569373846054
7162,0.23226046562194824
7163,0.26552996039390564
7164,0.26552996039390564
7165,0.27449101209640503
7166,0.33869725465774536
7167,0.2477920949459076
7168,0.2533515989780426
7169,0.25399795174598694
7170,0.25399795174598694
7171,0.2721492052078247
7172,0.2803584039211273
7173,0.24279040098190308
7174,0.2328089475631714
7175,0.23895856738090515
7176,0.23895856738090515
7177,0.2531926929950714
7178,0.2676854729652405
7179,0.2816200852394104
7180,0.2750440835952759
7181,0.2307271510362625
7182,0.28356820344924927
7183,0.2413562834262848
7184,0.2413562834262848
7185,0.2213110774755478
7186,0.262087345123291
7187,0.262087345123291
7188,0.24875178933143616
7189,0.24875178933143616
7190,0.26474201679229736
7191,0.22942249476909637
7192,0.24322380125522614
7193,0.24322380125522614
7194,0.2446346879005432
7195,0.2446346879005432
7196,0.24225397408008575
7197,0.258058100938797
7198,0.27440112829208374
7199,0.27440112829208374
7200,0.26554974913597107
7201,0.26554974913597107
7202,0.24702559411525726
7203,0.24702559411525726
7204,0.2358473837375641
7205,0.2358473837375641
7206,0.24657577276229858
7207,0.24941694736480713
7208,0.251986026763916
7209,0.251986026763916
7210,0.2624630033969879
7211,0.2575860619544983
7212,0.2575860619544983
7213,0.25235262513160706
7214,0.25235262513160706
7215,0.22887179255485535
7216,0.22849979996681213
7217,0.2520500421524048
7218,0.2554261088371277
7219,0.23686812818050385
7220,0.2856302857398987
7221,0.25101393461227417
7222,0.22081004083156586
7223,0.28937238454818726
7224,0.25037458539009094
7225,0.2365243285894394
7226,0.25199273228645325
7227,0.2558123469352722
7228,0.22988297045230865
7229,0.25389978289604187
7230,0.2582249045372009
7231,0.2599274814128876
7232,0.27842140197753906
7233,0.2769743800163269
7234,0.302585631608963
7235,0.2421899288892746
7236,0.2169390320777893
7237,0.23495455086231232
7238,0.2917906641960144
7239,0.2714557647705078
7240,0.2438301146030426
7241,0.199520543217659
7242,0.2501632869243622
7243,0.23785138130187988
7244,0.25137874484062195
7245,0.23239679634571075
7246,0.23239679634571075
7247,0.2400907576084137
7248,0.2400907576084137
7249,0.2628771960735321
7250,0.26137980818748474
7251,0.261500746011734
7252,0.25821828842163086
7253,0.2731761038303375
7254,0.2731761038303375
7255,0.23835793137550354
7256,0.1976412683725357
7257,0.2444007396697998
7258,0.25641921162605286
7259,0.24470144510269165
7260,0.2663254737854004
7261,0.2663254737854004
7262,0.300918310880661
7263,0.2632152736186981
7264,0.25546568632125854
7265,0.25546568632125854
7266,0.24923335015773773
7267,0.24923335015773773
7268,0.2482532262802124
7269,0.2441927194595337
7270,0.25541800260543823
7271,0.28276610374450684
7272,0.2552357017993927
7273,0.2544182538986206
7274,0.24034525454044342
7275,0.24034525454044342
7276,0.2559100091457367
7277,0.24463440477848053
7278,0.2557196617126465
7279,0.24760150909423828
7280,0.24760150909423828
7281,0.24158786237239838
7282,0.24158786237239838
7283,0.24968436360359192
7284,0.24968436360359192
7285,0.22888299822807312
7286,0.24108991026878357
7287,0.24108991026878357
7288,0.24035081267356873
7289,0.24035081267356873
7290,0.23940899968147278
7291,0.23940899968147278
7292,0.23877665400505066
7293,0.23877665400505066
7294,0.2626214921474457
7295,0.2626214921474457
7296,0.250862181186676
7297,0.25138968229293823
7298,0.26426002383232117
7299,0.26426002383232117
7300,0.28862935304641724
7301,0.22601492702960968
7302,0.2293056696653366
7303,0.2312408983707428
7304,0.22714856266975403
7305,0.23259621858596802
7306,0.24539847671985626
7307,0.2865571081638336
7308,0.2865571081638336
7309,0.22786962985992432
7310,0.23035818338394165
7311,0.2586727738380432
7312,0.2457016408443451
7313,0.2457016408443451
7314,0.27046599984169006
7315,0.27046599984169006
7316,0.2465924620628357
7317,0.20068995654582977
7318,0.24913527071475983
7319,0.24816694855690002
7320,0.2521069049835205
7321,0.2521069049835205
7322,0.2638876736164093
7323,0.2638876736164093
7324,0.26706501841545105
7325,0.26706501841545105
7326,0.2872639298439026
7327,0.2872639298439026
7328,0.23673832416534424
7329,0.23673832416534424
7330,0.26676779985427856
7331,0.26676779985427856
7332,0.25601905584335327
7333,0.26062992215156555
7334,0.239004448056221
7335,0.239004448056221
7336,0.22576533257961273
7337,0.22576533257961273
7338,0.25587621331214905
7339,0.25587621331214905
7340,0.2702050507068634
7341,0.2702050507068634
7342,0.2853304147720337
7343,0.2853304147720337
7344,0.2755218744277954
7345,0.2755218744277954
7346,0.27369076013565063
7347,0.27369076013565063
7348,0.2787289023399353
7349,0.2787289023399353
7350,0.2750062048435211
7351,0.2750062048435211
7352,0.2629968822002411
7353,0.2629968822002411
7354,0.254212886095047
7355,0.26224377751350403
7356,0.26224377751350403
7357,0.32668235898017883
7358,0.2695678770542145
7359,0.24096305668354034
7360,0.24096305668354034
7361,0.2402184009552002
7362,0.2402184009552002
7363,0.24137873947620392
7364,0.24137873947620392
7365,0.23199662566184998
7366,0.23199662566184998
7367,0.23533859848976135
7368,0.23533859848976135
7369,0.2817961573600769
7370,0.2817961573600769
7371,0.24233892560005188
7372,0.24233892560005188
7373,0.2679459750652313
7374,0.25400274991989136
7375,0.22908832132816315
7376,0.22908832132816315
7377,0.24549509584903717
7378,0.24549509584903717
7379,0.23638321459293365
7380,0.23638321459293365
7381,0.24087285995483398
7382,0.23040229082107544
7383,0.23926764726638794
7384,0.23926764726638794
7385,0.2956984043121338
7386,0.2956984043121338
7387,0.22934980690479279
7388,0.23168610036373138
7389,0.2532804608345032
7390,0.2532804608345032
7391,0.24750474095344543
7392,0.2447008341550827
7393,0.2447008341550827
7394,0.2597521245479584
7395,0.2597521245479584
7396,0.2527385950088501
7397,0.2445327639579773
7398,0.23641933500766754
7399,0.23860442638397217
7400,0.23860442638397217
7401,0.2629861831665039
7402,0.2629861831665039
7403,0.2532980740070343
7404,0.23801586031913757
7405,0.23801586031913757
7406,0.24278685450553894
7407,0.24278685450553894
7408,0.24424698948860168
7409,0.24424698948860168
7410,0.25593212246894836
7411,0.25593212246894836
7412,0.2492235004901886
7413,0.24476394057273865
7414,0.24476394057273865
7415,0.26134538650512695
7416,0.26134538650512695
7417,0.27624931931495667
7418,0.2694249153137207
7419,0.26483434438705444
7420,0.2638462483882904
7421,0.22389166057109833
7422,0.24734888970851898
7423,0.23365305364131927
7424,0.2314605861902237
7425,0.2314605861902237
7426,0.22759008407592773
7427,0.31721994280815125
7428,0.2534160912036896
7429,0.2534160912036896
7430,0.2561033368110657
7431,0.24225740134716034
7432,0.25204452872276306
7433,0.3741328716278076
7434,0.23119930922985077
7435,0.2489452362060547
7436,0.28609222173690796
7437,0.2948650121688843
7438,0.31366145610809326
7439,0.25225475430488586
7440,0.25225475430488586
7441,0.24735772609710693
7442,0.2526124119758606
7443,0.2526124119758606
7444,0.27431046962738037
7445,0.24106410145759583
7446,0.24106410145759583
7447,0.23258663713932037
7448,0.22854822874069214
7449,0.25097501277923584
7450,0.25097501277923584
7451,0.24572648108005524
7452,0.2592245638370514
7453,0.21751442551612854
7454,0.22411933541297913
7455,0.2492312341928482
7456,0.2492312490940094
7457,0.2310992032289505
7458,0.23988226056098938
7459,0.2525857985019684
7460,0.23384396731853485
7461,0.25922852754592896
7462,0.24158836901187897
7463,0.291324257850647
7464,0.2627309262752533
7465,0.24764183163642883
7466,0.27505823969841003
7467,0.2391485720872879
7468,0.2607685327529907
7469,0.2489110827445984
7470,0.2635669410228729
7471,0.2635669410228729
7472,0.2453979253768921
7473,0.2453979253768921
7474,0.30619436502456665
7475,0.23518627882003784
7476,0.2608601450920105
7477,0.25564995408058167
7478,0.25564995408058167
7479,0.2698605954647064
7480,0.2698605954647064
7481,0.2620658874511719
7482,0.25303852558135986
7483,0.2672628164291382
7484,0.2672628164291382
7485,0.26767465472221375
7486,0.26767465472221375
7487,0.2639358341693878
7488,0.24104225635528564
7489,0.24767419695854187
7490,0.22670675814151764
7491,0.22670675814151764
7492,0.2530406713485718
7493,0.2530406713485718
7494,0.24688425660133362
7495,0.25816982984542847
7496,0.27530625462532043
7497,0.247300386428833
7498,0.2530216574668884
7499,0.2530216574668884
7500,0.2720566689968109
7501,0.26149895787239075
7502,0.2332753837108612
7503,0.29891857504844666
7504,0.2822510302066803
7505,0.2540374994277954
7506,0.23632822930812836
7507,0.25511205196380615
7508,0.26566487550735474
7509,0.23069648444652557
7510,0.23069648444652557
7511,0.22836990654468536
7512,0.24816098809242249
7513,0.25094395875930786
7514,0.25094395875930786
7515,0.22232447564601898
7516,0.27154290676116943
7517,0.2589016556739807
7518,0.23389829695224762
7519,0.2306947410106659
7520,0.27165302634239197
7521,0.29048019647598267
7522,0.25433549284935
7523,0.2369193583726883
7524,0.23596937954425812
7525,0.2433834969997406
7526,0.23011642694473267
7527,0.27309611439704895
7528,0.23263190686702728
7529,0.25978654623031616
7530,0.27638450264930725
7531,0.2659204602241516
7532,0.2552016079425812
7533,0.2722514569759369
7534,0.2722514569759369
7535,0.2588046193122864
7536,0.2588046193122864
7537,0.20447155833244324
7538,0.2505839169025421
7539,0.2505839169025421
7540,0.24005988240242004
7541,0.24005988240242004
7542,0.2591104507446289
7543,0.2591104507446289
7544,0.24048477411270142
7545,0.22871974110603333
7546,0.22871974110603333
7547,0.27921515703201294
7548,0.27760547399520874
7549,0.27379071712493896
7550,0.2651521861553192
7551,0.25341302156448364
7552,0.26061660051345825
7553,0.2468394935131073
7554,0.23008231818675995
7555,0.2725379467010498
7556,0.2720542252063751
7557,0.3600504994392395
7558,0.21762613952159882
7559,0.21762613952159882
7560,0.25408685207366943
7561,0.22016336023807526
7562,0.24151146411895752
7563,0.24755977094173431
7564,0.2725825607776642
7565,0.29920387268066406
7566,0.29920387268066406
7567,0.24970927834510803
7568,0.25185588002204895
7569,0.22523772716522217
7570,0.24159014225006104
7571,0.24159014225006104
7572,0.2601400315761566
7573,0.2445141077041626
7574,0.2726677656173706
7575,0.26950857043266296
7576,0.24265357851982117
7577,0.23076413571834564
7578,0.23076413571834564
7579,0.19386573135852814
7580,0.24704428017139435
7581,0.24704428017139435
7582,0.26629638671875
7583,0.26129889488220215
7584,0.25846952199935913
7585,0.2512016296386719
7586,0.24790674448013306
7587,0.25684618949890137
7588,0.2571934163570404
7589,0.23246583342552185
7590,0.23431161046028137
7591,0.19482538104057312
7592,0.2561555802822113
7593,0.2964385747909546
7594,0.32854706048965454
7595,0.33763429522514343
7596,0.28547245264053345
7597,0.2879621088504791
7598,0.23349767923355103
7599,0.21638807654380798
7600,0.23665601015090942
7601,0.2682652771472931
7602,0.3106713593006134
7603,0.23187030851840973
7604,0.22233623266220093
7605,0.27497583627700806
7606,0.2786599397659302
7607,0.21248339116573334
7608,0.26099494099617004
7609,0.25210490822792053
7610,0.2510591447353363
7611,0.24546965956687927
7612,0.23670728504657745
7613,0.26671338081359863
7614,0.26671338081359863
7615,0.2665834128856659
7616,0.2665834128856659
7617,0.25654464960098267
7618,0.25654464960098267
7619,0.2615493834018707
7620,0.255979061126709
7621,0.255979061126709
7622,0.260713130235672
7623,0.23556996881961823
7624,0.2576492428779602
7625,0.2576492428779602
7626,0.2679409980773926
7627,0.26314669847488403
7628,0.24326634407043457
7629,0.2548583149909973
7630,0.2576279044151306
7631,0.2315489500761032
7632,0.23624466359615326
7633,0.23624466359615326
7634,0.2728443443775177
7635,0.24929314851760864
7636,0.24929314851760864
7637,0.259048730134964
7638,0.2590528726577759
7639,0.20687741041183472
7640,0.20687741041183472
7641,0.27380073070526123
7642,0.27380073070526123
7643,0.27406275272369385
7644,0.27406275272369385
7645,0.2767128646373749
7646,0.2767128646373749
7647,0.24694420397281647
7648,0.2881894111633301
7649,0.27422645688056946
7650,0.27422645688056946
7651,0.2735263705253601
7652,0.2735263705253601
7653,0.2685855031013489
7654,0.27944469451904297
7655,0.27944469451904297
7656,0.27568677067756653
7657,0.27568677067756653
7658,0.27004680037498474
7659,0.26569974422454834
7660,0.2741890549659729
7661,0.251889705657959
7662,0.2789935767650604
7663,0.2801034450531006
7664,0.2801034450531006
7665,0.2809089422225952
7666,0.2809089422225952
7667,0.2735825777053833
7668,0.2735825777053833
7669,0.26884740591049194
7670,0.25207310914993286
7671,0.2816373109817505
7672,0.2816373109817505
7673,0.2569308578968048
7674,0.2569308578968048
7675,0.26470947265625
7676,0.2799757122993469
7677,0.2721898853778839
7678,0.2661510109901428
7679,0.2445773184299469
7680,0.30095139145851135
7681,0.2910064458847046
7682,0.27423930168151855
7683,0.29252102971076965
7684,0.2882041931152344
7685,0.25913745164871216
7686,0.2738904058933258
7687,0.2759043276309967
7688,0.2960713505744934
7689,0.31437742710113525
7690,0.30945903062820435
7691,0.2961854934692383
7692,0.27648478746414185
7693,0.2749667465686798
7694,0.2963055372238159
7695,0.2963055372238159
7696,0.2985289394855499
7697,0.29218828678131104
7698,0.29218828678131104
7699,0.26380881667137146
7700,0.2675165832042694
7701,0.26322922110557556
7702,0.2691984474658966
7703,0.2886582016944885
7704,0.2886582016944885
7705,0.2912524938583374
7706,0.28740614652633667
7707,0.28954198956489563
7708,0.28463423252105713
7709,0.25160279870033264
7710,0.2664969861507416
7711,0.27480655908584595
7712,0.27480655908584595
7713,0.2809292674064636
7714,0.27976009249687195
7715,0.27976009249687195
7716,0.27520209550857544
7717,0.24552632868289948
7718,0.28474855422973633
7719,0.2959952652454376
7720,0.29140353202819824
7721,0.3035661578178406
7722,0.2745766341686249
7723,0.24547119438648224
7724,0.2830006182193756
7725,0.28907155990600586
7726,0.28907155990600586
7727,0.2702145576477051
7728,0.2941943109035492
7729,0.28765010833740234
7730,0.2988230884075165
7731,0.2923084497451782
7732,0.2745855152606964
7733,0.26591506600379944
7734,0.27098432183265686
7735,0.2646135687828064
7736,0.29840534925460815
7737,0.27959322929382324
7738,0.2733369469642639
7739,0.26946040987968445
7740,0.26946040987968445
7741,0.2741183638572693
7742,0.2741183638572693
7743,0.2605687975883484
7744,0.2808268964290619
7745,0.2808268964290619
7746,0.2890489995479584
7747,0.29496175050735474
7748,0.2799990177154541
7749,0.2799990177154541
7750,0.273103266954422
7751,0.2719746232032776
7752,0.2719746232032776
7753,0.24345140159130096
7754,0.2472018152475357
7755,0.2960124611854553
7756,0.2960124611854553
7757,0.2708034813404083
7758,0.2708034813404083
7759,0.27594274282455444
7760,0.27594274282455444
7761,0.25364217162132263
7762,0.2530854344367981
7763,0.27180320024490356
7764,0.2765156924724579
7765,0.2954390048980713
7766,0.2954390048980713
7767,0.2583156228065491
7768,0.2889776825904846
7769,0.2889776825904846
7770,0.2762240469455719
7771,0.2802315652370453
7772,0.293584942817688
7773,0.293584942817688
7774,0.2919170558452606
7775,0.2841154932975769
7776,0.2841154932975769
7777,0.2657334804534912
7778,0.26848500967025757
7779,0.23770348727703094
7780,0.28323811292648315
7781,0.2883855402469635
7782,0.2543022632598877
7783,0.291718989610672
7784,0.2768566608428955
7785,0.2768566608428955
7786,0.2774026095867157
7787,0.2774026095867157
7788,0.280228853225708
7789,0.3351382613182068
7790,0.2633107900619507
7791,0.2919950783252716
7792,0.2936960458755493
7793,0.2936568260192871
7794,0.263511598110199
7795,0.27718520164489746
7796,0.27718520164489746
7797,0.2395344227552414
7798,0.265755295753479
7799,0.2774687707424164
7800,0.2841239273548126
7801,0.2841239273548126
7802,0.2681361138820648
7803,0.2681361138820648
7804,0.2775953412055969
7805,0.2775953412055969
7806,0.30677005648612976
7807,0.30677005648612976
7808,0.26338931918144226
7809,0.2854847311973572
7810,0.2854847311973572
7811,0.29126986861228943
7812,0.29126986861228943
7813,0.2759401798248291
7814,0.2779712677001953
7815,0.2779712677001953
7816,0.2770395576953888
7817,0.2955290973186493
7818,0.2781807482242584
7819,0.2781807482242584
7820,0.263476699590683
7821,0.252246230840683
7822,0.2383698970079422
7823,0.2768443524837494
7824,0.27657175064086914
7825,0.27657175064086914
7826,0.2772443890571594
7827,0.2647802233695984
7828,0.29396185278892517
7829,0.27581676840782166
7830,0.27581676840782166
7831,0.29230600595474243
7832,0.2560354769229889
7833,0.26975807547569275
7834,0.29730287194252014
7835,0.2782190442085266
7836,0.2782190442085266
7837,0.23254385590553284
7838,0.3024784326553345
7839,0.27137887477874756
7840,0.2878950238227844
7841,0.2851000130176544
7842,0.2943021357059479
7843,0.2943021357059479
7844,0.28260838985443115
7845,0.2853353023529053
7846,0.27408668398857117
7847,0.29398274421691895
7848,0.2846018671989441
7849,0.27277877926826477
7850,0.27114301919937134
7851,0.2660695016384125
7852,0.263769268989563
7853,0.263769268989563
7854,0.2591443657875061
7855,0.2601953148841858
7856,0.26859328150749207
7857,0.30793246626853943
7858,0.2818153500556946
7859,0.2977655827999115
7860,0.273017019033432
7861,0.27574726939201355
7862,0.29527580738067627
7863,0.3016502857208252
7864,0.3016502857208252
7865,0.27799129486083984
7866,0.27525001764297485
7867,0.27525001764297485
7868,0.2773526608943939
7869,0.28967222571372986
7870,0.28967222571372986
7871,0.2719418406486511
7872,0.2898414433002472
7873,0.2898414433002472
7874,0.2884759306907654
7875,0.2761252522468567
7876,0.2761252522468567
7877,0.2987307906150818
7878,0.28897392749786377
7879,0.28897392749786377
7880,0.2578185796737671
7881,0.28605514764785767
7882,0.28605514764785767
7883,0.2865216135978699
7884,0.2865216135978699
7885,0.2721714675426483
7886,0.2721714675426483
7887,0.28036195039749146
7888,0.28036195039749146
7889,0.27428972721099854
7890,0.27428972721099854
7891,0.2731713056564331
7892,0.2731713056564331
7893,0.2775344252586365
7894,0.2775344252586365
7895,0.2716291844844818
7896,0.2716291844844818
7897,0.2721456289291382
7898,0.2721456289291382
7899,0.2758929133415222
7900,0.2758929133415222
7901,0.2894684672355652
7902,0.2894684672355652
7903,0.2914910912513733
7904,0.2914910614490509
7905,0.28593847155570984
7906,0.28593847155570984
7907,0.29007890820503235
7908,0.29007890820503235
7909,0.2820297181606293
7910,0.2820297181606293
7911,0.25567907094955444
7912,0.27369770407676697
7913,0.2870548367500305
7914,0.2870548367500305
7915,0.26836681365966797
7916,0.26566967368125916
7917,0.2636387348175049
7918,0.28223830461502075
7919,0.28223830461502075
7920,0.2924657464027405
7921,0.2924657464027405
7922,0.26760566234588623
7923,0.272216260433197
7924,0.272216260433197
7925,0.277396559715271
7926,0.277396559715271
7927,0.2675792872905731
7928,0.2675792872905731
7929,0.283359169960022
7930,0.283359169960022
7931,0.27388647198677063
7932,0.27388647198677063
7933,0.28932812809944153
7934,0.24255236983299255
7935,0.24245662987232208
7936,0.28665316104888916
7937,0.28665316104888916
7938,0.28124648332595825
7939,0.28124648332595825
7940,0.27445849776268005
7941,0.2747924327850342
7942,0.2747924327850342
7943,0.28951138257980347
7944,0.28051480650901794
7945,0.28051480650901794
7946,0.28813111782073975
7947,0.28813111782073975
7948,0.2890951633453369
7949,0.2890951633453369
7950,0.26430773735046387
7951,0.2784542143344879
7952,0.2784542143344879
7953,0.2763637900352478
7954,0.2716652750968933
7955,0.2675721049308777
7956,0.2670677602291107
7957,0.27974310517311096
7958,0.2581423223018646
7959,0.29802876710891724
7960,0.26090988516807556
7961,0.27617424726486206
7962,0.2693643867969513
7963,0.26814568042755127
7964,0.2818272113800049
7965,0.2861019968986511
7966,0.2863144278526306
7967,0.27238935232162476
7968,0.27238935232162476
7969,0.28211888670921326
7970,0.2848111391067505
7971,0.2848111391067505
7972,0.27744701504707336
7973,0.2852148413658142
7974,0.2852148413658142
7975,0.24402552843093872
7976,0.2780565321445465
7977,0.2780565321445465
7978,0.2955503761768341
7979,0.2955503761768341
7980,0.2659221291542053
7981,0.26750338077545166
7982,0.2730444073677063
7983,0.28157562017440796
7984,0.28157562017440796
7985,0.28953444957733154
7986,0.28953444957733154
7987,0.2904306650161743
7988,0.2904306650161743
7989,0.31763139367103577
7990,0.27511265873908997
7991,0.2758198082447052
7992,0.28464019298553467
7993,0.34120965003967285
7994,0.2805885076522827
7995,0.2805885076522827
7996,0.2891865074634552
7997,0.2891865074634552
7998,0.27319005131721497
7999,0.3171367049217224
8000,0.2625584602355957
8001,0.27304619550704956
8002,0.2811453938484192
8003,0.2732866704463959
8004,0.28340718150138855
8005,0.28340718150138855
8006,0.2672385275363922
8007,0.27831995487213135
8008,0.27831995487213135
8009,0.26243069767951965
8010,0.2566949129104614
8011,0.2728574872016907
8012,0.28926849365234375
8013,0.28926849365234375
8014,0.27428555488586426
8015,0.2851940393447876
8016,0.26588231325149536
8017,0.26856759190559387
8018,0.2769794166088104
8019,0.2769794166088104
8020,0.28872719407081604
8021,0.2728472352027893
8022,0.2692538797855377
8023,0.2652260363101959
8024,0.2869400978088379
8025,0.2869400978088379
8026,0.2722873389720917
8027,0.29992470145225525
8028,0.3011118769645691
8029,0.2833327353000641
8030,0.2673455476760864
8031,0.2791499197483063
8032,0.2758440375328064
8033,0.2758440375328064
8034,0.2664197087287903
8035,0.2769814133644104
8036,0.2769814133644104
8037,0.28471964597702026
8038,0.28471964597702026
8039,0.2922603189945221
8040,0.2909763753414154
8041,0.27900591492652893
8042,0.27900591492652893
8043,0.2847121059894562
8044,0.2847121059894562
8045,0.28361186385154724
8046,0.2775295078754425
8047,0.29866379499435425
8048,0.29866379499435425
8049,0.282526433467865
8050,0.282526433467865
8051,0.26805809140205383
8052,0.26805809140205383
8053,0.2732064127922058
8054,0.2732064127922058
8055,0.26620736718177795
8056,0.26759782433509827
8057,0.2733002305030823
8058,0.2733002305030823
8059,0.26951777935028076
8060,0.28287768363952637
8061,0.28287768363952637
8062,0.270974338054657
8063,0.270974338054657
8064,0.2405049055814743
8065,0.23933354020118713
8066,0.2694207429885864
8067,0.28820356726646423
8068,0.26124322414398193
8069,0.31263214349746704
8070,0.2717600166797638
8071,0.26006507873535156
8072,0.3115391135215759
8073,0.27056029438972473
8074,0.26855871081352234
8075,0.2706078886985779
8076,0.27258339524269104
8077,0.2800309658050537
8078,0.2649748921394348
8079,0.26916685700416565
8080,0.26938092708587646
8081,0.3018517792224884
8082,0.30252566933631897
8083,0.3304956555366516
8084,0.2645379304885864
8085,0.26413238048553467
8086,0.2570609450340271
8087,0.298613965511322
8088,0.28964972496032715
8089,0.26569822430610657
8090,0.23879830539226532
8091,0.26598331332206726
8092,0.25976768136024475
8093,0.27033886313438416
8094,0.2820073664188385
8095,0.2820073664188385
8096,0.2902507781982422
8097,0.2902507781982422
8098,0.2947976887226105
8099,0.297855943441391
8100,0.28798842430114746
8101,0.28307321667671204
8102,0.29427433013916016
8103,0.29427433013916016
8104,0.26301610469818115
8105,0.23804843425750732
8106,0.2886433005332947
8107,0.28788989782333374
8108,0.2580193877220154
8109,0.28636395931243896
8110,0.28636395931243896
8111,0.31663262844085693
8112,0.29310673475265503
8113,0.27861320972442627
8114,0.27861320972442627
8115,0.282163143157959
8116,0.282163143157959
8117,0.2841026186943054
8118,0.2815142571926117
8119,0.28558310866355896
8120,0.30374401807785034
8121,0.282977819442749
8122,0.26582634449005127
8123,0.2806398868560791
8124,0.2806398868560791
8125,0.28229400515556335
8126,0.2679446041584015
8127,0.2798403799533844
8128,0.2651168406009674
8129,0.2651168406009674
8130,0.285048246383667
8131,0.285048246383667
8132,0.2736920714378357
8133,0.2736920714378357
8134,0.2633976936340332
8135,0.27194878458976746
8136,0.27194878458976746
8137,0.27093151211738586
8138,0.27093151211738586
8139,0.27087777853012085
8140,0.27087777853012085
8141,0.27026039361953735
8142,0.27026039361953735
8143,0.2751471698284149
8144,0.2751471698284149
8145,0.2782902717590332
8146,0.2786801755428314
8147,0.29080331325531006
8148,0.29080331325531006
8149,0.30812522768974304
8150,0.2606624662876129
8151,0.24189549684524536
8152,0.25297123193740845
8153,0.2356065809726715
8154,0.256480872631073
8155,0.27410948276519775
8156,0.30898517370224
8157,0.30898517370224
8158,0.23752367496490479
8159,0.2452041208744049
8160,0.29324856400489807
8161,0.27981919050216675
8162,0.27981919050216675
8163,0.2893877625465393
8164,0.2893877625465393
8165,0.27472832798957825
8166,0.234233096241951
8167,0.2678145170211792
8168,0.27016496658325195
8169,0.2764080762863159
8170,0.2764080762863159
8171,0.288338303565979
8172,0.288338303565979
8173,0.2896435856819153
8174,0.2896435856819153
8175,0.2814384996891022
8176,0.2814384996891022
8177,0.27098119258880615
8178,0.27098119258880615
8179,0.27556556463241577
8180,0.27556556463241577
8181,0.2930227816104889
8182,0.2965312898159027
8183,0.2799224555492401
8184,0.2799224555492401
8185,0.26298531889915466
8186,0.26298531889915466
8187,0.27380645275115967
8188,0.27380645275115967
8189,0.29128387570381165
8190,0.29128387570381165
8191,0.298889696598053
8192,0.298889696598053
8193,0.2989422082901001
8194,0.2989422082901001
8195,0.3037456274032593
8196,0.3037456274032593
8197,0.30033594369888306
8198,0.30033594369888306
8199,0.3010551929473877
8200,0.3010551929473877
8201,0.29044559597969055
8202,0.29044559597969055
8203,0.2820532023906708
8204,0.2751598060131073
8205,0.2751598060131073
8206,0.3453638553619385
8207,0.27444785833358765
8208,0.27975529432296753
8209,0.27975529432296753
8210,0.2915283143520355
8211,0.2915283143520355
8212,0.2865491509437561
8213,0.2865491509437561
8214,0.27611303329467773
8215,0.27611303329467773
8216,0.2778695225715637
8217,0.2778695225715637
8218,0.28361746668815613
8219,0.28361746668815613
8220,0.2767179608345032
8221,0.2767179608345032
8222,0.2966984808444977
8223,0.28249067068099976
8224,0.2692713737487793
8225,0.2692713737487793
8226,0.2738614082336426
8227,0.2738614082336426
8228,0.2716156840324402
8229,0.2716156840324402
8230,0.2771497368812561
8231,0.25649386644363403
8232,0.2695339322090149
8233,0.2695339322090149
8234,0.28442227840423584
8235,0.28442227840423584
8236,0.26636314392089844
8237,0.24953854084014893
8238,0.2759248614311218
8239,0.2759248614311218
8240,0.2616730332374573
8241,0.2699815630912781
8242,0.2699815630912781
8243,0.2853013873100281
8244,0.2853013873100281
8245,0.2808983623981476
8246,0.2713693380355835
8247,0.26951825618743896
8248,0.28664451837539673
8249,0.28664451837539673
8250,0.2969921827316284
8251,0.2969921827316284
8252,0.2869822382926941
8253,0.27798157930374146
8254,0.27798157930374146
8255,0.28941312432289124
8256,0.28941312432289124
8257,0.275054931640625
8258,0.275054931640625
8259,0.27535372972488403
8260,0.27535372972488403
8261,0.2713794410228729
8262,0.28141382336616516
8263,0.28141382336616516
8264,0.293318510055542
8265,0.293318510055542
8266,0.29478102922439575
8267,0.29135215282440186
8268,0.2874571979045868
8269,0.27228832244873047
8270,0.25885269045829773
8271,0.2643543779850006
8272,0.2548990845680237
8273,0.2734738290309906
8274,0.2734738290309906
8275,0.2760311961174011
8276,0.33925020694732666
8277,0.27593863010406494
8278,0.27593863010406494
8279,0.27227774262428284
8280,0.26305893063545227
8281,0.30660930275917053
8282,0.3777783513069153
8283,0.25259727239608765
8284,0.2681344747543335
8285,0.32053637504577637
8286,0.3257416784763336
8287,0.33725666999816895
8288,0.2749762237071991
8289,0.2749762237071991
8290,0.2878349721431732
8291,0.2704206109046936
8292,0.2704206109046936
8293,0.28572654724121094
8294,0.26921284198760986
8295,0.26921284198760986
8296,0.25241851806640625
8297,0.25570541620254517
8298,0.2729918360710144
8299,0.2729918360710144
8300,0.2806873321533203
8301,0.27313339710235596
8302,0.2437710165977478
8303,0.258247971534729
8304,0.29222291707992554
8305,0.29222291707992554
8306,0.28294137120246887
8307,0.2734646797180176
8308,0.2747192978858948
8309,0.28773462772369385
8310,0.2795132100582123
8311,0.27656716108322144
8312,0.3193962872028351
8313,0.2772413194179535
8314,0.2821328938007355
8315,0.3038049638271332
8316,0.26243457198143005
8317,0.2980288565158844
8318,0.278160035610199
8319,0.28977394104003906
8320,0.28977394104003906
8321,0.28716838359832764
8322,0.28716838359832764
8323,0.332886278629303
8324,0.26639583706855774
8325,0.28152137994766235
8326,0.28400474786758423
8327,0.28400474786758423
8328,0.2894802391529083
8329,0.2894802391529083
8330,0.30303093791007996
8331,0.27411550283432007
8332,0.2902173399925232
8333,0.2902173399925232
8334,0.28845903277397156
8335,0.28845903277397156
8336,0.2883490025997162
8337,0.26143407821655273
8338,0.2733113467693329
8339,0.2699820399284363
8340,0.2699820399284363
8341,0.27949845790863037
8342,0.27949845790863037
8343,0.2764217257499695
8344,0.2757370173931122
8345,0.3106062412261963
8346,0.26692840456962585
8347,0.2833423912525177
8348,0.2833423912525177
8349,0.286265105009079
8350,0.27573728561401367
8351,0.2639681100845337
8352,0.32815462350845337
8353,0.3185313642024994
8354,0.2698758840560913
8355,0.272442102432251
8356,0.27536869049072266
8357,0.28363358974456787
8358,0.2687830328941345
8359,0.2687830328941345
8360,0.2497396469116211
8361,0.2850226163864136
8362,0.2804223597049713
8363,0.2804223597049713
8364,0.26886942982673645
8365,0.2861633598804474
8366,0.28131306171417236
8367,0.28257304430007935
8368,0.2718900442123413
8369,0.29603004455566406
8370,0.3231780529022217
8371,0.27232614159584045
8372,0.2691477835178375
8373,0.2918427586555481
8374,0.2637632489204407
8375,0.2669747471809387
8376,0.31046736240386963
8377,0.26294708251953125
8378,0.27833470702171326
8379,0.3126071095466614
8380,0.294121116399765
8381,0.28731080889701843
8382,0.288147896528244
8383,0.288147896528244
8384,0.2863166928291321
8385,0.2863166928291321
8386,0.2517622113227844
8387,0.2803036570549011
8388,0.2803036570549011
8389,0.27614861726760864
8390,0.27614861726760864
8391,0.27198684215545654
8392,0.27198684215545654
8393,0.2836783230304718
8394,0.2749243974685669
8395,0.2749243974685669
8396,0.31657958030700684
8397,0.314679890871048
8398,0.30851754546165466
8399,0.2776873707771301
8400,0.27723821997642517
8401,0.27168551087379456
8402,0.2858048379421234
8403,0.2730730175971985
8404,0.3028121292591095
8405,0.3027551770210266
8406,0.3315421938896179
8407,0.2699934244155884
8408,0.2699934244155884
8409,0.27752208709716797
8410,0.26799365878105164
8411,0.28108203411102295
8412,0.26755291223526
8413,0.28478550910949707
8414,0.28778350353240967
8415,0.28778350353240967
8416,0.27576449513435364
8417,0.2698201835155487
8418,0.2711483836174011
8419,0.26886552572250366
8420,0.26886552572250366
8421,0.2886273264884949
8422,0.28774866461753845
8423,0.3022143244743347
8424,0.2975625991821289
8425,0.2595134973526001
8426,0.2764255404472351
8427,0.2764255404472351
8428,0.23719975352287292
8429,0.28751978278160095
8430,0.28751978278160095
8431,0.29229921102523804
8432,0.2770306169986725
8433,0.28404903411865234
8434,0.26470571756362915
8435,0.2682892680168152
8436,0.275812566280365
8437,0.2924162745475769
8438,0.25858214497566223
8439,0.25974488258361816
8440,0.23954907059669495
8441,0.2743491232395172
8442,0.27676230669021606
8443,0.27849239110946655
8444,0.29527008533477783
8445,0.3007848560810089
8446,0.30164504051208496
8447,0.27072569727897644
8448,0.24818846583366394
8449,0.27499762177467346
8450,0.2710447311401367
8451,0.2990226745605469
8452,0.255710244178772
8453,0.27296027541160583
8454,0.2920341491699219
8455,0.29869917035102844
8456,0.24158889055252075
8457,0.2856521010398865
8458,0.2657983601093292
8459,0.28969305753707886
8460,0.2608793079853058
8461,0.2599724531173706
8462,0.29094159603118896
8463,0.29094159603118896
8464,0.29295486211776733
8465,0.29295486211776733
8466,0.28591787815093994
8467,0.28591787815093994
8468,0.2769086956977844
8469,0.2752152383327484
8470,0.2752152383327484
8471,0.28536367416381836
8472,0.27795201539993286
8473,0.2909643054008484
8474,0.2909643054008484
8475,0.3056563138961792
8476,0.3039987087249756
8477,0.2723388969898224
8478,0.260813444852829
8479,0.2776408791542053
8480,0.2707265019416809
8481,0.2665196657180786
8482,0.2665196657180786
8483,0.2888118326663971
8484,0.26249751448631287
8485,0.26249751448631287
8486,0.28062671422958374
8487,0.280507355928421
8488,0.2481677532196045
8489,0.2481677532196045
8490,0.2558847665786743
8491,0.2558847665786743
8492,0.2609401345252991
8493,0.2609401345252991
8494,0.2607586681842804
8495,0.2607586681842804
8496,0.22791872918605804
8497,0.2702885866165161
8498,0.26320672035217285
8499,0.26320672035217285
8500,0.2611812651157379
8501,0.2611812651157379
8502,0.254279762506485
8503,0.2649834156036377
8504,0.2649834156036377
8505,0.25997066497802734
8506,0.25997066497802734
8507,0.2514715790748596
8508,0.24496345221996307
8509,0.26120859384536743
8510,0.23532210290431976
8511,0.26406577229499817
8512,0.26665255427360535
8513,0.26665255427360535
8514,0.2644408047199249
8515,0.2644408047199249
8516,0.2590712606906891
8517,0.2590712606906891
8518,0.2564389705657959
8519,0.22491902112960815
8520,0.26969972252845764
8521,0.26969972252845764
8522,0.22774192690849304
8523,0.22774192690849304
8524,0.24288450181484222
8525,0.26938357949256897
8526,0.2604467570781708
8527,0.2551465928554535
8528,0.23668649792671204
8529,0.28573423624038696
8530,0.27895188331604004
8531,0.25820741057395935
8532,0.2717299461364746
8533,0.2666003108024597
8534,0.24362888932228088
8535,0.24937725067138672
8536,0.2658487856388092
8537,0.2748822867870331
8538,0.3062518835067749
8539,0.300020694732666
8540,0.27641263604164124
8541,0.2721657156944275
8542,0.2520577609539032
8543,0.28397512435913086
8544,0.28397512435913086
8545,0.2787356674671173
8546,0.2758127748966217
8547,0.2758127748966217
8548,0.2558195888996124
8549,0.2536446452140808
8550,0.2523653507232666
8551,0.25059568881988525
8552,0.27540093660354614
8553,0.27540093660354614
8554,0.27669772505760193
8555,0.2762640714645386
8556,0.26775556802749634
8557,0.2725587487220764
8558,0.2291589230298996
8559,0.2359224259853363
8560,0.2512624263763428
8561,0.2512624263763428
8562,0.27032989263534546
8563,0.2650245428085327
8564,0.2650245428085327
8565,0.25962311029434204
8566,0.23338674008846283
8567,0.2727384567260742
8568,0.2765463590621948
8569,0.2999296486377716
8570,0.2896512746810913
8571,0.2661527991294861
8572,0.2238663136959076
8573,0.2713967561721802
8574,0.269745409488678
8575,0.269745409488678
8576,0.2633143663406372
8577,0.27804046869277954
8578,0.2681850790977478
8579,0.2716626524925232
8580,0.2729060649871826
8581,0.27553415298461914
8582,0.25580132007598877
8583,0.26461803913116455
8584,0.25642576813697815
8585,0.287209153175354
8586,0.2795206904411316
8587,0.2555621266365051
8588,0.24596263468265533
8589,0.24596263468265533
8590,0.2501898407936096
8591,0.2501898407936096
8592,0.24320967495441437
8593,0.26097649335861206
8594,0.26097649335861206
8595,0.2695883512496948
8596,0.2714693546295166
8597,0.264060914516449
8598,0.264060914516449
8599,0.2596322000026703
8600,0.2518850564956665
8601,0.2518850564956665
8602,0.23130780458450317
8603,0.23255713284015656
8604,0.27326008677482605
8605,0.27326008677482605
8606,0.24992084503173828
8607,0.24992084503173828
8608,0.24858896434307098
8609,0.24858896434307098
8610,0.23408913612365723
8611,0.23903168737888336
8612,0.26756784319877625
8613,0.27186256647109985
8614,0.277187705039978
8615,0.277187705039978
8616,0.2463691085577011
8617,0.2690199017524719
8618,0.2690199017524719
8619,0.2553724944591522
8620,0.2579677700996399
8621,0.27130305767059326
8622,0.27130305767059326
8623,0.28411445021629333
8624,0.2724604606628418
8625,0.2724604606628418
8626,0.25405004620552063
8627,0.25671565532684326
8628,0.22455261647701263
8629,0.25928938388824463
8630,0.26726552844047546
8631,0.22911576926708221
8632,0.2683541774749756
8633,0.2695087194442749
8634,0.2695087194442749
8635,0.24981306493282318
8636,0.24981306493282318
8637,0.2663956582546234
8638,0.31782156229019165
8639,0.24683618545532227
8640,0.2708929777145386
8641,0.2765226364135742
8642,0.27657273411750793
8643,0.24440661072731018
8644,0.2582230567932129
8645,0.2582230567932129
8646,0.21786263585090637
8647,0.2554997503757477
8648,0.2569035291671753
8649,0.26802098751068115
8650,0.26802098751068115
8651,0.24486464262008667
8652,0.24486464262008667
8653,0.2555880844593048
8654,0.2555880844593048
8655,0.2920109033584595
8656,0.2920109033584595
8657,0.2453794777393341
8658,0.258186399936676
8659,0.258186399936676
8660,0.26426318287849426
8661,0.26426318287849426
8662,0.2657984793186188
8663,0.25652599334716797
8664,0.25652599334716797
8665,0.253147691488266
8666,0.27590641379356384
8667,0.25077831745147705
8668,0.25077831745147705
8669,0.24052229523658752
8670,0.21707798540592194
8671,0.2295902818441391
8672,0.2492835968732834
8673,0.2561497390270233
8674,0.2561497390270233
8675,0.26651155948638916
8676,0.24664881825447083
8677,0.283474326133728
8678,0.26492202281951904
8679,0.26492202281951904
8680,0.271609902381897
8681,0.22444704174995422
8682,0.250499963760376
8683,0.27622896432876587
8684,0.24941499531269073
8685,0.24941499531269073
8686,0.22097761929035187
8687,0.2830634117126465
8688,0.26669812202453613
8689,0.2705760896205902
8690,0.2702379822731018
8691,0.27649593353271484
8692,0.27649593353271484
8693,0.2713082432746887
8694,0.2628490924835205
8695,0.250725120306015
8696,0.28314507007598877
8697,0.2684568464756012
8698,0.2665814161300659
8699,0.25795114040374756
8700,0.251351922750473
8701,0.23405107855796814
8702,0.23405107855796814
8703,0.23727992177009583
8704,0.2322711944580078
8705,0.2609542906284332
8706,0.28663527965545654
8707,0.2533305287361145
8708,0.2745267152786255
8709,0.25897544622421265
8710,0.26455608010292053
8711,0.27151772379875183
8712,0.28838616609573364
8713,0.28838616609573364
8714,0.2492290437221527
8715,0.24994665384292603
8716,0.24994665384292603
8717,0.2564330995082855
8718,0.27660828828811646
8719,0.27660828828811646
8720,0.24737372994422913
8721,0.2717372477054596
8722,0.2717372477054596
8723,0.26695066690444946
8724,0.25725698471069336
8725,0.25725698471069336
8726,0.27785438299179077
8727,0.26433640718460083
8728,0.26433640718460083
8729,0.24473166465759277
8730,0.27190589904785156
8731,0.27190589904785156
8732,0.2723591923713684
8733,0.2723591923713684
8734,0.2578956186771393
8735,0.2578956186771393
8736,0.2594001889228821
8737,0.2594001889228821
8738,0.2627105116844177
8739,0.2627105116844177
8740,0.25968512892723083
8741,0.25968512892723083
8742,0.2604942321777344
8743,0.2604942321777344
8744,0.25473690032958984
8745,0.25473690032958984
8746,0.2609359622001648
8747,0.2609359622001648
8748,0.2610066533088684
8749,0.2610066533088684
8750,0.2734192907810211
8751,0.2734192907810211
8752,0.27580368518829346
8753,0.27580368518829346
8754,0.26862621307373047
8755,0.26862621307373047
8756,0.27263307571411133
8757,0.27263307571411133
8758,0.2658436894416809
8759,0.2658436894416809
8760,0.23777690529823303
8761,0.2648680508136749
8762,0.26355305314064026
8763,0.26355305314064026
8764,0.2632971405982971
8765,0.26222941279411316
8766,0.26140227913856506
8767,0.2573889493942261
8768,0.2573889493942261
8769,0.27294406294822693
8770,0.27294406294822693
8771,0.25497743487358093
8772,0.2523268759250641
8773,0.2523268759250641
8774,0.25244635343551636
8775,0.25244635343551636
8776,0.2460211217403412
8777,0.2460211217403412
8778,0.26827624440193176
8779,0.26827624440193176
8780,0.2678466737270355
8781,0.2678466737270355
8782,0.2765219807624817
8783,0.21542783081531525
8784,0.2330811768770218
8785,0.2692662477493286
8786,0.2692662477493286
8787,0.24931056797504425
8788,0.24931056797504425
8789,0.26834022998809814
8790,0.25513580441474915
8791,0.25513580441474915
8792,0.2678978443145752
8793,0.24943092465400696
8794,0.24943092465400696
8795,0.2653747498989105
8796,0.2653747498989105
8797,0.27368682622909546
8798,0.27368682622909546
8799,0.25316715240478516
8800,0.27126866579055786
8801,0.27126866579055786
8802,0.2603822946548462
8803,0.2514990568161011
8804,0.231034517288208
8805,0.2530290484428406
8806,0.2685035169124603
8807,0.23574846982955933
8808,0.2854016423225403
8809,0.2393651008605957
8810,0.27606749534606934
8811,0.26005786657333374
8812,0.2535225749015808
8813,0.24676023423671722
8814,0.2677878141403198
8815,0.2678908407688141
8816,0.25403955578804016
8817,0.25403955578804016
8818,0.2611362636089325
8819,0.25839516520500183
8820,0.25839516520500183
8821,0.26527541875839233
8822,0.2906946539878845
8823,0.2906946539878845
8824,0.22500759363174438
8825,0.26125892996788025
8826,0.26125892996788025
8827,0.2969944179058075
8828,0.2969944179058075
8829,0.2590915262699127
8830,0.26078903675079346
8831,0.2575039863586426
8832,0.2622734606266022
8833,0.2622734606266022
8834,0.26062560081481934
8835,0.26062560081481934
8836,0.2620755136013031
8837,0.2620755136013031
8838,0.31579989194869995
8839,0.25233757495880127
8840,0.2670939564704895
8841,0.2686648368835449
8842,0.32478803396224976
8843,0.25552254915237427
8844,0.25552254915237427
8845,0.2713856101036072
8846,0.2713856101036072
8847,0.27857348322868347
8848,0.31025636196136475
8849,0.24978911876678467
8850,0.2450794279575348
8851,0.25106576085090637
8852,0.2620418667793274
8853,0.25798511505126953
8854,0.25798511505126953
8855,0.2447054386138916
8856,0.25588035583496094
8857,0.25588035583496094
8858,0.22044648230075836
8859,0.24725714325904846
8860,0.24800321459770203
8861,0.2701414227485657
8862,0.27014145255088806
8863,0.2734227180480957
8864,0.28955721855163574
8865,0.2586599588394165
8866,0.25622856616973877
8867,0.2610240578651428
8868,0.2610240578651428
8869,0.2748849093914032
8870,0.2681041359901428
8871,0.2584604024887085
8872,0.24475745856761932
8873,0.26047465205192566
8874,0.26047465205192566
8875,0.25394269824028015
8876,0.28433728218078613
8877,0.2854738235473633
8878,0.26932016015052795
8879,0.24733129143714905
8880,0.27087900042533875
8881,0.25237077474594116
8882,0.25237077474594116
8883,0.23988518118858337
8884,0.26504722237586975
8885,0.26504722237586975
8886,0.26106250286102295
8887,0.26106250286102295
8888,0.27058443427085876
8889,0.26027294993400574
8890,0.25584059953689575
8891,0.25584059953689575
8892,0.2576649785041809
8893,0.2576649785041809
8894,0.24967598915100098
8895,0.2679193913936615
8896,0.2861860990524292
8897,0.2861860990524292
8898,0.26950210332870483
8899,0.26950210332870483
8900,0.25125575065612793
8901,0.25125575065612793
8902,0.2533653974533081
8903,0.2533653974533081
8904,0.2520830035209656
8905,0.2521963119506836
8906,0.257783442735672
8907,0.257783442735672
8908,0.2562759220600128
8909,0.26311206817626953
8910,0.26311206817626953
8911,0.25674617290496826
8912,0.25674617290496826
8913,0.23031127452850342
8914,0.22993333637714386
8915,0.254395067691803
8916,0.26049312949180603
8917,0.23874950408935547
8918,0.3030576705932617
8919,0.2535681426525116
8920,0.2346905767917633
8921,0.2945442497730255
8922,0.2571103870868683
8923,0.25224024057388306
8924,0.2640114724636078
8925,0.25857076048851013
8926,0.2499672919511795
8927,0.2570500373840332
8928,0.2642010748386383
8929,0.262667715549469
8930,0.2918640971183777
8931,0.29020100831985474
8932,0.31379544734954834
8933,0.24394677579402924
8934,0.22840616106987
8935,0.23646631836891174
8936,0.29623904824256897
8937,0.2790314555168152
8938,0.2465352863073349
8939,0.19291408360004425
8940,0.25030088424682617
8941,0.23681488633155823
8942,0.25484752655029297
8943,0.2561405599117279
8944,0.2561405599117279
8945,0.2634865641593933
8946,0.2634865641593933
8947,0.2744234502315521
8948,0.27489808201789856
8949,0.2656693458557129
8950,0.2579231560230255
8951,0.2762042284011841
8952,0.2762042284011841
8953,0.2508413791656494
8954,0.20760011672973633
8955,0.25711458921432495
8956,0.26284438371658325
8957,0.2500108778476715
8958,0.2708534300327301
8959,0.2708534300327301
8960,0.3048074245452881
8961,0.27342483401298523
8962,0.26653215289115906
8963,0.26653215289115906
8964,0.2601884603500366
8965,0.2601884603500366
8966,0.26309993863105774
8967,0.25862255692481995
8968,0.2608213722705841
8969,0.2896595299243927
8970,0.26666656136512756
8971,0.257534384727478
8972,0.25559133291244507
8973,0.25559133291244507
8974,0.26062652468681335
8975,0.2580467760562897
8976,0.2624455392360687
8977,0.248526468873024
8978,0.248526468873024
8979,0.2550995349884033
8980,0.2550995349884033
8981,0.2520671486854553
8982,0.2520671486854553
8983,0.2356240451335907
8984,0.24910235404968262
8985,0.24910235404968262
8986,0.24913389980793
8987,0.24913389980793
8988,0.2484782487154007
8989,0.2484782487154007
8990,0.24735000729560852
8991,0.24735000729560852
8992,0.26217034459114075
8993,0.26217034459114075
8994,0.25175240635871887
8995,0.2526426911354065
8996,0.2717543840408325
8997,0.2717543840408325
8998,0.2970116436481476
8999,0.23865792155265808
9000,0.23075248301029205
9001,0.23420026898384094
9002,0.22850441932678223
9003,0.23832307755947113
9004,0.2519882321357727
9005,0.2970355749130249
9006,0.2970355749130249
9007,0.22927924990653992
9008,0.23192469775676727
9009,0.2734677493572235
9010,0.2553691565990448
9011,0.2553691565990448
9012,0.2766604423522949
9013,0.2766604423522949
9014,0.251909077167511
9015,0.2181006520986557
9016,0.2576819062232971
9017,0.2585847079753876
9018,0.25729209184646606
9019,0.25729209184646606
9020,0.2713185250759125
9021,0.2713185250759125
9022,0.2739563286304474
9023,0.2739563286304474
9024,0.28122663497924805
9025,0.28122663497924805
9026,0.25397205352783203
9027,0.25397205352783203
9028,0.2675895392894745
9029,0.2675895392894745
9030,0.2717657685279846
9031,0.2775685787200928
9032,0.25107818841934204
9033,0.25107818841934204
9034,0.23996621370315552
9035,0.23996621370315552
9036,0.261320561170578
9037,0.261320561170578
9038,0.2766345143318176
9039,0.2766345143318176
9040,0.28602737188339233
9041,0.28602737188339233
9042,0.28505951166152954
9043,0.28505951166152954
9044,0.2889930307865143
9045,0.2889930307865143
9046,0.2856045961380005
9047,0.2856045961380005
9048,0.2857757806777954
9049,0.2857757806777954
9050,0.269211083650589
9051,0.269211083650589
9052,0.26003533601760864
9053,0.262114554643631
9054,0.262114554643631
9055,0.3296941816806793
9056,0.25128287076950073
9057,0.2566186189651489
9058,0.2566186189651489
9059,0.2628103494644165
9060,0.2628103494644165
9061,0.26242154836654663
9062,0.26242154836654663
9063,0.24969828128814697
9064,0.24969828128814697
9065,0.2466457039117813
9066,0.2466457039117813
9067,0.28808704018592834
9068,0.28808704018592834
9069,0.25436142086982727
9070,0.25436142086982727
9071,0.2792961001396179
9072,0.2665499150753021
9073,0.24342729151248932
9074,0.24342729151248932
9075,0.2575445771217346
9076,0.2575445771217346
9077,0.2509070932865143
9078,0.2509070932865143
9079,0.2585371434688568
9080,0.23308131098747253
9081,0.24918191134929657
9082,0.24918191134929657
9083,0.2859923243522644
9084,0.2859923243522644
9085,0.24334979057312012
9086,0.23327408730983734
9087,0.25592556595802307
9088,0.25592556595802307
9089,0.24765612185001373
9090,0.2547553777694702
9091,0.2547553777694702
9092,0.2648603320121765
9093,0.2648603320121765
9094,0.2543858587741852
9095,0.24971042573451996
9096,0.24485522508621216
9097,0.25904566049575806
9098,0.25904566049575806
9099,0.2844927906990051
9100,0.2844927906990051
9101,0.2626594603061676
9102,0.2525537610054016
9103,0.2525537610054016
9104,0.25981250405311584
9105,0.25981250405311584
9106,0.2549317479133606
9107,0.2549317479133606
9108,0.26139891147613525
9109,0.26139891147613525
9110,0.2519984543323517
9111,0.2598341703414917
9112,0.2598341703414917
9113,0.27102330327033997
9114,0.27102330327033997
9115,0.2741837799549103
9116,0.26652270555496216
9117,0.2681099474430084
9118,0.2657163143157959
9119,0.22692106664180756
9120,0.25444144010543823
9121,0.23515628278255463
9122,0.24570663273334503
9123,0.24570663273334503
9124,0.24784664809703827
9125,0.32210713624954224
9126,0.2588152289390564
9127,0.2588152289390564
9128,0.2604713439941406
9129,0.25227469205856323
9130,0.27863529324531555
9131,0.37349098920822144
9132,0.2418365180492401
9133,0.2553790807723999
9134,0.3043555021286011
9135,0.30917108058929443
9136,0.319795161485672
9137,0.2550325095653534
9138,0.2550325095653534
9139,0.27968764305114746
9140,0.26555135846138
9141,0.26555135846138
9142,0.2696307897567749
9143,0.2537449300289154
9144,0.2537449300289154
9145,0.23414410650730133
9146,0.23335853219032288
9147,0.25585320591926575
9148,0.25585320591926575
9149,0.2601383626461029
9150,0.2617460787296295
9151,0.2217630296945572
9152,0.22471286356449127
9153,0.2670879065990448
9154,0.2670879065990448
9155,0.2629145383834839
9156,0.25118669867515564
9157,0.25567498803138733
9158,0.2606447637081146
9159,0.26249930262565613
9160,0.24910585582256317
9161,0.313627153635025
9162,0.26635080575942993
9163,0.26115837693214417
9164,0.28493812680244446
9165,0.24069616198539734
9166,0.2764511704444885
9167,0.2665305435657501
9168,0.26498353481292725
9169,0.26498353481292725
9170,0.2609429359436035
9171,0.2609429359436035
9172,0.3158310055732727
9173,0.24698182940483093
9174,0.26716041564941406
9175,0.2608855664730072
9176,0.2608855664730072
9177,0.26892179250717163
9178,0.26892179250717163
9179,0.2746204435825348
9180,0.25530773401260376
9181,0.2710689604282379
9182,0.2710689604282379
9183,0.2677980661392212
9184,0.2677980661392212
9185,0.2673449218273163
9186,0.2405058741569519
9187,0.2575373947620392
9188,0.24066264927387238
9189,0.24066264927387238
9190,0.26173731684684753
9191,0.26173731684684753
9192,0.26051631569862366
9193,0.2657639980316162
9194,0.2941244840621948
9195,0.24842822551727295
9196,0.26492077112197876
9197,0.26492077112197876
9198,0.2720377445220947
9199,0.2642251253128052
9200,0.24238233268260956
9201,0.31155964732170105
9202,0.3024813234806061
9203,0.25438934564590454
9204,0.25151631236076355
9205,0.26329079270362854
9206,0.2741655707359314
9207,0.2466612160205841
9208,0.2466612160205841
9209,0.21868056058883667
9210,0.26345476508140564
9211,0.26220715045928955
9212,0.26220715045928955
9213,0.23595371842384338
9214,0.2717941403388977
9215,0.2717762887477875
9216,0.2537006437778473
9217,0.24840575456619263
9218,0.28467056155204773
9219,0.3066117763519287
9220,0.2567470371723175
9221,0.25265032052993774
9222,0.2656274139881134
9223,0.2530309557914734
9224,0.2381955236196518
9225,0.29123252630233765
9226,0.2397054135799408
9227,0.25953197479248047
9228,0.29624873399734497
9229,0.2679232954978943
9230,0.26534661650657654
9231,0.2693394422531128
9232,0.2693394422531128
9233,0.26510000228881836
9234,0.26510000228881836
9235,0.22038811445236206
9236,0.2564803659915924
9237,0.2564803659915924
9238,0.23717039823532104
9239,0.23717039823532104
9240,0.2679879069328308
9241,0.2679879069328308
9242,0.25722137093544006
9243,0.24327903985977173
9244,0.24327903985977173
9245,0.3005397319793701
9246,0.298412948846817
9247,0.29208865761756897
9248,0.26683467626571655
9249,0.2665012776851654
9250,0.2633867561817169
9251,0.2571060061454773
9252,0.24508148431777954
9253,0.28960999846458435
9254,0.2895714342594147
9255,0.33283668756484985
9256,0.23922309279441833
9257,0.23922309279441833
9258,0.2566055953502655
9259,0.22799654304981232
9260,0.2583391070365906
9261,0.2595803141593933
9262,0.2716708481311798
9263,0.29479309916496277
9264,0.29479309916496277
9265,0.2602023780345917
9266,0.2548682391643524
9267,0.24308374524116516
9268,0.24970638751983643
9269,0.24970638751983643
9270,0.26795464754104614
9271,0.26406481862068176
9272,0.2832828164100647
9273,0.2793567180633545
9274,0.2414528727531433
9275,0.24698545038700104
9276,0.24698545038700104
9277,0.19399790465831757
9278,0.2669735252857208
9279,0.2669735252857208
9280,0.27583158016204834
9281,0.26662981510162354
9282,0.26496466994285583
9283,0.2510293126106262
9284,0.24809662997722626
9285,0.24727194011211395
9286,0.2683985233306885
9287,0.24223731458187103
9288,0.24290920794010162
9289,0.2059609591960907
9290,0.2638690769672394
9291,0.2759258449077606
9292,0.3093428611755371
9293,0.29375869035720825
9294,0.27844446897506714
9295,0.27918025851249695
9296,0.24923565983772278
9297,0.23012858629226685
9298,0.2542753517627716
9299,0.2709543704986572
9300,0.29992449283599854
9301,0.23780623078346252
9302,0.23482316732406616
9303,0.27964672446250916
9304,0.2841245234012604
9305,0.22132253646850586
9306,0.27393051981925964
9307,0.2585969567298889
9308,0.26669007539749146
9309,0.2513681948184967
9310,0.23837395012378693
9311,0.2744050920009613
9312,0.2744050920009613
9313,0.27438047528266907
9314,0.27438047528266907
9315,0.2633783221244812
9316,0.2633783221244812
9317,0.2568104565143585
9318,0.2599673867225647
9319,0.2599673867225647
9320,0.27043014764785767
9321,0.25812655687332153
9322,0.27550235390663147
9323,0.27550235390663147
9324,0.29114004969596863
9325,0.2890187203884125
9326,0.25134792923927307
9327,0.24870271980762482
9328,0.2533024251461029
9329,0.24795454740524292
9330,0.2518114447593689
9331,0.2518114447593689
9332,0.2824106812477112
9333,0.24743837118148804
9334,0.24743837118148804
9335,0.2628454267978668
9336,0.2627841532230377
9337,0.2198295295238495
9338,0.2198295295238495
9339,0.25826922059059143
9340,0.25826922059059143
9341,0.2607354521751404
9342,0.26073548197746277
9343,0.26078498363494873
9344,0.26078498363494873
9345,0.2307189553976059
9346,0.2700088322162628
9347,0.2625097930431366
9348,0.2625097930431366
9349,0.260894775390625
9350,0.260894775390625
9351,0.2548466622829437
9352,0.2643607258796692
9353,0.2643607258796692
9354,0.25996077060699463
9355,0.25996077060699463
9356,0.2533109188079834
9357,0.24734023213386536
9358,0.2608864903450012
9359,0.2375670224428177
9360,0.2635899782180786
9361,0.2658119797706604
9362,0.2658119797706604
9363,0.26383543014526367
9364,0.26383543014526367
9365,0.2592383921146393
9366,0.2592383921146393
9367,0.2565833032131195
9368,0.23944556713104248
9369,0.26853251457214355
9370,0.26853251457214355
9371,0.23263469338417053
9372,0.23263469338417053
9373,0.2456275373697281
9374,0.2676462233066559
9375,0.26045331358909607
9376,0.25560280680656433
9377,0.23744410276412964
9378,0.2853899598121643
9379,0.27642756700515747
9380,0.25836050510406494
9381,0.2741492986679077
9382,0.27073153853416443
9383,0.2460552155971527
9384,0.2547796964645386
9385,0.2672603726387024
9386,0.2798340618610382
9387,0.3024815618991852
9388,0.29742902517318726
9389,0.2781323790550232
9390,0.27156490087509155
9391,0.25513407588005066
9392,0.28510209918022156
9393,0.28510209918022156
9394,0.2801351547241211
9395,0.2782477140426636
9396,0.2782477140426636
9397,0.25638025999069214
9398,0.25593847036361694
9399,0.25327539443969727
9400,0.2513575851917267
9401,0.2731344401836395
9402,0.2731344401836395
9403,0.27450016140937805
9404,0.27519094944000244
9405,0.2707017660140991
9406,0.2730070948600769
9407,0.2333524227142334
9408,0.2519418001174927
9409,0.25463929772377014
9410,0.25463929772377014
9411,0.2720170021057129
9412,0.2681844234466553
9413,0.2681844234466553
9414,0.2635374665260315
9415,0.23495477437973022
9416,0.2734466791152954
9417,0.2808648347854614
9418,0.295501708984375
9419,0.289792001247406
9420,0.26763632893562317
9421,0.22866664826869965
9422,0.27179405093193054
9423,0.2734129726886749
9424,0.2734129726886749
9425,0.26508089900016785
9426,0.27853184938430786
9427,0.2714861333370209
9428,0.27697426080703735
9429,0.2746598720550537
9430,0.2736271619796753
9431,0.25755226612091064
9432,0.2654641270637512
9433,0.2585986852645874
9434,0.28666508197784424
9435,0.27721136808395386
9436,0.2562304139137268
9437,0.24766692519187927
9438,0.24766692519187927
9439,0.2535756230354309
9440,0.2535756230354309
9441,0.245161235332489
9442,0.26249468326568604
9443,0.26249468326568604
9444,0.27099770307540894
9445,0.2767114043235779
9446,0.2691498398780823
9447,0.2691498398780823
9448,0.26156848669052124
9449,0.25412848591804504
9450,0.25412848591804504
9451,0.23386217653751373
9452,0.2354535162448883
9453,0.2786169946193695
9454,0.2786169946193695
9455,0.2570507526397705
9456,0.2570507526397705
9457,0.25293922424316406
9458,0.25293922424316406
9459,0.2361912727355957
9460,0.24082079529762268
9461,0.2673857808113098
9462,0.27118080854415894
9463,0.2790091037750244
9464,0.2790091037750244
9465,0.24960389733314514
9466,0.27246415615081787
9467,0.27246415615081787
9468,0.2583647072315216
9469,0.2616378366947174
9470,0.27644819021224976
9471,0.27644819021224976
9472,0.2828541100025177
9473,0.2709515392780304
9474,0.2709515392780304
9475,0.2545934319496155
9476,0.25784730911254883
9477,0.22778379917144775
9478,0.2602072060108185
9479,0.270422101020813
9480,0.23330676555633545
9481,0.2724568247795105
9482,0.2665526866912842
9483,0.2665526866912842
9484,0.2563842833042145
9485,0.2563842833042145
9486,0.27211037278175354
9487,0.3207029104232788
9488,0.2499029040336609
9489,0.27620142698287964
9490,0.2773762345314026
9491,0.2773740291595459
9492,0.2510825991630554
9493,0.25987836718559265
9494,0.25987836718559265
9495,0.22764040529727936
9496,0.2574617862701416
9497,0.25897330045700073
9498,0.2683166563510895
9499,0.2683166563510895
9500,0.2487073838710785
9501,0.2487073838710785
9502,0.25861379504203796
9503,0.25861379504203796
9504,0.2927280068397522
9505,0.2927280068397522
9506,0.24888822436332703
9507,0.2617607116699219
9508,0.2617607116699219
9509,0.26776084303855896
9510,0.26776084303855896
9511,0.26815977692604065
9512,0.2618921399116516
9513,0.2618921399116516
9514,0.2569041848182678
9515,0.28033724427223206
9516,0.2563108801841736
9517,0.2563108801841736
9518,0.24908654391765594
9519,0.2285955548286438
9520,0.2315213531255722
9521,0.2537077069282532
9522,0.2590368390083313
9523,0.2590368390083313
9524,0.26907479763031006
9525,0.24845626950263977
9526,0.2837223410606384
9527,0.2662160098552704
9528,0.2662160098552704
9529,0.27656593918800354
9530,0.2412617802619934
9531,0.2519557774066925
9532,0.2801014482975006
9533,0.25659582018852234
9534,0.25659579038619995
9535,0.22156371176242828
9536,0.28499865531921387
9537,0.267264187335968
9538,0.27209752798080444
9539,0.2711164951324463
9540,0.2806449234485626
9541,0.2806449234485626
9542,0.2701772451400757
9543,0.2681032121181488
9544,0.2530144155025482
9545,0.28499865531921387
9546,0.27078181505203247
9547,0.267695814371109
9548,0.260769784450531
9549,0.25909310579299927
9550,0.2506072521209717
9551,0.2506072521209717
9552,0.240036278963089
9553,0.24227727949619293
9554,0.2630314528942108
9555,0.29209572076797485
9556,0.2603518068790436
9557,0.2795242667198181
9558,0.2611328363418579
9559,0.2647243142127991
9560,0.2768246829509735
9561,0.2882291376590729
9562,0.2882291376590729
9563,0.2555742859840393
9564,0.25331786274909973
9565,0.25331786274909973
9566,0.2585594654083252
9567,0.2760377824306488
9568,0.2760377824306488
9569,0.2511364221572876
9570,0.2726874351501465
9571,0.2726874351501465
9572,0.26695314049720764
9573,0.25832849740982056
9574,0.25832849740982056
9575,0.28256040811538696
9576,0.2679770588874817
9577,0.2679770588874817
9578,0.24659463763237
9579,0.27266308665275574
9580,0.27266308665275574
9581,0.2721051871776581
9582,0.2721051871776581
9583,0.26021042466163635
9584,0.26021042466163635
9585,0.26446330547332764
9586,0.26446330547332764
9587,0.263994425535202
9588,0.263994425535202
9589,0.26136016845703125
9590,0.26136016845703125
9591,0.2623353600502014
9592,0.2623353600502014
9593,0.25633949041366577
9594,0.25633949041366577
9595,0.2623658776283264
9596,0.2623658776283264
9597,0.2612414062023163
9598,0.2612414062023163
9599,0.27427467703819275
9600,0.27427467703819275
9601,0.2767619490623474
9602,0.2767619490623474
9603,0.26935383677482605
9604,0.26935383677482605
9605,0.27182507514953613
9606,0.27182507514953613
9607,0.26699379086494446
9608,0.26699379086494446
9609,0.24137943983078003
9610,0.26497337222099304
9611,0.2672642469406128
9612,0.2672642469406128
9613,0.26347655057907104
9614,0.2623753249645233
9615,0.2615111470222473
9616,0.2609439194202423
9617,0.2609439194202423
9618,0.27759796380996704
9619,0.27759796380996704
9620,0.25713613629341125
9621,0.2556963562965393
9622,0.2556963562965393
9623,0.25526368618011475
9624,0.25526368618011475
9625,0.24974402785301208
9626,0.24974402785301208
9627,0.26932966709136963
9628,0.26932966709136963
9629,0.2652575671672821
9630,0.2652575671672821
9631,0.27965185046195984
9632,0.22224895656108856
9633,0.23500630259513855
9634,0.2731958031654358
9635,0.2731958031654358
9636,0.25622567534446716
9637,0.25622567534446716
9638,0.26796045899391174
9639,0.2568526864051819
9640,0.2568526864051819
9641,0.2714895009994507
9642,0.25713253021240234
9643,0.25713253021240234
9644,0.26762548089027405
9645,0.26762548089027405
9646,0.2750643789768219
9647,0.2750643789768219
9648,0.2552899718284607
9649,0.2717972993850708
9650,0.2717972993850708
9651,0.269998162984848
9652,0.2649542987346649
9653,0.24556080996990204
9654,0.26039212942123413
9655,0.2713145613670349
9656,0.24257905781269073
9657,0.2858121991157532
9658,0.2505931556224823
9659,0.27290645241737366
9660,0.2636384665966034
9661,0.2562374472618103
9662,0.25499528646469116
9663,0.27083951234817505
9664,0.27094942331314087
9665,0.25896918773651123
9666,0.25896918773651123
9667,0.2663831114768982
9668,0.2666046917438507
9669,0.2666046917438507
9670,0.2669064402580261
9671,0.28459376096725464
9672,0.28459376096725464
9673,0.22860750555992126
9674,0.26268914341926575
9675,0.26268914341926575
9676,0.2922517657279968
9677,0.2922517657279968
9678,0.2605407238006592
9679,0.26248592138290405
9680,0.2664986848831177
9681,0.2665225565433502
9682,0.2665225565433502
9683,0.26525577902793884
9684,0.26525577902793884
9685,0.26632604002952576
9686,0.26632604002952576
9687,0.309308797121048
9688,0.2562800645828247
9689,0.26860398054122925
9690,0.2689518630504608
9691,0.32832375168800354
9692,0.2586861252784729
9693,0.2586861252784729
9694,0.2727419137954712
9695,0.2727419137954712
9696,0.2630370855331421
9697,0.3061518967151642
9698,0.25278204679489136
9699,0.2514129877090454
9700,0.2651137113571167
9701,0.26407304406166077
9702,0.26049354672431946
9703,0.26049354672431946
9704,0.24842432141304016
9705,0.25806665420532227
9706,0.25806665420532227
9707,0.23371383547782898
9708,0.24953243136405945
9709,0.2516738772392273
9710,0.2708028554916382
9711,0.2708028554916382
9712,0.2719282805919647
9713,0.28638938069343567
9714,0.2603217661380768
9715,0.2573416531085968
9716,0.26239222288131714
9717,0.26239222288131714
9718,0.2771579623222351
9719,0.2688794732093811
9720,0.2634185552597046
9721,0.24785448610782623
9722,0.26665428280830383
9723,0.26665428280830383
9724,0.25559529662132263
9725,0.28512316942214966
9726,0.2860807776451111
9727,0.2708583176136017
9728,0.25400179624557495
9729,0.2720799446105957
9730,0.25607267022132874
9731,0.25607267022132874
9732,0.24243679642677307
9733,0.2665387988090515
9734,0.2665387988090515
9735,0.26328298449516296
9736,0.26328298449516296
9737,0.2738786041736603
9738,0.2648009657859802
9739,0.25882378220558167
9740,0.25882378220558167
9741,0.2618354856967926
9742,0.2618354856967926
9743,0.2581028640270233
9744,0.26814004778862
9745,0.28590843081474304
9746,0.28590843081474304
9747,0.27021855115890503
9748,0.27021855115890503
9749,0.2602967619895935
9750,0.2602967619895935
9751,0.2607843577861786
9752,0.2607843577861786
9753,0.25301527976989746
9754,0.2537432312965393
9755,0.25823506712913513
9756,0.25823506712913513
9757,0.2582094669342041
9758,0.26399001479148865
9759,0.26399001479148865
9760,0.26016998291015625
9761,0.26016998291015625
9762,0.23254922032356262
9763,0.23201310634613037
9764,0.25706323981285095
9765,0.2667239010334015
9766,0.24237897992134094
9767,0.30359670519828796
9768,0.2556050717830658
9769,0.24365495145320892
9770,0.2984893321990967
9771,0.2585641145706177
9772,0.25445690751075745
9773,0.26560044288635254
9774,0.26038190722465515
9775,0.25441592931747437
9776,0.2584441304206848
9777,0.2646666169166565
9778,0.26328858733177185
9779,0.2916885018348694
9780,0.29021257162094116
9781,0.3167177736759186
9782,0.251809686422348
9783,0.24825939536094666
9784,0.2414676547050476
9785,0.295105516910553
9786,0.27966174483299255
9787,0.25096991658210754
9788,0.2060425579547882
9789,0.2537839412689209
9790,0.24922724068164825
9791,0.25948697328567505
9792,0.26079267263412476
9793,0.26079267263412476
9794,0.2708779573440552
9795,0.2708779573440552
9796,0.27944761514663696
9797,0.27839285135269165
9798,0.2680971324443817
9799,0.26120150089263916
9800,0.27883073687553406
9801,0.27883073687553406
9802,0.25295060873031616
9803,0.21639271080493927
9804,0.2623913884162903
9805,0.26688992977142334
9806,0.251831978559494
9807,0.2716410756111145
9808,0.2716410756111145
9809,0.30526137351989746
9810,0.2781343460083008
9811,0.2695114314556122
9812,0.2695114314556122
9813,0.261788547039032
9814,0.261788547039032
9815,0.2662133574485779
9816,0.262391597032547
9817,0.2671246826648712
9818,0.28967785835266113
9819,0.2687976062297821
9820,0.2592501640319824
9821,0.2586618661880493
9822,0.2586618661880493
9823,0.2664094865322113
9824,0.2606797218322754
9825,0.26376643776893616
9826,0.2529871165752411
9827,0.2529871165752411
9828,0.2607882022857666
9829,0.2607882022857666
9830,0.2550067901611328
9831,0.2550067901611328
9832,0.24095997214317322
9833,0.25586387515068054
9834,0.25586387515068054
9835,0.25662168860435486
9836,0.25662168860435486
9837,0.2564411759376526
9838,0.2564411759376526
9839,0.2563738524913788
9840,0.2563738524913788
9841,0.26388299465179443
9842,0.26388299465179443
9843,0.2571510970592499
9844,0.2575174570083618
9845,0.27531367540359497
9846,0.27531367540359497
9847,0.29845643043518066
9848,0.24098524451255798
9849,0.2331526279449463
9850,0.24186477065086365
9851,0.23001079261302948
9852,0.2422867864370346
9853,0.25775355100631714
9854,0.29624825716018677
9855,0.29624825716018677
9856,0.23107032477855682
9857,0.2346126288175583
9858,0.2755166292190552
9859,0.25827327370643616
9860,0.25827327370643616
9861,0.2732184827327728
9862,0.2732184827327728
9863,0.25323817133903503
9864,0.22050894796848297
9865,0.2585781216621399
9866,0.2595435678958893
9867,0.25925523042678833
9868,0.25925523042678833
9869,0.2729799151420593
9870,0.2729799151420593
9871,0.27527353167533875
9872,0.27527353167533875
9873,0.2787344455718994
9874,0.2787344455718994
9875,0.26143693923950195
9876,0.26143693923950195
9877,0.269476056098938
9878,0.269476056098938
9879,0.27673688530921936
9880,0.28171443939208984
9881,0.25865891575813293
9882,0.25865891575813293
9883,0.24503883719444275
9884,0.24503883719444275
9885,0.26282498240470886
9886,0.2628249526023865
9887,0.2771165370941162
9888,0.2771165370941162
9889,0.28596365451812744
9890,0.28596365451812744
9891,0.2854803204536438
9892,0.2854803204536438
9893,0.2904820144176483
9894,0.2904820144176483
9895,0.2868008613586426
9896,0.2868008613586426
9897,0.2876168191432953
9898,0.2876168191432953
9899,0.2742602825164795
9900,0.2742602825164795
9901,0.26501262187957764
9902,0.2638334035873413
9903,0.2638334035873413
9904,0.333074688911438
9905,0.25739893317222595
9906,0.25983476638793945
9907,0.25983476638793945
9908,0.2687688171863556
9909,0.2687688171863556
9910,0.26609185338020325
9911,0.26609185338020325
9912,0.2533087432384491
9913,0.2533087432384491
9914,0.2537185251712799
9915,0.2537185251712799
9916,0.2814669609069824
9917,0.2814669609069824
9918,0.2588619291782379
9919,0.2588619291782379
9920,0.2804766893386841
9921,0.26807060837745667
9922,0.2574024796485901
9923,0.2574024796485901
9924,0.26491183042526245
9925,0.26491183042526245
9926,0.26149067282676697
9927,0.26149067282676697
9928,0.2604146897792816
9929,0.2353435605764389
9930,0.25272706151008606
9931,0.25272706151008606
9932,0.28314629197120667
9933,0.28314629197120667
9934,0.25625962018966675
9935,0.2364003211259842
9936,0.25801295042037964
9937,0.25801295042037964
9938,0.24882084131240845
9939,0.2558366060256958
9940,0.2558366060256958
9941,0.26613566279411316
9942,0.26613566279411316
9943,0.2611740529537201
9944,0.2550787627696991
9945,0.25058087706565857
9946,0.26366379857063293
9947,0.26366379857063293
9948,0.2850254476070404
9949,0.2850254476070404
9950,0.26444011926651
9951,0.2583584189414978
9952,0.2583584189414978
9953,0.26599588990211487
9954,0.26599588990211487
9955,0.2583058476448059
9956,0.2583058476448059
9957,0.2621704339981079
9958,0.2621704339981079
9959,0.2539728581905365
9960,0.2624838948249817
9961,0.2624838948249817
9962,0.27579525113105774
9963,0.27579525113105774
9964,0.2763184607028961
9965,0.2697724401950836
9966,0.2698701322078705
9967,0.2671043872833252
9968,0.2454417645931244
9969,0.25651678442955017
9970,0.23932909965515137
9971,0.2511604130268097
9972,0.2511604130268097
9973,0.25327810645103455
9974,0.32591676712036133
9975,0.25987592339515686
9976,0.25987592339515686
9977,0.2654101252555847
9978,0.25447434186935425
9979,0.2847491502761841
9980,0.3739933967590332
9981,0.2453259527683258
9982,0.2559722661972046
9983,0.30807527899742126
9984,0.3127349615097046
9985,0.3233547508716583
9986,0.2572987377643585
9987,0.2572987377643585
9988,0.28064125776290894
9989,0.26287922263145447
9990,0.26287922263145447
9991,0.2683795094490051
9992,0.25644105672836304
9993,0.25644105672836304
9994,0.23762696981430054
9995,0.24134312570095062
9996,0.2572014629840851
9997,0.2572014629840851
9998,0.2617301940917969
9999,0.2660679221153259
10000,0.2302643358707428
10001,0.23779423534870148
10002,0.27133265137672424
10003,0.27133265137672424
10004,0.2668920159339905
10005,0.25455397367477417
10006,0.2579224109649658
10007,0.264619916677475
10008,0.26698386669158936
10009,0.25273898243904114
10010,0.31187933683395386
10011,0.2676814794540405
10012,0.2635766863822937
10013,0.2851247489452362
10014,0.2474735826253891
10015,0.27777618169784546
10016,0.26631343364715576
10017,0.2673395574092865
10018,0.2673395574092865
10019,0.2648542821407318
10020,0.2648542821407318
10021,0.3186913728713989
10022,0.24878305196762085
10023,0.2672443389892578
10024,0.2634317874908447
10025,0.2634317874908447
10026,0.2704842686653137
10027,0.2704842686653137
10028,0.280123770236969
10029,0.25761762261390686
10030,0.2717483639717102
10031,0.2717483639717102
10032,0.2694953680038452
10033,0.2694953680038452
10034,0.2693735361099243
10035,0.2461080253124237
10036,0.2594234049320221
10037,0.25513216853141785
10038,0.25513216853141785
10039,0.2635081708431244
10040,0.2635081708431244
10041,0.26205629110336304
10042,0.2666820287704468
10043,0.29766833782196045
10044,0.25746259093284607
10045,0.26946213841438293
10046,0.26946213841438293
10047,0.2744510769844055
10048,0.26612192392349243
10049,0.2486647069454193
10050,0.31481385231018066
10051,0.3056279420852661
10052,0.2638828754425049
10053,0.2610118091106415
10054,0.2643741965293884
10055,0.27357807755470276
10056,0.2507411241531372
10057,0.2507411241531372
10058,0.2335013598203659
10059,0.2682656943798065
10060,0.2679929733276367
10061,0.2679929733276367
10062,0.25404107570648193
10063,0.27427178621292114
10064,0.26962989568710327
10065,0.2591998279094696
10066,0.25042229890823364
10067,0.284490704536438
10068,0.31045907735824585
10069,0.25968387722969055
10070,0.2574613690376282
10071,0.269605427980423
10072,0.25520122051239014
10073,0.25313180685043335
10074,0.29594743251800537
10075,0.2484666258096695
10076,0.2604023218154907
10077,0.2995603084564209
10078,0.27277374267578125
10079,0.2680254876613617
10080,0.27070438861846924
10081,0.27070438861846924
10082,0.2673025131225586
10083,0.2673025131225586
10084,0.23059219121932983
10085,0.26056331396102905
10086,0.26056331396102905
10087,0.24744680523872375
10088,0.24744680523872375
10089,0.2648795545101166
10090,0.2648795545101166
10091,0.26584863662719727
10092,0.25853240489959717
10093,0.25853240489959717
10094,0.3033261299133301
10095,0.3015486001968384
10096,0.29580390453338623
10097,0.26684147119522095
10098,0.2690666913986206
10099,0.2627524137496948
10100,0.26593318581581116
10101,0.2591068744659424
10102,0.28937119245529175
10103,0.28936833143234253
10104,0.3241478204727173
10105,0.2464706152677536
10106,0.2464706152677536
10107,0.25864964723587036
10108,0.24779197573661804
10109,0.26314792037010193
10110,0.2613832652568817
10111,0.27357831597328186
10112,0.2867650091648102
10113,0.2867650091648102
10114,0.26157742738723755
10115,0.25813451409339905
10116,0.257642537355423
10117,0.25339275598526
10118,0.25339275598526
10119,0.2719404697418213
10120,0.2697363793849945
10121,0.2853540778160095
10122,0.2803815007209778
10123,0.2513214945793152
10124,0.2509309649467468
10125,0.2509309649467468
10126,0.20647697150707245
10127,0.2694760859012604
10128,0.2694760859012604
10129,0.27696311473846436
10130,0.26657819747924805
10131,0.268261194229126
10132,0.2541373074054718
10133,0.260003000497818
10134,0.2542148530483246
10135,0.2738390266895294
10136,0.24441079795360565
10137,0.24712803959846497
10138,0.21971821784973145
10139,0.264911413192749
10140,0.27277031540870667
10141,0.27863025665283203
10142,0.2903487980365753
10143,0.27999448776245117
10144,0.28082358837127686
10145,0.2590029239654541
10146,0.23426666855812073
10147,0.2671225666999817
10148,0.2689306139945984
10149,0.2941325604915619
10150,0.24782899022102356
10151,0.24590638279914856
10152,0.28005000948905945
10153,0.2871999442577362
10154,0.22838392853736877
10155,0.27176666259765625
10156,0.26019227504730225
10157,0.27138859033584595
10158,0.2533157467842102
10159,0.24410630762577057
10160,0.2749660909175873
10161,0.2749660909175873
10162,0.27574679255485535
10163,0.27574679255485535
10164,0.2671948969364166
10165,0.2671948969364166
10166,0.26709312200546265
10167,0.26120129227638245
10168,0.26120129227638245
10169,0.27089613676071167
10170,0.26136526465415955
10171,0.27657294273376465
10172,0.27657294273376465
10173,0.2903400659561157
10174,0.2885585129261017
10175,0.2565458118915558
10176,0.2511133551597595
10177,0.25896310806274414
10178,0.2563779354095459
10179,0.2555301785469055
10180,0.2555301785469055
10181,0.2820526659488678
10182,0.24910423159599304
10183,0.24910423159599304
10184,0.2650325894355774
10185,0.264970064163208
10186,0.22481930255889893
10187,0.22481930255889893
10188,0.2617446184158325
10189,0.2617446184158325
10190,0.26346367597579956
10191,0.26346367597579956
10192,0.2647968828678131
10193,0.2647968828678131
10194,0.23512020707130432
10195,0.27625879645347595
10196,0.26315250992774963
10197,0.26315250992774963
10198,0.2622513175010681
10199,0.2622513175010681
10200,0.2566024363040924
10201,0.26838406920433044
10202,0.26838406920433044
10203,0.26237723231315613
10204,0.26237723231315613
10205,0.2574160695075989
10206,0.25212645530700684
10207,0.26309049129486084
10208,0.23990432918071747
10209,0.266653835773468
10210,0.2695889472961426
10211,0.2695889472961426
10212,0.26885849237442017
10213,0.26885849237442017
10214,0.26191216707229614
10215,0.26191216707229614
10216,0.258515864610672
10217,0.2444480061531067
10218,0.2709096372127533
10219,0.2709096372127533
10220,0.2401655912399292
10221,0.2401655912399292
10222,0.2508373558521271
10223,0.269325852394104
10224,0.26164019107818604
10225,0.25664544105529785
10226,0.23999370634555817
10227,0.2900252938270569
10228,0.2802993059158325
10229,0.2608121931552887
10230,0.28001317381858826
10231,0.2768232822418213
10232,0.2503223121166229
10233,0.2610265016555786
10234,0.26910918951034546
10235,0.2852422297000885
10236,0.30431103706359863
10237,0.29886484146118164
10238,0.28324395418167114
10239,0.2716325521469116
10240,0.2610093057155609
10241,0.2867048978805542
10242,0.2867048978805542
10243,0.2857629060745239
10244,0.2831874489784241
10245,0.2831874489784241
10246,0.2567896842956543
10247,0.25805795192718506
10248,0.2539769411087036
10249,0.25745248794555664
10250,0.2764035165309906
10251,0.2764035165309906
10252,0.28020769357681274
10253,0.2779303193092346
10254,0.2773387134075165
10255,0.2757951617240906
10256,0.23689864575862885
10257,0.2562313973903656
10258,0.2590550184249878
10259,0.2590550184249878
10260,0.2743034362792969
10261,0.2712174355983734
10262,0.2712174355983734
10263,0.2668687403202057
10264,0.23823507130146027
10265,0.2751433849334717
10266,0.2858905494213104
10267,0.2933691143989563
10268,0.29436349868774414
10269,0.26932814717292786
10270,0.23477718234062195
10271,0.27424442768096924
10272,0.2787581980228424
10273,0.2787581980228424
10274,0.26700058579444885
10275,0.28340649604797363
10276,0.2768618166446686
10277,0.2848263382911682
10278,0.28066229820251465
10279,0.27285975217819214
10280,0.25947296619415283
10281,0.2669324576854706
10282,0.2607601284980774
10283,0.29020094871520996
10284,0.2765248119831085
10285,0.2608650028705597
10286,0.25528284907341003
10287,0.25528284907341003
10288,0.25854986906051636
10289,0.25854986906051636
10290,0.24999688565731049
10291,0.26639261841773987
10292,0.26639261841773987
10293,0.276854932308197
10294,0.28225192427635193
10295,0.27173176407814026
10296,0.27173176407814026
10297,0.264090359210968
10298,0.2567835748195648
10299,0.2567835748195648
10300,0.2365146428346634
10301,0.23864130675792694
10302,0.2840087413787842
10303,0.2840087413787842
10304,0.2599601745605469
10305,0.2599601745605469
10306,0.2611880302429199
10307,0.2611880302429199
10308,0.2414986789226532
10309,0.2436564564704895
10310,0.26761701703071594
10311,0.2710316479206085
10312,0.28320616483688354
10313,0.28320616483688354
10314,0.2521800398826599
10315,0.2782347500324249
10316,0.2782347500324249
10317,0.2637142241001129
10318,0.2672273516654968
10319,0.2819150686264038
10320,0.2819150686264038
10321,0.28376078605651855
10322,0.27387699484825134
10323,0.27387699484825134
10324,0.2563369572162628
10325,0.2614925801753998
10326,0.23077915608882904
10327,0.2678150534629822
10328,0.2771230936050415
10329,0.23908622562885284
10330,0.2788105010986328
10331,0.2656441628932953
10332,0.2656441628932953
10333,0.2627217769622803
10334,0.2627217769622803
10335,0.2737639844417572
10336,0.325748473405838
10337,0.2532862424850464
10338,0.2810805141925812
10339,0.282996267080307
10340,0.2829950749874115
10341,0.25376707315444946
10342,0.26447293162345886
10343,0.26447293162345886
10344,0.22904886305332184
10345,0.2596067190170288
10346,0.2642378807067871
10347,0.2713490128517151
10348,0.2713490128517151
10349,0.25431978702545166
10350,0.25431978702545166
10351,0.2625740170478821
10352,0.2625740170478821
10353,0.29693859815597534
10354,0.29693859815597534
10355,0.2521063983440399
10356,0.269887238740921
10357,0.269887238740921
10358,0.27593064308166504
10359,0.27593064308166504
10360,0.2707805931568146
10361,0.2672064006328583
10362,0.2672064006328583
10363,0.26383650302886963
10364,0.2854485511779785
10365,0.26354822516441345
10366,0.26354822516441345
10367,0.2526169717311859
10368,0.24192920327186584
10369,0.2336825132369995
10370,0.26118215918540955
10371,0.2624298632144928
10372,0.2624298632144928
10373,0.2717665731906891
10374,0.2533036768436432
10375,0.2860272526741028
10376,0.26854971051216125
10377,0.26854971051216125
10378,0.2820473611354828
10379,0.24653632938861847
10380,0.2576151192188263
10381,0.28561824560165405
10382,0.26329725980758667
10383,0.26329725980758667
10384,0.2229200154542923
10385,0.2909352481365204
10386,0.2684454321861267
10387,0.27698856592178345
10388,0.27438193559646606
10389,0.28525862097740173
10390,0.28525862097740173
10391,0.2731093168258667
10392,0.27397096157073975
10393,0.26061636209487915
10394,0.28795096278190613
10395,0.2745221257209778
10396,0.26927196979522705
10397,0.2638077735900879
10398,0.2614602744579315
10399,0.2550731599330902
10400,0.2550731599330902
10401,0.24429522454738617
10402,0.2532755434513092
10403,0.26512905955314636
10404,0.2977593243122101
10405,0.26727545261383057
10406,0.28554195165634155
10407,0.26444655656814575
10408,0.2662350833415985
10409,0.28271356225013733
10410,0.2924927771091461
10411,0.2924927771091461
10412,0.2625057101249695
10413,0.2592583894729614
10414,0.2592583894729614
10415,0.263995498418808
10416,0.27884775400161743
10417,0.27884775400161743
10418,0.2563329339027405
10419,0.2770940661430359
10420,0.2770940661430359
10421,0.2740980386734009
10422,0.2626316249370575
10423,0.2626316249370575
10424,0.2877200245857239
10425,0.27456414699554443
10426,0.27456414699554443
10427,0.24861136078834534
10428,0.27522051334381104
10429,0.27522051334381104
10430,0.2741926610469818
10431,0.2741926610469818
10432,0.26269713044166565
10433,0.26269713044166565
10434,0.2695688009262085
10435,0.2695688009262085
10436,0.26540085673332214
10437,0.26540085673332214
10438,0.2636553645133972
10439,0.2636553645133972
10440,0.2663264274597168
10441,0.2663264274597168
10442,0.25864797830581665
10443,0.25864797830581665
10444,0.2639353573322296
10445,0.2639353573322296
10446,0.2651592195034027
10447,0.2651592195034027
10448,0.2783942222595215
10449,0.2783942222595215
10450,0.2808048129081726
10451,0.2808048129081726
10452,0.2733367681503296
10453,0.2733367681503296
10454,0.27768778800964355
10455,0.27768778800964355
10456,0.2693348526954651
10457,0.2693348526954651
10458,0.24498218297958374
10459,0.2662675678730011
10460,0.27321937680244446
10461,0.27321937680244446
10462,0.26398658752441406
10463,0.2627931237220764
10464,0.26189061999320984
10465,0.26599761843681335
10466,0.26599761843681335
10467,0.2825593650341034
10468,0.2825593650341034
10469,0.2594600319862366
10470,0.25916001200675964
10471,0.25916001200675964
10472,0.26115530729293823
10473,0.26115530729293823
10474,0.2530612349510193
10475,0.2530612349510193
10476,0.2720101475715637
10477,0.2720101475715637
10478,0.26425519585609436
10479,0.26425519585609436
10480,0.2817848324775696
10481,0.22722002863883972
10482,0.2377208024263382
10483,0.2775931656360626
10484,0.2775931656360626
10485,0.2635337710380554
10486,0.2635337710380554
10487,0.2682496905326843
10488,0.26011374592781067
10489,0.26011374592781067
10490,0.2777120769023895
10491,0.26303043961524963
10492,0.26303043961524963
10493,0.27502408623695374
10494,0.27502405643463135
10495,0.27739614248275757
10496,0.27739614248275757
10497,0.2575260102748871
10498,0.27405959367752075
10499,0.27405959367752075
10500,0.27230849862098694
10501,0.267414927482605
10502,0.25749775767326355
10503,0.2626153826713562
10504,0.2743883728981018
10505,0.24755620956420898
10506,0.2881747782230377
10507,0.2561740279197693
10508,0.27315622568130493
10509,0.26536476612091064
10510,0.25884824991226196
10511,0.26281872391700745
10512,0.27371418476104736
10513,0.2738153636455536
10514,0.2616686224937439
10515,0.2616686224937439
10516,0.2698308825492859
10517,0.27447569370269775
10518,0.27447569370269775
10519,0.2689661681652069
10520,0.28101909160614014
10521,0.28101909160614014
10522,0.23171602189540863
10523,0.2666376233100891
10524,0.2666376233100891
10525,0.29030489921569824
10526,0.29030489921569824
10527,0.26224443316459656
10528,0.26425567269325256
10529,0.26856517791748047
10530,0.27123984694480896
10531,0.27123984694480896
10532,0.27229106426239014
10533,0.27229106426239014
10534,0.2732252776622772
10535,0.2732252776622772
10536,0.3115895390510559
10537,0.2629680633544922
10538,0.2706781327724457
10539,0.2732193171977997
10540,0.33289361000061035
10541,0.2633753716945648
10542,0.2633753716945648
10543,0.2750357389450073
10544,0.2750357389450073
10545,0.26184985041618347
10546,0.3088710308074951
10547,0.25564152002334595
10548,0.2592032849788666
10549,0.27384519577026367
10550,0.26688525080680847
10551,0.2680882513523102
10552,0.2680882513523102
10553,0.25242820382118225
10554,0.2630518972873688
10555,0.2630518972873688
10556,0.24925661087036133
10557,0.2515827417373657
10558,0.25685253739356995
10559,0.27561643719673157
10560,0.27561643719673157
10561,0.2713269591331482
10562,0.28521308302879333
10563,0.26213714480400085
10564,0.259255051612854
10565,0.265349805355072
10566,0.265349805355072
10567,0.2802056074142456
10568,0.27023714780807495
10569,0.2651078402996063
10570,0.2510896921157837
10571,0.2715378701686859
10572,0.2715378701686859
10573,0.25993648171424866
10574,0.28965115547180176
10575,0.2907858192920685
10576,0.27374258637428284
10577,0.2579857409000397
10578,0.2735922336578369
10579,0.2599656879901886
10580,0.2599656879901886
10581,0.24873054027557373
10582,0.26848113536834717
10583,0.26848113536834717
10584,0.26936104893684387
10585,0.26936104893684387
10586,0.27967125177383423
10587,0.2720213532447815
10588,0.2638743221759796
10589,0.2638743221759796
10590,0.2689440846443176
10591,0.2689440846443176
10592,0.2667578160762787
10593,0.2706225514411926
10594,0.28939563035964966
10595,0.28939563035964966
10596,0.2727409899234772
10597,0.2727409899234772
10598,0.26288002729415894
10599,0.26288002729415894
10600,0.2643270194530487
10601,0.2643270194530487
10602,0.25506794452667236
10603,0.2565544545650482
10604,0.26186540722846985
10605,0.26186540722846985
10606,0.2601543068885803
10607,0.2688406705856323
10608,0.2688406705856323
10609,0.2622484266757965
10610,0.2622484266757965
10611,0.23498572409152985
10612,0.23430868983268738
10613,0.26078522205352783
10614,0.27321717143058777
10615,0.24797868728637695
10616,0.3063358962535858
10617,0.2607899010181427
10618,0.24845048785209656
10619,0.3031192421913147
10620,0.26087039709091187
10621,0.25776469707489014
10622,0.2670872211456299
10623,0.26385459303855896
10624,0.2624446749687195
10625,0.2598077952861786
10626,0.2655492424964905
10627,0.26422399282455444
10628,0.29304686188697815
10629,0.2940961718559265
10630,0.3205428719520569
10631,0.2591399848461151
10632,0.25320693850517273
10633,0.24718518555164337
10634,0.29529106616973877
10635,0.2810449004173279
10636,0.25489622354507446
10637,0.22184398770332336
10638,0.2564312219619751
10639,0.2527955174446106
10640,0.26325371861457825
10641,0.26574862003326416
10642,0.26574862003326416
10643,0.2761995196342468
10644,0.2761995196342468
10645,0.28443947434425354
10646,0.28368744254112244
10647,0.2739999294281006
10648,0.26758962869644165
10649,0.2829328775405884
10650,0.2829328775405884
10651,0.25531086325645447
10652,0.22096633911132812
10653,0.2718202769756317
10654,0.273142009973526
10655,0.2536766529083252
10656,0.2739851176738739
10657,0.2739851176738739
10658,0.3084099292755127
10659,0.283155620098114
10660,0.2715080678462982
10661,0.2715080678462982
10662,0.26810044050216675
10663,0.26810044050216675
10664,0.27267810702323914
10665,0.26926448941230774
10666,0.2734617590904236
10667,0.2935613691806793
10668,0.27262768149375916
10669,0.26133114099502563
10670,0.2648281455039978
10671,0.2648281455039978
10672,0.27151036262512207
10673,0.2632886469364166
10674,0.2676355242729187
10675,0.255702406167984
10676,0.255702406167984
10677,0.26896151900291443
10678,0.26896151900291443
10679,0.2616444230079651
10680,0.2616444230079651
10681,0.24691498279571533
10682,0.2597762942314148
10683,0.2597762942314148
10684,0.25961124897003174
10685,0.25961124897003174
10686,0.2595180571079254
10687,0.2595180571079254
10688,0.2597675323486328
10689,0.2597675323486328
10690,0.2660245895385742
10691,0.2660245895385742
10692,0.26252612471580505
10693,0.2628784775733948
10694,0.28056198358535767
10695,0.28056198358535767
10696,0.3018026351928711
10697,0.24577702581882477
10698,0.23573040962219238
10699,0.2490280419588089
10700,0.2317419797182083
10701,0.24735674262046814
10702,0.26286423206329346
10703,0.30045777559280396
10704,0.30045777559280396
10705,0.23312625288963318
10706,0.23747824132442474
10707,0.2806926369667053
10708,0.2648303210735321
10709,0.2648303210735321
10710,0.2776489853858948
10711,0.2776489853858948
10712,0.25981295108795166
10713,0.22368037700653076
10714,0.2614160180091858
10715,0.2635101079940796
10716,0.2638322114944458
10717,0.2638322114944458
10718,0.2765277326107025
10719,0.2765277326107025
10720,0.2785048484802246
10721,0.2785048484802246
10722,0.2779191732406616
10723,0.2779191732406616
10724,0.2644398510456085
10725,0.2644398510456085
10726,0.2716217041015625
10727,0.2716217041015625
10728,0.2816651165485382
10729,0.2860974669456482
10730,0.2654768228530884
10731,0.2654768228530884
10732,0.2509862184524536
10733,0.2509862184524536
10734,0.2649683654308319
10735,0.2649683654308319
10736,0.28035056591033936
10737,0.28035056591033936
10738,0.28903913497924805
10739,0.28903913497924805
10740,0.2900001108646393
10741,0.2900001108646393
10742,0.2945284843444824
10743,0.2945284843444824
10744,0.2903956472873688
10745,0.2903956472873688
10746,0.29208916425704956
10747,0.29208916425704956
10748,0.2797388434410095
10749,0.2797388434410095
10750,0.2707916498184204
10751,0.26601171493530273
10752,0.26601171493530273
10753,0.3372635841369629
10754,0.26235243678092957
10755,0.26392048597335815
10756,0.26392048597335815
10757,0.2760659158229828
10758,0.2760659158229828
10759,0.2700839340686798
10760,0.2700839340686798
10761,0.25955259799957275
10762,0.25955259799957275
10763,0.26063862442970276
10764,0.26063862442970276
10765,0.2778347432613373
10766,0.2778347432613373
10767,0.26248523592948914
10768,0.26248523592948914
10769,0.2840874493122101
10770,0.2712019085884094
10771,0.2601224482059479
10772,0.2601224482059479
10773,0.2669844925403595
10774,0.2669844925403595
10775,0.26390478014945984
10776,0.26390478014945984
10777,0.26540645956993103
10778,0.24166788160800934
10779,0.2557029128074646
10780,0.2557029128074646
10781,0.28168269991874695
10782,0.28168272972106934
10783,0.25837182998657227
10784,0.24025730788707733
10785,0.2626008093357086
10786,0.2626008093357086
10787,0.25189879536628723
10788,0.258473664522171
10789,0.258473664522171
10790,0.27094897627830505
10791,0.27094897627830505
10792,0.26723262667655945
10793,0.26068755984306335
10794,0.25498494505882263
10795,0.2695727050304413
10796,0.2695727050304413
10797,0.2863076329231262
10798,0.2863076329231262
10799,0.26905757188796997
10800,0.26570630073547363
10801,0.26570630073547363
10802,0.27303189039230347
10803,0.27303189039230347
10804,0.26143383979797363
10805,0.26143383979797363
10806,0.26351529359817505
10807,0.26351529359817505
10808,0.2597190737724304
10809,0.26691076159477234
10810,0.26691076159477234
10811,0.28145983815193176
10812,0.28145983815193176
10813,0.282263845205307
10814,0.2775247395038605
10815,0.27599555253982544
10816,0.2688910663127899
10817,0.2511817514896393
10818,0.25846007466316223
10819,0.24445505440235138
10820,0.2562944293022156
10821,0.2562944293022156
10822,0.2586763799190521
10823,0.3305032253265381
10824,0.2625260353088379
10825,0.2625260353088379
10826,0.26710113883018494
10827,0.2567119896411896
10828,0.2927165925502777
10829,0.3752550482749939
10830,0.2483183741569519
10831,0.25748589634895325
10832,0.3125911056995392
10833,0.3165844678878784
10834,0.32816120982170105
10835,0.26187798380851746
10836,0.26187798380851746
10837,0.27969545125961304
10838,0.2619304656982422
10839,0.2619304656982422
10840,0.271998792886734
10841,0.25899285078048706
10842,0.25899285078048706
10843,0.2421874701976776
10844,0.2452050745487213
10845,0.2594585418701172
10846,0.2594585418701172
10847,0.26795893907546997
10848,0.26697400212287903
10849,0.23423480987548828
10850,0.2512426972389221
10851,0.27630600333213806
10852,0.27630600333213806
10853,0.26966437697410583
10854,0.2595995366573334
10855,0.2615947425365448
10856,0.2705794870853424
10857,0.2713475823402405
10858,0.26012396812438965
10859,0.31418585777282715
10860,0.2696717381477356
10861,0.2689201831817627
10862,0.29018503427505493
10863,0.2548673152923584
10864,0.28360599279403687
10865,0.2684645652770996
10866,0.2742754817008972
10867,0.2742754817008972
10868,0.2704147398471832
10869,0.2704147398471832
10870,0.32318490743637085
10871,0.25229278206825256
10872,0.2707970440387726
10873,0.2689131796360016
10874,0.2689131796360016
10875,0.2748038172721863
10876,0.2748038172721863
10877,0.2878488302230835
10878,0.2611648440361023
10879,0.2766810655593872
10880,0.2766810655593872
10881,0.27372246980667114
10882,0.27372246980667114
10883,0.2760176658630371
10884,0.25092822313308716
10885,0.2626376152038574
10886,0.2589360475540161
10887,0.2589360475540161
10888,0.26719042658805847
10889,0.26719042658805847
10890,0.26661747694015503
10891,0.2677701711654663
10892,0.3016737103462219
10893,0.2627384662628174
10894,0.27227479219436646
10895,0.27227479219436646
10896,0.2768964171409607
10897,0.2679723799228668
10898,0.2540777623653412
10899,0.31853729486465454
10900,0.3103097081184387
10901,0.26481491327285767
10902,0.2645324468612671
10903,0.26764750480651855
10904,0.27589553594589233
10905,0.25457555055618286
10906,0.25457555055618286
10907,0.24052298069000244
10908,0.2723928391933441
10909,0.2703770101070404
10910,0.2703770101070404
10911,0.2578916847705841
10912,0.2767070531845093
10913,0.2711729407310486
10914,0.2645170986652374
10915,0.2572352886199951
10916,0.28705278038978577
10917,0.31467485427856445
10918,0.2629298269748688
10919,0.26039910316467285
10920,0.27629613876342773
10921,0.25736597180366516
10922,0.256011426448822
10923,0.30069422721862793
10924,0.2520155608654022
10925,0.2651095688343048
10926,0.3032100796699524
10927,0.2802388072013855
10928,0.27466943860054016
10929,0.27365174889564514
10930,0.27365174889564514
10931,0.27131980657577515
10932,0.27131980657577515
10933,0.23803693056106567
10934,0.2656479477882385
10935,0.2656479477882385
10936,0.25571295619010925
10937,0.25571295619010925
10938,0.2637012004852295
10939,0.2637012004852295
10940,0.27078863978385925
10941,0.262996643781662
10942,0.2629966735839844
10943,0.30792877078056335
10944,0.30550652742385864
10945,0.2999739944934845
10946,0.26883283257484436
10947,0.2717592120170593
10948,0.2652861177921295
10949,0.2744516134262085
10950,0.2627236843109131
10951,0.29403263330459595
10952,0.29400572180747986
10953,0.3253486156463623
10954,0.25283217430114746
10955,0.25283217430114746
10956,0.26412421464920044
10957,0.2562744617462158
10958,0.2683643400669098
10959,0.2636282444000244
10960,0.27664482593536377
10961,0.2829150855541229
10962,0.2829150855541229
10963,0.2657175660133362
10964,0.26110273599624634
10965,0.2657918334007263
10966,0.25709617137908936
10967,0.25709617137908936
10968,0.27653950452804565
10969,0.2739996314048767
10970,0.2909822165966034
10971,0.2846243381500244
10972,0.25446557998657227
10973,0.25817111134529114
10974,0.25817111134529114
10975,0.21924689412117004
10976,0.274147093296051
10977,0.274147093296051
10978,0.28179746866226196
10979,0.26816242933273315
10980,0.27311450242996216
10981,0.25782936811447144
10982,0.26372939348220825
10983,0.25995293259620667
10984,0.27987799048423767
10985,0.24816802144050598
10986,0.2519093155860901
10987,0.22376778721809387
10988,0.26644182205200195
10989,0.271945595741272
10990,0.27357155084609985
10991,0.28869691491127014
10992,0.2866310179233551
10993,0.2875173091888428
10994,0.2626250982284546
10995,0.23866097629070282
10996,0.2699650526046753
10997,0.2679828405380249
10998,0.2920975089073181
10999,0.2507835924625397
11000,0.2598579525947571
11001,0.28315719962120056
11002,0.29101991653442383
11003,0.2335798144340515
11004,0.273041307926178
11005,0.2620280385017395
11006,0.27741149067878723
11007,0.2553246021270752
11008,0.25059032440185547
11009,0.2789078950881958
11010,0.2789078950881958
11011,0.2811654806137085
11012,0.2811654806137085
11013,0.27394771575927734
11014,0.27394771575927734
11015,0.26939642429351807
11016,0.2650648355484009
11017,0.2650648355484009
11018,0.27437925338745117
11019,0.2653995752334595
11020,0.2797967195510864
11021,0.2797967195510864
11022,0.29519081115722656
11023,0.29331284761428833
11024,0.26198291778564453
11025,0.253800630569458
11026,0.2644820809364319
11027,0.2601260244846344
11028,0.25907742977142334
11029,0.25907742977142334
11030,0.28284627199172974
11031,0.2521306574344635
11032,0.2521306574344635
11033,0.2681999206542969
11034,0.2680980861186981
11035,0.2303861677646637
11036,0.2303861677646637
11037,0.2501288056373596
11038,0.2501288056373596
11039,0.25081393122673035
11040,0.25081393122673035
11041,0.2501782178878784
11042,0.2501782178878784
11043,0.22825884819030762
11044,0.2638855278491974
11045,0.2498685121536255
11046,0.2498685121536255
11047,0.2578396201133728
11048,0.2578396201133728
11049,0.2467527687549591
11050,0.254764199256897
11051,0.254764199256897
11052,0.2555001378059387
11053,0.2555001378059387
11054,0.24767453968524933
11055,0.23822328448295593
11056,0.25846967101097107
11057,0.2359953671693802
11058,0.2574003338813782
11059,0.25585904717445374
11060,0.25585904717445374
11061,0.25661593675613403
11062,0.25661593675613403
11063,0.2503386437892914
11064,0.2503386437892914
11065,0.24798712134361267
11066,0.2396862953901291
11067,0.24930839240550995
11068,0.24930839240550995
11069,0.2173040360212326
11070,0.2173040211200714
11071,0.2399548441171646
11072,0.2569442391395569
11073,0.24288764595985413
11074,0.24062281847000122
11075,0.23413892090320587
11076,0.2644910514354706
11077,0.2624136507511139
11078,0.24165916442871094
11079,0.25962352752685547
11080,0.26094773411750793
11081,0.24631991982460022
11082,0.2503754496574402
11083,0.2786141633987427
11084,0.261976420879364
11085,0.2673766613006592
11086,0.2615298330783844
11087,0.2494792640209198
11088,0.2500206232070923
11089,0.2511821687221527
11090,0.26710939407348633
11091,0.26710939407348633
11092,0.25545620918273926
11093,0.2665936350822449
11094,0.2665936350822449
11095,0.24578210711479187
11096,0.25871479511260986
11097,0.24887971580028534
11098,0.2465842366218567
11099,0.2583571970462799
11100,0.2583571970462799
11101,0.26115089654922485
11102,0.2655985653400421
11103,0.26258111000061035
11104,0.2763732373714447
11105,0.216343492269516
11106,0.2414502501487732
11107,0.23968325555324554
11108,0.23968325555324554
11109,0.29341748356819153
11110,0.284804105758667
11111,0.284804105758667
11112,0.27404096722602844
11113,0.2296229898929596
11114,0.26385003328323364
11115,0.26472872495651245
11116,0.35590261220932007
11117,0.26784515380859375
11118,0.29337918758392334
11119,0.2146548479795456
11120,0.26980698108673096
11121,0.2636164426803589
11122,0.2636164426803589
11123,0.28289660811424255
11124,0.2592872679233551
11125,0.2663809657096863
11126,0.2749747335910797
11127,0.26287540793418884
11128,0.2871007025241852
11129,0.25681811571121216
11130,0.2642914950847626
11131,0.26713401079177856
11132,0.2627798914909363
11133,0.31754061579704285
11134,0.24897444248199463
11135,0.23698727786540985
11136,0.23698726296424866
11137,0.24196474254131317
11138,0.24196474254131317
11139,0.23114602267742157
11140,0.2524077594280243
11141,0.2524077594280243
11142,0.2638409733772278
11143,0.26760774850845337
11144,0.28085771203041077
11145,0.28085771203041077
11146,0.2842133045196533
11147,0.2514677941799164
11148,0.2514677941799164
11149,0.23121461272239685
11150,0.23306483030319214
11151,0.26400503516197205
11152,0.26400503516197205
11153,0.2591099739074707
11154,0.2591099739074707
11155,0.2483152449131012
11156,0.2483152449131012
11157,0.2252747118473053
11158,0.2219552993774414
11159,0.25065940618515015
11160,0.25367602705955505
11161,0.26029396057128906
11162,0.26029396057128906
11163,0.235263392329216
11164,0.2616466283798218
11165,0.2616466283798218
11166,0.2524675726890564
11167,0.25502240657806396
11168,0.2617439031600952
11169,0.2617439031600952
11170,0.27224600315093994
11171,0.25338056683540344
11172,0.25338056683540344
11173,0.24982064962387085
11174,0.237312912940979
11175,0.2039993703365326
11176,0.25835877656936646
11177,0.2586051821708679
11178,0.23192493617534637
11179,0.27249616384506226
11180,0.27702274918556213
11181,0.27702274918556213
11182,0.24225589632987976
11183,0.24225589632987976
11184,0.30958491563796997
11185,0.2971719801425934
11186,0.25172048807144165
11187,0.2639746367931366
11188,0.2683033049106598
11189,0.2680002748966217
11190,0.24731144309043884
11191,0.2543957531452179
11192,0.2543957531452179
11193,0.21773357689380646
11194,0.25517168641090393
11195,0.2546750605106354
11196,0.27252504229545593
11197,0.27252504229545593
11198,0.23982754349708557
11199,0.23982754349708557
11200,0.25432389974594116
11201,0.25432389974594116
11202,0.2696787714958191
11203,0.2696787714958191
11204,0.24247011542320251
11205,0.2613125443458557
11206,0.2613125443458557
11207,0.27056798338890076
11208,0.27056798338890076
11209,0.2856740355491638
11210,0.2572675049304962
11211,0.2572675049304962
11212,0.25399249792099
11213,0.26402491331100464
11214,0.24983516335487366
11215,0.24983516335487366
11216,0.2471228390932083
11217,0.22710728645324707
11218,0.22915637493133545
11219,0.24764764308929443
11220,0.2645593583583832
11221,0.2645593583583832
11222,0.282992422580719
11223,0.24289335310459137
11224,0.2741507887840271
11225,0.2805188298225403
11226,0.2805188298225403
11227,0.26149386167526245
11228,0.23891982436180115
11229,0.25130513310432434
11230,0.26346123218536377
11231,0.25228139758110046
11232,0.25228139758110046
11233,0.22142376005649567
11234,0.2642522156238556
11235,0.2728433310985565
11236,0.2606968283653259
11237,0.258339524269104
11238,0.2680187225341797
11239,0.2680187225341797
11240,0.24979718029499054
11241,0.25746771693229675
11242,0.24422262609004974
11243,0.2681787312030792
11244,0.2687417268753052
11245,0.2973538935184479
11246,0.2743649482727051
11247,0.24112467467784882
11248,0.24919086694717407
11249,0.24919086694717407
11250,0.22842441499233246
11251,0.24997176229953766
11252,0.2756868004798889
11253,0.277591347694397
11254,0.2544972896575928
11255,0.26990315318107605
11256,0.25638148188591003
11257,0.24442923069000244
11258,0.2613704800605774
11259,0.2687697112560272
11260,0.2687697112560272
11261,0.2518206238746643
11262,0.24502721428871155
11263,0.24502721428871155
11264,0.2540976405143738
11265,0.2532196640968323
11266,0.2532196640968323
11267,0.23946388065814972
11268,0.2645878195762634
11269,0.2645878195762634
11270,0.2898239493370056
11271,0.2526886463165283
11272,0.2526886463165283
11273,0.26467597484588623
11274,0.2591874301433563
11275,0.2591874301433563
11276,0.2424525022506714
11277,0.2719847559928894
11278,0.2719847559928894
11279,0.2792276442050934
11280,0.2792276442050934
11281,0.2512558698654175
11282,0.2512558698654175
11283,0.2586365342140198
11284,0.2586365342140198
11285,0.2573464810848236
11286,0.2573464810848236
11287,0.25428059697151184
11288,0.25428059697151184
11289,0.25607776641845703
11290,0.25607776641845703
11291,0.2525990605354309
11292,0.2525990605354309
11293,0.2546635866165161
11294,0.2546635866165161
11295,0.2489316761493683
11296,0.2489316761493683
11297,0.27637597918510437
11298,0.27637597918510437
11299,0.2763962149620056
11300,0.2763962149620056
11301,0.25688767433166504
11302,0.25688767433166504
11303,0.26257574558258057
11304,0.26257574558258057
11305,0.2716147303581238
11306,0.2716147303581238
11307,0.2425244301557541
11308,0.25713711977005005
11309,0.2504156231880188
11310,0.2504156231880188
11311,0.25535517930984497
11312,0.25465917587280273
11313,0.25427913665771484
11314,0.24920956790447235
11315,0.24920956790447235
11316,0.2649818956851959
11317,0.2649818956851959
11318,0.263778418302536
11319,0.260913610458374
11320,0.260913610458374
11321,0.2473129779100418
11322,0.2473129779100418
11323,0.2441486120223999
11324,0.2441486120223999
11325,0.2648489773273468
11326,0.2648489475250244
11327,0.2791191637516022
11328,0.2791191637516022
11329,0.26970070600509644
11330,0.2220543622970581
11331,0.23081502318382263
11332,0.2592681050300598
11333,0.2592681050300598
11334,0.24120990931987762
11335,0.24120990931987762
11336,0.2882799208164215
11337,0.24950876832008362
11338,0.24950876832008362
11339,0.2641242444515228
11340,0.24476929008960724
11341,0.24476929008960724
11342,0.25560662150382996
11343,0.25560662150382996
11344,0.2670253813266754
11345,0.2670253813266754
11346,0.24965280294418335
11347,0.2842121720314026
11348,0.2842121720314026
11349,0.26504045724868774
11350,0.2395177185535431
11351,0.2289416790008545
11352,0.27225223183631897
11353,0.29501181840896606
11354,0.24667558073997498
11355,0.27411746978759766
11356,0.23578795790672302
11357,0.27747872471809387
11358,0.26867884397506714
11359,0.2537488341331482
11360,0.2458658516407013
11361,0.25273191928863525
11362,0.2527453899383545
11363,0.2646271586418152
11364,0.2646271586418152
11365,0.2752291262149811
11366,0.2532503306865692
11367,0.2532503306865692
11368,0.2770666182041168
11369,0.29799723625183105
11370,0.29799723625183105
11371,0.20799008011817932
11372,0.25567108392715454
11373,0.25567108392715454
11374,0.32712799310684204
11375,0.32712799310684204
11376,0.2630986273288727
11377,0.27708667516708374
11378,0.24223460257053375
11379,0.25727078318595886
11380,0.25727078318595886
11381,0.25936460494995117
11382,0.25936460494995117
11383,0.23761248588562012
11384,0.23761248588562012
11385,0.2885932922363281
11386,0.2507912814617157
11387,0.2738536596298218
11388,0.2596818804740906
11389,0.3044065237045288
11390,0.24972358345985413
11391,0.24972358345985413
11392,0.27450835704803467
11393,0.27450835704803467
11394,0.30121850967407227
11395,0.28941065073013306
11396,0.24915185570716858
11397,0.24099436402320862
11398,0.2489955723285675
11399,0.2690976858139038
11400,0.2606264650821686
11401,0.2606264650821686
11402,0.24374228715896606
11403,0.24650590121746063
11404,0.24650590121746063
11405,0.2144092172384262
11406,0.24293285608291626
11407,0.24455499649047852
11408,0.26747557520866394
11409,0.26747557520866394
11410,0.2845522165298462
11411,0.33922842144966125
11412,0.25430965423583984
11413,0.2531238794326782
11414,0.2522435784339905
11415,0.2522435784339905
11416,0.2752903401851654
11417,0.27949321269989014
11418,0.2535979449748993
11419,0.24205398559570312
11420,0.2451227754354477
11421,0.2451227754354477
11422,0.2527966797351837
11423,0.2669101357460022
11424,0.2794072926044464
11425,0.30285316705703735
11426,0.25415298342704773
11427,0.30148810148239136
11428,0.2591925859451294
11429,0.2591925859451294
11430,0.2257261574268341
11431,0.28188851475715637
11432,0.28188851475715637
11433,0.2532401382923126
11434,0.2532401382923126
11435,0.2659808099269867
11436,0.24504485726356506
11437,0.2468028962612152
11438,0.2468028962612152
11439,0.2503487169742584
11440,0.2503487169742584
11441,0.2489003837108612
11442,0.25713658332824707
11443,0.26755738258361816
11444,0.26755738258361816
11445,0.27131223678588867
11446,0.27131223678588867
11447,0.27015143632888794
11448,0.27015143632888794
11449,0.26533082127571106
11450,0.26533082127571106
11451,0.2462656944990158
11452,0.24867017567157745
11453,0.25102585554122925
11454,0.25102585554122925
11455,0.262077659368515
11456,0.26397839188575745
11457,0.26397839188575745
11458,0.26436367630958557
11459,0.26436367630958557
11460,0.23003213107585907
11461,0.22957535088062286
11462,0.256020724773407
11463,0.2566260099411011
11464,0.24416479468345642
11465,0.27648091316223145
11466,0.25594717264175415
11467,0.240006223320961
11468,0.2871701717376709
11469,0.25427883863449097
11470,0.24986550211906433
11471,0.2605893611907959
11472,0.2595735192298889
11473,0.2524625360965729
11474,0.2535889744758606
11475,0.2573299705982208
11476,0.2555321156978607
11477,0.2718501687049866
11478,0.27223140001296997
11479,0.2928137481212616
11480,0.24857297539710999
11481,0.23500528931617737
11482,0.24010056257247925
11483,0.281955748796463
11484,0.266318142414093
11485,0.2549716830253601
11486,0.20896941423416138
11487,0.2576669752597809
11488,0.24952217936515808
11489,0.2769089341163635
11490,0.23408453166484833
11491,0.23408453166484833
11492,0.25575265288352966
11493,0.25575265288352966
11494,0.26401665806770325
11495,0.258536159992218
11496,0.2582772374153137
11497,0.25252872705459595
11498,0.27837085723876953
11499,0.27837085723876953
11500,0.23862245678901672
11501,0.21545098721981049
11502,0.259803831577301
11503,0.2530061602592468
11504,0.24644574522972107
11505,0.26995420455932617
11506,0.26995420455932617
11507,0.285852313041687
11508,0.2627407908439636
11509,0.2821728587150574
11510,0.2821728587150574
11511,0.25264817476272583
11512,0.25264817476272583
11513,0.24555110931396484
11514,0.24102777242660522
11515,0.2537493407726288
11516,0.27237430214881897
11517,0.2816115617752075
11518,0.2593052089214325
11519,0.24539603292942047
11520,0.24539604783058167
11521,0.2534410059452057
11522,0.2604050040245056
11523,0.2567158341407776
11524,0.2555364668369293
11525,0.2555364668369293
11526,0.25623300671577454
11527,0.25623300671577454
11528,0.2534368932247162
11529,0.2534368932247162
11530,0.22927075624465942
11531,0.2585369050502777
11532,0.2585369050502777
11533,0.25766152143478394
11534,0.25766152143478394
11535,0.2566119134426117
11536,0.2566119134426117
11537,0.258003830909729
11538,0.258003830909729
11539,0.2773292362689972
11540,0.2773292362689972
11541,0.25325581431388855
11542,0.25300267338752747
11543,0.26316478848457336
11544,0.26316478848457336
11545,0.27781835198402405
11546,0.2294982522726059
11547,0.2305818796157837
11548,0.23724967241287231
11549,0.22783765196800232
11550,0.23342746496200562
11551,0.2507929503917694
11552,0.2766720652580261
11553,0.2766720652580261
11554,0.22877858579158783
11555,0.2320430874824524
11556,0.2570684254169464
11557,0.24514234066009521
11558,0.24514234066009521
11559,0.2768723666667938
11560,0.2768723666667938
11561,0.24735039472579956
11562,0.21349535882472992
11563,0.24244248867034912
11564,0.24147921800613403
11565,0.2534574270248413
11566,0.2534574270248413
11567,0.26483839750289917
11568,0.26483839750289917
11569,0.26722317934036255
11570,0.26722317934036255
11571,0.2985691428184509
11572,0.2985691428184509
11573,0.2521722614765167
11574,0.2521722614765167
11575,0.275572270154953
11576,0.275572270154953
11577,0.25469809770584106
11578,0.2588832378387451
11579,0.24277544021606445
11580,0.24277544021606445
11581,0.23435065150260925
11582,0.23435065150260925
11583,0.2554391920566559
11584,0.2554391920566559
11585,0.26953816413879395
11586,0.26953816413879395
11587,0.28477346897125244
11588,0.28477346897125244
11589,0.2701267898082733
11590,0.2701267898082733
11591,0.26959243416786194
11592,0.26959243416786194
11593,0.2805705964565277
11594,0.2805705964565277
11595,0.27096664905548096
11596,0.27096664905548096
11597,0.2628050744533539
11598,0.2628050744533539
11599,0.2595485746860504
11600,0.2772420644760132
11601,0.2772420644760132
11602,0.30921199917793274
11603,0.2635706663131714
11604,0.24698506295681
11605,0.24698506295681
11606,0.24982410669326782
11607,0.24982410669326782
11608,0.24229109287261963
11609,0.24229109287261963
11610,0.2430209219455719
11611,0.2430209219455719
11612,0.23864132165908813
11613,0.23864132165908813
11614,0.29196807742118835
11615,0.29196807742118835
11616,0.24112647771835327
11617,0.24112647771835327
11618,0.264069139957428
11619,0.25227245688438416
11620,0.24553856253623962
11621,0.24553856253623962
11622,0.2681275010108948
11623,0.2681275010108948
11624,0.25725287199020386
11625,0.25725287199020386
11626,0.23602601885795593
11627,0.2397463321685791
11628,0.2472703754901886
11629,0.2472703754901886
11630,0.3092350959777832
11631,0.3092350959777832
11632,0.24252726137638092
11633,0.23437447845935822
11634,0.25362494587898254
11635,0.25362494587898254
11636,0.24610775709152222
11637,0.2584035098552704
11638,0.2584035098552704
11639,0.26131391525268555
11640,0.26131391525268555
11641,0.2551785409450531
11642,0.24951419234275818
11643,0.24676381051540375
11644,0.24873284995555878
11645,0.24873284995555878
11646,0.26201915740966797
11647,0.26201915740966797
11648,0.26175206899642944
11649,0.23502884805202484
11650,0.23502884805202484
11651,0.2446437031030655
11652,0.2446437031030655
11653,0.2660117447376251
11654,0.2660117447376251
11655,0.2615434527397156
11656,0.2615434527397156
11657,0.2533373236656189
11658,0.2494857907295227
11659,0.2494857907295227
11660,0.2622981071472168
11661,0.2622981071472168
11662,0.2755528688430786
11663,0.27050232887268066
11664,0.2640416622161865
11665,0.2645414173603058
11666,0.2455441653728485
11667,0.25714194774627686
11668,0.2377869039773941
11669,0.25391584634780884
11670,0.25391584634780884
11671,0.2419772744178772
11672,0.30188894271850586
11673,0.25847533345222473
11674,0.25847533345222473
11675,0.2548249363899231
11676,0.24286088347434998
11677,0.25847360491752625
11678,0.3620094060897827
11679,0.23258435726165771
11680,0.24837803840637207
11681,0.28347674012184143
11682,0.2878546118736267
11683,0.2992030382156372
11684,0.252729207277298
11685,0.252729207277298
11686,0.26975181698799133
11687,0.2689468562602997
11688,0.2689468562602997
11689,0.2627674639225006
11690,0.24711638689041138
11691,0.24711638689041138
11692,0.235912024974823
11693,0.24616476893424988
11694,0.25494644045829773
11695,0.25494644045829773
11696,0.24014036357402802
11697,0.25474870204925537
11698,0.22963714599609375
11699,0.2406427413225174
11700,0.2634093761444092
11701,0.2634093761444092
11702,0.24598629772663116
11703,0.24956285953521729
11704,0.2541791498661041
11705,0.260467529296875
11706,0.2614196538925171
11707,0.25371143221855164
11708,0.28905999660491943
11709,0.2834470272064209
11710,0.2510623633861542
11711,0.29971593618392944
11712,0.24622762203216553
11713,0.2874436378479004
11714,0.24738997220993042
11715,0.26963627338409424
11716,0.26963627338409424
11717,0.25744396448135376
11718,0.25744396448135376
11719,0.295076847076416
11720,0.23451508581638336
11721,0.25949031114578247
11722,0.259328693151474
11723,0.259328693151474
11724,0.27213022112846375
11725,0.27213022112846375
11726,0.2582724392414093
11727,0.2540978491306305
11728,0.2689097821712494
11729,0.2689097821712494
11730,0.26996874809265137
11731,0.26996874809265137
11732,0.2607349753379822
11733,0.24628543853759766
11734,0.24508079886436462
11735,0.24822506308555603
11736,0.24822506308555603
11737,0.25669798254966736
11738,0.25669798254966736
11739,0.24093623459339142
11740,0.2609178423881531
11741,0.2745057940483093
11742,0.2511175274848938
11743,0.28384479880332947
11744,0.28384482860565186
11745,0.3009306788444519
11746,0.26655063033103943
11747,0.2475222945213318
11748,0.2904409170150757
11749,0.2818761169910431
11750,0.25257185101509094
11751,0.26170483231544495
11752,0.256397545337677
11753,0.2949274182319641
11754,0.25056302547454834
11755,0.25056302547454834
11756,0.2459443062543869
11757,0.2790834903717041
11758,0.28061357140541077
11759,0.28061357140541077
11760,0.24388843774795532
11761,0.30047452449798584
11762,0.2755497694015503
11763,0.2370499074459076
11764,0.23257088661193848
11765,0.26613083481788635
11766,0.28532615303993225
11767,0.2629159986972809
11768,0.2583223283290863
11769,0.24896255135536194
11770,0.2436952143907547
11771,0.24711737036705017
11772,0.26981067657470703
11773,0.24653616547584534
11774,0.25699523091316223
11775,0.27642080187797546
11776,0.26041844487190247
11777,0.25735899806022644
11778,0.27488335967063904
11779,0.27488335967063904
11780,0.2676160931587219
11781,0.2676160931587219
11782,0.23142360150814056
11783,0.25595366954803467
11784,0.25595366954803467
11785,0.24343448877334595
11786,0.24343448877334595
11787,0.2709537744522095
11788,0.2709537744522095
11789,0.2694891393184662
11790,0.25028014183044434
11791,0.25028014183044434
11792,0.28023234009742737
11793,0.2784484624862671
11794,0.2719018757343292
11795,0.2578426003456116
11796,0.28298062086105347
11797,0.2523755431175232
11798,0.2504611313343048
11799,0.2506079375743866
11800,0.27327829599380493
11801,0.27297651767730713
11802,0.3365477919578552
11803,0.2241380363702774
11804,0.2241380363702774
11805,0.25429123640060425
11806,0.24055378139019012
11807,0.2519958019256592
11808,0.25608691573143005
11809,0.2947889566421509
11810,0.30602604150772095
11811,0.30602604150772095
11812,0.2444095015525818
11813,0.2620408833026886
11814,0.23642662167549133
11815,0.25183650851249695
11816,0.25183650851249695
11817,0.25784021615982056
11818,0.24513864517211914
11819,0.27714258432388306
11820,0.26485276222229004
11821,0.2661210894584656
11822,0.245216965675354
11823,0.245216965675354
11824,0.21371257305145264
11825,0.2591196298599243
11826,0.2591196298599243
11827,0.2660865783691406
11828,0.25878646969795227
11829,0.25944983959198
11830,0.25731146335601807
11831,0.25718197226524353
11832,0.26123085618019104
11833,0.25885283946990967
11834,0.2295844852924347
11835,0.23646607995033264
11836,0.20999445021152496
11837,0.2578679919242859
11838,0.3035777509212494
11839,0.3290861248970032
11840,0.3391328454017639
11841,0.28493186831474304
11842,0.28742802143096924
11843,0.25903648138046265
11844,0.22491003572940826
11845,0.24834895133972168
11846,0.2681572139263153
11847,0.3152235746383667
11848,0.24325458705425262
11849,0.23353615403175354
11850,0.2688518762588501
11851,0.27589792013168335
11852,0.2213095724582672
11853,0.2548803985118866
11854,0.2555585503578186
11855,0.2515609860420227
11856,0.24754619598388672
11857,0.24307531118392944
11858,0.26661595702171326
11859,0.26661595702171326
11860,0.2679603099822998
11861,0.2679603099822998
11862,0.25811654329299927
11863,0.25811654329299927
11864,0.2907422184944153
11865,0.2585480809211731
11866,0.2585480809211731
11867,0.2599445581436157
11868,0.2353428304195404
11869,0.2591957151889801
11870,0.2591957151889801
11871,0.2689514458179474
11872,0.2627747356891632
11873,0.2435317486524582
11874,0.24969226121902466
11875,0.2651103436946869
11876,0.25975272059440613
11877,0.25745949149131775
11878,0.25745949149131775
11879,0.2633403539657593
11880,0.24784454703330994
11881,0.24784454703330994
11882,0.2484576255083084
11883,0.24853135645389557
11884,0.2101607471704483
11885,0.2101607471704483
