,TC
0,0.11443637311458588
1,0.21672098338603973
2,0.22716541588306427
3,0.26402175426483154
4,0.1773882955312729
5,0.34201014041900635
6,0.18819327652454376
7,0.32314765453338623
8,0.23785236477851868
9,0.20315676927566528
10,0.19433802366256714
11,0.3692553639411926
12,0.21963633596897125
13,0.2128937989473343
14,0.1977561116218567
15,0.22421160340309143
16,0.23477134108543396
17,0.31774669885635376
18,0.25260788202285767
19,0.20151282846927643
20,0.23558728396892548
21,0.22082562744617462
22,0.24783070385456085
23,0.18669311702251434
24,0.12333554774522781
25,0.2326597273349762
26,0.30623388290405273
27,0.24317064881324768
28,0.27889126539230347
29,0.18767733871936798
30,0.21936064958572388
31,0.18393109738826752
32,0.28777629137039185
33,0.2994759678840637
34,0.2791571021080017
35,0.22886450588703156
36,0.20504094660282135
37,0.28422075510025024
38,0.22005973756313324
39,0.14090554416179657
40,0.26294106245040894
41,0.24607883393764496
42,0.19614778459072113
43,0.2537456154823303
44,0.18572598695755005
45,0.23181743919849396
46,0.15366530418395996
47,0.21416562795639038
48,0.187245711684227
49,0.2232067584991455
50,0.18056033551692963
51,0.2059248834848404
52,0.14580440521240234
53,0.18847402930259705
54,0.14912854135036469
55,0.19211487472057343
56,0.23919056355953217
57,0.22892503440380096
58,0.2114710956811905
59,0.2095048576593399
60,0.24723489582538605
61,0.16696923971176147
62,0.2220114916563034
63,0.3012693524360657
64,0.26960885524749756
65,0.4296776056289673
66,0.2047157734632492
67,0.2749505341053009
68,0.4080352783203125
69,0.33593863248825073
70,0.22162996232509613
71,0.22162996232509613
72,0.27535951137542725
73,0.27535951137542725
74,0.24046532809734344
75,0.1715662032365799
76,0.2024354785680771
77,0.2716352343559265
78,0.2716352343559265
79,0.11390210688114166
80,0.13411539793014526
81,0.12125663459300995
82,0.1432618945837021
83,0.22425717115402222
84,0.13429471850395203
85,0.1565447896718979
86,0.09665504842996597
87,0.12292253971099854
88,0.12962867319583893
89,0.11048919707536697
90,0.13069340586662292
91,0.14296895265579224
92,0.12937918305397034
93,0.12586797773838043
94,0.11773452162742615
95,0.14557957649230957
96,0.14572478830814362
97,0.12433202564716339
98,0.14887666702270508
99,0.12222203612327576
100,0.1295456737279892
101,0.14443984627723694
102,0.11705997586250305
103,0.12788334488868713
104,0.10685387253761292
105,0.1516832709312439
106,0.12305138260126114
107,0.13815225660800934
108,0.11758484691381454
109,0.14816009998321533
110,0.11508477479219437
111,0.17349256575107574
112,0.13312867283821106
113,0.12449677288532257
114,0.13267746567726135
115,0.11201613396406174
116,0.1315607875585556
117,0.1279393434524536
118,0.14703088998794556
119,0.15406443178653717
120,0.1336742788553238
121,0.16395315527915955
122,0.1333601325750351
123,0.14449000358581543
124,0.1165366917848587
125,0.11594046652317047
126,0.11780507862567902
127,0.12873537838459015
128,0.13685110211372375
129,0.1259080022573471
130,0.1389891654253006
131,0.1374526470899582
132,0.12601037323474884
133,0.14040687680244446
134,0.13546398282051086
135,0.1183023750782013
136,0.12877309322357178
137,0.14832603931427002
138,0.1695745587348938
139,0.13382986187934875
140,0.12191934883594513
141,0.14858096837997437
142,0.1134212389588356
143,0.13394686579704285
144,0.13735201954841614
145,0.13499528169631958
146,0.11390210688114166
147,0.21666167676448822
148,0.21336427330970764
149,0.16411960124969482
150,0.2974919080734253
151,0.1686231940984726
152,0.2721213102340698
153,0.21694394946098328
154,0.20980383455753326
155,0.20334136486053467
156,0.2134668081998825
157,0.21985100209712982
158,0.1983097493648529
159,0.18342606723308563
160,0.2182953804731369
161,0.22636817395687103
162,0.2671428918838501
163,0.1985125094652176
164,0.20023663341999054
165,0.20510044693946838
166,0.1910415142774582
167,0.23447267711162567
168,0.18169055879116058
169,0.12878422439098358
170,0.21713392436504364
171,0.2169390469789505
172,0.22966735064983368
173,0.2413928061723709
174,0.18940779566764832
175,0.20804302394390106
176,0.17154830694198608
177,0.2476547807455063
178,0.23982670903205872
179,0.24978458881378174
180,0.2167598158121109
181,0.21010605990886688
182,0.22969351708889008
183,0.21854527294635773
184,0.15093311667442322
185,0.22073598206043243
186,0.2095477283000946
187,0.17367710173130035
188,0.22777868807315826
189,0.1893858164548874
190,0.21126295626163483
191,0.1845823973417282
192,0.21455179154872894
193,0.20283779501914978
194,0.2152942717075348
195,0.18553666770458221
196,0.2097153514623642
197,0.1546706259250641
198,0.1820324808359146
199,0.1444854736328125
200,0.2021772712469101
201,0.23102331161499023
202,0.23098202049732208
203,0.20813779532909393
204,0.21355417370796204
205,0.23735032975673676
206,0.19047383964061737
207,0.21145935356616974
208,0.2548336982727051
209,0.23278680443763733
210,0.2800157070159912
211,0.18746523559093475
212,0.2470516860485077
213,0.13411539793014526
214,0.21666167676448822
215,0.24883273243904114
216,0.16877369582653046
217,0.28892987966537476
218,0.1803227663040161
219,0.2634016275405884
220,0.21020370721817017
221,0.21743904054164886
222,0.20676851272583008
223,0.22435085475444794
224,0.21925565600395203
225,0.19068965315818787
226,0.19432282447814941
227,0.2276693880558014
228,0.21829736232757568
229,0.2471788078546524
230,0.22815503180027008
231,0.22333268821239471
232,0.20988158881664276
233,0.20502008497714996
234,0.2314368039369583
235,0.20394283533096313
236,0.137234628200531
237,0.2133965641260147
238,0.23333166539669037
239,0.22231502830982208
240,0.24579301476478577
241,0.19661277532577515
242,0.20161427557468414
243,0.17573009431362152
244,0.2548513114452362
245,0.24741502106189728
246,0.24303622543811798
247,0.2237267643213272
248,0.21860726177692413
249,0.22539187967777252
250,0.220856174826622
251,0.16385594010353088
252,0.2315916270017624
253,0.21678681671619415
254,0.18406616151332855
255,0.2379695326089859
256,0.1932714432477951
257,0.22225169837474823
258,0.18654075264930725
259,0.2198859453201294
260,0.19925887882709503
261,0.22741006314754486
262,0.19391469657421112
263,0.2059750109910965
264,0.1614876091480255
265,0.1976843625307083
266,0.19339345395565033
267,0.19438062608242035
268,0.23091493546962738
269,0.24992528557777405
270,0.20777805149555206
271,0.21327172219753265
272,0.24140441417694092
273,0.2011691778898239
274,0.21384508907794952
275,0.2413892298936844
276,0.2254057675600052
277,0.2835717499256134
278,0.1798655390739441
279,0.23973892629146576
280,0.12125663459300995
281,0.21336427330970764
282,0.24883273243904114
283,0.18162427842617035
284,0.32048237323760986
285,0.18160755932331085
286,0.3115460276603699
287,0.24639929831027985
288,0.21679885685443878
289,0.2323058694601059
290,0.25525712966918945
291,0.21521227061748505
292,0.21580655872821808
293,0.1958627998828888
294,0.24582533538341522
295,0.2644580006599426
296,0.30305784940719604
297,0.223280131816864
298,0.2177547961473465
299,0.2288963347673416
300,0.19782693684101105
301,0.26517170667648315
302,0.19214396178722382
303,0.13921628892421722
304,0.25757044553756714
305,0.2642406225204468
306,0.23996920883655548
307,0.2681267261505127
308,0.20668156445026398
309,0.2333715409040451
310,0.19099248945713043
311,0.2621991038322449
312,0.2783786952495575
313,0.28159451484680176
314,0.23139925301074982
315,0.21294938027858734
316,0.2624306082725525
317,0.24482780694961548
318,0.16239094734191895
319,0.23008902370929718
320,0.22178007662296295
321,0.1861092895269394
322,0.24239163100719452
323,0.2166975438594818
324,0.23728029429912567
325,0.2141248732805252
326,0.2094089239835739
327,0.22634096443653107
328,0.2339470535516739
329,0.20381735265254974
330,0.25064438581466675
331,0.15656498074531555
332,0.1971139907836914
333,0.14833249151706696
334,0.21230573952198029
335,0.2558916211128235
336,0.21649937331676483
337,0.2340201884508133
338,0.22728809714317322
339,0.2430146187543869
340,0.20945608615875244
341,0.2351752668619156
342,0.2865309715270996
343,0.2624332308769226
344,0.31657034158706665
345,0.20804010331630707
346,0.2839438319206238
347,0.1432618945837021
348,0.16411960124969482
349,0.16877369582653046
350,0.18162427842617035
351,0.26088905334472656
352,0.17878404259681702
353,0.1864352971315384
354,0.15122541785240173
355,0.1572599709033966
356,0.16419073939323425
357,0.15043790638446808
358,0.175404354929924
359,0.17784379422664642
360,0.1658182144165039
361,0.16361817717552185
362,0.1580652892589569
363,0.17993319034576416
364,0.19829215109348297
365,0.1835910826921463
366,0.1869964748620987
367,0.17285941541194916
368,0.1776447594165802
369,0.1677853763103485
370,0.15182621777057648
371,0.16086959838867188
372,0.163128063082695
373,0.19597066938877106
374,0.1779121309518814
375,0.16938458383083344
376,0.1660117208957672
377,0.18069396913051605
378,0.168687641620636
379,0.21418441832065582
380,0.17259670794010162
381,0.17088483273983002
382,0.1716039925813675
383,0.16607233881950378
384,0.17270828783512115
385,0.13935546576976776
386,0.18973545730113983
387,0.1892598420381546
388,0.16632802784442902
389,0.2054552137851715
390,0.17262797057628632
391,0.18729577958583832
392,0.15409716963768005
393,0.15934622287750244
394,0.15540780127048492
395,0.17067961394786835
396,0.17642106115818024
397,0.17553862929344177
398,0.17101119458675385
399,0.16790978610515594
400,0.16446879506111145
401,0.17129680514335632
402,0.1859527975320816
403,0.17511214315891266
404,0.15939626097679138
405,0.17781780660152435
406,0.1962926834821701
407,0.16781200468540192
408,0.1652425229549408
409,0.19951845705509186
410,0.15873059630393982
411,0.18493366241455078
412,0.17304103076457977
413,0.17564605176448822
414,0.22425717115402222
415,0.2974919080734253
416,0.28892987966537476
417,0.32048237323760986
418,0.26088905334472656
419,0.2698659300804138
420,0.28615814447402954
421,0.2949509024620056
422,0.2954670190811157
423,0.2751605212688446
424,0.2986522912979126
425,0.2992244362831116
426,0.26521116495132446
427,0.2804363965988159
428,0.28711575269699097
429,0.28898394107818604
430,0.30072152614593506
431,0.3218958377838135
432,0.31630194187164307
433,0.29770809412002563
434,0.28695598244667053
435,0.3170735239982605
436,0.2901231050491333
437,0.2405199259519577
438,0.3053526282310486
439,0.314741849899292
440,0.3154590129852295
441,0.30846303701400757
442,0.25044894218444824
443,0.29963475465774536
444,0.2647401690483093
445,0.3178558945655823
446,0.3261178731918335
447,0.28797924518585205
448,0.30911368131637573
449,0.3031740188598633
450,0.3062080144882202
451,0.3140716552734375
452,0.2212245911359787
453,0.31345462799072266
454,0.2958354949951172
455,0.2529227137565613
456,0.316913366317749
457,0.29884135723114014
458,0.3142319917678833
459,0.2886303961277008
460,0.29872560501098633
461,0.27239370346069336
462,0.30373042821884155
463,0.28060072660446167
464,0.3191012740135193
465,0.2650080919265747
466,0.2520047426223755
467,0.2905426621437073
468,0.2611132860183716
469,0.3201703429222107
470,0.30385637283325195
471,0.27402740716934204
472,0.2900463938713074
473,0.27381932735443115
474,0.3009375333786011
475,0.29836148023605347
476,0.32832568883895874
477,0.3018244504928589
478,0.32171761989593506
479,0.2597410976886749
480,0.2910175919532776
481,0.13429471850395203
482,0.1686231940984726
483,0.1803227663040161
484,0.18160755932331085
485,0.17878404259681702
486,0.2698659300804138
487,0.21667881309986115
488,0.16771459579467773
489,0.17820613086223602
490,0.1744292825460434
491,0.15674860775470734
492,0.1905830353498459
493,0.2010955661535263
494,0.18572261929512024
495,0.18545326590538025
496,0.18186895549297333
497,0.19717447459697723
498,0.20648840069770813
499,0.18818670511245728
500,0.21117040514945984
501,0.18932123482227325
502,0.19920895993709564
503,0.17492590844631195
504,0.14838628470897675
505,0.1802065521478653
506,0.1716277301311493
507,0.210252046585083
508,0.18532657623291016
509,0.18518175184726715
510,0.17658567428588867
511,0.18407046794891357
512,0.1714940071105957
513,0.2321067899465561
514,0.19459007680416107
515,0.18281392753124237
516,0.18304555118083954
517,0.17297495901584625
518,0.18256451189517975
519,0.1483839452266693
520,0.20528903603553772
521,0.20111586153507233
522,0.1853928416967392
523,0.21663504838943481
524,0.1810503602027893
525,0.20014606416225433
526,0.16468621790409088
527,0.18262958526611328
528,0.17256344854831696
529,0.18909896910190582
530,0.1868053823709488
531,0.1907481700181961
532,0.15120235085487366
533,0.1857813447713852
534,0.15359589457511902
535,0.19608645141124725
536,0.19853900372982025
537,0.18231631815433502
538,0.17533309757709503
539,0.20089656114578247
540,0.2216583639383316
541,0.1718931645154953
542,0.17607109248638153
543,0.21316121518611908
544,0.18376187980175018
545,0.20041362941265106
546,0.1961488276720047
547,0.1960465908050537
548,0.1565447896718979
549,0.2721213102340698
550,0.2634016275405884
551,0.3115460276603699
552,0.1864352971315384
553,0.28615814447402954
554,0.21667881309986115
555,0.28942781686782837
556,0.27674800157546997
557,0.2496517151594162
558,0.31205445528030396
559,0.27946919202804565
560,0.22486168146133423
561,0.21882988512516022
562,0.2700878977775574
563,0.2805033326148987
564,0.3110431432723999
565,0.28093793988227844
566,0.2896811068058014
567,0.23955951631069183
568,0.24545633792877197
569,0.29916250705718994
570,0.22597023844718933
571,0.16630639135837555
572,0.27681291103363037
573,0.29795944690704346
574,0.2726917862892151
575,0.30566900968551636
576,0.21103885769844055
577,0.27551186084747314
578,0.19063518941402435
579,0.31696516275405884
580,0.2579789161682129
581,0.30403441190719604
582,0.2962166666984558
583,0.2741491198539734
584,0.3036435842514038
585,0.2749585509300232
586,0.1701279580593109
587,0.27527153491973877
588,0.2345622032880783
589,0.2017805278301239
590,0.2716430425643921
591,0.2453828603029251
592,0.2575113773345947
593,0.24389860033988953
594,0.27990615367889404
595,0.25278669595718384
596,0.27974098920822144
597,0.23154844343662262
598,0.28017646074295044
599,0.19145165383815765
600,0.22311267256736755
601,0.214326411485672
602,0.21853703260421753
603,0.29010024666786194
604,0.31264179944992065
605,0.26293274760246277
606,0.23939858376979828
607,0.2453116923570633
608,0.2577022314071655
609,0.2805320620536804
610,0.3131788372993469
611,0.2976478934288025
612,0.33229076862335205
613,0.2164052575826645
614,0.3051542043685913
615,0.09665504842996597
616,0.21694394946098328
617,0.21020370721817017
618,0.24639929831027985
619,0.15122541785240173
620,0.2949509024620056
621,0.16771459579467773
622,0.28942781686782837
623,0.22207225859165192
624,0.19717510044574738
625,0.2938695549964905
626,0.22921869158744812
627,0.19874964654445648
628,0.16837981343269348
629,0.22537283599376678
630,0.2418176233768463
631,0.3014408349990845
632,0.1916802078485489
633,0.20411773025989532
634,0.21344827115535736
635,0.17823491990566254
636,0.22946658730506897
637,0.15555082261562347
638,0.12655168771743774
639,0.22858475148677826
640,0.28428536653518677
641,0.2256893664598465
642,0.27779072523117065
643,0.1749592274427414
644,0.2302321195602417
645,0.15887445211410522
646,0.27331143617630005
647,0.24821700155735016
648,0.26271820068359375
649,0.22395943105220795
650,0.21164804697036743
651,0.2625952363014221
652,0.2291976660490036
653,0.1392548531293869
654,0.21454168856143951
655,0.20800082385540009
656,0.16184645891189575
657,0.22259847819805145
658,0.18299658596515656
659,0.1993616670370102
660,0.17847608029842377
661,0.2285267859697342
662,0.19679726660251617
663,0.21436353027820587
664,0.17061327397823334
665,0.21587486565113068
666,0.14171503484249115
667,0.16927547752857208
668,0.13734659552574158
669,0.1940034180879593
670,0.23500221967697144
671,0.2455841600894928
672,0.2102305144071579
673,0.2038753479719162
674,0.23067183792591095
675,0.18307633697986603
676,0.23016957938671112
677,0.27144068479537964
678,0.25832629203796387
679,0.3617899417877197
680,0.1921045333147049
681,0.25757622718811035
682,0.12292253971099854
683,0.20980383455753326
684,0.21743904054164886
685,0.21679885685443878
686,0.1572599709033966
687,0.2954670190811157
688,0.17820613086223602
689,0.27674800157546997
690,0.22207225859165192
691,0.19866959750652313
692,0.2493487149477005
693,0.2020416110754013
694,0.21160992980003357
695,0.17976082861423492
696,0.21748937666416168
697,0.23521021008491516
698,0.2748214602470398
699,0.1975383758544922
700,0.19151689112186432
701,0.22118590772151947
702,0.185898557305336
703,0.2203948050737381
704,0.17228801548480988
705,0.14294223487377167
706,0.2228267639875412
707,0.23429246246814728
708,0.22109904885292053
709,0.24135980010032654
710,0.19091863930225372
711,0.20764942467212677
712,0.16518767178058624
713,0.25293463468551636
714,0.24921493232250214
715,0.26140108704566956
716,0.22656993567943573
717,0.20876151323318481
718,0.23779408633708954
719,0.22433814406394958
720,0.1689855456352234
721,0.21702440083026886
722,0.21816964447498322
723,0.17343871295452118
724,0.2278377264738083
725,0.17447297275066376
726,0.1961497813463211
727,0.17311148345470428
728,0.21119141578674316
729,0.20056627690792084
730,0.20571812987327576
731,0.18000845611095428
732,0.2022963911294937
733,0.149525985121727
734,0.1988031268119812
735,0.14487050473690033
736,0.2081495076417923
737,0.22645792365074158
738,0.23008698225021362
739,0.21884627640247345
740,0.21949680149555206
741,0.2396521419286728
742,0.18843744695186615
743,0.21054857969284058
744,0.2494322955608368
745,0.24036383628845215
746,0.2999624013900757
747,0.20292772352695465
748,0.2560999393463135
749,0.12962867319583893
750,0.20334136486053467
751,0.20676851272583008
752,0.2323058694601059
753,0.16419073939323425
754,0.2751605212688446
755,0.1744292825460434
756,0.2496517151594162
757,0.19717510044574738
758,0.19866959750652313
759,0.21886931359767914
760,0.20079059898853302
761,0.18259906768798828
762,0.17738963663578033
763,0.2098238617181778
764,0.20769552886486053
765,0.23992736637592316
766,0.20760072767734528
767,0.21074621379375458
768,0.20022450387477875
769,0.18365120887756348
770,0.21104852855205536
771,0.18663865327835083
772,0.12983661890029907
773,0.20641155540943146
774,0.2203453630208969
775,0.2107221633195877
776,0.23626472055912018
777,0.1849239319562912
778,0.1908404380083084
779,0.16957375407218933
780,0.24018873274326324
781,0.2338465303182602
782,0.2306416779756546
783,0.20990853011608124
784,0.20702901482582092
785,0.21162565052509308
786,0.20057743787765503
787,0.14889827370643616
788,0.20752131938934326
789,0.1898861974477768
790,0.16658662259578705
791,0.22239355742931366
792,0.17922930419445038
793,0.1997327357530594
794,0.17478761076927185
795,0.20034386217594147
796,0.19132903218269348
797,0.20842723548412323
798,0.18229535222053528
799,0.1936800628900528
800,0.1558389663696289
801,0.1742125004529953
802,0.17233780026435852
803,0.17962169647216797
804,0.2125159502029419
805,0.23382124304771423
806,0.200503408908844
807,0.19626091420650482
808,0.22366492450237274
809,0.18899695575237274
810,0.19963876903057098
811,0.22656099498271942
812,0.20759128034114838
813,0.2587377429008484
814,0.16801923513412476
815,0.2278333455324173
816,0.11048919707536697
817,0.2134668081998825
818,0.22435085475444794
819,0.25525712966918945
820,0.15043790638446808
821,0.2986522912979126
822,0.15674860775470734
823,0.31205445528030396
824,0.2938695549964905
825,0.2493487149477005
826,0.21886931359767914
827,0.2302146703004837
828,0.1893898993730545
829,0.18629340827465057
830,0.2464183121919632
831,0.262325257062912
832,0.3264923095703125
833,0.1940845102071762
834,0.21593627333641052
835,0.20623575150966644
836,0.19293926656246185
837,0.2717205584049225
838,0.1797908991575241
839,0.13167956471443176
840,0.269628643989563
841,0.3118423819541931
842,0.22848133742809296
843,0.30465370416641235
844,0.18290413916110992
845,0.2649056911468506
846,0.15974408388137817
847,0.28909385204315186
848,0.24980111420154572
849,0.280774861574173
850,0.24918334186077118
851,0.22972480952739716
852,0.31530189514160156
853,0.2563401758670807
854,0.15502548217773438
855,0.21998076140880585
856,0.2038392871618271
857,0.17081162333488464
858,0.2296198457479477
859,0.1910797357559204
860,0.21148459613323212
861,0.21667928993701935
862,0.24141834676265717
863,0.21830962598323822
864,0.24159984290599823
865,0.19166789948940277
866,0.25237271189689636
867,0.15665669739246368
868,0.177507683634758
869,0.15106336772441864
870,0.18922309577465057
871,0.26686549186706543
872,0.23731864988803864
873,0.2316943258047104
874,0.2074517160654068
875,0.22466513514518738
876,0.1970234513282776
877,0.26882946491241455
878,0.302301824092865
879,0.29475635290145874
880,0.3668453097343445
881,0.1816944032907486
882,0.2749437093734741
883,0.13069340586662292
884,0.21985100209712982
885,0.21925565600395203
886,0.21521227061748505
887,0.175404354929924
888,0.2992244362831116
889,0.1905830353498459
890,0.27946919202804565
891,0.22921869158744812
892,0.2020416110754013
893,0.20079059898853302
894,0.2302146703004837
895,0.21078725159168243
896,0.19976527988910675
897,0.22202123701572418
898,0.2271207720041275
899,0.2769169211387634
900,0.21989811956882477
901,0.2075202912092209
902,0.22512727975845337
903,0.21586740016937256
904,0.23202423751354218
905,0.19101764261722565
906,0.15446215867996216
907,0.23596350848674774
908,0.2378246933221817
909,0.23566032946109772
910,0.2508341372013092
911,0.19709603488445282
912,0.20982076227664948
913,0.18206651508808136
914,0.2662622928619385
915,0.2572610378265381
916,0.25736239552497864
917,0.22850574553012848
918,0.21157805621623993
919,0.2406272441148758
920,0.2204529494047165
921,0.16470706462860107
922,0.23078402876853943
923,0.22362127900123596
924,0.18664640188217163
925,0.2314016968011856
926,0.19872109591960907
927,0.21932677924633026
928,0.18350663781166077
929,0.21037447452545166
930,0.20090840756893158
931,0.21978409588336945
932,0.19409948587417603
933,0.214020237326622
934,0.15908753871917725
935,0.20226313173770905
936,0.16780920326709747
937,0.20649638772010803
938,0.23170432448387146
939,0.2347446084022522
940,0.20938849449157715
941,0.22265534102916718
942,0.24052804708480835
943,0.19750697910785675
944,0.21249748766422272
945,0.2549765706062317
946,0.23816591501235962
947,0.2870623767375946
948,0.20544801652431488
949,0.2606550455093384
950,0.14296895265579224
951,0.1983097493648529
952,0.19068965315818787
953,0.21580655872821808
954,0.17784379422664642
955,0.26521116495132446
956,0.2010955661535263
957,0.22486168146133423
958,0.19874964654445648
959,0.21160992980003357
960,0.18259906768798828
961,0.1893898993730545
962,0.21078725159168243
963,0.1984609216451645
964,0.18846391141414642
965,0.18984763324260712
966,0.22263427078723907
967,0.2255471795797348
968,0.21876387298107147
969,0.22080348432064056
970,0.2109239250421524
971,0.2197759598493576
972,0.19434089958667755
973,0.1623913198709488
974,0.19697919487953186
975,0.19989047944545746
976,0.2388588935136795
977,0.22365258634090424
978,0.19301137328147888
979,0.20981650054454803
980,0.18128235638141632
981,0.21950726211071014
982,0.23089943826198578
983,0.20854221284389496
984,0.20298485457897186
985,0.20497538149356842
986,0.2010626643896103
987,0.20890289545059204
988,0.15367332100868225
989,0.21211056411266327
990,0.21233393251895905
991,0.1920691281557083
992,0.23750822246074677
993,0.2127515822649002
994,0.22148139774799347
995,0.18781916797161102
996,0.20269447565078735
997,0.17383421957492828
998,0.2072003036737442
999,0.2059790939092636
1000,0.21817563474178314
1001,0.1717298924922943
1002,0.19504018127918243
1003,0.17712973058223724
1004,0.19861288368701935
1005,0.2327137291431427
1006,0.2169560194015503
1007,0.18433204293251038
1008,0.2026052474975586
1009,0.22991715371608734
1010,0.1987123042345047
1011,0.20211495459079742
1012,0.24953898787498474
1013,0.20612458884716034
1014,0.24132035672664642
1015,0.2094765454530716
1016,0.2110413759946823
1017,0.12937918305397034
1018,0.18342606723308563
1019,0.19432282447814941
1020,0.1958627998828888
1021,0.1658182144165039
1022,0.2804363965988159
1023,0.18572261929512024
1024,0.21882988512516022
1025,0.16837981343269348
1026,0.17976082861423492
1027,0.17738963663578033
1028,0.18629340827465057
1029,0.19976527988910675
1030,0.1984609216451645
1031,0.17434285581111908
1032,0.17538060247898102
1033,0.21111778914928436
1034,0.2088058739900589
1035,0.1892685741186142
1036,0.21330349147319794
1037,0.2061508744955063
1038,0.2007446140050888
1039,0.17487084865570068
1040,0.1479349285364151
1041,0.1796242594718933
1042,0.1743094027042389
1043,0.22057534754276276
1044,0.19442951679229736
1045,0.1886359006166458
1046,0.1832343339920044
1047,0.16980215907096863
1048,0.1940876990556717
1049,0.2388557344675064
1050,0.1911887377500534
1051,0.18848663568496704
1052,0.19640366733074188
1053,0.17632298171520233
1054,0.19274942576885223
1055,0.1545339822769165
1056,0.22466081380844116
1057,0.22396306693553925
1058,0.19411377608776093
1059,0.225459024310112
1060,0.1870477944612503
1061,0.2099660187959671
1062,0.15615850687026978
1063,0.1814197450876236
1064,0.16269056499004364
1065,0.19078463315963745
1066,0.1862650215625763
1067,0.18550145626068115
1068,0.15179143846035004
1069,0.18421460688114166
1070,0.16159561276435852
1071,0.1916808784008026
1072,0.2044583410024643
1073,0.18969719111919403
1074,0.16269226372241974
1075,0.20863497257232666
1076,0.22821103036403656
1077,0.1742391735315323
1078,0.1836649477481842
1079,0.21826119720935822
1080,0.1851649135351181
1081,0.23611517250537872
1082,0.195485919713974
1083,0.1912403702735901
1084,0.12586797773838043
1085,0.2182953804731369
1086,0.2276693880558014
1087,0.24582533538341522
1088,0.16361817717552185
1089,0.28711575269699097
1090,0.18545326590538025
1091,0.2700878977775574
1092,0.22537283599376678
1093,0.21748937666416168
1094,0.2098238617181778
1095,0.2464183121919632
1096,0.22202123701572418
1097,0.18846391141414642
1098,0.17434285581111908
1099,0.22948528826236725
1100,0.2585247755050659
1101,0.21782322227954865
1102,0.2303161770105362
1103,0.20458479225635529
1104,0.18968181312084198
1105,0.23512084782123566
1106,0.19898656010627747
1107,0.12587158381938934
1108,0.2236383706331253
1109,0.23326243460178375
1110,0.22895656526088715
1111,0.24560415744781494
1112,0.1919068992137909
1113,0.2118312120437622
1114,0.16995370388031006
1115,0.2550070583820343
1116,0.23878706991672516
1117,0.24883882701396942
1118,0.23335584998130798
1119,0.2268620878458023
1120,0.2404373586177826
1121,0.22818462550640106
1122,0.14644458889961243
1123,0.22487668693065643
1124,0.20542389154434204
1125,0.17040106654167175
1126,0.23426884412765503
1127,0.1954934149980545
1128,0.22293026745319366
1129,0.1863614171743393
1130,0.22405637800693512
1131,0.20809777081012726
1132,0.22555452585220337
1133,0.19752970337867737
1134,0.21369414031505585
1135,0.1564481556415558
1136,0.17934411764144897
1137,0.17188100516796112
1138,0.1902633011341095
1139,0.23586638271808624
1140,0.247022345662117
1141,0.21847234666347504
1142,0.20731821656227112
1143,0.23059283196926117
1144,0.20993344485759735
1145,0.2154502421617508
1146,0.24896959960460663
1147,0.23716072738170624
1148,0.28359928727149963
1149,0.17524929344654083
1150,0.24542318284511566
1151,0.11773452162742615
1152,0.22636817395687103
1153,0.21829736232757568
1154,0.2644580006599426
1155,0.1580652892589569
1156,0.28898394107818604
1157,0.18186895549297333
1158,0.2805033326148987
1159,0.2418176233768463
1160,0.23521021008491516
1161,0.20769552886486053
1162,0.262325257062912
1163,0.2271207720041275
1164,0.18984763324260712
1165,0.17538060247898102
1166,0.22948528826236725
1167,0.2569030225276947
1168,0.22738346457481384
1169,0.23881332576274872
1170,0.21052679419517517
1171,0.18474937975406647
1172,0.241770401597023
1173,0.19343243539333344
1174,0.12319066375494003
1175,0.22667086124420166
1176,0.24836470186710358
1177,0.22937409579753876
1178,0.24931707978248596
1179,0.19089359045028687
1180,0.2339206039905548
1181,0.16606512665748596
1182,0.264807790517807
1183,0.24278666079044342
1184,0.25901246070861816
1185,0.2440348118543625
1186,0.23559264838695526
1187,0.2550097405910492
1188,0.23383228480815887
1189,0.14701548218727112
1190,0.22491449117660522
1191,0.20781530439853668
1192,0.1645820289850235
1193,0.23862077295780182
1194,0.19213490188121796
1195,0.2166677862405777
1196,0.19165870547294617
1197,0.2374059557914734
1198,0.20348148047924042
1199,0.2269420176744461
1200,0.1896527260541916
1201,0.2167285680770874
1202,0.15647567808628082
1203,0.18368017673492432
1204,0.16708211600780487
1205,0.1913229078054428
1206,0.24010518193244934
1207,0.2665545344352722
1208,0.21841838955879211
1209,0.21150065958499908
1210,0.24083219468593597
1211,0.20626069605350494
1212,0.23576585948467255
1213,0.25494980812072754
1214,0.2515525817871094
1215,0.3056332468986511
1216,0.18145854771137238
1217,0.2541694641113281
1218,0.14557957649230957
1219,0.2671428918838501
1220,0.2471788078546524
1221,0.30305784940719604
1222,0.17993319034576416
1223,0.30072152614593506
1224,0.19717447459697723
1225,0.3110431432723999
1226,0.3014408349990845
1227,0.2748214602470398
1228,0.23992736637592316
1229,0.3264923095703125
1230,0.2769169211387634
1231,0.22263427078723907
1232,0.21111778914928436
1233,0.2585247755050659
1234,0.2569030225276947
1235,0.25007879734039307
1236,0.26841193437576294
1237,0.24077831208705902
1238,0.22906193137168884
1239,0.2854577302932739
1240,0.21674729883670807
1241,0.16243597865104675
1242,0.27090656757354736
1243,0.3198554515838623
1244,0.27052444219589233
1245,0.3129993677139282
1246,0.20272938907146454
1247,0.2770223617553711
1248,0.18495430052280426
1249,0.31924110651016235
1250,0.25501909852027893
1251,0.28578805923461914
1252,0.307037889957428
1253,0.27002400159835815
1254,0.31337183713912964
1255,0.2617371082305908
1256,0.16211684048175812
1257,0.2587183713912964
1258,0.22525367140769958
1259,0.185668483376503
1260,0.26644250750541687
1261,0.23807749152183533
1262,0.24980536103248596
1263,0.24109645187854767
1264,0.2737438678741455
1265,0.24137143790721893
1266,0.26984903216362
1267,0.22559621930122375
1268,0.26061078906059265
1269,0.18605418503284454
1270,0.20546050369739532
1271,0.19510453939437866
1272,0.21360625326633453
1273,0.28328126668930054
1274,0.2848045825958252
1275,0.2420305460691452
1276,0.23051144182682037
1277,0.24137720465660095
1278,0.25141027569770813
1279,0.2791929841041565
1280,0.31785857677459717
1281,0.3031582236289978
1282,0.36155200004577637
1283,0.21454614400863647
1284,0.2888035774230957
1285,0.14572478830814362
1286,0.1985125094652176
1287,0.22815503180027008
1288,0.223280131816864
1289,0.19829215109348297
1290,0.3218958377838135
1291,0.20648840069770813
1292,0.28093793988227844
1293,0.1916802078485489
1294,0.1975383758544922
1295,0.20760072767734528
1296,0.1940845102071762
1297,0.21989811956882477
1298,0.2255471795797348
1299,0.2088058739900589
1300,0.21782322227954865
1301,0.22738346457481384
1302,0.25007879734039307
1303,0.21272093057632446
1304,0.24687334895133972
1305,0.21880319714546204
1306,0.23929013311862946
1307,0.2011794000864029
1308,0.15056493878364563
1309,0.2151212841272354
1310,0.1951223909854889
1311,0.23783017694950104
1312,0.21266351640224457
1313,0.21317443251609802
1314,0.19787976145744324
1315,0.2048713117837906
1316,0.2235964834690094
1317,0.284680038690567
1318,0.25618916749954224
1319,0.20889440178871155
1320,0.20450466871261597
1321,0.20243509113788605
1322,0.22405269742012024
1323,0.1677446812391281
1324,0.2538854479789734
1325,0.2462192326784134
1326,0.20155194401741028
1327,0.2415907233953476
1328,0.20384426414966583
1329,0.23037175834178925
1330,0.18622055649757385
1331,0.21272306144237518
1332,0.20388658344745636
1333,0.22470803558826447
1334,0.1954803615808487
1335,0.21718399226665497
1336,0.16904985904693604
1337,0.20107591152191162
1338,0.18181096017360687
1339,0.21987317502498627
1340,0.22951820492744446
1341,0.21749861538410187
1342,0.2078295201063156
1343,0.23873895406723022
1344,0.24887515604496002
1345,0.20001216232776642
1346,0.20068369805812836
1347,0.2524328827857971
1348,0.21420447528362274
1349,0.2568403482437134
1350,0.21779890358448029
1351,0.25862574577331543
1352,0.12433202564716339
1353,0.20023663341999054
1354,0.22333268821239471
1355,0.2177547961473465
1356,0.1835910826921463
1357,0.31630194187164307
1358,0.18818670511245728
1359,0.2896811068058014
1360,0.20411773025989532
1361,0.19151689112186432
1362,0.21074621379375458
1363,0.21593627333641052
1364,0.2075202912092209
1365,0.21876387298107147
1366,0.1892685741186142
1367,0.2303161770105362
1368,0.23881332576274872
1369,0.26841193437576294
1370,0.21272093057632446
1371,0.2351854294538498
1372,0.19378967583179474
1373,0.24099023640155792
1374,0.1877424567937851
1375,0.13548335433006287
1376,0.22620658576488495
1377,0.21287454664707184
1378,0.23150625824928284
1379,0.21486826241016388
1380,0.19683007895946503
1381,0.20186351239681244
1382,0.1950639933347702
1383,0.22292137145996094
1384,0.27457761764526367
1385,0.26111990213394165
1386,0.20220275223255157
1387,0.19834773242473602
1388,0.21686556935310364
1389,0.21610166132450104
1390,0.16244229674339294
1391,0.2300131469964981
1392,0.21668581664562225
1393,0.1779853254556656
1394,0.23180826008319855
1395,0.19920167326927185
1396,0.22022484242916107
1397,0.19101104140281677
1398,0.19596995413303375
1399,0.2101619690656662
1400,0.21869680285453796
1401,0.18986548483371735
1402,0.222737655043602
1403,0.15633469820022583
1404,0.18673305213451385
1405,0.16161173582077026
1406,0.20632842183113098
1407,0.2384416162967682
1408,0.19295676052570343
1409,0.21613968908786774
1410,0.22479060292243958
1411,0.23598915338516235
1412,0.19420111179351807
1413,0.20390956103801727
1414,0.2590610384941101
1415,0.2174277901649475
1416,0.26262861490249634
1417,0.20923592150211334
1418,0.2658761739730835
1419,0.14887666702270508
1420,0.20510044693946838
1421,0.20988158881664276
1422,0.2288963347673416
1423,0.1869964748620987
1424,0.29770809412002563
1425,0.21117040514945984
1426,0.23955951631069183
1427,0.21344827115535736
1428,0.22118590772151947
1429,0.20022450387477875
1430,0.20623575150966644
1431,0.22512727975845337
1432,0.22080348432064056
1433,0.21330349147319794
1434,0.20458479225635529
1435,0.21052679419517517
1436,0.24077831208705902
1437,0.24687334895133972
1438,0.2351854294538498
1439,0.22902648150920868
1440,0.2385692149400711
1441,0.20439879596233368
1442,0.1693582385778427
1443,0.21296308934688568
1444,0.21971304714679718
1445,0.25043535232543945
1446,0.23752440512180328
1447,0.20052577555179596
1448,0.21702559292316437
1449,0.19177143275737762
1450,0.2394714653491974
1451,0.2587438225746155
1452,0.22662562131881714
1453,0.21744228899478912
1454,0.21679683029651642
1455,0.21401825547218323
1456,0.21978019177913666
1457,0.16436070203781128
1458,0.23814065754413605
1459,0.22717857360839844
1460,0.1993115395307541
1461,0.25582587718963623
1462,0.23141895234584808
1463,0.2351856678724289
1464,0.19414658844470978
1465,0.21718184649944305
1466,0.19274625182151794
1467,0.2219952791929245
1468,0.2165871411561966
1469,0.23317952454090118
1470,0.17690591514110565
1471,0.20282262563705444
1472,0.19958557188510895
1473,0.20184530317783356
1474,0.24714981019496918
1475,0.2272191196680069
1476,0.19888915121555328
1477,0.21658314764499664
1478,0.23558680713176727
1479,0.2082836925983429
1480,0.21421705186367035
1481,0.26527759432792664
1482,0.22326132655143738
1483,0.24848951399326324
1484,0.21300537884235382
1485,0.22973431646823883
1486,0.12222203612327576
1487,0.1910415142774582
1488,0.20502008497714996
1489,0.19782693684101105
1490,0.17285941541194916
1491,0.28695598244667053
1492,0.18932123482227325
1493,0.24545633792877197
1494,0.17823491990566254
1495,0.185898557305336
1496,0.18365120887756348
1497,0.19293926656246185
1498,0.21586740016937256
1499,0.2109239250421524
1500,0.2061508744955063
1501,0.18968181312084198
1502,0.18474937975406647
1503,0.22906193137168884
1504,0.21880319714546204
1505,0.19378967583179474
1506,0.22902648150920868
1507,0.2176445573568344
1508,0.17845328152179718
1509,0.147203266620636
1510,0.19376257061958313
1511,0.18149669468402863
1512,0.22866801917552948
1513,0.2045893520116806
1514,0.19683854281902313
1515,0.2007666677236557
1516,0.17700211703777313
1517,0.20326338708400726
1518,0.24839840829372406
1519,0.2078211009502411
1520,0.20160560309886932
1521,0.2008398026227951
1522,0.19163461029529572
1523,0.20055074989795685
1524,0.1550782471895218
1525,0.23772159218788147
1526,0.23232050240039825
1527,0.20155714452266693
1528,0.23590758442878723
1529,0.19401101768016815
1530,0.21602843701839447
1531,0.1642269790172577
1532,0.19700001180171967
1533,0.1730053722858429
1534,0.2052011489868164
1535,0.19003690779209137
1536,0.200896218419075
1537,0.1497996598482132
1538,0.19495771825313568
1539,0.15631422400474548
1540,0.20192046463489532
1541,0.21595118939876556
1542,0.19237138330936432
1543,0.17055706679821014
1544,0.21955618262290955
1545,0.23560400307178497
1546,0.18062400817871094
1547,0.1974819302558899
1548,0.23639421164989471
1549,0.19807107746601105
1550,0.23126724362373352
1551,0.20572064816951752
1552,0.21034972369670868
1553,0.1295456737279892
1554,0.23447267711162567
1555,0.2314368039369583
1556,0.26517170667648315
1557,0.1776447594165802
1558,0.3170735239982605
1559,0.19920895993709564
1560,0.29916250705718994
1561,0.22946658730506897
1562,0.2203948050737381
1563,0.21104852855205536
1564,0.2717205584049225
1565,0.23202423751354218
1566,0.2197759598493576
1567,0.2007446140050888
1568,0.23512084782123566
1569,0.241770401597023
1570,0.2854577302932739
1571,0.23929013311862946
1572,0.24099023640155792
1573,0.2385692149400711
1574,0.2176445573568344
1575,0.20416760444641113
1576,0.1375858634710312
1577,0.24467366933822632
1578,0.25993579626083374
1579,0.244994655251503
1580,0.27403920888900757
1581,0.20745587348937988
1582,0.2149888426065445
1583,0.18530182540416718
1584,0.29643601179122925
1585,0.2733166217803955
1586,0.27647921442985535
1587,0.2562071681022644
1588,0.2373528927564621
1589,0.2571217119693756
1590,0.23661796748638153
1591,0.1699121743440628
1592,0.24690307676792145
1593,0.22316117584705353
1594,0.18414996564388275
1595,0.2526249289512634
1596,0.1984383910894394
1597,0.22973693907260895
1598,0.19352629780769348
1599,0.22947941720485687
1600,0.21084043383598328
1601,0.23847968876361847
1602,0.2040836662054062
1603,0.22570182383060455
1604,0.16157376766204834
1605,0.203228160738945
1606,0.18106915056705475
1607,0.21170663833618164
1608,0.2456626147031784
1609,0.2621585428714752
1610,0.22431549429893494
1611,0.23382620513439178
1612,0.25531232357025146
1613,0.2112278789281845
1614,0.22620926797389984
1615,0.27530837059020996
1616,0.2513654828071594
1617,0.3133324384689331
1618,0.2038750797510147
1619,0.27793073654174805
1620,0.14443984627723694
1621,0.18169055879116058
1622,0.20394283533096313
1623,0.19214396178722382
1624,0.1677853763103485
1625,0.2901231050491333
1626,0.17492590844631195
1627,0.22597023844718933
1628,0.15555082261562347
1629,0.17228801548480988
1630,0.18663865327835083
1631,0.1797908991575241
1632,0.19101764261722565
1633,0.19434089958667755
1634,0.17487084865570068
1635,0.19898656010627747
1636,0.19343243539333344
1637,0.21674729883670807
1638,0.2011794000864029
1639,0.1877424567937851
1640,0.20439879596233368
1641,0.17845328152179718
1642,0.20416760444641113
1643,0.14211127161979675
1644,0.18314526975154877
1645,0.17707546055316925
1646,0.20321722328662872
1647,0.18822546303272247
1648,0.19489234685897827
1649,0.16345494985580444
1650,0.17403782904148102
1651,0.20607484877109528
1652,0.23922529816627502
1653,0.21234537661075592
1654,0.17916160821914673
1655,0.19150225818157196
1656,0.1764749139547348
1657,0.19482599198818207
1658,0.1710701435804367
1659,0.21035094559192657
1660,0.20982417464256287
1661,0.17546318471431732
1662,0.21556876599788666
1663,0.17533378303050995
1664,0.2040165215730667
1665,0.1538727581501007
1666,0.1849702149629593
1667,0.17741800844669342
1668,0.1977958381175995
1669,0.18160703778266907
1670,0.1834387332201004
1671,0.15359629690647125
1672,0.18754442036151886
1673,0.170010045170784
1674,0.20070266723632812
1675,0.20097045600414276
1676,0.19581031799316406
1677,0.18502086400985718
1678,0.21173827350139618
1679,0.23480413854122162
1680,0.17754080891609192
1681,0.1722840666770935
1682,0.20805932581424713
1683,0.17559219896793365
1684,0.22016559541225433
1685,0.18332408368587494
1686,0.2099076360464096
1687,0.11705997586250305
1688,0.12878422439098358
1689,0.137234628200531
1690,0.13921628892421722
1691,0.15182621777057648
1692,0.2405199259519577
1693,0.14838628470897675
1694,0.16630639135837555
1695,0.12655168771743774
1696,0.14294223487377167
1697,0.12983661890029907
1698,0.13167956471443176
1699,0.15446215867996216
1700,0.1623913198709488
1701,0.1479349285364151
1702,0.12587158381938934
1703,0.12319066375494003
1704,0.16243597865104675
1705,0.15056493878364563
1706,0.13548335433006287
1707,0.1693582385778427
1708,0.147203266620636
1709,0.1375858634710312
1710,0.14211127161979675
1711,0.1255665123462677
1712,0.13094446063041687
1713,0.1685752123594284
1714,0.1479838341474533
1715,0.1590070128440857
1716,0.14040148258209229
1717,0.15693217515945435
1718,0.15823164582252502
1719,0.19728930294513702
1720,0.14269326627254486
1721,0.14584967494010925
1722,0.15034738183021545
1723,0.1315983235836029
1724,0.1277061253786087
1725,0.13031254708766937
1726,0.17435933649539948
1727,0.1687038242816925
1728,0.149566188454628
1729,0.18369315564632416
1730,0.1409984678030014
1731,0.15265992283821106
1732,0.10825154930353165
1733,0.1382806897163391
1734,0.12072286754846573
1735,0.12717708945274353
1736,0.13970111310482025
1737,0.1317654550075531
1738,0.12316162884235382
1739,0.14656305313110352
1740,0.12839177250862122
1741,0.1652640700340271
1742,0.14338794350624084
1743,0.14668628573417664
1744,0.12637145817279816
1745,0.17508068680763245
1746,0.19942040741443634
1747,0.12995044887065887
1748,0.1425504833459854
1749,0.1589638888835907
1750,0.14239588379859924
1751,0.16056427359580994
1752,0.15356159210205078
1753,0.1439274698495865
1754,0.12788334488868713
1755,0.21713392436504364
1756,0.2133965641260147
1757,0.25757044553756714
1758,0.16086959838867188
1759,0.3053526282310486
1760,0.1802065521478653
1761,0.27681291103363037
1762,0.22858475148677826
1763,0.2228267639875412
1764,0.20641155540943146
1765,0.269628643989563
1766,0.23596350848674774
1767,0.19697919487953186
1768,0.1796242594718933
1769,0.2236383706331253
1770,0.22667086124420166
1771,0.27090656757354736
1772,0.2151212841272354
1773,0.22620658576488495
1774,0.21296308934688568
1775,0.19376257061958313
1776,0.24467366933822632
1777,0.18314526975154877
1778,0.1255665123462677
1779,0.25056886672973633
1780,0.22216440737247467
1781,0.2684783339500427
1782,0.1908033937215805
1783,0.2270863801240921
1784,0.16891150176525116
1785,0.26870912313461304
1786,0.24945203959941864
1787,0.24823157489299774
1788,0.24820998311042786
1789,0.2204912006855011
1790,0.25135448575019836
1791,0.22258080542087555
1792,0.14701563119888306
1793,0.22929736971855164
1794,0.20702888071537018
1795,0.16308556497097015
1796,0.23742510378360748
1797,0.19399823248386383
1798,0.20803196728229523
1799,0.18817949295043945
1800,0.22871963679790497
1801,0.20294131338596344
1802,0.22311076521873474
1803,0.18936675786972046
1804,0.21748395264148712
1805,0.15357044339179993
1806,0.18182532489299774
1807,0.16478478908538818
1808,0.1948709487915039
1809,0.23068156838417053
1810,0.24748064577579498
1811,0.21240364015102386
1812,0.21231813728809357
1813,0.23729299008846283
1814,0.19505473971366882
1815,0.2277572602033615
1816,0.2638627886772156
1817,0.23672908544540405
1818,0.316540002822876
1819,0.18652741611003876
1820,0.24898232519626617
1821,0.10685387253761292
1822,0.2169390469789505
1823,0.23333166539669037
1824,0.2642406225204468
1825,0.163128063082695
1826,0.314741849899292
1827,0.1716277301311493
1828,0.29795944690704346
1829,0.28428536653518677
1830,0.23429246246814728
1831,0.2203453630208969
1832,0.3118423819541931
1833,0.2378246933221817
1834,0.19989047944545746
1835,0.1743094027042389
1836,0.23326243460178375
1837,0.24836470186710358
1838,0.3198554515838623
1839,0.1951223909854889
1840,0.21287454664707184
1841,0.21971304714679718
1842,0.18149669468402863
1843,0.25993579626083374
1844,0.17707546055316925
1845,0.13094446063041687
1846,0.25056886672973633
1847,0.23050878942012787
1848,0.27636879682540894
1849,0.19162054359912872
1850,0.25157827138900757
1851,0.173349067568779
1852,0.29146808385849
1853,0.27399736642837524
1854,0.2702648639678955
1855,0.25601547956466675
1856,0.21328195929527283
1857,0.3052181601524353
1858,0.23976488411426544
1859,0.14700272679328918
1860,0.21467658877372742
1861,0.21072503924369812
1862,0.15834635496139526
1863,0.24001918733119965
1864,0.20938368141651154
1865,0.22152487933635712
1866,0.194468155503273
1867,0.24368996918201447
1868,0.21786729991436005
1869,0.23636280000209808
1870,0.1972200870513916
1871,0.23720310628414154
1872,0.15047475695610046
1873,0.16992215812206268
1874,0.1300143450498581
1875,0.19701257348060608
1876,0.239607036113739
1877,0.23275132477283478
1878,0.23058797419071198
1879,0.21609807014465332
1880,0.23125042021274567
1881,0.20186543464660645
1882,0.25053033232688904
1883,0.2819001078605652
1884,0.28584811091423035
1885,0.36579811573028564
1886,0.1886931210756302
1887,0.267025887966156
1888,0.1516832709312439
1889,0.22966735064983368
1890,0.22231502830982208
1891,0.23996920883655548
1892,0.19597066938877106
1893,0.3154590129852295
1894,0.210252046585083
1895,0.2726917862892151
1896,0.2256893664598465
1897,0.22109904885292053
1898,0.2107221633195877
1899,0.22848133742809296
1900,0.23566032946109772
1901,0.2388588935136795
1902,0.22057534754276276
1903,0.22895656526088715
1904,0.22937409579753876
1905,0.27052444219589233
1906,0.23783017694950104
1907,0.23150625824928284
1908,0.25043535232543945
1909,0.22866801917552948
1910,0.244994655251503
1911,0.20321722328662872
1912,0.1685752123594284
1913,0.22216440737247467
1914,0.23050878942012787
1915,0.2456866055727005
1916,0.22757604718208313
1917,0.21633785963058472
1918,0.20354144275188446
1919,0.24622909724712372
1920,0.2791551351547241
1921,0.2457800954580307
1922,0.2186366468667984
1923,0.22058728337287903
1924,0.23402896523475647
1925,0.21904891729354858
1926,0.19018365442752838
1927,0.26153290271759033
1928,0.24974285066127777
1929,0.20740371942520142
1930,0.25854161381721497
1931,0.2123136669397354
1932,0.23474828898906708
1933,0.18753421306610107
1934,0.22276704013347626
1935,0.20961247384548187
1936,0.2252321094274521
1937,0.2085459679365158
1938,0.2256801277399063
1939,0.17414095997810364
1940,0.21954353153705597
1941,0.19421212375164032
1942,0.24256829917430878
1943,0.23355942964553833
1944,0.23596106469631195
1945,0.21165557205677032
1946,0.25487518310546875
1947,0.2677817940711975
1948,0.20072858035564423
1949,0.21990732848644257
1950,0.2500866651535034
1951,0.23597611486911774
1952,0.27502334117889404
1953,0.23207782208919525
1954,0.2470421940088272
1955,0.12305138260126114
1956,0.2413928061723709
1957,0.24579301476478577
1958,0.2681267261505127
1959,0.1779121309518814
1960,0.30846303701400757
1961,0.18532657623291016
1962,0.30566900968551636
1963,0.27779072523117065
1964,0.24135980010032654
1965,0.23626472055912018
1966,0.30465370416641235
1967,0.2508341372013092
1968,0.22365258634090424
1969,0.19442951679229736
1970,0.24560415744781494
1971,0.24931707978248596
1972,0.3129993677139282
1973,0.21266351640224457
1974,0.21486826241016388
1975,0.23752440512180328
1976,0.2045893520116806
1977,0.27403920888900757
1978,0.18822546303272247
1979,0.1479838341474533
1980,0.2684783339500427
1981,0.27636879682540894
1982,0.2456866055727005
1983,0.21116136014461517
1984,0.2568427324295044
1985,0.18674741685390472
1986,0.27514374256134033
1987,0.2687889635562897
1988,0.27086639404296875
1989,0.2574165463447571
1990,0.22991721332073212
1991,0.2945685386657715
1992,0.2561444640159607
1993,0.16506415605545044
1994,0.23992854356765747
1995,0.22184781730175018
1996,0.18306612968444824
1997,0.2547815442085266
1998,0.2209368199110031
1999,0.23761676251888275
2000,0.21538768708705902
2001,0.24204124510288239
2002,0.2328861802816391
2003,0.24034801125526428
2004,0.2164904624223709
2005,0.246027871966362
2006,0.1604827344417572
2007,0.2006961852312088
2008,0.14497709274291992
2009,0.2186712920665741
2010,0.2439974844455719
2011,0.23984313011169434
2012,0.24140675365924835
2013,0.22870711982250214
2014,0.24681667983531952
2015,0.22369574010372162
2016,0.2586931586265564
2017,0.28212255239486694
2018,0.2783632278442383
2019,0.3488802909851074
2020,0.21446193754673004
2021,0.27109408378601074
2022,0.13815225660800934
2023,0.18940779566764832
2024,0.19661277532577515
2025,0.20668156445026398
2026,0.16938458383083344
2027,0.25044894218444824
2028,0.18518175184726715
2029,0.21103885769844055
2030,0.1749592274427414
2031,0.19091863930225372
2032,0.1849239319562912
2033,0.18290413916110992
2034,0.19709603488445282
2035,0.19301137328147888
2036,0.1886359006166458
2037,0.1919068992137909
2038,0.19089359045028687
2039,0.20272938907146454
2040,0.21317443251609802
2041,0.19683007895946503
2042,0.20052577555179596
2043,0.19683854281902313
2044,0.20745587348937988
2045,0.19489234685897827
2046,0.1590070128440857
2047,0.1908033937215805
2048,0.19162054359912872
2049,0.22757604718208313
2050,0.21116136014461517
2051,0.1911686807870865
2052,0.17207221686840057
2053,0.207212433218956
2054,0.217862069606781
2055,0.20085035264492035
2056,0.19538713991641998
2057,0.1987176388502121
2058,0.18536658585071564
2059,0.20760414004325867
2060,0.15632569789886475
2061,0.20489318668842316
2062,0.2057415395975113
2063,0.1924876719713211
2064,0.22903209924697876
2065,0.19654947519302368
2066,0.21446247398853302
2067,0.17641110718250275
2068,0.18938414752483368
2069,0.1792263388633728
2070,0.20005099475383759
2071,0.20151494443416595
2072,0.20608921349048615
2073,0.17002007365226746
2074,0.18348702788352966
2075,0.17052136361598969
2076,0.1876796931028366
2077,0.21628974378108978
2078,0.206715926527977
2079,0.18305878341197968
2080,0.1927710473537445
2081,0.21515141427516937
2082,0.19283650815486908
2083,0.18992061913013458
2084,0.22592298686504364
2085,0.1929626166820526
2086,0.22823265194892883
2087,0.1875428408384323
2088,0.20294217765331268
2089,0.11758484691381454
2090,0.20804302394390106
2091,0.20161427557468414
2092,0.2333715409040451
2093,0.1660117208957672
2094,0.29963475465774536
2095,0.17658567428588867
2096,0.27551186084747314
2097,0.2302321195602417
2098,0.20764942467212677
2099,0.1908404380083084
2100,0.2649056911468506
2101,0.20982076227664948
2102,0.20981650054454803
2103,0.1832343339920044
2104,0.2118312120437622
2105,0.2339206039905548
2106,0.2770223617553711
2107,0.19787976145744324
2108,0.20186351239681244
2109,0.21702559292316437
2110,0.2007666677236557
2111,0.2149888426065445
2112,0.16345494985580444
2113,0.14040148258209229
2114,0.2270863801240921
2115,0.25157827138900757
2116,0.21633785963058472
2117,0.2568427324295044
2118,0.1911686807870865
2119,0.17361979186534882
2120,0.26384681463241577
2121,0.24144764244556427
2122,0.2554057836532593
2123,0.2326558381319046
2124,0.20588178932666779
2125,0.24904270470142365
2126,0.21171246469020844
2127,0.15629014372825623
2128,0.21523697674274445
2129,0.2009863704442978
2130,0.16995367407798767
2131,0.21486158668994904
2132,0.1773657500743866
2133,0.18828147649765015
2134,0.1824997514486313
2135,0.21782933175563812
2136,0.19214290380477905
2137,0.2026633471250534
2138,0.1676979959011078
2139,0.21191607415676117
2140,0.1502254158258438
2141,0.19332754611968994
2142,0.14766451716423035
2143,0.2003224641084671
2144,0.22629791498184204
2145,0.22263552248477936
2146,0.20403917133808136
2147,0.2093656212091446
2148,0.2336219847202301
2149,0.17815162241458893
2150,0.219988152384758
2151,0.25521188974380493
2152,0.2509346008300781
2153,0.31162822246551514
2154,0.20044027268886566
2155,0.25443121790885925
2156,0.14816009998321533
2157,0.17154830694198608
2158,0.17573009431362152
2159,0.19099248945713043
2160,0.18069396913051605
2161,0.2647401690483093
2162,0.18407046794891357
2163,0.19063518941402435
2164,0.15887445211410522
2165,0.16518767178058624
2166,0.16957375407218933
2167,0.15974408388137817
2168,0.18206651508808136
2169,0.18128235638141632
2170,0.16980215907096863
2171,0.16995370388031006
2172,0.16606512665748596
2173,0.18495430052280426
2174,0.2048713117837906
2175,0.1950639933347702
2176,0.19177143275737762
2177,0.17700211703777313
2178,0.18530182540416718
2179,0.17403782904148102
2180,0.15693217515945435
2181,0.16891150176525116
2182,0.173349067568779
2183,0.20354144275188446
2184,0.18674741685390472
2185,0.17207221686840057
2186,0.17361979186534882
2187,0.1796158105134964
2188,0.22049014270305634
2189,0.1800476759672165
2190,0.17928405106067657
2191,0.17845171689987183
2192,0.17402209341526031
2193,0.18101252615451813
2194,0.14183448255062103
2195,0.19391222298145294
2196,0.19298119843006134
2197,0.1699983775615692
2198,0.21252737939357758
2199,0.17914517223834991
2200,0.19286508858203888
2201,0.1613505482673645
2202,0.16739310324192047
2203,0.16352355480194092
2204,0.17828135192394257
2205,0.18242476880550385
2206,0.18324413895606995
2207,0.1767711490392685
2208,0.1704762727022171
2209,0.1716952621936798
2210,0.1742965131998062
2211,0.19472861289978027
2212,0.18374139070510864
2213,0.16608330607414246
2214,0.18237780034542084
2215,0.19935137033462524
2216,0.17554759979248047
2217,0.17298580706119537
2218,0.20733654499053955
2219,0.16782240569591522
2220,0.19453012943267822
2221,0.17641159892082214
2222,0.18420909345149994
2223,0.11508477479219437
2224,0.2476547807455063
2225,0.2548513114452362
2226,0.2621991038322449
2227,0.168687641620636
2228,0.3178558945655823
2229,0.1714940071105957
2230,0.31696516275405884
2231,0.27331143617630005
2232,0.25293463468551636
2233,0.24018873274326324
2234,0.28909385204315186
2235,0.2662622928619385
2236,0.21950726211071014
2237,0.1940876990556717
2238,0.2550070583820343
2239,0.264807790517807
2240,0.31924110651016235
2241,0.2235964834690094
2242,0.22292137145996094
2243,0.2394714653491974
2244,0.20326338708400726
2245,0.29643601179122925
2246,0.20607484877109528
2247,0.15823164582252502
2248,0.26870912313461304
2249,0.29146808385849
2250,0.24622909724712372
2251,0.27514374256134033
2252,0.207212433218956
2253,0.26384681463241577
2254,0.1796158105134964
2255,0.2784164547920227
2256,0.28225624561309814
2257,0.28658533096313477
2258,0.23218001425266266
2259,0.297440767288208
2260,0.26960939168930054
2261,0.16550946235656738
2262,0.2411152720451355
2263,0.23130638897418976
2264,0.17730149626731873
2265,0.2516796588897705
2266,0.22625471651554108
2267,0.24604031443595886
2268,0.22694100439548492
2269,0.27065956592559814
2270,0.23521487414836884
2271,0.2647550106048584
2272,0.21135567128658295
2273,0.26227089762687683
2274,0.1647225022315979
2275,0.19584636390209198
2276,0.14894139766693115
2277,0.2165236920118332
2278,0.27137428522109985
2279,0.24818168580532074
2280,0.24692250788211823
2281,0.23681120574474335
2282,0.24361513555049896
2283,0.2269747108221054
2284,0.2619209289550781
2285,0.30778366327285767
2286,0.2895379662513733
2287,0.3403414487838745
2288,0.2053726315498352
2289,0.28314733505249023
2290,0.17349256575107574
2291,0.23982670903205872
2292,0.24741502106189728
2293,0.2783786952495575
2294,0.21418441832065582
2295,0.3261178731918335
2296,0.2321067899465561
2297,0.2579789161682129
2298,0.24821700155735016
2299,0.24921493232250214
2300,0.2338465303182602
2301,0.24980111420154572
2302,0.2572610378265381
2303,0.23089943826198578
2304,0.2388557344675064
2305,0.23878706991672516
2306,0.24278666079044342
2307,0.25501909852027893
2308,0.284680038690567
2309,0.27457761764526367
2310,0.2587438225746155
2311,0.24839840829372406
2312,0.2733166217803955
2313,0.23922529816627502
2314,0.19728930294513702
2315,0.24945203959941864
2316,0.27399736642837524
2317,0.2791551351547241
2318,0.2687889635562897
2319,0.217862069606781
2320,0.24144764244556427
2321,0.22049014270305634
2322,0.2784164547920227
2323,0.256403386592865
2324,0.25202614068984985
2325,0.25764715671539307
2326,0.24902810156345367
2327,0.2634580135345459
2328,0.18672768771648407
2329,0.27789685130119324
2330,0.2581482529640198
2331,0.22149990499019623
2332,0.2791392207145691
2333,0.2615162134170532
2334,0.2666226923465729
2335,0.23531857132911682
2336,0.25681036710739136
2337,0.22751380503177643
2338,0.2566290497779846
2339,0.2424422949552536
2340,0.2652133107185364
2341,0.20845288038253784
2342,0.21859599649906158
2343,0.2421545535326004
2344,0.21816332638263702
2345,0.2753748595714569
2346,0.26369360089302063
2347,0.23627834022045135
2348,0.24765796959400177
2349,0.24980133771896362
2350,0.24735026061534882
2351,0.24203838407993317
2352,0.2850373387336731
2353,0.2583705186843872
2354,0.28613582253456116
2355,0.22449874877929688
2356,0.2577952742576599
2357,0.13312867283821106
2358,0.24978458881378174
2359,0.24303622543811798
2360,0.28159451484680176
2361,0.17259670794010162
2362,0.28797924518585205
2363,0.19459007680416107
2364,0.30403441190719604
2365,0.26271820068359375
2366,0.26140108704566956
2367,0.2306416779756546
2368,0.280774861574173
2369,0.25736239552497864
2370,0.20854221284389496
2371,0.1911887377500534
2372,0.24883882701396942
2373,0.25901246070861816
2374,0.28578805923461914
2375,0.25618916749954224
2376,0.26111990213394165
2377,0.22662562131881714
2378,0.2078211009502411
2379,0.27647921442985535
2380,0.21234537661075592
2381,0.14269326627254486
2382,0.24823157489299774
2383,0.2702648639678955
2384,0.2457800954580307
2385,0.27086639404296875
2386,0.20085035264492035
2387,0.2554057836532593
2388,0.1800476759672165
2389,0.28225624561309814
2390,0.256403386592865
2391,0.2674609422683716
2392,0.2541748881340027
2393,0.2767157554626465
2394,0.2605022192001343
2395,0.16102370619773865
2396,0.24838383495807648
2397,0.22855201363563538
2398,0.17559613287448883
2399,0.2540460228919983
2400,0.21614332497119904
2401,0.23398903012275696
2402,0.21086686849594116
2403,0.2630951404571533
2404,0.22702355682849884
2405,0.25323987007141113
2406,0.21082454919815063
2407,0.24866245687007904
2408,0.17505180835723877
2409,0.19752292335033417
2410,0.18941858410835266
2411,0.20649521052837372
2412,0.2661218047142029
2413,0.28594523668289185
2414,0.24035610258579254
2415,0.225544273853302
2416,0.2454601377248764
2417,0.22987236082553864
2418,0.25568610429763794
2419,0.2850041389465332
2420,0.27190807461738586
2421,0.3168429732322693
2422,0.19525647163391113
2423,0.27464163303375244
2424,0.12449677288532257
2425,0.2167598158121109
2426,0.2237267643213272
2427,0.23139925301074982
2428,0.17088483273983002
2429,0.30911368131637573
2430,0.18281392753124237
2431,0.2962166666984558
2432,0.22395943105220795
2433,0.22656993567943573
2434,0.20990853011608124
2435,0.24918334186077118
2436,0.22850574553012848
2437,0.20298485457897186
2438,0.18848663568496704
2439,0.23335584998130798
2440,0.2440348118543625
2441,0.307037889957428
2442,0.20889440178871155
2443,0.20220275223255157
2444,0.21744228899478912
2445,0.20160560309886932
2446,0.2562071681022644
2447,0.17916160821914673
2448,0.14584967494010925
2449,0.24820998311042786
2450,0.25601547956466675
2451,0.2186366468667984
2452,0.2574165463447571
2453,0.19538713991641998
2454,0.2326558381319046
2455,0.17928405106067657
2456,0.28658533096313477
2457,0.25202614068984985
2458,0.2674609422683716
2459,0.20716063678264618
2460,0.2581612169742584
2461,0.22185289859771729
2462,0.15517231822013855
2463,0.22056944668293
2464,0.20897619426250458
2465,0.17753325402736664
2466,0.2266949862241745
2467,0.19558872282505035
2468,0.21256805956363678
2469,0.18931691348552704
2470,0.2233952432870865
2471,0.20330841839313507
2472,0.23012425005435944
2473,0.17738060653209686
2474,0.23415721952915192
2475,0.1511864960193634
2476,0.1944725066423416
2477,0.16117168962955475
2478,0.19749225676059723
2479,0.24791793525218964
2480,0.2338780015707016
2481,0.21532650291919708
2482,0.2107178419828415
2483,0.23841162025928497
2484,0.18449577689170837
2485,0.23279418051242828
2486,0.2832510471343994
2487,0.25184887647628784
2488,0.31183403730392456
2489,0.197149857878685
2490,0.2658959627151489
2491,0.13267746567726135
2492,0.21010605990886688
2493,0.21860726177692413
2494,0.21294938027858734
2495,0.1716039925813675
2496,0.3031740188598633
2497,0.18304555118083954
2498,0.2741491198539734
2499,0.21164804697036743
2500,0.20876151323318481
2501,0.20702901482582092
2502,0.22972480952739716
2503,0.21157805621623993
2504,0.20497538149356842
2505,0.19640366733074188
2506,0.2268620878458023
2507,0.23559264838695526
2508,0.27002400159835815
2509,0.20450466871261597
2510,0.19834773242473602
2511,0.21679683029651642
2512,0.2008398026227951
2513,0.2373528927564621
2514,0.19150225818157196
2515,0.15034738183021545
2516,0.2204912006855011
2517,0.21328195929527283
2518,0.22058728337287903
2519,0.22991721332073212
2520,0.1987176388502121
2521,0.20588178932666779
2522,0.17845171689987183
2523,0.23218001425266266
2524,0.25764715671539307
2525,0.2541748881340027
2526,0.20716063678264618
2527,0.2246330976486206
2528,0.21114443242549896
2529,0.16926877200603485
2530,0.22554902732372284
2531,0.2237740010023117
2532,0.1817762404680252
2533,0.23467211425304413
2534,0.19405360519886017
2535,0.21710878610610962
2536,0.1847999542951584
2537,0.21371163427829742
2538,0.20448549091815948
2539,0.21324963867664337
2540,0.18860839307308197
2541,0.20966319739818573
2542,0.15790137648582458
2543,0.19797120988368988
2544,0.16264334321022034
2545,0.20523245632648468
2546,0.22800973057746887
2547,0.21634668111801147
2548,0.2087404876947403
2549,0.22011102735996246
2550,0.2388131469488144
2551,0.1846150904893875
2552,0.2067844569683075
2553,0.2506117820739746
2554,0.23743407428264618
2555,0.27877914905548096
2556,0.1977422535419464
2557,0.25065428018569946
2558,0.11201613396406174
2559,0.22969351708889008
2560,0.22539187967777252
2561,0.2624306082725525
2562,0.16607233881950378
2563,0.3062080144882202
2564,0.17297495901584625
2565,0.3036435842514038
2566,0.2625952363014221
2567,0.23779408633708954
2568,0.21162565052509308
2569,0.31530189514160156
2570,0.2406272441148758
2571,0.2010626643896103
2572,0.17632298171520233
2573,0.2404373586177826
2574,0.2550097405910492
2575,0.31337183713912964
2576,0.20243509113788605
2577,0.21686556935310364
2578,0.21401825547218323
2579,0.19163461029529572
2580,0.2571217119693756
2581,0.1764749139547348
2582,0.1315983235836029
2583,0.25135448575019836
2584,0.3052181601524353
2585,0.23402896523475647
2586,0.2945685386657715
2587,0.18536658585071564
2588,0.24904270470142365
2589,0.17402209341526031
2590,0.297440767288208
2591,0.24902810156345367
2592,0.2767157554626465
2593,0.2581612169742584
2594,0.2246330976486206
2595,0.2378513664007187
2596,0.15121625363826752
2597,0.21499279141426086
2598,0.20118920505046844
2599,0.16431665420532227
2600,0.22883448004722595
2601,0.19931592047214508
2602,0.21604035794734955
2603,0.1997648924589157
2604,0.24853409826755524
2605,0.211252823472023
2606,0.23565734922885895
2607,0.18746943771839142
2608,0.23309041559696198
2609,0.1516493260860443
2610,0.1853552609682083
2611,0.14649732410907745
2612,0.19570206105709076
2613,0.25666725635528564
2614,0.2523585259914398
2615,0.22363047301769257
2616,0.20541338622570038
2617,0.23342080414295197
2618,0.19870135188102722
2619,0.25067830085754395
2620,0.29273128509521484
2621,0.28339123725891113
2622,0.36102521419525146
2623,0.1952863484621048
2624,0.27520331740379333
2625,0.1315607875585556
2626,0.21854527294635773
2627,0.220856174826622
2628,0.24482780694961548
2629,0.17270828783512115
2630,0.3140716552734375
2631,0.18256451189517975
2632,0.2749585509300232
2633,0.2291976660490036
2634,0.22433814406394958
2635,0.20057743787765503
2636,0.2563401758670807
2637,0.2204529494047165
2638,0.20890289545059204
2639,0.19274942576885223
2640,0.22818462550640106
2641,0.23383228480815887
2642,0.2617371082305908
2643,0.22405269742012024
2644,0.21610166132450104
2645,0.21978019177913666
2646,0.20055074989795685
2647,0.23661796748638153
2648,0.19482599198818207
2649,0.1277061253786087
2650,0.22258080542087555
2651,0.23976488411426544
2652,0.21904891729354858
2653,0.2561444640159607
2654,0.20760414004325867
2655,0.21171246469020844
2656,0.18101252615451813
2657,0.26960939168930054
2658,0.2634580135345459
2659,0.2605022192001343
2660,0.22185289859771729
2661,0.21114443242549896
2662,0.2378513664007187
2663,0.1645027995109558
2664,0.2346286028623581
2665,0.22356192767620087
2666,0.1823335736989975
2667,0.23720461130142212
2668,0.18876244127750397
2669,0.2250758856534958
2670,0.18526652455329895
2671,0.22705818712711334
2672,0.19455792009830475
2673,0.22608697414398193
2674,0.19100059568881989
2675,0.20507916808128357
2676,0.1564609557390213
2677,0.19391778111457825
2678,0.16387268900871277
2679,0.21187232434749603
2680,0.23373420536518097
2681,0.2551121115684509
2682,0.2118425816297531
2683,0.22852836549282074
2684,0.2551983594894409
2685,0.18348100781440735
2686,0.2147315889596939
2687,0.24498626589775085
2688,0.23932582139968872
2689,0.323131799697876
2690,0.19758695363998413
2691,0.255889356136322
2692,0.1279393434524536
2693,0.15093311667442322
2694,0.16385594010353088
2695,0.16239094734191895
2696,0.13935546576976776
2697,0.2212245911359787
2698,0.1483839452266693
2699,0.1701279580593109
2700,0.1392548531293869
2701,0.1689855456352234
2702,0.14889827370643616
2703,0.15502548217773438
2704,0.16470706462860107
2705,0.15367332100868225
2706,0.1545339822769165
2707,0.14644458889961243
2708,0.14701548218727112
2709,0.16211684048175812
2710,0.1677446812391281
2711,0.16244229674339294
2712,0.16436070203781128
2713,0.1550782471895218
2714,0.1699121743440628
2715,0.1710701435804367
2716,0.13031254708766937
2717,0.14701563119888306
2718,0.14700272679328918
2719,0.19018365442752838
2720,0.16506415605545044
2721,0.15632569789886475
2722,0.15629014372825623
2723,0.14183448255062103
2724,0.16550946235656738
2725,0.18672768771648407
2726,0.16102370619773865
2727,0.15517231822013855
2728,0.16926877200603485
2729,0.15121625363826752
2730,0.1645027995109558
2731,0.1748548150062561
2732,0.17678691446781158
2733,0.15473231673240662
2734,0.19840998947620392
2735,0.16329646110534668
2736,0.17596878111362457
2737,0.1482677459716797
2738,0.15627844631671906
2739,0.13958805799484253
2740,0.15789932012557983
2741,0.1674562245607376
2742,0.16631464660167694
2743,0.15029072761535645
2744,0.15899622440338135
2745,0.15267524123191833
2746,0.16112832725048065
2747,0.17447228729724884
2748,0.16680480539798737
2749,0.15023872256278992
2750,0.16935840249061584
2751,0.19263117015361786
2752,0.16519346833229065
2753,0.15851961076259613
2754,0.18319915235042572
2755,0.1569111943244934
2756,0.17276377975940704
2757,0.1461697816848755
2758,0.16107481718063354
2759,0.14703088998794556
2760,0.22073598206043243
2761,0.2315916270017624
2762,0.23008902370929718
2763,0.18973545730113983
2764,0.31345462799072266
2765,0.20528903603553772
2766,0.27527153491973877
2767,0.21454168856143951
2768,0.21702440083026886
2769,0.20752131938934326
2770,0.21998076140880585
2771,0.23078402876853943
2772,0.21211056411266327
2773,0.22466081380844116
2774,0.22487668693065643
2775,0.22491449117660522
2776,0.2587183713912964
2777,0.2538854479789734
2778,0.2300131469964981
2779,0.23814065754413605
2780,0.23772159218788147
2781,0.24690307676792145
2782,0.21035094559192657
2783,0.17435933649539948
2784,0.22929736971855164
2785,0.21467658877372742
2786,0.26153290271759033
2787,0.23992854356765747
2788,0.20489318668842316
2789,0.21523697674274445
2790,0.19391222298145294
2791,0.2411152720451355
2792,0.27789685130119324
2793,0.24838383495807648
2794,0.22056944668293
2795,0.22554902732372284
2796,0.21499279141426086
2797,0.2346286028623581
2798,0.1748548150062561
2799,0.25143522024154663
2800,0.21713916957378387
2801,0.2575491666793823
2802,0.22329889237880707
2803,0.24087770283222198
2804,0.18673475086688995
2805,0.2180418074131012
2806,0.20143620669841766
2807,0.23083384335041046
2808,0.21171146631240845
2809,0.2270766943693161
2810,0.1739177703857422
2811,0.20326688885688782
2812,0.20293287932872772
2813,0.2047949731349945
2814,0.247144877910614
2815,0.22631807625293732
2816,0.2041134387254715
2817,0.23129823803901672
2818,0.24809296429157257
2819,0.2040238231420517
2820,0.22080941498279572
2821,0.26659244298934937
2822,0.22598236799240112
2823,0.27433061599731445
2824,0.2107059806585312
2825,0.25164783000946045
2826,0.15406443178653717
2827,0.2095477283000946
2828,0.21678681671619415
2829,0.22178007662296295
2830,0.1892598420381546
2831,0.2958354949951172
2832,0.20111586153507233
2833,0.2345622032880783
2834,0.20800082385540009
2835,0.21816964447498322
2836,0.1898861974477768
2837,0.2038392871618271
2838,0.22362127900123596
2839,0.21233393251895905
2840,0.22396306693553925
2841,0.20542389154434204
2842,0.20781530439853668
2843,0.22525367140769958
2844,0.2462192326784134
2845,0.21668581664562225
2846,0.22717857360839844
2847,0.23232050240039825
2848,0.22316117584705353
2849,0.20982417464256287
2850,0.1687038242816925
2851,0.20702888071537018
2852,0.21072503924369812
2853,0.24974285066127777
2854,0.22184781730175018
2855,0.2057415395975113
2856,0.2009863704442978
2857,0.19298119843006134
2858,0.23130638897418976
2859,0.2581482529640198
2860,0.22855201363563538
2861,0.20897619426250458
2862,0.2237740010023117
2863,0.20118920505046844
2864,0.22356192767620087
2865,0.17678691446781158
2866,0.25143522024154663
2867,0.21530695259571075
2868,0.24331460893154144
2869,0.20539869368076324
2870,0.23159703612327576
2871,0.18928249180316925
2872,0.22548173367977142
2873,0.18245024979114532
2874,0.21108897030353546
2875,0.21506167948246002
2876,0.21424253284931183
2877,0.1752777397632599
2878,0.2008298635482788
2879,0.18675918877124786
2880,0.21205992996692657
2881,0.2329467087984085
2882,0.22567348182201385
2883,0.19979067146778107
2884,0.22902216017246246
2885,0.24163836240768433
2886,0.20181381702423096
2887,0.20877401530742645
2888,0.23640413582324982
2889,0.22288255393505096
2890,0.25791341066360474
2891,0.20969440042972565
2892,0.22842930257320404
2893,0.1336742788553238
2894,0.17367710173130035
2895,0.18406616151332855
2896,0.1861092895269394
2897,0.16632802784442902
2898,0.2529227137565613
2899,0.1853928416967392
2900,0.2017805278301239
2901,0.16184645891189575
2902,0.17343871295452118
2903,0.16658662259578705
2904,0.17081162333488464
2905,0.18664640188217163
2906,0.1920691281557083
2907,0.19411377608776093
2908,0.17040106654167175
2909,0.1645820289850235
2910,0.185668483376503
2911,0.20155194401741028
2912,0.1779853254556656
2913,0.1993115395307541
2914,0.20155714452266693
2915,0.18414996564388275
2916,0.17546318471431732
2917,0.149566188454628
2918,0.16308556497097015
2919,0.15834635496139526
2920,0.20740371942520142
2921,0.18306612968444824
2922,0.1924876719713211
2923,0.16995367407798767
2924,0.1699983775615692
2925,0.17730149626731873
2926,0.22149990499019623
2927,0.17559613287448883
2928,0.17753325402736664
2929,0.1817762404680252
2930,0.16431665420532227
2931,0.1823335736989975
2932,0.15473231673240662
2933,0.21713916957378387
2934,0.21530695259571075
2935,0.218576118350029
2936,0.17560900747776031
2937,0.19497253000736237
2938,0.1485881507396698
2939,0.17710769176483154
2940,0.1539543867111206
2941,0.1734006404876709
2942,0.18199512362480164
2943,0.17347116768360138
2944,0.14909519255161285
2945,0.18522359430789948
2946,0.16067394614219666
2947,0.19130219519138336
2948,0.18557973206043243
2949,0.18057550489902496
2950,0.15844984352588654
2951,0.20155562460422516
2952,0.21877482533454895
2953,0.16763083636760712
2954,0.17255569994449615
2955,0.1920463889837265
2956,0.17466731369495392
2957,0.20251961052417755
2958,0.18991833925247192
2959,0.17636747658252716
2960,0.16395315527915955
2961,0.22777868807315826
2962,0.2379695326089859
2963,0.24239163100719452
2964,0.2054552137851715
2965,0.316913366317749
2966,0.21663504838943481
2967,0.2716430425643921
2968,0.22259847819805145
2969,0.2278377264738083
2970,0.22239355742931366
2971,0.2296198457479477
2972,0.2314016968011856
2973,0.23750822246074677
2974,0.225459024310112
2975,0.23426884412765503
2976,0.23862077295780182
2977,0.26644250750541687
2978,0.2415907233953476
2979,0.23180826008319855
2980,0.25582587718963623
2981,0.23590758442878723
2982,0.2526249289512634
2983,0.21556876599788666
2984,0.18369315564632416
2985,0.23742510378360748
2986,0.24001918733119965
2987,0.25854161381721497
2988,0.2547815442085266
2989,0.22903209924697876
2990,0.21486158668994904
2991,0.21252737939357758
2992,0.2516796588897705
2993,0.2791392207145691
2994,0.2540460228919983
2995,0.2266949862241745
2996,0.23467211425304413
2997,0.22883448004722595
2998,0.23720461130142212
2999,0.19840998947620392
3000,0.2575491666793823
3001,0.24331460893154144
3002,0.218576118350029
3003,0.2243582159280777
3004,0.24154837429523468
3005,0.20785166323184967
3006,0.22936874628067017
3007,0.21984948217868805
3008,0.2434852570295334
3009,0.22060415148735046
3010,0.23622019588947296
3011,0.18407024443149567
3012,0.23290686309337616
3013,0.2006966471672058
3014,0.23147690296173096
3015,0.2531757354736328
3016,0.25459152460098267
3017,0.22212813794612885
3018,0.2520626187324524
3019,0.26250898838043213
3020,0.22079214453697205
3021,0.22180818021297455
3022,0.26304084062576294
3023,0.23819845914840698
3024,0.2691137194633484
3025,0.22966371476650238
3026,0.2569533586502075
3027,0.1333601325750351
3028,0.1893858164548874
3029,0.1932714432477951
3030,0.2166975438594818
3031,0.17262797057628632
3032,0.29884135723114014
3033,0.1810503602027893
3034,0.2453828603029251
3035,0.18299658596515656
3036,0.17447297275066376
3037,0.17922930419445038
3038,0.1910797357559204
3039,0.19872109591960907
3040,0.2127515822649002
3041,0.1870477944612503
3042,0.1954934149980545
3043,0.19213490188121796
3044,0.23807749152183533
3045,0.20384426414966583
3046,0.19920167326927185
3047,0.23141895234584808
3048,0.19401101768016815
3049,0.1984383910894394
3050,0.17533378303050995
3051,0.1409984678030014
3052,0.19399823248386383
3053,0.20938368141651154
3054,0.2123136669397354
3055,0.2209368199110031
3056,0.19654947519302368
3057,0.1773657500743866
3058,0.17914517223834991
3059,0.22625471651554108
3060,0.2615162134170532
3061,0.21614332497119904
3062,0.19558872282505035
3063,0.19405360519886017
3064,0.19931592047214508
3065,0.18876244127750397
3066,0.16329646110534668
3067,0.22329889237880707
3068,0.20539869368076324
3069,0.17560900747776031
3070,0.2243582159280777
3071,0.20031140744686127
3072,0.1636401116847992
3073,0.1796146184206009
3074,0.17927519977092743
3075,0.19211187958717346
3076,0.1765625774860382
3077,0.19045691192150116
3078,0.15329447388648987
3079,0.19489790499210358
3080,0.16964632272720337
3081,0.2063189446926117
3082,0.19475610554218292
3083,0.21271343529224396
3084,0.17830680310726166
3085,0.22419016063213348
3086,0.24875831604003906
3087,0.17627711594104767
3088,0.1838223934173584
3089,0.2193029373884201
3090,0.20180195569992065
3091,0.249489888548851
3092,0.19884179532527924
3093,0.21968069672584534
3094,0.14449000358581543
3095,0.21126295626163483
3096,0.22225169837474823
3097,0.23728029429912567
3098,0.18729577958583832
3099,0.3142319917678833
3100,0.20014606416225433
3101,0.2575113773345947
3102,0.1993616670370102
3103,0.1961497813463211
3104,0.1997327357530594
3105,0.21148459613323212
3106,0.21932677924633026
3107,0.22148139774799347
3108,0.2099660187959671
3109,0.22293026745319366
3110,0.2166677862405777
3111,0.24980536103248596
3112,0.23037175834178925
3113,0.22022484242916107
3114,0.2351856678724289
3115,0.21602843701839447
3116,0.22973693907260895
3117,0.2040165215730667
3118,0.15265992283821106
3119,0.20803196728229523
3120,0.22152487933635712
3121,0.23474828898906708
3122,0.23761676251888275
3123,0.21446247398853302
3124,0.18828147649765015
3125,0.19286508858203888
3126,0.24604031443595886
3127,0.2666226923465729
3128,0.23398903012275696
3129,0.21256805956363678
3130,0.21710878610610962
3131,0.21604035794734955
3132,0.2250758856534958
3133,0.17596878111362457
3134,0.24087770283222198
3135,0.23159703612327576
3136,0.19497253000736237
3137,0.24154837429523468
3138,0.20031140744686127
3139,0.1798955798149109
3140,0.2111535668373108
3141,0.19432713091373444
3142,0.2193232923746109
3143,0.2020816057920456
3144,0.20721451938152313
3145,0.16761238873004913
3146,0.20490793883800507
3147,0.18478845059871674
3148,0.22002381086349487
3149,0.22483156621456146
3150,0.2298433631658554
3151,0.20497672259807587
3152,0.23487474024295807
3153,0.2570912539958954
3154,0.19587388634681702
3155,0.19631613790988922
3156,0.2404598444700241
3157,0.21724146604537964
3158,0.2722071409225464
3159,0.21321533620357513
3160,0.23054057359695435
3161,0.1165366917848587
3162,0.1845823973417282
3163,0.18654075264930725
3164,0.2141248732805252
3165,0.15409716963768005
3166,0.2886303961277008
3167,0.16468621790409088
3168,0.24389860033988953
3169,0.17847608029842377
3170,0.17311148345470428
3171,0.17478761076927185
3172,0.21667928993701935
3173,0.18350663781166077
3174,0.18781916797161102
3175,0.15615850687026978
3176,0.1863614171743393
3177,0.19165870547294617
3178,0.24109645187854767
3179,0.18622055649757385
3180,0.19101104140281677
3181,0.19414658844470978
3182,0.1642269790172577
3183,0.19352629780769348
3184,0.1538727581501007
3185,0.10825154930353165
3186,0.18817949295043945
3187,0.194468155503273
3188,0.18753421306610107
3189,0.21538768708705902
3190,0.17641110718250275
3191,0.1824997514486313
3192,0.1613505482673645
3193,0.22694100439548492
3194,0.23531857132911682
3195,0.21086686849594116
3196,0.18931691348552704
3197,0.1847999542951584
3198,0.1997648924589157
3199,0.18526652455329895
3200,0.1482677459716797
3201,0.18673475086688995
3202,0.18928249180316925
3203,0.1485881507396698
3204,0.20785166323184967
3205,0.1636401116847992
3206,0.1798955798149109
3207,0.1737351268529892
3208,0.1689273864030838
3209,0.1857353001832962
3210,0.15639106929302216
3211,0.174661785364151
3212,0.13697142899036407
3213,0.16376952826976776
3214,0.14137506484985352
3215,0.18784217536449432
3216,0.18950094282627106
3217,0.19758474826812744
3218,0.1767076849937439
3219,0.19752837717533112
3220,0.23268410563468933
3221,0.1567005217075348
3222,0.18534064292907715
3223,0.2207569032907486
3224,0.19403283298015594
3225,0.26907843351364136
3226,0.17080214619636536
3227,0.20806707441806793
3228,0.11594046652317047
3229,0.21455179154872894
3230,0.2198859453201294
3231,0.2094089239835739
3232,0.15934622287750244
3233,0.29872560501098633
3234,0.18262958526611328
3235,0.27990615367889404
3236,0.2285267859697342
3237,0.21119141578674316
3238,0.20034386217594147
3239,0.24141834676265717
3240,0.21037447452545166
3241,0.20269447565078735
3242,0.1814197450876236
3243,0.22405637800693512
3244,0.2374059557914734
3245,0.2737438678741455
3246,0.21272306144237518
3247,0.19596995413303375
3248,0.21718184649944305
3249,0.19700001180171967
3250,0.22947941720485687
3251,0.1849702149629593
3252,0.1382806897163391
3253,0.22871963679790497
3254,0.24368996918201447
3255,0.22276704013347626
3256,0.24204124510288239
3257,0.18938414752483368
3258,0.21782933175563812
3259,0.16739310324192047
3260,0.27065956592559814
3261,0.25681036710739136
3262,0.2630951404571533
3263,0.2233952432870865
3264,0.21371163427829742
3265,0.24853409826755524
3266,0.22705818712711334
3267,0.15627844631671906
3268,0.2180418074131012
3269,0.22548173367977142
3270,0.17710769176483154
3271,0.22936874628067017
3272,0.1796146184206009
3273,0.2111535668373108
3274,0.1737351268529892
3275,0.19885528087615967
3276,0.21867261826992035
3277,0.1867760866880417
3278,0.20370516180992126
3279,0.15153202414512634
3280,0.18543165922164917
3281,0.15117768943309784
3282,0.20290181040763855
3283,0.22775942087173462
3284,0.22855369746685028
3285,0.21101079881191254
3286,0.2181856781244278
3287,0.24100114405155182
3288,0.1856982260942459
3289,0.21878670156002045
3290,0.25207966566085815
3291,0.25120824575424194
3292,0.303813636302948
3293,0.1980169266462326
3294,0.25854718685150146
3295,0.11780507862567902
3296,0.20283779501914978
3297,0.19925887882709503
3298,0.22634096443653107
3299,0.15540780127048492
3300,0.27239370346069336
3301,0.17256344854831696
3302,0.25278669595718384
3303,0.19679726660251617
3304,0.20056627690792084
3305,0.19132903218269348
3306,0.21830962598323822
3307,0.20090840756893158
3308,0.17383421957492828
3309,0.16269056499004364
3310,0.20809777081012726
3311,0.20348148047924042
3312,0.24137143790721893
3313,0.20388658344745636
3314,0.2101619690656662
3315,0.19274625182151794
3316,0.1730053722858429
3317,0.21084043383598328
3318,0.17741800844669342
3319,0.12072286754846573
3320,0.20294131338596344
3321,0.21786729991436005
3322,0.20961247384548187
3323,0.2328861802816391
3324,0.1792263388633728
3325,0.19214290380477905
3326,0.16352355480194092
3327,0.23521487414836884
3328,0.22751380503177643
3329,0.22702355682849884
3330,0.20330841839313507
3331,0.20448549091815948
3332,0.211252823472023
3333,0.19455792009830475
3334,0.13958805799484253
3335,0.20143620669841766
3336,0.18245024979114532
3337,0.1539543867111206
3338,0.21984948217868805
3339,0.17927519977092743
3340,0.19432713091373444
3341,0.1689273864030838
3342,0.19885528087615967
3343,0.21014675498008728
3344,0.17607636749744415
3345,0.1943843811750412
3346,0.14790120720863342
3347,0.1675143837928772
3348,0.1610485315322876
3349,0.1719871610403061
3350,0.21132729947566986
3351,0.2416742593050003
3352,0.1996280997991562
3353,0.19251558184623718
3354,0.21970556676387787
3355,0.1860796958208084
3356,0.19664715230464935
3357,0.22949866950511932
3358,0.20483292639255524
3359,0.2568727135658264
3360,0.15904289484024048
3361,0.22604522109031677
3362,0.12873537838459015
3363,0.2152942717075348
3364,0.22741006314754486
3365,0.2339470535516739
3366,0.17067961394786835
3367,0.30373042821884155
3368,0.18909896910190582
3369,0.27974098920822144
3370,0.21436353027820587
3371,0.20571812987327576
3372,0.20842723548412323
3373,0.24159984290599823
3374,0.21978409588336945
3375,0.2072003036737442
3376,0.19078463315963745
3377,0.22555452585220337
3378,0.2269420176744461
3379,0.26984903216362
3380,0.22470803558826447
3381,0.21869680285453796
3382,0.2219952791929245
3383,0.2052011489868164
3384,0.23847968876361847
3385,0.1977958381175995
3386,0.12717708945274353
3387,0.22311076521873474
3388,0.23636280000209808
3389,0.2252321094274521
3390,0.24034801125526428
3391,0.20005099475383759
3392,0.2026633471250534
3393,0.17828135192394257
3394,0.2647550106048584
3395,0.2566290497779846
3396,0.25323987007141113
3397,0.23012425005435944
3398,0.21324963867664337
3399,0.23565734922885895
3400,0.22608697414398193
3401,0.15789932012557983
3402,0.23083384335041046
3403,0.21108897030353546
3404,0.1734006404876709
3405,0.2434852570295334
3406,0.19211187958717346
3407,0.2193232923746109
3408,0.1857353001832962
3409,0.21867261826992035
3410,0.21014675498008728
3411,0.19142404198646545
3412,0.21251077950000763
3413,0.1595238596200943
3414,0.1877552568912506
3415,0.17490588128566742
3416,0.2020309567451477
3417,0.2342245727777481
3418,0.23043832182884216
3419,0.21619465947151184
3420,0.22246016561985016
3421,0.23667243123054504
3422,0.20089378952980042
3423,0.21118386089801788
3424,0.25676411390304565
3425,0.23215745389461517
3426,0.2803690433502197
3427,0.189980611205101
3428,0.25383856892585754
3429,0.13685110211372375
3430,0.18553666770458221
3431,0.19391469657421112
3432,0.20381735265254974
3433,0.17642106115818024
3434,0.28060072660446167
3435,0.1868053823709488
3436,0.23154844343662262
3437,0.17061327397823334
3438,0.18000845611095428
3439,0.18229535222053528
3440,0.19166789948940277
3441,0.19409948587417603
3442,0.2059790939092636
3443,0.1862650215625763
3444,0.19752970337867737
3445,0.1896527260541916
3446,0.22559621930122375
3447,0.1954803615808487
3448,0.18986548483371735
3449,0.2165871411561966
3450,0.19003690779209137
3451,0.2040836662054062
3452,0.18160703778266907
3453,0.13970111310482025
3454,0.18936675786972046
3455,0.1972200870513916
3456,0.2085459679365158
3457,0.2164904624223709
3458,0.20151494443416595
3459,0.1676979959011078
3460,0.18242476880550385
3461,0.21135567128658295
3462,0.2424422949552536
3463,0.21082454919815063
3464,0.17738060653209686
3465,0.18860839307308197
3466,0.18746943771839142
3467,0.19100059568881989
3468,0.1674562245607376
3469,0.21171146631240845
3470,0.21506167948246002
3471,0.18199512362480164
3472,0.22060415148735046
3473,0.1765625774860382
3474,0.2020816057920456
3475,0.15639106929302216
3476,0.1867760866880417
3477,0.17607636749744415
3478,0.19142404198646545
3479,0.18281002342700958
3480,0.1548260748386383
3481,0.19295495748519897
3482,0.1645834743976593
3483,0.20341244339942932
3484,0.199574813246727
3485,0.20601437985897064
3486,0.18563301861286163
3487,0.21315209567546844
3488,0.24156291782855988
3489,0.16923002898693085
3490,0.1764637678861618
3491,0.20884110033512115
3492,0.19644735753536224
3493,0.2493322640657425
3494,0.19774341583251953
3495,0.20784734189510345
3496,0.1259080022573471
3497,0.2097153514623642
3498,0.2059750109910965
3499,0.25064438581466675
3500,0.17553862929344177
3501,0.3191012740135193
3502,0.1907481700181961
3503,0.28017646074295044
3504,0.21587486565113068
3505,0.2022963911294937
3506,0.1936800628900528
3507,0.25237271189689636
3508,0.214020237326622
3509,0.21817563474178314
3510,0.18550145626068115
3511,0.21369414031505585
3512,0.2167285680770874
3513,0.26061078906059265
3514,0.21718399226665497
3515,0.222737655043602
3516,0.23317952454090118
3517,0.200896218419075
3518,0.22570182383060455
3519,0.1834387332201004
3520,0.1317654550075531
3521,0.21748395264148712
3522,0.23720310628414154
3523,0.2256801277399063
3524,0.246027871966362
3525,0.20608921349048615
3526,0.21191607415676117
3527,0.18324413895606995
3528,0.26227089762687683
3529,0.2652133107185364
3530,0.24866245687007904
3531,0.23415721952915192
3532,0.20966319739818573
3533,0.23309041559696198
3534,0.20507916808128357
3535,0.16631464660167694
3536,0.2270766943693161
3537,0.21424253284931183
3538,0.17347116768360138
3539,0.23622019588947296
3540,0.19045691192150116
3541,0.20721451938152313
3542,0.174661785364151
3543,0.20370516180992126
3544,0.1943843811750412
3545,0.21251077950000763
3546,0.18281002342700958
3547,0.15209323167800903
3548,0.19652430713176727
3549,0.16416561603546143
3550,0.20694822072982788
3551,0.22386042773723602
3552,0.23747912049293518
3553,0.20515598356723785
3554,0.2228601723909378
3555,0.25062650442123413
3556,0.19056004285812378
3557,0.21600009500980377
3558,0.2534521818161011
3559,0.2298930585384369
3560,0.30103248357772827
3561,0.20415343344211578
3562,0.2512737512588501
3563,0.1389891654253006
3564,0.1546706259250641
3565,0.1614876091480255
3566,0.15656498074531555
3567,0.17101119458675385
3568,0.2650080919265747
3569,0.15120235085487366
3570,0.19145165383815765
3571,0.14171503484249115
3572,0.149525985121727
3573,0.1558389663696289
3574,0.15665669739246368
3575,0.15908753871917725
3576,0.1717298924922943
3577,0.15179143846035004
3578,0.1564481556415558
3579,0.15647567808628082
3580,0.18605418503284454
3581,0.16904985904693604
3582,0.15633469820022583
3583,0.17690591514110565
3584,0.1497996598482132
3585,0.16157376766204834
3586,0.15359629690647125
3587,0.12316162884235382
3588,0.15357044339179993
3589,0.15047475695610046
3590,0.17414095997810364
3591,0.1604827344417572
3592,0.17002007365226746
3593,0.1502254158258438
3594,0.1767711490392685
3595,0.1647225022315979
3596,0.20845288038253784
3597,0.17505180835723877
3598,0.1511864960193634
3599,0.15790137648582458
3600,0.1516493260860443
3601,0.1564609557390213
3602,0.15029072761535645
3603,0.1739177703857422
3604,0.1752777397632599
3605,0.14909519255161285
3606,0.18407024443149567
3607,0.15329447388648987
3608,0.16761238873004913
3609,0.13697142899036407
3610,0.15153202414512634
3611,0.14790120720863342
3612,0.1595238596200943
3613,0.1548260748386383
3614,0.15209323167800903
3615,0.16166262328624725
3616,0.13779430091381073
3617,0.1678217500448227
3618,0.15758119523525238
3619,0.16396692395210266
3620,0.1557043492794037
3621,0.17570631206035614
3622,0.200625941157341
3623,0.14814922213554382
3624,0.15309324860572815
3625,0.17224618792533875
3626,0.14637520909309387
3627,0.19238556921482086
3628,0.15586645901203156
3629,0.17422081530094147
3630,0.1374526470899582
3631,0.1820324808359146
3632,0.1976843625307083
3633,0.1971139907836914
3634,0.16790978610515594
3635,0.2520047426223755
3636,0.1857813447713852
3637,0.22311267256736755
3638,0.16927547752857208
3639,0.1988031268119812
3640,0.1742125004529953
3641,0.177507683634758
3642,0.20226313173770905
3643,0.19504018127918243
3644,0.18421460688114166
3645,0.17934411764144897
3646,0.18368017673492432
3647,0.20546050369739532
3648,0.20107591152191162
3649,0.18673305213451385
3650,0.20282262563705444
3651,0.19495771825313568
3652,0.203228160738945
3653,0.18754442036151886
3654,0.14656305313110352
3655,0.18182532489299774
3656,0.16992215812206268
3657,0.21954353153705597
3658,0.2006961852312088
3659,0.18348702788352966
3660,0.19332754611968994
3661,0.1704762727022171
3662,0.19584636390209198
3663,0.21859599649906158
3664,0.19752292335033417
3665,0.1944725066423416
3666,0.19797120988368988
3667,0.1853552609682083
3668,0.19391778111457825
3669,0.15899622440338135
3670,0.20326688885688782
3671,0.2008298635482788
3672,0.18522359430789948
3673,0.23290686309337616
3674,0.19489790499210358
3675,0.20490793883800507
3676,0.16376952826976776
3677,0.18543165922164917
3678,0.1675143837928772
3679,0.1877552568912506
3680,0.19295495748519897
3681,0.19652430713176727
3682,0.16166262328624725
3683,0.17016229033470154
3684,0.1838241070508957
3685,0.20999418199062347
3686,0.1929827481508255
3687,0.17216059565544128
3688,0.19149206578731537
3689,0.21344830095767975
3690,0.18801964819431305
3691,0.1956566423177719
3692,0.22143658995628357
3693,0.18992339074611664
3694,0.22191080451011658
3695,0.18694016337394714
3696,0.20110179483890533
3697,0.12601037323474884
3698,0.1444854736328125
3699,0.19339345395565033
3700,0.14833249151706696
3701,0.16446879506111145
3702,0.2905426621437073
3703,0.15359589457511902
3704,0.214326411485672
3705,0.13734659552574158
3706,0.14487050473690033
3707,0.17233780026435852
3708,0.15106336772441864
3709,0.16780920326709747
3710,0.17712973058223724
3711,0.16159561276435852
3712,0.17188100516796112
3713,0.16708211600780487
3714,0.19510453939437866
3715,0.18181096017360687
3716,0.16161173582077026
3717,0.19958557188510895
3718,0.15631422400474548
3719,0.18106915056705475
3720,0.170010045170784
3721,0.12839177250862122
3722,0.16478478908538818
3723,0.1300143450498581
3724,0.19421212375164032
3725,0.14497709274291992
3726,0.17052136361598969
3727,0.14766451716423035
3728,0.1716952621936798
3729,0.14894139766693115
3730,0.2421545535326004
3731,0.18941858410835266
3732,0.16117168962955475
3733,0.16264334321022034
3734,0.14649732410907745
3735,0.16387268900871277
3736,0.15267524123191833
3737,0.20293287932872772
3738,0.18675918877124786
3739,0.16067394614219666
3740,0.2006966471672058
3741,0.16964632272720337
3742,0.18478845059871674
3743,0.14137506484985352
3744,0.15117768943309784
3745,0.1610485315322876
3746,0.17490588128566742
3747,0.1645834743976593
3748,0.16416561603546143
3749,0.13779430091381073
3750,0.17016229033470154
3751,0.17236138880252838
3752,0.17796732485294342
3753,0.1424696147441864
3754,0.1672215312719345
3755,0.1974722295999527
3756,0.2093263417482376
3757,0.15947255492210388
3758,0.15253332257270813
3759,0.19298426806926727
3760,0.15264154970645905
3761,0.17693805694580078
3762,0.16621415317058563
3763,0.19023892283439636
3764,0.14040687680244446
3765,0.2021772712469101
3766,0.19438062608242035
3767,0.21230573952198029
3768,0.17129680514335632
3769,0.2611132860183716
3770,0.19608645141124725
3771,0.21853703260421753
3772,0.1940034180879593
3773,0.2081495076417923
3774,0.17962169647216797
3775,0.18922309577465057
3776,0.20649638772010803
3777,0.19861288368701935
3778,0.1916808784008026
3779,0.1902633011341095
3780,0.1913229078054428
3781,0.21360625326633453
3782,0.21987317502498627
3783,0.20632842183113098
3784,0.20184530317783356
3785,0.20192046463489532
3786,0.21170663833618164
3787,0.20070266723632812
3788,0.1652640700340271
3789,0.1948709487915039
3790,0.19701257348060608
3791,0.24256829917430878
3792,0.2186712920665741
3793,0.1876796931028366
3794,0.2003224641084671
3795,0.1742965131998062
3796,0.2165236920118332
3797,0.21816332638263702
3798,0.20649521052837372
3799,0.19749225676059723
3800,0.20523245632648468
3801,0.19570206105709076
3802,0.21187232434749603
3803,0.16112832725048065
3804,0.2047949731349945
3805,0.21205992996692657
3806,0.19130219519138336
3807,0.23147690296173096
3808,0.2063189446926117
3809,0.22002381086349487
3810,0.18784217536449432
3811,0.20290181040763855
3812,0.1719871610403061
3813,0.2020309567451477
3814,0.20341244339942932
3815,0.20694822072982788
3816,0.1678217500448227
3817,0.1838241070508957
3818,0.17236138880252838
3819,0.2286447137594223
3820,0.21808211505413055
3821,0.1836770623922348
3822,0.19513194262981415
3823,0.22541607916355133
3824,0.19995912909507751
3825,0.19994468986988068
3826,0.23657016456127167
3827,0.20814763009548187
3828,0.2342895120382309
3829,0.1956625133752823
3830,0.2074759155511856
3831,0.13546398282051086
3832,0.23102331161499023
3833,0.23091493546962738
3834,0.2558916211128235
3835,0.1859527975320816
3836,0.3201703429222107
3837,0.19853900372982025
3838,0.29010024666786194
3839,0.23500221967697144
3840,0.22645792365074158
3841,0.2125159502029419
3842,0.26686549186706543
3843,0.23170432448387146
3844,0.2327137291431427
3845,0.2044583410024643
3846,0.23586638271808624
3847,0.24010518193244934
3848,0.28328126668930054
3849,0.22951820492744446
3850,0.2384416162967682
3851,0.24714981019496918
3852,0.21595118939876556
3853,0.2456626147031784
3854,0.20097045600414276
3855,0.14338794350624084
3856,0.23068156838417053
3857,0.239607036113739
3858,0.23355942964553833
3859,0.2439974844455719
3860,0.21628974378108978
3861,0.22629791498184204
3862,0.19472861289978027
3863,0.27137428522109985
3864,0.2753748595714569
3865,0.2661218047142029
3866,0.24791793525218964
3867,0.22800973057746887
3868,0.25666725635528564
3869,0.23373420536518097
3870,0.17447228729724884
3871,0.247144877910614
3872,0.2329467087984085
3873,0.18557973206043243
3874,0.2531757354736328
3875,0.19475610554218292
3876,0.22483156621456146
3877,0.18950094282627106
3878,0.22775942087173462
3879,0.21132729947566986
3880,0.2342245727777481
3881,0.199574813246727
3882,0.22386042773723602
3883,0.15758119523525238
3884,0.20999418199062347
3885,0.17796732485294342
3886,0.2286447137594223
3887,0.24072466790676117
3888,0.22326086461544037
3889,0.2421206682920456
3890,0.262622594833374
3891,0.20659904181957245
3892,0.2309362292289734
3893,0.2678877115249634
3894,0.24822494387626648
3895,0.30371618270874023
3896,0.22199636697769165
3897,0.2629883885383606
3898,0.1183023750782013
3899,0.23098202049732208
3900,0.24992528557777405
3901,0.21649937331676483
3902,0.17511214315891266
3903,0.30385637283325195
3904,0.18231631815433502
3905,0.31264179944992065
3906,0.2455841600894928
3907,0.23008698225021362
3908,0.23382124304771423
3909,0.23731864988803864
3910,0.2347446084022522
3911,0.2169560194015503
3912,0.18969719111919403
3913,0.247022345662117
3914,0.2665545344352722
3915,0.2848045825958252
3916,0.21749861538410187
3917,0.19295676052570343
3918,0.2272191196680069
3919,0.19237138330936432
3920,0.2621585428714752
3921,0.19581031799316406
3922,0.14668628573417664
3923,0.24748064577579498
3924,0.23275132477283478
3925,0.23596106469631195
3926,0.23984313011169434
3927,0.206715926527977
3928,0.22263552248477936
3929,0.18374139070510864
3930,0.24818168580532074
3931,0.26369360089302063
3932,0.28594523668289185
3933,0.2338780015707016
3934,0.21634668111801147
3935,0.2523585259914398
3936,0.2551121115684509
3937,0.16680480539798737
3938,0.22631807625293732
3939,0.22567348182201385
3940,0.18057550489902496
3941,0.25459152460098267
3942,0.21271343529224396
3943,0.2298433631658554
3944,0.19758474826812744
3945,0.22855369746685028
3946,0.2416742593050003
3947,0.23043832182884216
3948,0.20601437985897064
3949,0.23747912049293518
3950,0.16396692395210266
3951,0.1929827481508255
3952,0.1424696147441864
3953,0.21808211505413055
3954,0.24072466790676117
3955,0.24755707383155823
3956,0.22799356281757355
3957,0.24629215896129608
3958,0.20886240899562836
3959,0.23238052427768707
3960,0.26768890023231506
3961,0.26116493344306946
3962,0.2966102361679077
3963,0.2082684338092804
3964,0.2818548083305359
3965,0.12877309322357178
3966,0.20813779532909393
3967,0.20777805149555206
3968,0.2340201884508133
3969,0.15939626097679138
3970,0.27402740716934204
3971,0.17533309757709503
3972,0.26293274760246277
3973,0.2102305144071579
3974,0.21884627640247345
3975,0.200503408908844
3976,0.2316943258047104
3977,0.20938849449157715
3978,0.18433204293251038
3979,0.16269226372241974
3980,0.21847234666347504
3981,0.21841838955879211
3982,0.2420305460691452
3983,0.2078295201063156
3984,0.21613968908786774
3985,0.19888915121555328
3986,0.17055706679821014
3987,0.22431549429893494
3988,0.18502086400985718
3989,0.12637145817279816
3990,0.21240364015102386
3991,0.23058797419071198
3992,0.21165557205677032
3993,0.24140675365924835
3994,0.18305878341197968
3995,0.20403917133808136
3996,0.16608330607414246
3997,0.24692250788211823
3998,0.23627834022045135
3999,0.24035610258579254
4000,0.21532650291919708
4001,0.2087404876947403
4002,0.22363047301769257
4003,0.2118425816297531
4004,0.15023872256278992
4005,0.2041134387254715
4006,0.19979067146778107
4007,0.15844984352588654
4008,0.22212813794612885
4009,0.17830680310726166
4010,0.20497672259807587
4011,0.1767076849937439
4012,0.21101079881191254
4013,0.1996280997991562
4014,0.21619465947151184
4015,0.18563301861286163
4016,0.20515598356723785
4017,0.1557043492794037
4018,0.17216059565544128
4019,0.1672215312719345
4020,0.1836770623922348
4021,0.22326086461544037
4022,0.24755707383155823
4023,0.20142929255962372
4024,0.231758251786232
4025,0.1919054239988327
4026,0.20974071323871613
4027,0.23415648937225342
4028,0.2178219109773636
4029,0.27115046977996826
4030,0.16808567941188812
4031,0.2366323322057724
4032,0.14832603931427002
4033,0.21355417370796204
4034,0.21327172219753265
4035,0.22728809714317322
4036,0.17781780660152435
4037,0.2900463938713074
4038,0.20089656114578247
4039,0.23939858376979828
4040,0.2038753479719162
4041,0.21949680149555206
4042,0.19626091420650482
4043,0.2074517160654068
4044,0.22265534102916718
4045,0.2026052474975586
4046,0.20863497257232666
4047,0.20731821656227112
4048,0.21150065958499908
4049,0.23051144182682037
4050,0.23873895406723022
4051,0.22479060292243958
4052,0.21658314764499664
4053,0.21955618262290955
4054,0.23382620513439178
4055,0.21173827350139618
4056,0.17508068680763245
4057,0.21231813728809357
4058,0.21609807014465332
4059,0.25487518310546875
4060,0.22870711982250214
4061,0.1927710473537445
4062,0.2093656212091446
4063,0.18237780034542084
4064,0.23681120574474335
4065,0.24765796959400177
4066,0.225544273853302
4067,0.2107178419828415
4068,0.22011102735996246
4069,0.20541338622570038
4070,0.22852836549282074
4071,0.16935840249061584
4072,0.23129823803901672
4073,0.22902216017246246
4074,0.20155562460422516
4075,0.2520626187324524
4076,0.22419016063213348
4077,0.23487474024295807
4078,0.19752837717533112
4079,0.2181856781244278
4080,0.19251558184623718
4081,0.22246016561985016
4082,0.21315209567546844
4083,0.2228601723909378
4084,0.17570631206035614
4085,0.19149206578731537
4086,0.1974722295999527
4087,0.19513194262981415
4088,0.2421206682920456
4089,0.22799356281757355
4090,0.20142929255962372
4091,0.23241280019283295
4092,0.21160657703876495
4093,0.21136896312236786
4094,0.2509767413139343
4095,0.2225847989320755
4096,0.2474714070558548
4097,0.1998331993818283
4098,0.22770731151103973
4099,0.1695745587348938
4100,0.23735032975673676
4101,0.24140441417694092
4102,0.2430146187543869
4103,0.1962926834821701
4104,0.27381932735443115
4105,0.2216583639383316
4106,0.2453116923570633
4107,0.23067183792591095
4108,0.2396521419286728
4109,0.22366492450237274
4110,0.22466513514518738
4111,0.24052804708480835
4112,0.22991715371608734
4113,0.22821103036403656
4114,0.23059283196926117
4115,0.24083219468593597
4116,0.24137720465660095
4117,0.24887515604496002
4118,0.23598915338516235
4119,0.23558680713176727
4120,0.23560400307178497
4121,0.25531232357025146
4122,0.23480413854122162
4123,0.19942040741443634
4124,0.23729299008846283
4125,0.23125042021274567
4126,0.2677817940711975
4127,0.24681667983531952
4128,0.21515141427516937
4129,0.2336219847202301
4130,0.19935137033462524
4131,0.24361513555049896
4132,0.24980133771896362
4133,0.2454601377248764
4134,0.23841162025928497
4135,0.2388131469488144
4136,0.23342080414295197
4137,0.2551983594894409
4138,0.19263117015361786
4139,0.24809296429157257
4140,0.24163836240768433
4141,0.21877482533454895
4142,0.26250898838043213
4143,0.24875831604003906
4144,0.2570912539958954
4145,0.23268410563468933
4146,0.24100114405155182
4147,0.21970556676387787
4148,0.23667243123054504
4149,0.24156291782855988
4150,0.25062650442123413
4151,0.200625941157341
4152,0.21344830095767975
4153,0.2093263417482376
4154,0.22541607916355133
4155,0.262622594833374
4156,0.24629215896129608
4157,0.231758251786232
4158,0.23241280019283295
4159,0.24288055300712585
4160,0.23132912814617157
4161,0.26807135343551636
4162,0.24387602508068085
4163,0.261696994304657
4164,0.22890307009220123
4165,0.243665412068367
4166,0.13382986187934875
4167,0.19047383964061737
4168,0.2011691778898239
4169,0.20945608615875244
4170,0.16781200468540192
4171,0.3009375333786011
4172,0.1718931645154953
4173,0.2577022314071655
4174,0.18307633697986603
4175,0.18843744695186615
4176,0.18899695575237274
4177,0.1970234513282776
4178,0.19750697910785675
4179,0.1987123042345047
4180,0.1742391735315323
4181,0.20993344485759735
4182,0.20626069605350494
4183,0.25141027569770813
4184,0.20001216232776642
4185,0.19420111179351807
4186,0.2082836925983429
4187,0.18062400817871094
4188,0.2112278789281845
4189,0.17754080891609192
4190,0.12995044887065887
4191,0.19505473971366882
4192,0.20186543464660645
4193,0.20072858035564423
4194,0.22369574010372162
4195,0.19283650815486908
4196,0.17815162241458893
4197,0.17554759979248047
4198,0.2269747108221054
4199,0.24735026061534882
4200,0.22987236082553864
4201,0.18449577689170837
4202,0.1846150904893875
4203,0.19870135188102722
4204,0.18348100781440735
4205,0.16519346833229065
4206,0.2040238231420517
4207,0.20181381702423096
4208,0.16763083636760712
4209,0.22079214453697205
4210,0.17627711594104767
4211,0.19587388634681702
4212,0.1567005217075348
4213,0.1856982260942459
4214,0.1860796958208084
4215,0.20089378952980042
4216,0.16923002898693085
4217,0.19056004285812378
4218,0.14814922213554382
4219,0.18801964819431305
4220,0.15947255492210388
4221,0.19995912909507751
4222,0.20659904181957245
4223,0.20886240899562836
4224,0.1919054239988327
4225,0.21160657703876495
4226,0.24288055300712585
4227,0.1843135952949524
4228,0.22947801649570465
4229,0.19768068194389343
4230,0.25603750348091125
4231,0.18466868996620178
4232,0.2295699268579483
4233,0.12191934883594513
4234,0.21145935356616974
4235,0.21384508907794952
4236,0.2351752668619156
4237,0.1652425229549408
4238,0.29836148023605347
4239,0.17607109248638153
4240,0.2805320620536804
4241,0.23016957938671112
4242,0.21054857969284058
4243,0.19963876903057098
4244,0.26882946491241455
4245,0.21249748766422272
4246,0.20211495459079742
4247,0.1836649477481842
4248,0.2154502421617508
4249,0.23576585948467255
4250,0.2791929841041565
4251,0.20068369805812836
4252,0.20390956103801727
4253,0.21421705186367035
4254,0.1974819302558899
4255,0.22620926797389984
4256,0.1722840666770935
4257,0.1425504833459854
4258,0.2277572602033615
4259,0.25053033232688904
4260,0.21990732848644257
4261,0.2586931586265564
4262,0.18992061913013458
4263,0.219988152384758
4264,0.17298580706119537
4265,0.2619209289550781
4266,0.24203838407993317
4267,0.25568610429763794
4268,0.23279418051242828
4269,0.2067844569683075
4270,0.25067830085754395
4271,0.2147315889596939
4272,0.15851961076259613
4273,0.22080941498279572
4274,0.20877401530742645
4275,0.17255569994449615
4276,0.22180818021297455
4277,0.1838223934173584
4278,0.19631613790988922
4279,0.18534064292907715
4280,0.21878670156002045
4281,0.19664715230464935
4282,0.21118386089801788
4283,0.1764637678861618
4284,0.21600009500980377
4285,0.15309324860572815
4286,0.1956566423177719
4287,0.15253332257270813
4288,0.19994468986988068
4289,0.2309362292289734
4290,0.23238052427768707
4291,0.20974071323871613
4292,0.21136896312236786
4293,0.23132912814617157
4294,0.1843135952949524
4295,0.26337337493896484
4296,0.24649278819561005
4297,0.313188374042511
4298,0.19557426869869232
4299,0.25527578592300415
4300,0.14858096837997437
4301,0.2548336982727051
4302,0.2413892298936844
4303,0.2865309715270996
4304,0.19951845705509186
4305,0.32832568883895874
4306,0.21316121518611908
4307,0.3131788372993469
4308,0.27144068479537964
4309,0.2494322955608368
4310,0.22656099498271942
4311,0.302301824092865
4312,0.2549765706062317
4313,0.24953898787498474
4314,0.21826119720935822
4315,0.24896959960460663
4316,0.25494980812072754
4317,0.31785857677459717
4318,0.2524328827857971
4319,0.2590610384941101
4320,0.26527759432792664
4321,0.23639421164989471
4322,0.27530837059020996
4323,0.20805932581424713
4324,0.1589638888835907
4325,0.2638627886772156
4326,0.2819001078605652
4327,0.2500866651535034
4328,0.28212255239486694
4329,0.22592298686504364
4330,0.25521188974380493
4331,0.20733654499053955
4332,0.30778366327285767
4333,0.2850373387336731
4334,0.2850041389465332
4335,0.2832510471343994
4336,0.2506117820739746
4337,0.29273128509521484
4338,0.24498626589775085
4339,0.18319915235042572
4340,0.26659244298934937
4341,0.23640413582324982
4342,0.1920463889837265
4343,0.26304084062576294
4344,0.2193029373884201
4345,0.2404598444700241
4346,0.2207569032907486
4347,0.25207966566085815
4348,0.22949866950511932
4349,0.25676411390304565
4350,0.20884110033512115
4351,0.2534521818161011
4352,0.17224618792533875
4353,0.22143658995628357
4354,0.19298426806926727
4355,0.23657016456127167
4356,0.2678877115249634
4357,0.26768890023231506
4358,0.23415648937225342
4359,0.2509767413139343
4360,0.26807135343551636
4361,0.22947801649570465
4362,0.26337337493896484
4363,0.29071491956710815
4364,0.33267372846603394
4365,0.23814423382282257
4366,0.28807979822158813
4367,0.1134212389588356
4368,0.23278680443763733
4369,0.2254057675600052
4370,0.2624332308769226
4371,0.15873059630393982
4372,0.3018244504928589
4373,0.18376187980175018
4374,0.2976478934288025
4375,0.25832629203796387
4376,0.24036383628845215
4377,0.20759128034114838
4378,0.29475635290145874
4379,0.23816591501235962
4380,0.20612458884716034
4381,0.1851649135351181
4382,0.23716072738170624
4383,0.2515525817871094
4384,0.3031582236289978
4385,0.21420447528362274
4386,0.2174277901649475
4387,0.22326132655143738
4388,0.19807107746601105
4389,0.2513654828071594
4390,0.17559219896793365
4391,0.14239588379859924
4392,0.23672908544540405
4393,0.28584811091423035
4394,0.23597611486911774
4395,0.2783632278442383
4396,0.1929626166820526
4397,0.2509346008300781
4398,0.16782240569591522
4399,0.2895379662513733
4400,0.2583705186843872
4401,0.27190807461738586
4402,0.25184887647628784
4403,0.23743407428264618
4404,0.28339123725891113
4405,0.23932582139968872
4406,0.1569111943244934
4407,0.22598236799240112
4408,0.22288255393505096
4409,0.17466731369495392
4410,0.23819845914840698
4411,0.20180195569992065
4412,0.21724146604537964
4413,0.19403283298015594
4414,0.25120824575424194
4415,0.20483292639255524
4416,0.23215745389461517
4417,0.19644735753536224
4418,0.2298930585384369
4419,0.14637520909309387
4420,0.18992339074611664
4421,0.15264154970645905
4422,0.20814763009548187
4423,0.24822494387626648
4424,0.26116493344306946
4425,0.2178219109773636
4426,0.2225847989320755
4427,0.24387602508068085
4428,0.19768068194389343
4429,0.24649278819561005
4430,0.29071491956710815
4431,0.34992825984954834
4432,0.20197694003582
4433,0.2667044699192047
4434,0.13394686579704285
4435,0.2800157070159912
4436,0.2835717499256134
4437,0.31657034158706665
4438,0.18493366241455078
4439,0.32171761989593506
4440,0.20041362941265106
4441,0.33229076862335205
4442,0.3617899417877197
4443,0.2999624013900757
4444,0.2587377429008484
4445,0.3668453097343445
4446,0.2870623767375946
4447,0.24132035672664642
4448,0.23611517250537872
4449,0.28359928727149963
4450,0.3056332468986511
4451,0.36155200004577637
4452,0.2568403482437134
4453,0.26262861490249634
4454,0.24848951399326324
4455,0.23126724362373352
4456,0.3133324384689331
4457,0.22016559541225433
4458,0.16056427359580994
4459,0.316540002822876
4460,0.36579811573028564
4461,0.27502334117889404
4462,0.3488802909851074
4463,0.22823265194892883
4464,0.31162822246551514
4465,0.19453012943267822
4466,0.3403414487838745
4467,0.28613582253456116
4468,0.3168429732322693
4469,0.31183403730392456
4470,0.27877914905548096
4471,0.36102521419525146
4472,0.323131799697876
4473,0.17276377975940704
4474,0.27433061599731445
4475,0.25791341066360474
4476,0.20251961052417755
4477,0.2691137194633484
4478,0.249489888548851
4479,0.2722071409225464
4480,0.26907843351364136
4481,0.303813636302948
4482,0.2568727135658264
4483,0.2803690433502197
4484,0.2493322640657425
4485,0.30103248357772827
4486,0.19238556921482086
4487,0.22191080451011658
4488,0.17693805694580078
4489,0.2342895120382309
4490,0.30371618270874023
4491,0.2966102361679077
4492,0.27115046977996826
4493,0.2474714070558548
4494,0.261696994304657
4495,0.25603750348091125
4496,0.313188374042511
4497,0.33267372846603394
4498,0.34992825984954834
4499,0.24298396706581116
4500,0.3152298331260681
4501,0.13735201954841614
4502,0.18746523559093475
4503,0.1798655390739441
4504,0.20804010331630707
4505,0.17304103076457977
4506,0.2597410976886749
4507,0.1961488276720047
4508,0.2164052575826645
4509,0.1921045333147049
4510,0.20292772352695465
4511,0.16801923513412476
4512,0.1816944032907486
4513,0.20544801652431488
4514,0.2094765454530716
4515,0.195485919713974
4516,0.17524929344654083
4517,0.18145854771137238
4518,0.21454614400863647
4519,0.21779890358448029
4520,0.20923592150211334
4521,0.21300537884235382
4522,0.20572064816951752
4523,0.2038750797510147
4524,0.18332408368587494
4525,0.15356159210205078
4526,0.18652741611003876
4527,0.1886931210756302
4528,0.23207782208919525
4529,0.21446193754673004
4530,0.1875428408384323
4531,0.20044027268886566
4532,0.17641159892082214
4533,0.2053726315498352
4534,0.22449874877929688
4535,0.19525647163391113
4536,0.197149857878685
4537,0.1977422535419464
4538,0.1952863484621048
4539,0.19758695363998413
4540,0.1461697816848755
4541,0.2107059806585312
4542,0.20969440042972565
4543,0.18991833925247192
4544,0.22966371476650238
4545,0.19884179532527924
4546,0.21321533620357513
4547,0.17080214619636536
4548,0.1980169266462326
4549,0.15904289484024048
4550,0.189980611205101
4551,0.19774341583251953
4552,0.20415343344211578
4553,0.15586645901203156
4554,0.18694016337394714
4555,0.16621415317058563
4556,0.1956625133752823
4557,0.22199636697769165
4558,0.2082684338092804
4559,0.16808567941188812
4560,0.1998331993818283
4561,0.22890307009220123
4562,0.18466868996620178
4563,0.19557426869869232
4564,0.23814423382282257
4565,0.20197694003582
4566,0.24298396706581116
4567,0.19665588438510895
4568,0.13499528169631958
4569,0.2470516860485077
4570,0.23973892629146576
4571,0.2839438319206238
4572,0.17564605176448822
4573,0.2910175919532776
4574,0.1960465908050537
4575,0.3051542043685913
4576,0.25757622718811035
4577,0.2560999393463135
4578,0.2278333455324173
4579,0.2749437093734741
4580,0.2606550455093384
4581,0.2110413759946823
4582,0.1912403702735901
4583,0.24542318284511566
4584,0.2541694641113281
4585,0.2888035774230957
4586,0.25862574577331543
4587,0.2658761739730835
4588,0.22973431646823883
4589,0.21034972369670868
4590,0.27793073654174805
4591,0.2099076360464096
4592,0.1439274698495865
4593,0.24898232519626617
4594,0.267025887966156
4595,0.2470421940088272
4596,0.27109408378601074
4597,0.20294217765331268
4598,0.25443121790885925
4599,0.18420909345149994
4600,0.28314733505249023
4601,0.2577952742576599
4602,0.27464163303375244
4603,0.2658959627151489
4604,0.25065428018569946
4605,0.27520331740379333
4606,0.255889356136322
4607,0.16107481718063354
4608,0.25164783000946045
4609,0.22842930257320404
4610,0.17636747658252716
4611,0.2569533586502075
4612,0.21968069672584534
4613,0.23054057359695435
4614,0.20806707441806793
4615,0.25854718685150146
4616,0.22604522109031677
4617,0.25383856892585754
4618,0.20784734189510345
4619,0.2512737512588501
4620,0.17422081530094147
4621,0.20110179483890533
4622,0.19023892283439636
4623,0.2074759155511856
4624,0.2629883885383606
4625,0.2818548083305359
4626,0.2366323322057724
4627,0.22770731151103973
4628,0.243665412068367
4629,0.2295699268579483
4630,0.25527578592300415
4631,0.28807979822158813
4632,0.2667044699192047
4633,0.3152298331260681
4634,0.19665588438510895
4635,0.2439013570547104
4636,0.2439013570547104
4637,0.283247709274292
4638,0.283247709274292
4639,0.2237110733985901
4640,0.22389082610607147
4641,0.2237110286951065
4642,0.22389088571071625
4643,0.24102185666561127
4644,0.24102185666561127
4645,0.2535896897315979
4646,0.25324416160583496
4647,0.25324416160583496
4648,0.2535896897315979
4649,0.22700853645801544
4650,0.22700853645801544
4651,0.2009335458278656
4652,0.2009335458278656
4653,0.23285149037837982
4654,0.23317931592464447
4655,0.23317931592464447
4656,0.23285149037837982
4657,0.27056169509887695
4658,0.27056169509887695
4659,0.26206499338150024
4660,0.2620575428009033
4661,0.2620575428009033
4662,0.26206499338150024
4663,0.22452996671199799
4664,0.22452996671199799
4665,0.2279009222984314
4666,0.22904911637306213
4667,0.22904911637306213
4668,0.2279009222984314
4669,0.20421478152275085
4670,0.20421478152275085
4671,0.22083623707294464
4672,0.22083623707294464
4673,0.22880659997463226
4674,0.22880591452121735
4675,0.22880591452121735
4676,0.22880659997463226
4677,0.21918441355228424
4678,0.21918441355228424
4679,0.23085467517375946
4680,0.23085467517375946
4681,0.23848189413547516
4682,0.23848189413547516
4683,0.24284012615680695
4684,0.24346812069416046
4685,0.24346812069416046
4686,0.24284012615680695
4687,0.23325692117214203
4688,0.2336508184671402
4689,0.2336508184671402
4690,0.23325692117214203
4691,0.2536320090293884
4692,0.2536320090293884
4693,0.27823853492736816
4694,0.27806901931762695
4695,0.27806901931762695
4696,0.27823853492736816
4697,0.2347007542848587
4698,0.23464755713939667
4699,0.23464755713939667
4700,0.2347007542848587
4701,0.3017396330833435
4702,0.3017396330833435
4703,0.2503504753112793
4704,0.2503504753112793
4705,0.25323134660720825
4706,0.25323134660720825
4707,0.23631460964679718
4708,0.23643949627876282
4709,0.23643949627876282
4710,0.23631460964679718
4711,0.23232115805149078
4712,0.23232115805149078
4713,0.25801607966423035
4714,0.25801607966423035
4715,0.2467765361070633
4716,0.2467726767063141
4717,0.2467726767063141
4718,0.2467765361070633
4719,0.26663076877593994
4720,0.26663076877593994
4721,0.2191591113805771
4722,0.2191591113805771
4723,0.20234033465385437
4724,0.20234033465385437
4725,0.24479368329048157
4726,0.24478809535503387
4727,0.24478809535503387
4728,0.24479368329048157
4729,0.27020490169525146
4730,0.27020490169525146
4731,0.22496990859508514
4732,0.22496990859508514
4733,0.21170084178447723
4734,0.21170084178447723
4735,0.25164735317230225
4736,0.25164735317230225
4737,0.2663317024707794
4738,0.2663317024707794
4739,0.24945159256458282
4740,0.2494567185640335
4741,0.2494567185640335
4742,0.24945159256458282
4743,0.2188456803560257
4744,0.2188456803560257
4745,0.23797141015529633
4746,0.23796658217906952
4747,0.23796658217906952
4748,0.23797141015529633
4749,0.23948869109153748
4750,0.23948869109153748
4751,0.25340649485588074
4752,0.25340649485588074
4753,0.2675130367279053
4754,0.2675130367279053
4755,0.2520304322242737
4756,0.2527879476547241
4757,0.2527879476547241
4758,0.2520304322242737
4759,0.23662115633487701
4760,0.23662115633487701
4761,0.2509819269180298
4762,0.2509819269180298
4763,0.24777022004127502
4764,0.24777719378471375
4765,0.24777719378471375
4766,0.24777022004127502
4767,0.2832731008529663
4768,0.2832731008529663
4769,0.26899224519729614
4770,0.26899224519729614
4771,0.2436695396900177
4772,0.2436695396900177
4773,0.24071907997131348
4774,0.2407146841287613
4775,0.2407146841287613
4776,0.24071907997131348
4777,0.24569980800151825
4778,0.24581857025623322
4779,0.24570044875144958
4780,0.24581803381443024
4781,0.2555549740791321
4782,0.2555549740791321
4783,0.2532479166984558
4784,0.2532479166984558
4785,0.22407789528369904
4786,0.22406859695911407
4787,0.22406859695911407
4788,0.22407789528369904
4789,0.1902780383825302
4790,0.1902780383825302
4791,0.24418401718139648
4792,0.24071042239665985
4793,0.24418795108795166
4794,0.24070969223976135
4795,0.24026726186275482
4796,0.24026726186275482
4797,0.2482491284608841
4798,0.2482483983039856
4799,0.2482483983039856
4800,0.2482491284608841
4801,0.24582801759243011
4802,0.24582801759243011
4803,0.2518966794013977
4804,0.2518966794013977
4805,0.2484571933746338
4806,0.24845825135707855
4807,0.24845825135707855
4808,0.2484571933746338
4809,0.2332392781972885
4810,0.2332392781972885
4811,0.19177880883216858
4812,0.19177880883216858
4813,0.2649826407432556
4814,0.2649827003479004
4815,0.2649827003479004
4816,0.2649826407432556
4817,0.18388351798057556
4818,0.18388351798057556
4819,0.20948955416679382
4820,0.20948955416679382
4821,0.16477279365062714
4822,0.16472090780735016
4823,0.16477587819099426
4824,0.16471847891807556
4825,0.22696883976459503
4826,0.22696883976459503
4827,0.20823894441127777
4828,0.20721744000911713
4829,0.20721744000911713
4830,0.20823894441127777
4831,0.19150586426258087
4832,0.19150586426258087
4833,0.16177068650722504
4834,0.16177068650722504
4835,0.16921789944171906
4836,0.16917431354522705
4837,0.16917431354522705
4838,0.16921789944171906
4839,0.1982201486825943
4840,0.1982201486825943
4841,0.19223973155021667
4842,0.19219543039798737
4843,0.19219543039798737
4844,0.19223973155021667
4845,0.19176287949085236
4846,0.19176287949085236
4847,0.18363861739635468
4848,0.1815938949584961
4849,0.1815938949584961
4850,0.18363861739635468
4851,0.185294970870018
4852,0.185294970870018
4853,0.20050330460071564
4854,0.20050330460071564
4855,0.16813723742961884
4856,0.1681298017501831
4857,0.1681298017501831
4858,0.16813723742961884
4859,0.17527766525745392
4860,0.17527766525745392
4861,0.17797313630580902
4862,0.17797313630580902
4863,0.1893792748451233
4864,0.1893792748451233
4865,0.1946890503168106
4866,0.19282759726047516
4867,0.19282759726047516
4868,0.1946890503168106
4869,0.20326705276966095
4870,0.20207306742668152
4871,0.20207306742668152
4872,0.20326705276966095
4873,0.20900164544582367
4874,0.20900164544582367
4875,0.22432349622249603
4876,0.22499972581863403
4877,0.22499972581863403
4878,0.22432349622249603
4879,0.2178158164024353
4880,0.21679459512233734
4881,0.21679459512233734
4882,0.2178158164024353
4883,0.272226482629776
4884,0.272226482629776
4885,0.21470637619495392
4886,0.21470637619495392
4887,0.1873897761106491
4888,0.1873897761106491
4889,0.20416060090065002
4890,0.20258671045303345
4891,0.20258671045303345
4892,0.20416060090065002
4893,0.16511765122413635
4894,0.16511765122413635
4895,0.19644014537334442
4896,0.19644014537334442
4897,0.20287159085273743
4898,0.20275942981243134
4899,0.20275942981243134
4900,0.20287159085273743
4901,0.2116049975156784
4902,0.2116049975156784
4903,0.19634346663951874
4904,0.19634346663951874
4905,0.17402641475200653
4906,0.17402641475200653
4907,0.18077175319194794
4908,0.1807115226984024
4909,0.1807115226984024
4910,0.18077175319194794
4911,0.22045128047466278
4912,0.22045128047466278
4913,0.20535722374916077
4914,0.20535722374916077
4915,0.18795032799243927
4916,0.18795032799243927
4917,0.22021152079105377
4918,0.22021152079105377
4919,0.2170744240283966
4920,0.2170744240283966
4921,0.2087744027376175
4922,0.20892740786075592
4923,0.20892740786075592
4924,0.2087744027376175
4925,0.18684019148349762
4926,0.18684019148349762
4927,0.18743425607681274
4928,0.18734033405780792
4929,0.18734033405780792
4930,0.18743425607681274
4931,0.19057779014110565
4932,0.19057779014110565
4933,0.21580688655376434
4934,0.21580688655376434
4935,0.1815384179353714
4936,0.1815384179353714
4937,0.19739402830600739
4938,0.19722731411457062
4939,0.19722731411457062
4940,0.19739402830600739
4941,0.20103655755519867
4942,0.20103655755519867
4943,0.2151554524898529
4944,0.2151554524898529
4945,0.20512233674526215
4946,0.20506685972213745
4947,0.20506685972213745
4948,0.20512233674526215
4949,0.19158396124839783
4950,0.19158396124839783
4951,0.22957007586956024
4952,0.22957007586956024
4953,0.193714901804924
4954,0.193714901804924
4955,0.2090318202972412
4956,0.20906700193881989
4957,0.20906700193881989
4958,0.2090318202972412
4959,0.21345002949237823
4960,0.21289433538913727
4961,0.21342740952968597
4962,0.21291592717170715
4963,0.21163956820964813
4964,0.21163956820964813
4965,0.2161342054605484
4966,0.2161342054605484
4967,0.17302848398685455
4968,0.1729656457901001
4969,0.1729656457901001
4970,0.17302848398685455
4971,0.14752423763275146
4972,0.14752423763275146
4973,0.202620729804039
4974,0.19843925535678864
4975,0.2026558667421341
4976,0.1983891725540161
4977,0.20880334079265594
4978,0.20880334079265594
4979,0.20604678988456726
4980,0.20598365366458893
4981,0.20598365366458893
4982,0.20604678988456726
4983,0.21922148764133453
4984,0.21922148764133453
4985,0.21911707520484924
4986,0.21911707520484924
4987,0.20844677090644836
4988,0.208461731672287
4989,0.208461731672287
4990,0.20844677090644836
4991,0.2053818702697754
4992,0.2053818702697754
4993,0.16660958528518677
4994,0.16660958528518677
4995,0.23320190608501434
4996,0.23320163786411285
4997,0.23320163786411285
4998,0.23320190608501434
4999,0.2161184698343277
5000,0.233201265335083
5001,0.1580464392900467
5002,0.15801198780536652
5003,0.21239985525608063
5004,0.1990542858839035
5005,0.1990542858839035
5006,0.201533243060112
5007,0.1560506373643875
5008,0.173012837767601
5009,0.173012837767601
5010,0.241169735789299
5011,0.2387339025735855
5012,0.2387339025735855
5013,0.17017699778079987
5014,0.17877329885959625
5015,0.17877329885959625
5016,0.17193253338336945
5017,0.15289628505706787
5018,0.21112440526485443
5019,0.21112440526485443
5020,0.1898551732301712
5021,0.1600961983203888
5022,0.216659814119339
5023,0.2161436229944229
5024,0.2161436229944229
5025,0.16089175641536713
5026,0.16089175641536713
5027,0.20173576474189758
5028,0.24268361926078796
5029,0.24268361926078796
5030,0.17938268184661865
5031,0.17938268184661865
5032,0.2636372447013855
5033,0.21258749067783356
5034,0.20020590722560883
5035,0.17861662805080414
5036,0.17861662805080414
5037,0.21808306872844696
5038,0.2413138896226883
5039,0.21590475738048553
5040,0.21590475738048553
5041,0.23071809113025665
5042,0.18557675182819366
5043,0.16469764709472656
5044,0.2313758283853531
5045,0.2313758283853531
5046,0.2363707721233368
5047,0.17359621822834015
5048,0.17415644228458405
5049,0.2360365241765976
5050,0.21168307960033417
5051,0.19488294422626495
5052,0.19488294422626495
5053,0.17720143496990204
5054,0.2163432091474533
5055,0.2163432091474533
5056,0.2133791297674179
5057,0.1863732784986496
5058,0.23700036108493805
5059,0.2126619517803192
5060,0.2126619517803192
5061,0.1632051169872284
5062,0.1975497454404831
5063,0.1907222867012024
5064,0.1907222867012024
5065,0.246588334441185
5066,0.21263359487056732
5067,0.19792725145816803
5068,0.19147653877735138
5069,0.19147653877735138
5070,0.20564879477024078
5071,0.2055487334728241
5072,0.23968584835529327
5073,0.2184826284646988
5074,0.18106330931186676
5075,0.18106330931186676
5076,0.15794676542282104
5077,0.20546959340572357
5078,0.19726307690143585
5079,0.22072230279445648
5080,0.18985572457313538
5081,0.18985572457313538
5082,0.22583098709583282
5083,0.20387522876262665
5084,0.223133385181427
5085,0.223133385181427
5086,0.18841369450092316
5087,0.1714797466993332
5088,0.21013788878917694
5089,0.21013788878917694
5090,0.23733747005462646
5091,0.23733747005462646
5092,0.2654802203178406
5093,0.2654802203178406
5094,0.21601277589797974
5095,0.21607588231563568
5096,0.216012641787529
5097,0.21607588231563568
5098,0.24016202986240387
5099,0.24016202986240387
5100,0.25092482566833496
5101,0.25102776288986206
5102,0.25102776288986206
5103,0.25092482566833496
5104,0.22368231415748596
5105,0.22368231415748596
5106,0.1965288370847702
5107,0.1965288370847702
5108,0.21834753453731537
5109,0.21808739006519318
5110,0.21808739006519318
5111,0.21834753453731537
5112,0.2614777684211731
5113,0.2614777684211731
5114,0.254201203584671
5115,0.2540966272354126
5116,0.2540966272354126
5117,0.254201203584671
5118,0.2166811227798462
5119,0.2166811227798462
5120,0.21763034164905548
5121,0.21746321022510529
5122,0.21746321022510529
5123,0.21763034164905548
5124,0.2040574997663498
5125,0.2040574997663498
5126,0.21587540209293365
5127,0.21587540209293365
5128,0.22245731949806213
5129,0.22245891392230988
5130,0.22245891392230988
5131,0.22245731949806213
5132,0.2091284841299057
5133,0.2091284841299057
5134,0.22051863372325897
5135,0.22051863372325897
5136,0.23380617797374725
5137,0.23380617797374725
5138,0.238021582365036
5139,0.23799817264080048
5140,0.23799817264080048
5141,0.238021582365036
5142,0.22786016762256622
5143,0.22786377370357513
5144,0.22786377370357513
5145,0.22786016762256622
5146,0.25071656703948975
5147,0.25071656703948975
5148,0.2769893407821655
5149,0.2771090269088745
5150,0.2771090269088745
5151,0.2769893407821655
5152,0.23140807449817657
5153,0.23162953555583954
5154,0.23162953555583954
5155,0.23140807449817657
5156,0.30471980571746826
5157,0.30471980571746826
5158,0.24610035121440887
5159,0.24610035121440887
5160,0.2328835129737854
5161,0.2328835129737854
5162,0.2297363430261612
5163,0.229633167386055
5164,0.229633167386055
5165,0.2297363430261612
5166,0.22830934822559357
5167,0.22830934822559357
5168,0.24948225915431976
5169,0.24948225915431976
5170,0.243331640958786
5171,0.24333418905735016
5172,0.24333418905735016
5173,0.243331640958786
5174,0.2612001895904541
5175,0.2612001895904541
5176,0.2169276624917984
5177,0.2169276624917984
5178,0.19633705914020538
5179,0.19633705914020538
5180,0.2389134019613266
5181,0.2388860136270523
5182,0.2388860136270523
5183,0.2389134019613266
5184,0.2675260305404663
5185,0.2675260305404663
5186,0.22088979184627533
5187,0.22088979184627533
5188,0.2065589278936386
5189,0.2065589278936386
5190,0.24602563679218292
5191,0.24602563679218292
5192,0.2614830434322357
5193,0.2614830434322357
5194,0.2496427446603775
5195,0.2496480792760849
5196,0.2496480792760849
5197,0.2496427446603775
5198,0.21158789098262787
5199,0.21158789098262787
5200,0.23168306052684784
5201,0.2316928505897522
5202,0.2316928505897522
5203,0.23168306052684784
5204,0.22856812179088593
5205,0.22856812179088593
5206,0.24909882247447968
5207,0.24909882247447968
5208,0.2515679895877838
5209,0.2515679895877838
5210,0.24708886444568634
5211,0.2471274882555008
5212,0.2471274882555008
5213,0.24708886444568634
5214,0.23010168969631195
5215,0.23010168969631195
5216,0.25014668703079224
5217,0.25014668703079224
5218,0.24293173849582672
5219,0.24289454519748688
5220,0.24289454519748688
5221,0.24293173849582672
5222,0.2676283121109009
5223,0.2676283121109009
5224,0.2697887718677521
5225,0.2697887718677521
5226,0.2385474592447281
5227,0.2385474592447281
5228,0.23690401017665863
5229,0.23692017793655396
5230,0.23692017793655396
5231,0.23690401017665863
5232,0.2365799993276596
5233,0.2362746298313141
5234,0.2365776002407074
5235,0.23627687990665436
5236,0.25510817766189575
5237,0.25510817766189575
5238,0.2538732886314392
5239,0.2538732886314392
5240,0.21278250217437744
5241,0.21279479563236237
5242,0.21279479563236237
5243,0.21278250217437744
5244,0.17556136846542358
5245,0.17556136846542358
5246,0.2357446253299713
5247,0.2307073324918747
5248,0.23575268685817719
5249,0.2307010293006897
5250,0.24099230766296387
5251,0.24099230766296387
5252,0.2439071387052536
5253,0.24386705458164215
5254,0.24386705458164215
5255,0.2439071387052536
5256,0.23961198329925537
5257,0.23961198329925537
5258,0.24846139550209045
5259,0.24846139550209045
5260,0.2458714097738266
5261,0.24586597084999084
5262,0.24586597084999084
5263,0.2458714097738266
5264,0.23033912479877472
5265,0.23033912479877472
5266,0.18970446288585663
5267,0.18970446288585663
5268,0.26433098316192627
5269,0.26433098316192627
5270,0.26433098316192627
5271,0.26433098316192627
5272,0.1444847285747528
5273,0.1730375438928604
5274,0.1511945128440857
5275,0.15170592069625854
5276,0.20241351425647736
5277,0.14818303287029266
5278,0.14818303287029266
5279,0.14531655609607697
5280,0.12303310632705688
5281,0.1667521893978119
5282,0.1667521893978119
5283,0.1916797012090683
5284,0.16628333926200867
5285,0.16628333926200867
5286,0.16111621260643005
5287,0.14682818949222565
5288,0.14682818949222565
5289,0.16106262803077698
5290,0.18032874166965485
5291,0.1329033374786377
5292,0.1329033374786377
5293,0.1429186910390854
5294,0.1450013369321823
5295,0.15755997598171234
5296,0.1616286337375641
5297,0.1616286337375641
5298,0.1581711769104004
5299,0.1581711769104004
5300,0.1585140973329544
5301,0.1818758100271225
5302,0.1818758100271225
5303,0.17534711956977844
5304,0.17534711956977844
5305,0.24343706667423248
5306,0.16494455933570862
5307,0.17102351784706116
5308,0.14906060695648193
5309,0.14906060695648193
5310,0.1428263634443283
5311,0.14098724722862244
5312,0.1544772833585739
5313,0.1544772833585739
5314,0.16020309925079346
5315,0.18171875178813934
5316,0.13500186800956726
5317,0.14945891499519348
5318,0.14945891499519348
5319,0.18888555467128754
5320,0.163807213306427
5321,0.1522819995880127
5322,0.1731582134962082
5323,0.1743716150522232
5324,0.17663247883319855
5325,0.17663247883319855
5326,0.16260507702827454
5327,0.15118849277496338
5328,0.15118849277496338
5329,0.1576572209596634
5330,0.1734577715396881
5331,0.14795862138271332
5332,0.15515193343162537
5333,0.15515193343162537
5334,0.1642880141735077
5335,0.17028731107711792
5336,0.15440505743026733
5337,0.15440505743026733
5338,0.18461476266384125
5339,0.2026384323835373
5340,0.16398873925209045
5341,0.1735788732767105
5342,0.1735788732767105
5343,0.16155791282653809
5344,0.16139031946659088
5345,0.16992001235485077
5346,0.18234285712242126
5347,0.15222176909446716
5348,0.15222176909446716
5349,0.11799441277980804
5350,0.1675371527671814
5351,0.15548567473888397
5352,0.16561231017112732
5353,0.15537378191947937
5354,0.15537378191947937
5355,0.1735871434211731
5356,0.18068870902061462
5357,0.16423949599266052
5358,0.16423949599266052
5359,0.1746889054775238
5360,0.14065507054328918
5361,0.20522813498973846
5362,0.20522813498973846
5363,0.23646768927574158
5364,0.30347639322280884
5365,0.2174738347530365
5366,0.2178676873445511
5367,0.24843740463256836
5368,0.26055723428726196
5369,0.26055723428726196
5370,0.20459306240081787
5371,0.2033655196428299
5372,0.2385803908109665
5373,0.2385803908109665
5374,0.28221505880355835
5375,0.26748430728912354
5376,0.26748430728912354
5377,0.2274610549211502
5378,0.23709507286548615
5379,0.23709507286548615
5380,0.20814909040927887
5381,0.22322916984558105
5382,0.23634958267211914
5383,0.23634958267211914
5384,0.22616244852542877
5385,0.24112702906131744
5386,0.23186935484409332
5387,0.2644060552120209
5388,0.2644060552120209
5389,0.2344079315662384
5390,0.2344079315662384
5391,0.2599835991859436
5392,0.2929280400276184
5393,0.2929280400276184
5394,0.24589334428310394
5395,0.24589334428310394
5396,0.31302928924560547
5397,0.23669318854808807
5398,0.28687435388565063
5399,0.24871708452701569
5400,0.24871708452701569
5401,0.23001736402511597
5402,0.2741858959197998
5403,0.23117342591285706
5404,0.23117342591285706
5405,0.2678409218788147
5406,0.23077109456062317
5407,0.20796085894107819
5408,0.24643248319625854
5409,0.24643248319625854
5410,0.27306777238845825
5411,0.23147614300251007
5412,0.22453822195529938
5413,0.2646229863166809
5414,0.26463815569877625
5415,0.2545982599258423
5416,0.2545982599258423
5417,0.22737951576709747
5418,0.23608194291591644
5419,0.23608194291591644
5420,0.23977987468242645
5421,0.25077229738235474
5422,0.27915629744529724
5423,0.2716442346572876
5424,0.2716442346572876
5425,0.23340778052806854
5426,0.2568540573120117
5427,0.25489652156829834
5428,0.25489652156829834
5429,0.2820706367492676
5430,0.2748187184333801
5431,0.24826766550540924
5432,0.24375520646572113
5433,0.24375520646572113
5434,0.25844115018844604
5435,0.2586539387702942
5436,0.2663494348526001
5437,0.25694602727890015
5438,0.23876328766345978
5439,0.23876328766345978
5440,0.2021803855895996
5441,0.2605134844779968
5442,0.25348961353302
5443,0.23347599804401398
5444,0.2541717290878296
5445,0.2541717290878296
5446,0.2577960193157196
5447,0.2507031559944153
5448,0.2514219880104065
5449,0.2514219880104065
5450,0.24114172160625458
5451,0.1979050487279892
5452,0.2648792862892151
5453,0.2648792862892151
5454,0.21446819603443146
5455,0.2497558742761612
5456,0.1745346039533615
5457,0.17413558065891266
5458,0.22662308812141418
5459,0.22624371945858002
5460,0.22624371945858002
5461,0.19754251837730408
5462,0.18044449388980865
5463,0.19470223784446716
5464,0.19470223784446716
5465,0.24784192442893982
5466,0.23790383338928223
5467,0.23790383338928223
5468,0.19663192331790924
5469,0.20032036304473877
5470,0.20032036304473877
5471,0.1935833841562271
5472,0.19360880553722382
5473,0.19963079690933228
5474,0.19963079690933228
5475,0.2022419273853302
5476,0.19065766036510468
5477,0.2251976877450943
5478,0.22370736300945282
5479,0.22370736300945282
5480,0.1985039860010147
5481,0.1985039860010147
5482,0.23397737741470337
5483,0.26240724325180054
5484,0.26240724325180054
5485,0.20804663002490997
5486,0.20804663002490997
5487,0.28782662749290466
5488,0.2202535718679428
5489,0.20840336382389069
5490,0.1973312646150589
5491,0.1973312646150589
5492,0.20537595450878143
5493,0.2389702945947647
5494,0.21663393080234528
5495,0.21663393080234528
5496,0.24032698571681976
5497,0.20416057109832764
5498,0.18107746541500092
5499,0.22391752898693085
5500,0.22391752898693085
5501,0.24425359070301056
5502,0.20488661527633667
5503,0.18860645592212677
5504,0.24315842986106873
5505,0.2455533742904663
5506,0.21674911677837372
5507,0.21674911677837372
5508,0.18912014365196228
5509,0.225382998585701
5510,0.225382998585701
5511,0.2274448573589325
5512,0.2256641834974289
5513,0.22851566970348358
5514,0.22997285425662994
5515,0.22997285425662994
5516,0.20619671046733856
5517,0.2170322984457016
5518,0.22640658915042877
5519,0.22640658915042877
5520,0.26360487937927246
5521,0.2471024990081787
5522,0.22320960462093353
5523,0.21274659037590027
5524,0.21274659037590027
5525,0.2128906100988388
5526,0.212995707988739
5527,0.24706996977329254
5528,0.23671741783618927
5529,0.2073436975479126
5530,0.2073436975479126
5531,0.16578912734985352
5532,0.2164681851863861
5533,0.2132146805524826
5534,0.22023501992225647
5535,0.22609807550907135
5536,0.22609807550907135
5537,0.2250184565782547
5538,0.22413526475429535
5539,0.2272060364484787
5540,0.2272060364484787
5541,0.20899318158626556
5542,0.17240668833255768
5543,0.24697358906269073
5544,0.24697358906269073
5545,0.23316238820552826
5546,0.23316238820552826
5547,0.25926414132118225
5548,0.25926414132118225
5549,0.22433046996593475
5550,0.22418607771396637
5551,0.22428007423877716
5552,0.22423651814460754
5553,0.232460156083107
5554,0.232460156083107
5555,0.239053875207901
5556,0.23920969665050507
5557,0.23920969665050507
5558,0.239053875207901
5559,0.24831269681453705
5560,0.24831269681453705
5561,0.18200959265232086
5562,0.18200959265232086
5563,0.22745999693870544
5564,0.228652223944664
5565,0.228652223944664
5566,0.22745999693870544
5567,0.25361961126327515
5568,0.25361961126327515
5569,0.25569969415664673
5570,0.2550334930419922
5571,0.2550334930419922
5572,0.25569969415664673
5573,0.22704407572746277
5574,0.22704407572746277
5575,0.22740872204303741
5576,0.22927312552928925
5577,0.22927312552928925
5578,0.22740872204303741
5579,0.19866688549518585
5580,0.19866688549518585
5581,0.21188509464263916
5582,0.21188509464263916
5583,0.22615903615951538
5584,0.22620528936386108
5585,0.22620528936386108
5586,0.22615903615951538
5587,0.21208219230175018
5588,0.21208219230175018
5589,0.22424669563770294
5590,0.22424669563770294
5591,0.23643772304058075
5592,0.23643772304058075
5593,0.24925179779529572
5594,0.248016819357872
5595,0.248016819357872
5596,0.24925179779529572
5597,0.2155720740556717
5598,0.2156834453344345
5599,0.2156834453344345
5600,0.2155720740556717
5601,0.23875151574611664
5602,0.23875151574611664
5603,0.263802707195282
5604,0.265322208404541
5605,0.265322208404541
5606,0.263802707195282
5607,0.23879370093345642
5608,0.23696330189704895
5609,0.23696330189704895
5610,0.23879370093345642
5611,0.29168611764907837
5612,0.29168611764907837
5613,0.2653534710407257
5614,0.2653534710407257
5615,0.23735250532627106
5616,0.23735250532627106
5617,0.2257208526134491
5618,0.22517096996307373
5619,0.22517096996307373
5620,0.2257208526134491
5621,0.22774969041347504
5622,0.22774969041347504
5623,0.2344241887331009
5624,0.2344241887331009
5625,0.26125839352607727
5626,0.2610659599304199
5627,0.2610659599304199
5628,0.26125839352607727
5629,0.2700420022010803
5630,0.2700420022010803
5631,0.22273768484592438
5632,0.22273768484592438
5633,0.18546371161937714
5634,0.18546371161937714
5635,0.2436513453722
5636,0.24418064951896667
5637,0.24418064951896667
5638,0.2436513453722
5639,0.27435392141342163
5640,0.27435392141342163
5641,0.22324638068675995
5642,0.22324638068675995
5643,0.21483708918094635
5644,0.21483708918094635
5645,0.25142306089401245
5646,0.25142306089401245
5647,0.25074800848960876
5648,0.25074800848960876
5649,0.2539020776748657
5650,0.2543042302131653
5651,0.2543042302131653
5652,0.2539020776748657
5653,0.21808750927448273
5654,0.21808750927448273
5655,0.2413780689239502
5656,0.2411719262599945
5657,0.2411719262599945
5658,0.2413780689239502
5659,0.23805536329746246
5660,0.23805536329746246
5661,0.2335553914308548
5662,0.2335553914308548
5663,0.26194310188293457
5664,0.26194310188293457
5665,0.2447715848684311
5666,0.24595029652118683
5667,0.24595029652118683
5668,0.2447715848684311
5669,0.21650715172290802
5670,0.21650715172290802
5671,0.23344768583774567
5672,0.23344768583774567
5673,0.2340630441904068
5674,0.23462624847888947
5675,0.23462624847888947
5676,0.2340630441904068
5677,0.26498842239379883
5678,0.26498842239379883
5679,0.2505754232406616
5680,0.2505754232406616
5681,0.24188007414340973
5682,0.24188007414340973
5683,0.22697484493255615
5684,0.22759699821472168
5685,0.22759699821472168
5686,0.22697484493255615
5687,0.2471853643655777
5688,0.24745282530784607
5689,0.2471349984407425
5690,0.24751807749271393
5691,0.2563837170600891
5692,0.2563837170600891
5693,0.23781625926494598
5694,0.23781625926494598
5695,0.2206169217824936
5696,0.2204752415418625
5697,0.2204752415418625
5698,0.2206169217824936
5699,0.17961330711841583
5700,0.17961330711841583
5701,0.24186624586582184
5702,0.23840846121311188
5703,0.24193310737609863
5704,0.23829710483551025
5705,0.25864702463150024
5706,0.25864702463150024
5707,0.23518584668636322
5708,0.2357705980539322
5709,0.2357705980539322
5710,0.23518584668636322
5711,0.25816231966018677
5712,0.25816231966018677
5713,0.22894228994846344
5714,0.22894228994846344
5715,0.2552011013031006
5716,0.255387544631958
5717,0.255387544631958
5718,0.2552011013031006
5719,0.22847409546375275
5720,0.22847409546375275
5721,0.192720428109169
5722,0.192720428109169
5723,0.25274166464805603
5724,0.252743124961853
5725,0.252743124961853
5726,0.25274166464805603
5727,0.22661685943603516
5728,0.22661685943603516
5729,0.25848403573036194
5730,0.25848403573036194
5731,0.1845344752073288
5732,0.18482618033885956
5733,0.18453453481197357
5734,0.18482603132724762
5735,0.21918612718582153
5736,0.21918612718582153
5737,0.21847210824489594
5738,0.21780630946159363
5739,0.21780630946159363
5740,0.21847210824489594
5741,0.2208842933177948
5742,0.2208842933177948
5743,0.1918589323759079
5744,0.1918589323759079
5745,0.19957150518894196
5746,0.19943766295909882
5747,0.19943766295909882
5748,0.19957150518894196
5749,0.2528578042984009
5750,0.2528578042984009
5751,0.24849718809127808
5752,0.24853409826755524
5753,0.24853409826755524
5754,0.24849718809127808
5755,0.18848682940006256
5756,0.18848682940006256
5757,0.20439448952674866
5758,0.20374436676502228
5759,0.20374436676502228
5760,0.20439448952674866
5761,0.18396158516407013
5762,0.18396158516407013
5763,0.189900204539299
5764,0.189900204539299
5765,0.22231893241405487
5766,0.22231774032115936
5767,0.22231774032115936
5768,0.22231893241405487
5769,0.21015973389148712
5770,0.21015973389148712
5771,0.18950329720973969
5772,0.18950329720973969
5773,0.23237569630146027
5774,0.23237569630146027
5775,0.2353331297636032
5776,0.2347254604101181
5777,0.2347254604101181
5778,0.2353331297636032
5779,0.19799701869487762
5780,0.1978863924741745
5781,0.1978863924741745
5782,0.19799701869487762
5783,0.222061887383461
5784,0.222061887383461
5785,0.24668532609939575
5786,0.2464892715215683
5787,0.2464892715215683
5788,0.24668532609939575
5789,0.19434547424316406
5790,0.19398202002048492
5791,0.19398202002048492
5792,0.19434547424316406
5793,0.29364579916000366
5794,0.29364579916000366
5795,0.23314084112644196
5796,0.23314084112644196
5797,0.24510055780410767
5798,0.24510055780410767
5799,0.20718078315258026
5800,0.20684728026390076
5801,0.20684728026390076
5802,0.20718078315258026
5803,0.23106935620307922
5804,0.23106935620307922
5805,0.25882232189178467
5806,0.25882232189178467
5807,0.23323430120944977
5808,0.23322580754756927
5809,0.23322580754756927
5810,0.23323430120944977
5811,0.24577854573726654
5812,0.24577854573726654
5813,0.20010249316692352
5814,0.20010249316692352
5815,0.1966615468263626
5816,0.1966615468263626
5817,0.2390063852071762
5818,0.23901019990444183
5819,0.23901019990444183
5820,0.2390063852071762
5821,0.24923336505889893
5822,0.24923336505889893
5823,0.1975802332162857
5824,0.1975802332162857
5825,0.19965724647045135
5826,0.19965724647045135
5827,0.24893270432949066
5828,0.24893270432949066
5829,0.2308487445116043
5830,0.2308487445116043
5831,0.20873351395130157
5832,0.20872728526592255
5833,0.20872728526592255
5834,0.20873351395130157
5835,0.2019677311182022
5836,0.2019677311182022
5837,0.23670725524425507
5838,0.23669347167015076
5839,0.23669347167015076
5840,0.23670725524425507
5841,0.23134736716747284
5842,0.23134736716747284
5843,0.221049964427948
5844,0.221049964427948
5845,0.25674402713775635
5846,0.25674402713775635
5847,0.23017840087413788
5848,0.22965727746486664
5849,0.22965727746486664
5850,0.23017840087413788
5851,0.2004353553056717
5852,0.2004353553056717
5853,0.22221548855304718
5854,0.22221548855304718
5855,0.21703307330608368
5856,0.21700002253055573
5857,0.21700002253055573
5858,0.21703307330608368
5859,0.26349952816963196
5860,0.26349952816963196
5861,0.23476587235927582
5862,0.23476587235927582
5863,0.21010564267635345
5864,0.21010564267635345
5865,0.2113802284002304
5866,0.21137945353984833
5867,0.21137945353984833
5868,0.2113802284002304
5869,0.23368974030017853
5870,0.23357516527175903
5871,0.233689084649086
5872,0.23357582092285156
5873,0.24900151789188385
5874,0.24900151789188385
5875,0.23145626485347748
5876,0.23145626485347748
5877,0.21102727949619293
5878,0.21103204786777496
5879,0.21103204786777496
5880,0.21102727949619293
5881,0.18841096758842468
5882,0.18841096758842468
5883,0.23146715760231018
5884,0.2290322631597519
5885,0.23146481812000275
5886,0.2290382981300354
5887,0.23468519747257233
5888,0.23468519747257233
5889,0.21654538810253143
5890,0.21651612222194672
5891,0.21651612222194672
5892,0.21654538810253143
5893,0.23674581944942474
5894,0.23674581944942474
5895,0.22581155598163605
5896,0.22581155598163605
5897,0.23888911306858063
5898,0.23888950049877167
5899,0.23888950049877167
5900,0.23888911306858063
5901,0.21006520092487335
5902,0.21006520092487335
5903,0.1805291473865509
5904,0.1805291473865509
5905,0.2233675867319107
5906,0.22336755692958832
5907,0.22336755692958832
5908,0.2233675867319107
5909,0.20835252106189728
5910,0.20835252106189728
5911,0.23212701082229614
5912,0.23212701082229614
5913,0.22686901688575745
5914,0.22749729454517365
5915,0.22689329087734222
5916,0.22747895121574402
5917,0.24847707152366638
5918,0.24847707152366638
5919,0.24828658998012543
5920,0.2501997947692871
5921,0.2501997947692871
5922,0.24828658998012543
5923,0.2305881530046463
5924,0.2305881530046463
5925,0.17004771530628204
5926,0.17004771530628204
5927,0.2461741715669632
5928,0.24487130343914032
5929,0.24487130343914032
5930,0.2461741715669632
5931,0.24078239500522614
5932,0.24078239500522614
5933,0.2328779101371765
5934,0.23250263929367065
5935,0.23250263929367065
5936,0.2328779101371765
5937,0.2507607340812683
5938,0.2507607340812683
5939,0.23172800242900848
5940,0.23346053063869476
5941,0.23346053063869476
5942,0.23172800242900848
5943,0.18338651955127716
5944,0.18338651955127716
5945,0.2294021099805832
5946,0.2294021099805832
5947,0.19096654653549194
5948,0.19088202714920044
5949,0.19088202714920044
5950,0.19096654653549194
5951,0.18218038976192474
5952,0.18218038976192474
5953,0.2256220579147339
5954,0.2256220579147339
5955,0.21637828648090363
5956,0.21637828648090363
5957,0.2342156320810318
5958,0.23841466009616852
5959,0.23841466009616852
5960,0.2342156320810318
5961,0.23205804824829102
5962,0.23355306684970856
5963,0.23355306684970856
5964,0.23205804824829102
5965,0.23545832931995392
5966,0.23545832931995392
5967,0.26551446318626404
5968,0.26886433362960815
5969,0.26886433362960815
5970,0.26551446318626404
5971,0.2595372796058655
5972,0.25970789790153503
5973,0.25970789790153503
5974,0.2595372796058655
5975,0.3129592537879944
5976,0.3129592537879944
5977,0.25071796774864197
5978,0.25071796774864197
5979,0.21696002781391144
5980,0.21696002781391144
5981,0.236326202750206
5982,0.24076448380947113
5983,0.24076448380947113
5984,0.236326202750206
5985,0.1959620863199234
5986,0.1959620863199234
5987,0.21993908286094666
5988,0.21993908286094666
5989,0.24002845585346222
5990,0.24004407227039337
5991,0.24004407227039337
5992,0.24002845585346222
5993,0.24995414912700653
5994,0.24995414912700653
5995,0.23634952306747437
5996,0.23634952306747437
5997,0.1770167201757431
5998,0.1770167201757431
5999,0.21724723279476166
6000,0.2165522277355194
6001,0.2165522277355194
6002,0.21724723279476166
6003,0.25152814388275146
6004,0.25152814388275146
6005,0.24568326771259308
6006,0.24568326771259308
6007,0.1878260225057602
6008,0.1878260225057602
6009,0.225423201918602
6010,0.225423201918602
6011,0.24215902388095856
6012,0.24215902388095856
6013,0.2679774761199951
6014,0.2681146264076233
6015,0.2681146264076233
6016,0.2679774761199951
6017,0.20598171651363373
6018,0.20598171651363373
6019,0.21838314831256866
6020,0.21864007413387299
6021,0.21864007413387299
6022,0.21838314831256866
6023,0.20778997242450714
6024,0.20778997242450714
6025,0.2601219117641449
6026,0.2601219117641449
6027,0.21719801425933838
6028,0.21719801425933838
6029,0.23731185495853424
6030,0.2398090660572052
6031,0.2398090660572052
6032,0.23731185495853424
6033,0.22451719641685486
6034,0.22451719641685486
6035,0.24382302165031433
6036,0.24382302165031433
6037,0.22743193805217743
6038,0.2272699475288391
6039,0.2272699475288391
6040,0.22743193805217743
6041,0.234042227268219
6042,0.234042227268219
6043,0.2870824933052063
6044,0.2870824933052063
6045,0.21047665178775787
6046,0.21047665178775787
6047,0.24811892211437225
6048,0.24792593717575073
6049,0.24792593717575073
6050,0.24811892211437225
6051,0.24873152375221252
6052,0.24796031415462494
6053,0.24865317344665527
6054,0.24803970754146576
6055,0.24028830230236053
6056,0.24028830230236053
6057,0.24428771436214447
6058,0.24428771436214447
6059,0.20568519830703735
6060,0.20575226843357086
6061,0.20575226843357086
6062,0.20568519830703735
6063,0.15241652727127075
6064,0.15241652727127075
6065,0.2301027774810791
6066,0.22413425147533417
6067,0.2298557609319687
6068,0.22419580817222595
6069,0.24471858143806458
6070,0.24471858143806458
6071,0.22659756243228912
6072,0.22646795213222504
6073,0.22646795213222504
6074,0.22659756243228912
6075,0.23605729639530182
6076,0.23605729639530182
6077,0.242873877286911
6078,0.242873877286911
6079,0.22464747726917267
6080,0.22474998235702515
6081,0.22474998235702515
6082,0.22464747726917267
6083,0.22810481488704681
6084,0.22810481488704681
6085,0.18326327204704285
6086,0.18326327204704285
6087,0.29420220851898193
6088,0.2941981554031372
6089,0.2941981554031372
6090,0.29420220851898193
6091,0.22312648594379425
6092,0.2588265538215637
6093,0.200290247797966
6094,0.20044495165348053
6095,0.2393016666173935
6096,0.2400227040052414
6097,0.2400227040052414
6098,0.20515963435173035
6099,0.17878706753253937
6100,0.2047605961561203
6101,0.2047605961561203
6102,0.26070305705070496
6103,0.2557274103164673
6104,0.2557274103164673
6105,0.19763155281543732
6106,0.20561254024505615
6107,0.20561254024505615
6108,0.19859285652637482
6109,0.20527441799640656
6110,0.21365779638290405
6111,0.21365779638290405
6112,0.20628325641155243
6113,0.2164805680513382
6114,0.22936339676380157
6115,0.2421244978904724
6116,0.2421244978904724
6117,0.21351726353168488
6118,0.21351726353168488
6119,0.23805297911167145
6120,0.2756173014640808
6121,0.2756173014640808
6122,0.2236352413892746
6123,0.2236352413892746
6124,0.28730592131614685
6125,0.23382778465747833
6126,0.22778014838695526
6127,0.22151799499988556
6128,0.22151799499988556
6129,0.21708525717258453
6130,0.25902557373046875
6131,0.22836600244045258
6132,0.22836600244045258
6133,0.2503706216812134
6134,0.21586807072162628
6135,0.18444813787937164
6136,0.22905226051807404
6137,0.22905226051807404
6138,0.25944721698760986
6139,0.20779214799404144
6140,0.20720387995243073
6141,0.24838735163211823
6142,0.2522065043449402
6143,0.23844210803508759
6144,0.23844210803508759
6145,0.20467810332775116
6146,0.22713859379291534
6147,0.22713859379291534
6148,0.22699131071567535
6149,0.2409570813179016
6150,0.2565189599990845
6151,0.24051271378993988
6152,0.24051271378993988
6153,0.2221386581659317
6154,0.24506241083145142
6155,0.228706493973732
6156,0.228706493973732
6157,0.2589593529701233
6158,0.2733769416809082
6159,0.22868551313877106
6160,0.22652235627174377
6161,0.22652235627174377
6162,0.23552772402763367
6163,0.23495374619960785
6164,0.2541586756706238
6165,0.24100682139396667
6166,0.21137985587120056
6167,0.21137985587120056
6168,0.1662021428346634
6169,0.23917339742183685
6170,0.23002098500728607
6171,0.22505584359169006
6172,0.22964127361774445
6173,0.22964127361774445
6174,0.23690901696681976
6175,0.24376527965068817
6176,0.23972384631633759
6177,0.23972384631633759
6178,0.2270064502954483
6179,0.18020837008953094
6180,0.26280444860458374
6181,0.26280444860458374
6182,0.1881897896528244
6183,0.21237246692180634
6184,0.198452889919281
6185,0.19856931269168854
6186,0.22926385700702667
6187,0.20978231728076935
6188,0.20978231728076935
6189,0.17413730919361115
6190,0.13607868552207947
6191,0.19924505054950714
6192,0.19924505054950714
6193,0.19243238866329193
6194,0.19905924797058105
6195,0.19905924797058105
6196,0.21102255582809448
6197,0.20380017161369324
6198,0.20380017161369324
6199,0.15826362371444702
6200,0.2034025341272354
6201,0.15606380999088287
6202,0.15606380999088287
6203,0.17037127912044525
6204,0.19601969420909882
6205,0.17214511334896088
6206,0.22682927548885345
6207,0.22682927548885345
6208,0.19449198246002197
6209,0.19449198246002197
6210,0.20084626972675323
6211,0.23008956015110016
6212,0.23008956015110016
6213,0.23252426087856293
6214,0.23252426087856293
6215,0.26693257689476013
6216,0.1961631029844284
6217,0.19519177079200745
6218,0.20257164537906647
6219,0.20257164537906647
6220,0.15964746475219727
6221,0.1871652752161026
6222,0.18660934269428253
6223,0.18660934269428253
6224,0.19893258810043335
6225,0.20619113743305206
6226,0.14836426079273224
6227,0.1697792261838913
6228,0.1697792261838913
6229,0.20949670672416687
6230,0.2142968475818634
6231,0.17362375557422638
6232,0.20806528627872467
6233,0.20211826264858246
6234,0.22967854142189026
6235,0.22967854142189026
6236,0.19056157767772675
6237,0.17026028037071228
6238,0.17026028037071228
6239,0.17405392229557037
6240,0.2153642177581787
6241,0.18134330213069916
6242,0.20201902091503143
6243,0.20201902091503143
6244,0.18758688867092133
6245,0.20124132931232452
6246,0.19106008112430573
6247,0.19106008112430573
6248,0.2036220282316208
6249,0.23471947014331818
6250,0.19136333465576172
6251,0.20260114967823029
6252,0.20260114967823029
6253,0.22080804407596588
6254,0.219742551445961
6255,0.2058686465024948
6256,0.21728484332561493
6257,0.1779361069202423
6258,0.1779361069202423
6259,0.12640874087810516
6260,0.18961268663406372
6261,0.19191484153270721
6262,0.197945237159729
6263,0.1907522827386856
6264,0.1907522827386856
6265,0.21160778403282166
6266,0.21223773062229156
6267,0.20341894030570984
6268,0.20341894030570984
6269,0.20559220016002655
6270,0.16249236464500427
6271,0.24738870561122894
6272,0.24738870561122894
6273,0.19511668384075165
6274,0.22316081821918488
6275,0.2273375540971756
6276,0.22786730527877808
6277,0.24812467396259308
6278,0.2289789617061615
6279,0.2289789617061615
6280,0.2057759016752243
6281,0.13943013548851013
6282,0.24430398643016815
6283,0.24430398643016815
6284,0.22816386818885803
6285,0.20887483656406403
6286,0.20887483656406403
6287,0.2522009611129761
6288,0.21643270552158356
6289,0.21643270552158356
6290,0.14987707138061523
6291,0.24938766658306122
6292,0.1746145635843277
6293,0.1746145635843277
6294,0.14991910755634308
6295,0.21681497991085052
6296,0.19157567620277405
6297,0.21844379603862762
6298,0.21844379603862762
6299,0.2307019829750061
6300,0.2307019829750061
6301,0.19009573757648468
6302,0.246487095952034
6303,0.246487095952034
6304,0.2675985097885132
6305,0.2675985097885132
6306,0.278211772441864
6307,0.22183947265148163
6308,0.19733525812625885
6309,0.22775213420391083
6310,0.22775213420391083
6311,0.18138033151626587
6312,0.20524659752845764
6313,0.21460169553756714
6314,0.21460169553756714
6315,0.22040994465351105
6316,0.23537525534629822
6317,0.15256664156913757
6318,0.20274119079113007
6319,0.20274119079113007
6320,0.23040752112865448
6321,0.250874400138855
6322,0.15958569943904877
6323,0.20218409597873688
6324,0.21480236947536469
6325,0.2856751084327698
6326,0.2856751084327698
6327,0.2207363098859787
6328,0.18914534151554108
6329,0.18914534151554108
6330,0.19790951907634735
6331,0.25467777252197266
6332,0.19171883165836334
6333,0.22730620205402374
6334,0.22730620205402374
6335,0.22053144872188568
6336,0.22751547396183014
6337,0.18843434751033783
6338,0.18843434751033783
6339,0.23057013750076294
6340,0.2844393253326416
6341,0.215701162815094
6342,0.2539435625076294
6343,0.2539435625076294
6344,0.21934044361114502
6345,0.21836136281490326
6346,0.1953933835029602
6347,0.21866662800312042
6348,0.18165569007396698
6349,0.18165569007396698
6350,0.13200120627880096
6351,0.21139098703861237
6352,0.20256130397319794
6353,0.20338983833789825
6354,0.19148527085781097
6355,0.19148527085781097
6356,0.20719404518604279
6357,0.22439990937709808
6358,0.21449591219425201
6359,0.21449591219425201
6360,0.23452351987361908
6361,0.1476065218448639
6362,0.2972334027290344
6363,0.2972334027290344
6364,0.1781589537858963
6365,0.1781589537858963
6366,0.2084076851606369
6367,0.2084076851606369
6368,0.1929493099451065
6369,0.19304297864437103
6370,0.1929495483636856
6371,0.19304271042346954
6372,0.22453494369983673
6373,0.22453494369983673
6374,0.20220312476158142
6375,0.20192019641399384
6376,0.20192019641399384
6377,0.20220312476158142
6378,0.1733759492635727
6379,0.1733759492635727
6380,0.1365167498588562
6381,0.1365167498588562
6382,0.19715069234371185
6383,0.19704453647136688
6384,0.19704453647136688
6385,0.19715069234371185
6386,0.18589361011981964
6387,0.18589361011981964
6388,0.1875569224357605
6389,0.1875695437192917
6390,0.1875695437192917
6391,0.1875569224357605
6392,0.2088974565267563
6393,0.2088974565267563
6394,0.19160838425159454
6395,0.19126197695732117
6396,0.19126197695732117
6397,0.19160838425159454
6398,0.1606624275445938
6399,0.1606624275445938
6400,0.19900479912757874
6401,0.19900479912757874
6402,0.1549282670021057
6403,0.154929980635643
6404,0.154929980635643
6405,0.1549282670021057
6406,0.1631646305322647
6407,0.1631646305322647
6408,0.18876512348651886
6409,0.18876512348651886
6410,0.1682051420211792
6411,0.1682051420211792
6412,0.21399202942848206
6413,0.2138787806034088
6414,0.2138787806034088
6415,0.21399202942848206
6416,0.19435660541057587
6417,0.19396767020225525
6418,0.19396767020225525
6419,0.19435660541057587
6420,0.19724000990390778
6421,0.19724000990390778
6422,0.22285595536231995
6423,0.22271881997585297
6424,0.22271881997585297
6425,0.22285595536231995
6426,0.22201047837734222
6427,0.2215278297662735
6428,0.2215278297662735
6429,0.22201047837734222
6430,0.25956857204437256
6431,0.25956857204437256
6432,0.19683586061000824
6433,0.19683586061000824
6434,0.1877518743276596
6435,0.1877518743276596
6436,0.19440153241157532
6437,0.19420260190963745
6438,0.19420260190963745
6439,0.19440153241157532
6440,0.15763366222381592
6441,0.15763366222381592
6442,0.17888112366199493
6443,0.17888112366199493
6444,0.1860133856534958
6445,0.18600423634052277
6446,0.18600423634052277
6447,0.1860133856534958
6448,0.19592978060245514
6449,0.19592978060245514
6450,0.20059899985790253
6451,0.20059899985790253
6452,0.1478482484817505
6453,0.1478482484817505
6454,0.17003898322582245
6455,0.17003856599330902
6456,0.17003856599330902
6457,0.17003898322582245
6458,0.20398277044296265
6459,0.20398277044296265
6460,0.2087840586900711
6461,0.2087840586900711
6462,0.17017504572868347
6463,0.17017504572868347
6464,0.20357926189899445
6465,0.20357926189899445
6466,0.20257695019245148
6467,0.20257695019245148
6468,0.22426442801952362
6469,0.22425006330013275
6470,0.22425006330013275
6471,0.22426442801952362
6472,0.1868021935224533
6473,0.1868021935224533
6474,0.16929225623607635
6475,0.16930584609508514
6476,0.16930584609508514
6477,0.16929225623607635
6478,0.16932956874370575
6479,0.16932956874370575
6480,0.20979304611682892
6481,0.20979304611682892
6482,0.18214380741119385
6483,0.18214380741119385
6484,0.1956249177455902
6485,0.19559913873672485
6486,0.19559913873672485
6487,0.1956249177455902
6488,0.18647761642932892
6489,0.18647761642932892
6490,0.2018219381570816
6491,0.2018219381570816
6492,0.1891041100025177
6493,0.18907912075519562
6494,0.18907912075519562
6495,0.1891041100025177
6496,0.2003726065158844
6497,0.2003726065158844
6498,0.23440952599048615
6499,0.23440952599048615
6500,0.18743395805358887
6501,0.18743395805358887
6502,0.20322741568088531
6503,0.20322011411190033
6504,0.20322011411190033
6505,0.20322741568088531
6506,0.20759497582912445
6507,0.20674394071102142
6508,0.2075968086719513
6509,0.20674212276935577
6510,0.19716323912143707
6511,0.19716323912143707
6512,0.21345402300357819
6513,0.21345402300357819
6514,0.17108680307865143
6515,0.17109422385692596
6516,0.17109422385692596
6517,0.17108680307865143
6518,0.13456113636493683
6519,0.13456113636493683
6520,0.18168075382709503
6521,0.18375658988952637
6522,0.1816694587469101
6523,0.18376846611499786
6524,0.1943233758211136
6525,0.1943233758211136
6526,0.18888415396213531
6527,0.18885979056358337
6528,0.18885979056358337
6529,0.18888415396213531
6530,0.2079562246799469
6531,0.2079562246799469
6532,0.21122051775455475
6533,0.21122051775455475
6534,0.19909422099590302
6535,0.19909487664699554
6536,0.19909487664699554
6537,0.19909422099590302
6538,0.20138028264045715
6539,0.20138028264045715
6540,0.15873947739601135
6541,0.15873947739601135
6542,0.2437775880098343
6543,0.2437775880098343
6544,0.2437775880098343
6545,0.2437775880098343
6546,0.19265906512737274
6547,0.2551316022872925
6548,0.2337573617696762
6549,0.2340771108865738
6550,0.250108540058136
6551,0.22207720577716827
6552,0.22207720577716827
6553,0.19303695857524872
6554,0.1676454246044159
6555,0.24614956974983215
6556,0.24614956974983215
6557,0.24179433286190033
6558,0.21539916098117828
6559,0.21539916098117828
6560,0.2581026256084442
6561,0.23516248166561127
6562,0.23516248166561127
6563,0.15937072038650513
6564,0.2279193103313446
6565,0.1802709549665451
6566,0.1802709549665451
6567,0.1861651986837387
6568,0.219247967004776
6569,0.20499004423618317
6570,0.24586251378059387
6571,0.24586251378059387
6572,0.22289036214351654
6573,0.22289036214351654
6574,0.19796831905841827
6575,0.23671522736549377
6576,0.23671522736549377
6577,0.24828802049160004
6578,0.24828802049160004
6579,0.263858437538147
6580,0.20788146555423737
6581,0.23218746483325958
6582,0.22720396518707275
6583,0.22720396518707275
6584,0.1843968778848648
6585,0.19696944952011108
6586,0.20462627708911896
6587,0.20462627708911896
6588,0.21130211651325226
6589,0.23632203042507172
6590,0.17008832097053528
6591,0.1959790140390396
6592,0.1959790140390396
6593,0.2184273898601532
6594,0.2371852844953537
6595,0.17089203000068665
6596,0.21390120685100555
6597,0.21234312653541565
6598,0.26836854219436646
6599,0.26836854219436646
6600,0.22876210510730743
6601,0.20026032626628876
6602,0.20026032626628876
6603,0.20646345615386963
6604,0.23825959861278534
6605,0.21777938306331635
6606,0.23301434516906738
6607,0.23301434516906738
6608,0.21011559665203094
6609,0.22067509591579437
6610,0.19904445111751556
6611,0.19904445111751556
6612,0.2589713931083679
6613,0.2698604464530945
6614,0.20702166855335236
6615,0.2403223067522049
6616,0.2403223067522049
6617,0.2373281568288803
6618,0.2366398274898529
6619,0.21138371527194977
6620,0.21216526627540588
6621,0.21641269326210022
6622,0.21641269326210022
6623,0.16702575981616974
6624,0.2328006774187088
6625,0.22655974328517914
6626,0.20441843569278717
6627,0.19959180057048798
6628,0.19959180057048798
6629,0.22034169733524323
6630,0.22236399352550507
6631,0.20976899564266205
6632,0.20976899564266205
6633,0.2384597212076187
6634,0.16968944668769836
6635,0.26936858892440796
6636,0.26936858892440796
6637,0.21213798224925995
6638,0.25620710849761963
6639,0.18228508532047272
6640,0.18239231407642365
6641,0.22029872238636017
6642,0.21905291080474854
6643,0.21905291080474854
6644,0.18971571326255798
6645,0.16280050575733185
6646,0.19319410622119904
6647,0.19319410622119904
6648,0.23001965880393982
6649,0.22094286978244781
6650,0.22094286978244781
6651,0.18997929990291595
6652,0.1987709254026413
6653,0.1987709254026413
6654,0.1860731691122055
6655,0.17047466337680817
6656,0.20775870978832245
6657,0.20775870978832245
6658,0.1910456269979477
6659,0.1946735829114914
6660,0.20546743273735046
6661,0.23306165635585785
6662,0.23306165635585785
6663,0.18069157004356384
6664,0.18069157004356384
6665,0.22168868780136108
6666,0.25801193714141846
6667,0.25801193714141846
6668,0.20446497201919556
6669,0.20446497201919556
6670,0.26109135150909424
6671,0.1969887912273407
6672,0.21823011338710785
6673,0.20452405512332916
6674,0.20452405512332916
6675,0.21052008867263794
6676,0.24105657637119293
6677,0.19823569059371948
6678,0.19823569059371948
6679,0.21053357422351837
6680,0.19444464147090912
6681,0.1650547832250595
6682,0.21939536929130554
6683,0.21939536929130554
6684,0.23726819455623627
6685,0.1903873234987259
6686,0.18271128833293915
6687,0.2410517781972885
6688,0.2340817004442215
6689,0.21488191187381744
6690,0.21488191187381744
6691,0.18976379930973053
6692,0.20341190695762634
6693,0.20341190695762634
6694,0.21635465323925018
6695,0.20061270892620087
6696,0.25482377409935
6697,0.239561066031456
6698,0.239561066031456
6699,0.1853998899459839
6700,0.21793048083782196
6701,0.21305549144744873
6702,0.21305549144744873
6703,0.2591739296913147
6704,0.2248976081609726
6705,0.22617650032043457
6706,0.19875796139240265
6707,0.19875796139240265
6708,0.2164164036512375
6709,0.2162596434354782
6710,0.22584043443202972
6711,0.23041655123233795
6712,0.18985283374786377
6713,0.18985283374786377
6714,0.16995060443878174
6715,0.21214184165000916
6716,0.2083614021539688
6717,0.20768456161022186
6718,0.21340535581111908
6719,0.21340535581111908
6720,0.23660685122013092
6721,0.21539705991744995
6722,0.21435128152370453
6723,0.21435128152370453
6724,0.203064426779747
6725,0.19020064175128937
6726,0.21938766539096832
6727,0.21938766539096832
6728,0.19643552601337433
6729,0.23453204333782196
6730,0.19557447731494904
6731,0.19620569050312042
6732,0.25629687309265137
6733,0.2475215047597885
6734,0.2475215047597885
6735,0.21452467143535614
6736,0.13638707995414734
6737,0.21368636190891266
6738,0.21368636190891266
6739,0.22426389157772064
6740,0.2144899219274521
6741,0.2144899219274521
6742,0.23897454142570496
6743,0.21056242287158966
6744,0.21056242287158966
6745,0.16295765340328217
6746,0.22010476887226105
6747,0.185759499669075
6748,0.185759499669075
6749,0.1463862657546997
6750,0.20833046734333038
6751,0.20526714622974396
6752,0.20431022346019745
6753,0.20431022346019745
6754,0.22597183287143707
6755,0.22597183287143707
6756,0.24095985293388367
6757,0.2686404585838318
6758,0.2686404585838318
6759,0.24756836891174316
6760,0.24756836891174316
6761,0.3022826313972473
6762,0.23521001636981964
6763,0.21829374134540558
6764,0.2184016853570938
6765,0.2184016853570938
6766,0.20159702003002167
6767,0.22442428767681122
6768,0.22681422531604767
6769,0.22681422531604767
6770,0.2379380613565445
6771,0.23542484641075134
6772,0.15177690982818604
6773,0.21136222779750824
6774,0.21136222779750824
6775,0.24627919495105743
6776,0.24155883491039276
6777,0.16105613112449646
6778,0.19769874215126038
6779,0.24523986876010895
6780,0.25602614879608154
6781,0.25602614879608154
6782,0.20657527446746826
6783,0.20159600675106049
6784,0.20159600675106049
6785,0.18363375961780548
6786,0.2656554579734802
6787,0.19080553948879242
6788,0.24008049070835114
6789,0.24008049070835114
6790,0.21959523856639862
6791,0.2454800307750702
6792,0.2270946502685547
6793,0.2270946502685547
6794,0.22667621076107025
6795,0.2875351309776306
6796,0.22570283710956573
6797,0.2503129839897156
6798,0.2503129839897156
6799,0.23076699674129486
6800,0.23052017390727997
6801,0.22247545421123505
6802,0.2508124113082886
6803,0.18022842705249786
6804,0.18022842705249786
6805,0.12402711808681488
6806,0.2106115072965622
6807,0.20693080127239227
6808,0.22641544044017792
6809,0.22689054906368256
6810,0.22689054906368256
6811,0.20865598320960999
6812,0.25141847133636475
6813,0.2443227469921112
6814,0.2443227469921112
6815,0.23584391176700592
6816,0.16618236899375916
6817,0.2844454348087311
6818,0.2844454348087311
6819,0.1531563103199005
6820,0.16807757318019867
6821,0.12148106098175049
6822,0.1210760846734047
6823,0.19175097346305847
6824,0.17216502130031586
6825,0.17216502130031586
6826,0.17707575857639313
6827,0.150203138589859
6828,0.12941445410251617
6829,0.12941445410251617
6830,0.16826267540454865
6831,0.1712091714143753
6832,0.1712091714143753
6833,0.13444864749908447
6834,0.15277598798274994
6835,0.15277598798274994
6836,0.15493130683898926
6837,0.16519582271575928
6838,0.15772680938243866
6839,0.15772680938243866
6840,0.15914452075958252
6841,0.14657334983348846
6842,0.17529098689556122
6843,0.16408085823059082
6844,0.16408085823059082
6845,0.16981321573257446
6846,0.16981321573257446
6847,0.1796959638595581
6848,0.1987525075674057
6849,0.1987525075674057
6850,0.17895576357841492
6851,0.17895576357841492
6852,0.24867580831050873
6853,0.19376353919506073
6854,0.15671567618846893
6855,0.1667892187833786
6856,0.1667892187833786
6857,0.1585795283317566
6858,0.16503915190696716
6859,0.18527384102344513
6860,0.18527384102344513
6861,0.18524368107318878
6862,0.16931264102458954
6863,0.15743309259414673
6864,0.16194230318069458
6865,0.16194230318069458
6866,0.19598670303821564
6867,0.17085564136505127
6868,0.15935467183589935
6869,0.19757065176963806
6870,0.18892930448055267
6871,0.1722787767648697
6872,0.1722787767648697
6873,0.16693109273910522
6874,0.1738175004720688
6875,0.1738175004720688
6876,0.17150995135307312
6877,0.18242649734020233
6878,0.1559828817844391
6879,0.17589370906352997
6880,0.17589370906352997
6881,0.1731761246919632
6882,0.19305507838726044
6883,0.17615212500095367
6884,0.17615212500095367
6885,0.17867742478847504
6886,0.19559746980667114
6887,0.17637600004673004
6888,0.17639373242855072
6889,0.17639373242855072
6890,0.16738806664943695
6891,0.16722334921360016
6892,0.1908658891916275
6893,0.19583533704280853
6894,0.14821170270442963
6895,0.14821170270442963
6896,0.13501381874084473
6897,0.16011884808540344
6898,0.15949693322181702
6899,0.19412903487682343
6900,0.17661552131175995
6901,0.17661552131175995
6902,0.19660760462284088
6903,0.18915840983390808
6904,0.18834449350833893
6905,0.18834449350833893
6906,0.17417164146900177
6907,0.1593427211046219
6908,0.19577953219413757
6909,0.19577953219413757
6910,0.18963633477687836
6911,0.18963633477687836
6912,0.21233204007148743
6913,0.21233204007148743
6914,0.1854461282491684
6915,0.1856965273618698
6916,0.18544617295265198
6917,0.1857069581747055
6918,0.23346197605133057
6919,0.23346197605133057
6920,0.20391146838665009
6921,0.20791037380695343
6922,0.20791037380695343
6923,0.20391146838665009
6924,0.20189568400382996
6925,0.20189568400382996
6926,0.159011572599411
6927,0.159011572599411
6928,0.1962531954050064
6929,0.19250254333019257
6930,0.19250254333019257
6931,0.1962531954050064
6932,0.1923319399356842
6933,0.1923319399356842
6934,0.1971399039030075
6935,0.19712989032268524
6936,0.19712989032268524
6937,0.1971399039030075
6938,0.20839433372020721
6939,0.20839433372020721
6940,0.18394365906715393
6941,0.18886587023735046
6942,0.18886587023735046
6943,0.18394365906715393
6944,0.182815283536911
6945,0.182815283536911
6946,0.2084314525127411
6947,0.2084314525127411
6948,0.16238237917423248
6949,0.16242200136184692
6950,0.16242200136184692
6951,0.16238237917423248
6952,0.16800008714199066
6953,0.16800008714199066
6954,0.18383847177028656
6955,0.18383847177028656
6956,0.1925859898328781
6957,0.1925859898328781
6958,0.2044381946325302
6959,0.20853371918201447
6960,0.20853371918201447
6961,0.2044381946325302
6962,0.19926999509334564
6963,0.20370183885097504
6964,0.20370183885097504
6965,0.19926999509334564
6966,0.2085030972957611
6967,0.2085030972957611
6968,0.23221491277217865
6969,0.23366154730319977
6970,0.23366154730319977
6971,0.23221491277217865
6972,0.22086532413959503
6973,0.22636070847511292
6974,0.22636070847511292
6975,0.22086532413959503
6976,0.284863144159317
6977,0.284863144159317
6978,0.23088030517101288
6979,0.23088030517101288
6980,0.18335939943790436
6981,0.18335939943790436
6982,0.1927717626094818
6983,0.19969549775123596
6984,0.19969549775123596
6985,0.1927717626094818
6986,0.168661430478096
6987,0.168661430478096
6988,0.18883533775806427
6989,0.18883533775806427
6990,0.21265770494937897
6991,0.21293292939662933
6992,0.21293292939662933
6993,0.21265770494937897
6994,0.2168699949979782
6995,0.2168699949979782
6996,0.20927177369594574
6997,0.20927177369594574
6998,0.17123137414455414
6999,0.17123137414455414
7000,0.1868048757314682
7001,0.18647241592407227
7002,0.18647241592407227
7003,0.1868048757314682
7004,0.23213587701320648
7005,0.23213587701320648
7006,0.20986832678318024
7007,0.20986832678318024
7008,0.18324534595012665
7009,0.18324534595012665
7010,0.21688838303089142
7011,0.21688838303089142
7012,0.22094346582889557
7013,0.22094346582889557
7014,0.22864986956119537
7015,0.22790788114070892
7016,0.22790788114070892
7017,0.22864986956119537
7018,0.19181591272354126
7019,0.19181591272354126
7020,0.19422362744808197
7021,0.1949712336063385
7022,0.1949712336063385
7023,0.19422362744808197
7024,0.19417127966880798
7025,0.19417127966880798
7026,0.2185569554567337
7027,0.2185569554567337
7028,0.19914929568767548
7029,0.19914929568767548
7030,0.19873769581317902
7031,0.20171613991260529
7032,0.20171613991260529
7033,0.19873769581317902
7034,0.202568918466568
7035,0.202568918466568
7036,0.2135673463344574
7037,0.2135673463344574
7038,0.20190393924713135
7039,0.2019188106060028
7040,0.2019188106060028
7041,0.20190393924713135
7042,0.20461665093898773
7043,0.20461665093898773
7044,0.24352137744426727
7045,0.24352137744426727
7046,0.19575539231300354
7047,0.19575539231300354
7048,0.21381202340126038
7049,0.2129485160112381
7050,0.2129485160112381
7051,0.21381202340126038
7052,0.21307866275310516
7053,0.21287326514720917
7054,0.21326546370983124
7055,0.2127174735069275
7056,0.21043060719966888
7057,0.21043060719966888
7058,0.21413789689540863
7059,0.21413789689540863
7060,0.1637999713420868
7061,0.1642230898141861
7062,0.1642230898141861
7063,0.1637999713420868
7064,0.14250952005386353
7065,0.14250952005386353
7066,0.1977483481168747
7067,0.19008897244930267
7068,0.19740067422389984
7069,0.1906314641237259
7070,0.2153005599975586
7071,0.2153005599975586
7072,0.20187784731388092
7073,0.20188643038272858
7074,0.20188643038272858
7075,0.20187784731388092
7076,0.22132273018360138
7077,0.22132273018360138
7078,0.2194635421037674
7079,0.2194635421037674
7080,0.2135820835828781
7081,0.21365384757518768
7082,0.21365384757518768
7083,0.2135820835828781
7084,0.20935367047786713
7085,0.20935367047786713
7086,0.15876376628875732
7087,0.15876376628875732
7088,0.24985271692276
7089,0.2498578578233719
7090,0.2498578578233719
7091,0.24985271692276
7092,0.2257673591375351
7093,0.23912231624126434
7094,0.20084501802921295
7095,0.20100325345993042
7096,0.24178172647953033
7097,0.23029007017612457
7098,0.23029007017612457
7099,0.22195471823215485
7100,0.18487995862960815
7101,0.2066044956445694
7102,0.2066044956445694
7103,0.23850499093532562
7104,0.2363470196723938
7105,0.2363470196723938
7106,0.20208443701267242
7107,0.2090045064687729
7108,0.2090045064687729
7109,0.20683465898036957
7110,0.21602009236812592
7111,0.21885882318019867
7112,0.21885882318019867
7113,0.2083417922258377
7114,0.20514273643493652
7115,0.23479963839054108
7116,0.2255130261182785
7117,0.2255130261182785
7118,0.22084935009479523
7119,0.22084935009479523
7120,0.23161935806274414
7121,0.25910115242004395
7122,0.25910115242004395
7123,0.22081808745861053
7124,0.22081808745861053
7125,0.2807263135910034
7126,0.2382381111383438
7127,0.21718250215053558
7128,0.21606332063674927
7129,0.21606332063674927
7130,0.22953753173351288
7131,0.2388714700937271
7132,0.24016869068145752
7133,0.24016869068145752
7134,0.25286149978637695
7135,0.21648065745830536
7136,0.18910536170005798
7137,0.23505423963069916
7138,0.23505423963069916
7139,0.25562381744384766
7140,0.21700596809387207
7141,0.2103588730096817
7142,0.24242772161960602
7143,0.24344481527805328
7144,0.22696851193904877
7145,0.22696851193904877
7146,0.21491189301013947
7147,0.23148316144943237
7148,0.23148316144943237
7149,0.23084180057048798
7150,0.23830370604991913
7151,0.23225410282611847
7152,0.23267821967601776
7153,0.23267821967601776
7154,0.22295406460762024
7155,0.24631096422672272
7156,0.22569869458675385
7157,0.22569869458675385
7158,0.2495536357164383
7159,0.2529716193675995
7160,0.231670081615448
7161,0.23616676032543182
7162,0.23616676032543182
7163,0.22947046160697937
7164,0.22933778166770935
7165,0.24871447682380676
7166,0.24414107203483582
7167,0.2277577817440033
7168,0.2277577817440033
7169,0.17685899138450623
7170,0.23865099251270294
7171,0.2338610738515854
7172,0.24132932722568512
7173,0.22601886093616486
7174,0.22601886093616486
7175,0.22538580000400543
7176,0.23635974526405334
7177,0.24656201899051666
7178,0.24656201899051666
7179,0.23163248598575592
7180,0.1869276911020279
7181,0.24477045238018036
7182,0.24477045238018036
7183,0.21525172889232635
7184,0.2748921513557434
7185,0.1984395831823349
7186,0.19833596050739288
7187,0.22502021491527557
7188,0.22749821841716766
7189,0.22749821841716766
7190,0.19875530898571014
7191,0.1693364679813385
7192,0.20844273269176483
7193,0.20844273269176483
7194,0.24130339920520782
7195,0.22889812290668488
7196,0.22889812290668488
7197,0.2110348790884018
7198,0.21326802670955658
7199,0.21326802670955658
7200,0.18758416175842285
7201,0.18441855907440186
7202,0.2190406769514084
7203,0.2190406769514084
7204,0.20015643537044525
7205,0.21301166713237762
7206,0.20618532598018646
7207,0.2458219677209854
7208,0.2458219677209854
7209,0.19654130935668945
7210,0.19654130935668945
7211,0.23376594483852386
7212,0.26257312297821045
7213,0.26257312297821045
7214,0.2164973020553589
7215,0.2164973020553589
7216,0.260881245136261
7217,0.20512031018733978
7218,0.23800542950630188
7219,0.22129128873348236
7220,0.22129128873348236
7221,0.2163354903459549
7222,0.24029484391212463
7223,0.20786722004413605
7224,0.20786722004413605
7225,0.21975798904895782
7226,0.19995011389255524
7227,0.17050282657146454
7228,0.22629892826080322
7229,0.22629892826080322
7230,0.2442977875471115
7231,0.20569588243961334
7232,0.19549672305583954
7233,0.24373029172420502
7234,0.24499419331550598
7235,0.2271089106798172
7236,0.2271089106798172
7237,0.20985017716884613
7238,0.20435746014118195
7239,0.20435746014118195
7240,0.215804323554039
7241,0.20884686708450317
7242,0.2674076557159424
7243,0.24992777407169342
7244,0.24992777407169342
7245,0.20339711010456085
7246,0.2250816971063614
7247,0.22796151041984558
7248,0.22796151041984558
7249,0.27370381355285645
7250,0.22911480069160461
7251,0.23790721595287323
7252,0.20664365589618683
7253,0.20664365589618683
7254,0.22906896471977234
7255,0.22908137738704681
7256,0.22636856138706207
7257,0.23611980676651
7258,0.20911911129951477
7259,0.20911911129951477
7260,0.1782720983028412
7261,0.22564725577831268
7262,0.22260229289531708
7263,0.21364019811153412
7264,0.22842074930667877
7265,0.22842074930667877
7266,0.2412426918745041
7267,0.22185184061527252
7268,0.2221684604883194
7269,0.2221684604883194
7270,0.21644163131713867
7271,0.19732855260372162
7272,0.221657395362854
7273,0.221657395362854
7274,0.21154704689979553
7275,0.24588197469711304
7276,0.2770807147026062
7277,0.27866291999816895
7278,0.3006579875946045
7279,0.2948285937309265
7280,0.2948285937309265
7281,0.1898590475320816
7282,0.16903753578662872
7283,0.3101503252983093
7284,0.3101503252983093
7285,0.2480001598596573
7286,0.22687473893165588
7287,0.22687473893165588
7288,0.3144100308418274
7289,0.2810160517692566
7290,0.2810160517692566
7291,0.1840498298406601
7292,0.27550697326660156
7293,0.17697511613368988
7294,0.17697511613368988
7295,0.19345034658908844
7296,0.30106115341186523
7297,0.202032208442688
7298,0.2346632033586502
7299,0.2346632033586502
7300,0.30111509561538696
7301,0.30111509561538696
7302,0.2510432004928589
7303,0.2870825529098511
7304,0.2870825529098511
7305,0.33085358142852783
7306,0.33085358142852783
7307,0.30251187086105347
7308,0.2143392264842987
7309,0.2601690888404846
7310,0.3134305477142334
7311,0.3134305477142334
7312,0.16926060616970062
7313,0.27045130729675293
7314,0.21047721803188324
7315,0.21047721803188324
7316,0.22770513594150543
7317,0.269628643989563
7318,0.18211416900157928
7319,0.20274138450622559
7320,0.20274138450622559
7321,0.22766439616680145
7322,0.314069926738739
7323,0.17332519590854645
7324,0.22467224299907684
7325,0.242254376411438
7326,0.337192177772522
7327,0.337192177772522
7328,0.2579640746116638
7329,0.20686088502407074
7330,0.20686088502407074
7331,0.21018682420253754
7332,0.3284097909927368
7333,0.20973919332027435
7334,0.2773160934448242
7335,0.2773160934448242
7336,0.2723007798194885
7337,0.28054487705230713
7338,0.2565276026725769
7339,0.2565276026725769
7340,0.20148694515228271
7341,0.3447234630584717
7342,0.2388807237148285
7343,0.3232342004776001
7344,0.3232342004776001
7345,0.28678467869758606
7346,0.2861785292625427
7347,0.23022958636283875
7348,0.2523775100708008
7349,0.22369632124900818
7350,0.22369632124900818
7351,0.14565137028694153
7352,0.2544829845428467
7353,0.2390018105506897
7354,0.2168242186307907
7355,0.2582389712333679
7356,0.2582389712333679
7357,0.21769240498542786
7358,0.2653080224990845
7359,0.21051983535289764
7360,0.21051983535289764
7361,0.29060354828834534
7362,0.18518848717212677
7363,0.34135937690734863
7364,0.34135937690734863
7365,0.19276221096515656
7366,0.19276221096515656
7367,0.21876485645771027
7368,0.21876485645771027
7369,0.22312070429325104
7370,0.22336016595363617
7371,0.22308407723903656
7372,0.22339430451393127
7373,0.255893349647522
7374,0.255893349647522
7375,0.24106906354427338
7376,0.24501992762088776
7377,0.24501992762088776
7378,0.24106906354427338
7379,0.19641980528831482
7380,0.19641980528831482
7381,0.1542649269104004
7382,0.1542649269104004
7383,0.24351291358470917
7384,0.24322916567325592
7385,0.24322916567325592
7386,0.24351291358470917
7387,0.21412023901939392
7388,0.21412023901939392
7389,0.20419420301914215
7390,0.2042207419872284
7391,0.2042207419872284
7392,0.20419420301914215
7393,0.2518395185470581
7394,0.2518395185470581
7395,0.23059479892253876
7396,0.23425927758216858
7397,0.23425927758216858
7398,0.23059479892253876
7399,0.17968668043613434
7400,0.17968668043613434
7401,0.24395926296710968
7402,0.24395926296710968
7403,0.1724693328142166
7404,0.1724780946969986
7405,0.1724780946969986
7406,0.1724693328142166
7407,0.1697891354560852
7408,0.1697891354560852
7409,0.21662026643753052
7410,0.21662026643753052
7411,0.19950436055660248
7412,0.19950436055660248
7413,0.22359313070774078
7414,0.22289526462554932
7415,0.22289526462554932
7416,0.22359313070774078
7417,0.2409883588552475
7418,0.24509620666503906
7419,0.24509620666503906
7420,0.2409883588552475
7421,0.21861304342746735
7422,0.21861304342746735
7423,0.2584298253059387
7424,0.2602098286151886
7425,0.2602098286151886
7426,0.2584298253059387
7427,0.27055585384368896
7428,0.2740270495414734
7429,0.2740270495414734
7430,0.27055585384368896
7431,0.2916603684425354
7432,0.2916603684425354
7433,0.22019581496715546
7434,0.22019581496715546
7435,0.1939985305070877
7436,0.1939985305070877
7437,0.2397802770137787
7438,0.24425384402275085
7439,0.24425384402275085
7440,0.2397802770137787
7441,0.17015907168388367
7442,0.17015907168388367
7443,0.2093210071325302
7444,0.2093210071325302
7445,0.2104920595884323
7446,0.2104795128107071
7447,0.2104795128107071
7448,0.2104920595884323
7449,0.22313614189624786
7450,0.22313614189624786
7451,0.23271244764328003
7452,0.23271244764328003
7453,0.16250674426555634
7454,0.16250674426555634
7455,0.19401490688323975
7456,0.19379229843616486
7457,0.19379229843616486
7458,0.19401490688323975
7459,0.23337219655513763
7460,0.23337219655513763
7461,0.2500695288181305
7462,0.2500695288181305
7463,0.17267639935016632
7464,0.17267639935016632
7465,0.21869537234306335
7466,0.21869537234306335
7467,0.22786381840705872
7468,0.22786381840705872
7469,0.27309393882751465
7470,0.2729751467704773
7471,0.2729751467704773
7472,0.27309393882751465
7473,0.21624015271663666
7474,0.21624015271663666
7475,0.19790582358837128
7476,0.19783954322338104
7477,0.19783954322338104
7478,0.19790582358837128
7479,0.20075270533561707
7480,0.20075270533561707
7481,0.2643153667449951
7482,0.2643153667449951
7483,0.19941048324108124
7484,0.19941048324108124
7485,0.23288510739803314
7486,0.23610199987888336
7487,0.23610199987888336
7488,0.23288510739803314
7489,0.2283608317375183
7490,0.2283608317375183
7491,0.24169063568115234
7492,0.24169063568115234
7493,0.21818391978740692
7494,0.21796846389770508
7495,0.21796846389770508
7496,0.21818391978740692
7497,0.21540556848049164
7498,0.21540556848049164
7499,0.28879815340042114
7500,0.28879815340042114
7501,0.21060247719287872
7502,0.21060247719287872
7503,0.2568274736404419
7504,0.2566984295845032
7505,0.2566984295845032
7506,0.2568274736404419
7507,0.223033145070076
7508,0.22211064398288727
7509,0.22304923832416534
7510,0.22209830582141876
7511,0.2178182452917099
7512,0.2178182452917099
7513,0.22646208107471466
7514,0.22646208107471466
7515,0.18148888647556305
7516,0.18156060576438904
7517,0.18156060576438904
7518,0.18148888647556305
7519,0.14115764200687408
7520,0.14115764200687408
7521,0.2185005247592926
7522,0.20284870266914368
7523,0.21841132640838623
7524,0.20293791592121124
7525,0.21550247073173523
7526,0.21550247073173523
7527,0.21870870888233185
7528,0.21849580109119415
7529,0.21849580109119415
7530,0.21870870888233185
7531,0.21638286113739014
7532,0.21638286113739014
7533,0.23714898526668549
7534,0.23714898526668549
7535,0.21075907349586487
7536,0.21080847084522247
7537,0.21080847084522247
7538,0.21075907349586487
7539,0.2393846958875656
7540,0.2393846958875656
7541,0.16453054547309875
7542,0.16453054547309875
7543,0.28707802295684814
7544,0.28707456588745117
7545,0.28707456588745117
7546,0.28707802295684814
7547,0.15872782468795776
7548,0.1592346727848053
7549,0.09593399614095688
7550,0.09642849862575531
7551,0.1779647320508957
7552,0.13423460721969604
7553,0.13423460721969604
7554,0.15243718028068542
7555,0.13908103108406067
7556,0.0975036770105362
7557,0.0975036770105362
7558,0.12015734612941742
7559,0.1315174400806427
7560,0.1315174400806427
7561,0.11556532979011536
7562,0.11702357232570648
7563,0.11702357232570648
7564,0.1675400584936142
7565,0.14460526406764984
7566,0.13950215280056
7567,0.13950215280056
7568,0.14359351992607117
7569,0.11048491299152374
7570,0.1652178168296814
7571,0.11285753548145294
7572,0.11285753548145294
7573,0.13948790729045868
7574,0.13948790729045868
7575,0.1533733755350113
7576,0.17794153094291687
7577,0.17794153094291687
7578,0.14681240916252136
7579,0.14681240916252136
7580,0.2643173336982727
7581,0.18202905356884003
7582,0.13032539188861847
7583,0.13504603505134583
7584,0.13504603505134583
7585,0.14798390865325928
7586,0.1556042730808258
7587,0.16297630965709686
7588,0.16297630965709686
7589,0.17185646295547485
7590,0.14555373787879944
7591,0.1572660207748413
7592,0.15344348549842834
7593,0.15344348549842834
7594,0.19923461973667145
7595,0.1524306684732437
7596,0.14883257448673248
7597,0.19533152878284454
7598,0.18674583733081818
7599,0.1455792784690857
7600,0.1455792784690857
7601,0.1386421024799347
7602,0.15827734768390656
7603,0.15827734768390656
7604,0.16457539796829224
7605,0.15428879857063293
7606,0.12882819771766663
7607,0.1474854052066803
7608,0.1474854052066803
7609,0.1409672200679779
7610,0.16647876799106598
7611,0.1426030695438385
7612,0.1426030695438385
7613,0.1528213769197464
7614,0.17274388670921326
7615,0.1687808483839035
7616,0.15678144991397858
7617,0.15678144991397858
7618,0.13750475645065308
7619,0.13709107041358948
7620,0.16874994337558746
7621,0.1891046017408371
7622,0.10889534652233124
7623,0.10889534652233124
7624,0.11502865701913834
7625,0.12176710367202759
7626,0.12022492289543152
7627,0.16264833509922028
7628,0.14520545303821564
7629,0.14520545303821564
7630,0.17873577773571014
7631,0.1627417355775833
7632,0.18337710201740265
7633,0.18337710201740265
7634,0.15174600481987
7635,0.1326288878917694
7636,0.1825265735387802
7637,0.1825265735387802
7638,0.19914622604846954
7639,0.22718121111392975
7640,0.2166520059108734
7641,0.21696491539478302
7642,0.24620412290096283
7643,0.24810795485973358
7644,0.24810795485973358
7645,0.2039961814880371
7646,0.1683855503797531
7647,0.23774345219135284
7648,0.23774345219135284
7649,0.22961851954460144
7650,0.22659705579280853
7651,0.22659705579280853
7652,0.23155049979686737
7653,0.236637681722641
7654,0.236637681722641
7655,0.17062628269195557
7656,0.23301033675670624
7657,0.18069083988666534
7658,0.18069083988666534
7659,0.19361989200115204
7660,0.21962153911590576
7661,0.20318980515003204
7662,0.24335874617099762
7663,0.24335874617099762
7664,0.2402728945016861
7665,0.2402728945016861
7666,0.2372012883424759
7667,0.25711798667907715
7668,0.25711798667907715
7669,0.26052916049957275
7670,0.26052916049957275
7671,0.27622008323669434
7672,0.2227952778339386
7673,0.21449126303195953
7674,0.24192070960998535
7675,0.24192070960998535
7676,0.18530450761318207
7677,0.21587346494197845
7678,0.2195121794939041
7679,0.2195121794939041
7680,0.2327500432729721
7681,0.23008035123348236
7682,0.17668722569942474
7683,0.1981477588415146
7684,0.1981477588415146
7685,0.2319851964712143
7686,0.2394108921289444
7687,0.17818599939346313
7688,0.22414247691631317
7689,0.2370276004076004
7690,0.25694096088409424
7691,0.25694096088409424
7692,0.2180994600057602
7693,0.21046239137649536
7694,0.21046239137649536
7695,0.20151950418949127
7696,0.2546544075012207
7697,0.2073892503976822
7698,0.2390173226594925
7699,0.2390173226594925
7700,0.2388146072626114
7701,0.2445446103811264
7702,0.2336980402469635
7703,0.2336980402469635
7704,0.21477845311164856
7705,0.27422285079956055
7706,0.2202567607164383
7707,0.24268917739391327
7708,0.24268917739391327
7709,0.2518191635608673
7710,0.2513800263404846
7711,0.23008038103580475
7712,0.2267947942018509
7713,0.214162215590477
7714,0.214162215590477
7715,0.1725149154663086
7716,0.2305060476064682
7717,0.2302071899175644
7718,0.22522787749767303
7719,0.2343798726797104
7720,0.2343798726797104
7721,0.22816911339759827
7722,0.2382541447877884
7723,0.21664045751094818
7724,0.21664045751094818
7725,0.23582904040813446
7726,0.17623715102672577
7727,0.27493584156036377
7728,0.27493584156036377
7729,0.21293707191944122
7730,0.23340629041194916
7731,0.21193917095661163
7732,0.2119905799627304
7733,0.22512812912464142
7734,0.22413843870162964
7735,0.22413843870162964
7736,0.20028017461299896
7737,0.1659454107284546
7738,0.21500135958194733
7739,0.21500135958194733
7740,0.22791671752929688
7741,0.22771264612674713
7742,0.22771264612674713
7743,0.21825890243053436
7744,0.21462835371494293
7745,0.21462835371494293
7746,0.18180835247039795
7747,0.20913414657115936
7748,0.20064222812652588
7749,0.20064222812652588
7750,0.19602112472057343
7751,0.21007253229618073
7752,0.20330145955085754
7753,0.2299775779247284
7754,0.2299775779247284
7755,0.2147001028060913
7756,0.2147001028060913
7757,0.22269023954868317
7758,0.24405677616596222
7759,0.24405677616596222
7760,0.22952677309513092
7761,0.22952677309513092
7762,0.26207172870635986
7763,0.22093425691127777
7764,0.21461836993694305
7765,0.215753972530365
7766,0.215753972530365
7767,0.18985168635845184
7768,0.21549803018569946
7769,0.21483114361763
7770,0.21483114361763
7771,0.23175296187400818
7772,0.21615265309810638
7773,0.17303571105003357
7774,0.2056047022342682
7775,0.2056047022342682
7776,0.23363660275936127
7777,0.2159987986087799
7778,0.1947854906320572
7779,0.22844164073467255
7780,0.22962717711925507
7781,0.2297631800174713
7782,0.2297631800174713
7783,0.19954949617385864
7784,0.20939554274082184
7785,0.20939554274082184
7786,0.21350838243961334
7787,0.22502197325229645
7788,0.2269042283296585
7789,0.22240833938121796
7790,0.22240833938121796
7791,0.2184489369392395
7792,0.21470984816551208
7793,0.21726800501346588
7794,0.21726800501346588
7795,0.233382448554039
7796,0.23827676475048065
7797,0.22473293542861938
7798,0.2136145830154419
7799,0.2136145830154419
7800,0.24101601541042328
7801,0.24098490178585052
7802,0.22806669771671295
7803,0.21965335309505463
7804,0.20316191017627716
7805,0.20316191017627716
7806,0.16521425545215607
7807,0.21877440810203552
7808,0.21627981960773468
7809,0.21274857223033905
7810,0.21845124661922455
7811,0.21845124661922455
7812,0.23465099930763245
7813,0.23205415904521942
7814,0.21736906468868256
7815,0.21736906468868256
7816,0.21208806335926056
7817,0.18579114973545074
7818,0.2397269606590271
7819,0.2397269606590271
7820,0.1960582435131073
7821,0.2455243170261383
7822,0.2499597817659378
7823,0.25087010860443115
7824,0.24836361408233643
7825,0.2493581622838974
7826,0.2493581622838974
7827,0.21514160931110382
7828,0.15828853845596313
7829,0.26532047986984253
7830,0.26532047986984253
7831,0.2139669805765152
7832,0.2201177179813385
7833,0.2201177179813385
7834,0.2463473081588745
7835,0.2430434674024582
7836,0.2430434674024582
7837,0.17771612107753754
7838,0.2324678599834442
7839,0.17244234681129456
7840,0.17244234681129456
7841,0.1779658943414688
7842,0.2248178869485855
7843,0.20693905651569366
7844,0.25760483741760254
7845,0.25760483741760254
7846,0.2349225878715515
7847,0.2349225878715515
7848,0.22317126393318176
7849,0.2663913667201996
7850,0.2663913667201996
7851,0.27318495512008667
7852,0.27318495512008667
7853,0.30288010835647583
7854,0.24325259029865265
7855,0.21260716021060944
7856,0.23798279464244843
7857,0.23798279464244843
7858,0.1806585192680359
7859,0.21396197378635406
7860,0.2319318801164627
7861,0.2319318801164627
7862,0.2508217394351959
7863,0.2287907749414444
7864,0.1680072396993637
7865,0.20261837542057037
7866,0.20261837542057037
7867,0.25136488676071167
7868,0.25139176845550537
7869,0.18522275984287262
7870,0.22277064621448517
7871,0.23646052181720734
7872,0.27029871940612793
7873,0.27029871940612793
7874,0.20685391128063202
7875,0.21033649146556854
7876,0.21033649146556854
7877,0.2024894505739212
7878,0.25903916358947754
7879,0.22992973029613495
7880,0.23643486201763153
7881,0.23643486201763153
7882,0.21856200695037842
7883,0.23353071510791779
7884,0.21347279846668243
7885,0.21347279846668243
7886,0.2470589578151703
7887,0.28413501381874084
7888,0.21017785370349884
7889,0.23945267498493195
7890,0.23945267498493195
7891,0.252808541059494
7892,0.25162267684936523
7893,0.23120860755443573
7894,0.2328878492116928
7895,0.20154155790805817
7896,0.20154155790805817
7897,0.13686397671699524
7898,0.2198953777551651
7899,0.21872210502624512
7900,0.23042777180671692
7901,0.21604852378368378
7902,0.21604852378368378
7903,0.23128287494182587
7904,0.2346806675195694
7905,0.23286353051662445
7906,0.23286353051662445
7907,0.2247885763645172
7908,0.1634039580821991
7909,0.29129964113235474
7910,0.29129964113235474
7911,0.1898498684167862
7912,0.1898498684167862
7913,0.20741456747055054
7914,0.20741456747055054
7915,0.17361724376678467
7916,0.1739138513803482
7917,0.1735459417104721
7918,0.1739828735589981
7919,0.22926363348960876
7920,0.22926363348960876
7921,0.20417152345180511
7922,0.20755118131637573
7923,0.20755118131637573
7924,0.20417152345180511
7925,0.19921980798244476
7926,0.19921980798244476
7927,0.1621081829071045
7928,0.1621081829071045
7929,0.18445299565792084
7930,0.18158744275569916
7931,0.18158744275569916
7932,0.18445299565792084
7933,0.1898484081029892
7934,0.1898484081029892
7935,0.19394907355308533
7936,0.1933366060256958
7937,0.1933366060256958
7938,0.19394907355308533
7939,0.19463258981704712
7940,0.19463258981704712
7941,0.18245448172092438
7942,0.18814650177955627
7943,0.18814650177955627
7944,0.18245448172092438
7945,0.18923385441303253
7946,0.18923385441303253
7947,0.20174194872379303
7948,0.20174194872379303
7949,0.1693231165409088
7950,0.16934211552143097
7951,0.16934211552143097
7952,0.1693231165409088
7953,0.16782213747501373
7954,0.16782213747501373
7955,0.1820511668920517
7956,0.1820511668920517
7957,0.1938510537147522
7958,0.1938510537147522
7959,0.1941293627023697
7960,0.1985539346933365
7961,0.1985539346933365
7962,0.1941293627023697
7963,0.19752849638462067
7964,0.20321622490882874
7965,0.20321622490882874
7966,0.19752849638462067
7967,0.20807980000972748
7968,0.20807980000972748
7969,0.23148557543754578
7970,0.2321069985628128
7971,0.2321069985628128
7972,0.23148557543754578
7973,0.21218819916248322
7974,0.21588771045207977
7975,0.21588771045207977
7976,0.21218819916248322
7977,0.27849048376083374
7978,0.27849048376083374
7979,0.22692961990833282
7980,0.22692961990833282
7981,0.1769750416278839
7982,0.1769750416278839
7983,0.19197635352611542
7984,0.19778290390968323
7985,0.19778290390968323
7986,0.19197635352611542
7987,0.17292702198028564
7988,0.17292702198028564
7989,0.19790257513523102
7990,0.19790257513523102
7991,0.20976485311985016
7992,0.20999637246131897
7993,0.20999637246131897
7994,0.20976485311985016
7995,0.2184588760137558
7996,0.2184588760137558
7997,0.20132866501808167
7998,0.20132866501808167
7999,0.1748308539390564
8000,0.1748308539390564
8001,0.1914328634738922
8002,0.19135387241840363
8003,0.19135387241840363
8004,0.1914328634738922
8005,0.2303120493888855
8006,0.2303120493888855
8007,0.2067408710718155
8008,0.2067408710718155
8009,0.18630695343017578
8010,0.18630695343017578
8011,0.21488116681575775
8012,0.21488116681575775
8013,0.2219851016998291
8014,0.2219851016998291
8015,0.21426798403263092
8016,0.21367402374744415
8017,0.21367402374744415
8018,0.21426798403263092
8019,0.19250105321407318
8020,0.19250105321407318
8021,0.19080932438373566
8022,0.19162584841251373
8023,0.19162584841251373
8024,0.19080932438373566
8025,0.19259248673915863
8026,0.19259248673915863
8027,0.21452303230762482
8028,0.21452303230762482
8029,0.19527561962604523
8030,0.19527561962604523
8031,0.1992580145597458
8032,0.2023007720708847
8033,0.2023007720708847
8034,0.1992580145597458
8035,0.2007180005311966
8036,0.2007180005311966
8037,0.21671538054943085
8038,0.21671538054943085
8039,0.20372967422008514
8040,0.20369957387447357
8041,0.20369957387447357
8042,0.20372967422008514
8043,0.20035630464553833
8044,0.20035630464553833
8045,0.23872153460979462
8046,0.23872153460979462
8047,0.1946740597486496
8048,0.1946740597486496
8049,0.20861440896987915
8050,0.207742378115654
8051,0.207742378115654
8052,0.20861440896987915
8053,0.20384353399276733
8054,0.20360656082630157
8055,0.20404070615768433
8056,0.20341961085796356
8057,0.21007268130779266
8058,0.21007268130779266
8059,0.21484734117984772
8060,0.21484734117984772
8061,0.16456902027130127
8062,0.16509458422660828
8063,0.16509458422660828
8064,0.16456902027130127
8065,0.14802074432373047
8066,0.14802074432373047
8067,0.1941671222448349
8068,0.188076451420784
8069,0.19377918541431427
8070,0.18856041133403778
8071,0.21026001870632172
8072,0.21026001870632172
8073,0.20415906608104706
8074,0.20411373674869537
8075,0.20411373674869537
8076,0.20415906608104706
8077,0.2191949188709259
8078,0.2191949188709259
8079,0.2153940349817276
8080,0.2153940349817276
8081,0.2161281406879425
8082,0.2160826176404953
8083,0.2160826176404953
8084,0.2161281406879425
8085,0.20734308660030365
8086,0.20734308660030365
8087,0.1622806340456009
8088,0.1622806340456009
8089,0.2394954115152359
8090,0.2394939810037613
8091,0.2394939810037613
8092,0.2394954115152359
8093,0.21568705141544342
8094,0.21568705141544342
8095,0.24343077838420868
8096,0.24343077838420868
8097,0.2508091926574707
8098,0.25138920545578003
8099,0.25078946352005005
8100,0.25140899419784546
8101,0.26298320293426514
8102,0.26298320293426514
8103,0.2585112452507019
8104,0.2610827088356018
8105,0.2610827088356018
8106,0.2585112452507019
8107,0.24044989049434662
8108,0.24044989049434662
8109,0.18317022919654846
8110,0.18317022919654846
8111,0.2778189182281494
8112,0.27611643075942993
8113,0.27611643075942993
8114,0.2778189182281494
8115,0.2604631185531616
8116,0.2604631185531616
8117,0.2411421537399292
8118,0.24107877910137177
8119,0.24107877910137177
8120,0.2411421537399292
8121,0.27866965532302856
8122,0.27866965532302856
8123,0.25094497203826904
8124,0.25324177742004395
8125,0.25324177742004395
8126,0.25094497203826904
8127,0.19329681992530823
8128,0.19329681992530823
8129,0.24758337438106537
8130,0.24758337438106537
8131,0.19978314638137817
8132,0.1997223198413849
8133,0.1997223198413849
8134,0.19978314638137817
8135,0.19550509750843048
8136,0.19550509750843048
8137,0.2422679215669632
8138,0.2422679215669632
8139,0.2290879637002945
8140,0.2290879637002945
8141,0.2463676929473877
8142,0.24956879019737244
8143,0.24956879019737244
8144,0.2463676929473877
8145,0.24850793182849884
8146,0.251300573348999
8147,0.251300573348999
8148,0.24850793182849884
8149,0.24139471352100372
8150,0.24139471352100372
8151,0.27571535110473633
8152,0.2780224084854126
8153,0.2780224084854126
8154,0.27571535110473633
8155,0.2826472818851471
8156,0.28398388624191284
8157,0.28398388624191284
8158,0.2826472818851471
8159,0.31276166439056396
8160,0.31276166439056396
8161,0.26077133417129517
8162,0.26077133417129517
8163,0.23136885464191437
8164,0.23136885464191437
8165,0.250893771648407
8166,0.25461769104003906
8167,0.25461769104003906
8168,0.250893771648407
8169,0.20153328776359558
8170,0.20153328776359558
8171,0.22640320658683777
8172,0.22640320658683777
8173,0.25150442123413086
8174,0.2515299320220947
8175,0.2515299320220947
8176,0.25150442123413086
8177,0.2639230787754059
8178,0.2639230787754059
8179,0.24389149248600006
8180,0.24389149248600006
8181,0.18942295014858246
8182,0.18942295014858246
8183,0.2239176481962204
8184,0.22357028722763062
8185,0.22357028722763062
8186,0.2239176481962204
8187,0.2612836956977844
8188,0.2612836956977844
8189,0.2651493549346924
8190,0.2651493549346924
8191,0.1947340965270996
8192,0.1947340965270996
8193,0.23326846957206726
8194,0.23326846957206726
8195,0.2528020739555359
8196,0.2528020739555359
8197,0.2879946827888489
8198,0.28791946172714233
8199,0.28791946172714233
8200,0.2879946827888489
8201,0.22392147779464722
8202,0.22392147779464722
8203,0.23158502578735352
8204,0.2320147305727005
8205,0.2320147305727005
8206,0.23158502578735352
8207,0.21968859434127808
8208,0.21968859434127808
8209,0.27338290214538574
8210,0.27338290214538574
8211,0.22781513631343842
8212,0.22781513631343842
8213,0.2454521507024765
8214,0.24778632819652557
8215,0.24778632819652557
8216,0.2454521507024765
8217,0.2367388755083084
8218,0.2367388755083084
8219,0.257389098405838
8220,0.257389098405838
8221,0.23329903185367584
8222,0.23308543860912323
8223,0.23308543860912323
8224,0.23329903185367584
8225,0.24276576936244965
8226,0.24276576936244965
8227,0.30036330223083496
8228,0.30036330223083496
8229,0.2231835424900055
8230,0.2231835424900055
8231,0.26584404706954956
8232,0.26576411724090576
8233,0.26576411724090576
8234,0.26584404706954956
8235,0.2662718892097473
8236,0.265697717666626
8237,0.266247034072876
8238,0.2657218277454376
8239,0.2509115934371948
8240,0.2509115934371948
8241,0.24283920228481293
8242,0.24283920228481293
8243,0.2181791216135025
8244,0.21832233667373657
8245,0.21832233667373657
8246,0.2181791216135025
8247,0.16712193191051483
8248,0.16712193191051483
8249,0.24558423459529877
8250,0.2373584657907486
8251,0.24529500305652618
8252,0.23756830394268036
8253,0.251198410987854
8254,0.251198410987854
8255,0.2328009158372879
8256,0.23260138928890228
8257,0.23260138928890228
8258,0.2328009158372879
8259,0.24493815004825592
8260,0.24493815004825592
8261,0.2466696798801422
8262,0.2466696798801422
8263,0.2382231056690216
8264,0.23837675154209137
8265,0.23837675154209137
8266,0.2382231056690216
8267,0.24615581333637238
8268,0.24615581333637238
8269,0.18088261783123016
8270,0.18088261783123016
8271,0.3068631887435913
8272,0.30685222148895264
8273,0.30685222148895264
8274,0.3068631887435913
8275,0.20624497532844543
8276,0.2296321839094162
8277,0.18143153190612793
8278,0.18093270063400269
8279,0.22318942844867706
8280,0.2101335972547531
8281,0.2101335972547531
8282,0.20875360071659088
8283,0.16417929530143738
8284,0.17997287213802338
8285,0.17997287213802338
8286,0.2190830409526825
8287,0.22061209380626678
8288,0.22061209380626678
8289,0.1862878054380417
8290,0.18143096566200256
8291,0.18143096566200256
8292,0.1870141178369522
8293,0.1783420592546463
8294,0.18982407450675964
8295,0.18982407450675964
8296,0.187615767121315
8297,0.18571366369724274
8298,0.2076982706785202
8299,0.2157095968723297
8300,0.2157095968723297
8301,0.19113072752952576
8302,0.19113072752952576
8303,0.21035124361515045
8304,0.24173451960086823
8305,0.24173451960086823
8306,0.2172708809375763
8307,0.2172708809375763
8308,0.28896674513816833
8309,0.2259908765554428
8310,0.20050384104251862
8311,0.19752554595470428
8312,0.19752554595470428
8313,0.19066397845745087
8314,0.2076716423034668
8315,0.22032131254673004
8316,0.22032131254673004
8317,0.23154525458812714
8318,0.20064130425453186
8319,0.1764966994524002
8320,0.20779874920845032
8321,0.20779874920845032
8322,0.24382968246936798
8323,0.19886337220668793
8324,0.19127576053142548
8325,0.2449735403060913
8326,0.2164466828107834
8327,0.23170773684978485
8328,0.23170773684978485
8329,0.18811720609664917
8330,0.21126201748847961
8331,0.21126201748847961
8332,0.218385711312294
8333,0.2142070233821869
8334,0.22685332596302032
8335,0.21436789631843567
8336,0.21436789631843567
8337,0.19587302207946777
8338,0.2118488997220993
8339,0.20630507171154022
8340,0.20630507171154022
8341,0.23043511807918549
8342,0.2398649901151657
8343,0.21216607093811035
8344,0.19905725121498108
8345,0.19905725121498108
8346,0.21929340064525604
8347,0.2198694348335266
8348,0.2358873039484024
8349,0.22195135056972504
8350,0.17955422401428223
8351,0.17955422401428223
8352,0.15210126340389252
8353,0.2056003212928772
8354,0.2010706216096878
8355,0.2270747423171997
8356,0.20640148222446442
8357,0.20640148222446442
8358,0.24229325354099274
8359,0.22382502257823944
8360,0.2222180813550949
8361,0.2222180813550949
8362,0.20446990430355072
8363,0.18093900382518768
8364,0.23279443383216858
8365,0.23279443383216858
8366,0.23177240788936615
8367,0.26907336711883545
8368,0.25087684392929077
8369,0.25156164169311523
8370,0.26483380794525146
8371,0.2772446274757385
8372,0.2772446274757385
8373,0.20769965648651123
8374,0.16587963700294495
8375,0.27375051379203796
8376,0.27375051379203796
8377,0.27068114280700684
8378,0.2576029300689697
8379,0.2576029300689697
8380,0.26700183749198914
8381,0.2541500926017761
8382,0.2541500926017761
8383,0.17250284552574158
8384,0.24684755504131317
8385,0.1949254721403122
8386,0.1949254721403122
8387,0.21288971602916718
8388,0.25768327713012695
8389,0.19879038631916046
8390,0.28589099645614624
8391,0.28589099645614624
8392,0.2539631724357605
8393,0.2539631724357605
8394,0.24927125871181488
8395,0.28766757249832153
8396,0.28766757249832153
8397,0.2862013876438141
8398,0.2862013876438141
8399,0.2769070267677307
8400,0.2293650060892105
8401,0.24650943279266357
8402,0.2582712769508362
8403,0.2582712769508362
8404,0.1992848515510559
8405,0.23567035794258118
8406,0.2253679782152176
8407,0.2253679782152176
8408,0.2447962760925293
8409,0.25151824951171875
8410,0.17413738369941711
8411,0.21447424590587616
8412,0.21447424590587616
8413,0.2365626096725464
8414,0.26821574568748474
8415,0.1846977174282074
8416,0.2213773876428604
8417,0.24134254455566406
8418,0.29193437099456787
8419,0.29193437099456787
8420,0.22953222692012787
8421,0.2033192366361618
8422,0.2033192366361618
8423,0.20443789660930634
8424,0.2796807289123535
8425,0.2478640377521515
8426,0.262979656457901
8427,0.262979656457901
8428,0.23775486648082733
8429,0.25949037075042725
8430,0.24541909992694855
8431,0.24541909992694855
8432,0.25762102007865906
8433,0.30918627977371216
8434,0.22935649752616882
8435,0.27245932817459106
8436,0.27245932817459106
8437,0.27914583683013916
8438,0.2782834470272064
8439,0.23275695741176605
8440,0.24082837998867035
8441,0.23696665465831757
8442,0.23696665465831757
8443,0.1898714154958725
8444,0.2520701289176941
8445,0.25221773982048035
8446,0.22616739571094513
8447,0.24494154751300812
8448,0.24494154751300812
8449,0.23572002351284027
8450,0.25460106134414673
8451,0.2266249805688858
8452,0.2266249805688858
8453,0.25436046719551086
8454,0.18177936971187592
8455,0.31261754035949707
8456,0.31261754035949707
8457,0.19065633416175842
8458,0.22099418938159943
8459,0.21010400354862213
8460,0.21037428081035614
8461,0.24021749198436737
8462,0.21537016332149506
8463,0.21537016332149506
8464,0.18621420860290527
8465,0.1592702865600586
8466,0.2219410091638565
8467,0.2219410091638565
8468,0.20099763572216034
8469,0.19916822016239166
8470,0.19916822016239166
8471,0.2242201417684555
8472,0.21084697544574738
8473,0.21084697544574738
8474,0.17873845994472504
8475,0.2229083627462387
8476,0.16682885587215424
8477,0.16682885587215424
8478,0.17577089369297028
8479,0.2089657485485077
8480,0.1866246610879898
8481,0.2206018567085266
8482,0.2206018567085266
8483,0.2139909714460373
8484,0.2139909714460373
8485,0.2050464004278183
8486,0.22783707082271576
8487,0.22783707082271576
8488,0.23965905606746674
8489,0.23965905606746674
8490,0.25594252347946167
8491,0.2117718905210495
8492,0.19689221680164337
8493,0.21751974523067474
8494,0.21751974523067474
8495,0.16603094339370728
8496,0.19610236585140228
8497,0.20020046830177307
8498,0.20020046830177307
8499,0.20965451002120972
8500,0.21007388830184937
8501,0.168635293841362
8502,0.17874081432819366
8503,0.17874081432819366
8504,0.2184053361415863
8505,0.23272033035755157
8506,0.1814788281917572
8507,0.2087591588497162
8508,0.21367281675338745
8509,0.243327334523201
8510,0.243327334523201
8511,0.20294225215911865
8512,0.1841045767068863
8513,0.1841045767068863
8514,0.18072740733623505
8515,0.22714050114154816
8516,0.205471009016037
8517,0.21000368893146515
8518,0.21000368893146515
8519,0.20852729678153992
8520,0.22332452237606049
8521,0.20138514041900635
8522,0.20138514041900635
8523,0.21691542863845825
8524,0.24465641379356384
8525,0.19475995004177094
8526,0.22704274952411652
8527,0.22704274952411652
8528,0.22234657406806946
8529,0.22200344502925873
8530,0.20043714344501495
8531,0.21283765137195587
8532,0.18204228579998016
8533,0.18204228579998016
8534,0.1608424186706543
8535,0.1994340419769287
8536,0.19877193868160248
8537,0.19775047898292542
8538,0.20270240306854248
8539,0.20270240306854248
8540,0.21463944017887115
8541,0.21850387752056122
8542,0.21160201728343964
8543,0.21160201728343964
8544,0.2181335985660553
8545,0.15886877477169037
8546,0.2525363564491272
8547,0.2525363564491272
8548,0.14905768632888794
8549,0.18322043120861053
8550,0.1385328471660614
8551,0.13849735260009766
8552,0.20173202455043793
8553,0.1630348563194275
8554,0.1630348563194275
8555,0.15608009696006775
8556,0.13410523533821106
8557,0.12981736660003662
8558,0.12981736660003662
8559,0.16803519427776337
8560,0.1566372513771057
8561,0.1566372513771057
8562,0.15684057772159576
8563,0.14307811856269836
8564,0.14307811856269836
8565,0.15352363884449005
8566,0.17276455461978912
8567,0.12960919737815857
8568,0.12960919737815857
8569,0.13751770555973053
8570,0.15414020419120789
8571,0.1567816436290741
8572,0.15884099900722504
8573,0.15884099900722504
8574,0.16622711718082428
8575,0.16622711718082428
8576,0.16789644956588745
8577,0.1832079440355301
8578,0.1832079440355301
8579,0.18286846578121185
8580,0.18286846578121185
8581,0.25622934103012085
8582,0.18092891573905945
8583,0.15699172019958496
8584,0.16322806477546692
8585,0.16322806477546692
8586,0.13117986917495728
8587,0.14174887537956238
8588,0.16565722227096558
8589,0.16565722227096558
8590,0.16343313455581665
8591,0.18279118835926056
8592,0.14795391261577606
8593,0.13812386989593506
8594,0.13812386989593506
8595,0.18666177988052368
8596,0.1759159415960312
8597,0.16151443123817444
8598,0.18432442843914032
8599,0.17323069274425507
8600,0.1838146448135376
8601,0.1838146448135376
8602,0.1641363501548767
8603,0.15120618045330048
8604,0.15120618045330048
8605,0.1572284698486328
8606,0.1852147877216339
8607,0.14800572395324707
8608,0.16591379046440125
8609,0.16591379046440125
8610,0.16422788798809052
8611,0.17566274106502533
8612,0.16066858172416687
8613,0.16066858172416687
8614,0.16862685978412628
8615,0.19840790331363678
8616,0.15394118428230286
8617,0.18045242130756378
8618,0.18045242130756378
8619,0.17645010352134705
8620,0.17658767104148865
8621,0.16993997991085052
8622,0.19248270988464355
8623,0.14198891818523407
8624,0.14198891818523407
8625,0.10832228511571884
8626,0.16631530225276947
8627,0.16151270270347595
8628,0.1745702475309372
8629,0.16002146899700165
8630,0.16002146899700165
8631,0.1863829344511032
8632,0.19294574856758118
8633,0.17166027426719666
8634,0.17166027426719666
8635,0.17888857424259186
8636,0.14149481058120728
8637,0.21655629575252533
8638,0.21655629575252533
8639,0.1991988569498062
8640,0.25835901498794556
8641,0.26308369636535645
8642,0.264026403427124
8643,0.2548627257347107
8644,0.2580178380012512
8645,0.2580178380012512
8646,0.20038984715938568
8647,0.15652137994766235
8648,0.2930881381034851
8649,0.2930881381034851
8650,0.2649153769016266
8651,0.21900895237922668
8652,0.21900895237922668
8653,0.2890068292617798
8654,0.24956394731998444
8655,0.24956394731998444
8656,0.18250469863414764
8657,0.24357132613658905
8658,0.18068212270736694
8659,0.18068212270736694
8660,0.1828165501356125
8661,0.25463443994522095
8662,0.21335060894489288
8663,0.22453905642032623
8664,0.22453905642032623
8665,0.2541598081588745
8666,0.2541598081588745
8667,0.22325469553470612
8668,0.26361945271492004
8669,0.26361945271492004
8670,0.2886725068092346
8671,0.2886725068092346
8672,0.30589234828948975
8673,0.22876949608325958
8674,0.2550773322582245
8675,0.2625693082809448
8676,0.2625693082809448
8677,0.18143470585346222
8678,0.24308837950229645
8679,0.22075243294239044
8680,0.22075243294239044
8681,0.23269294202327728
8682,0.2423533946275711
8683,0.1689208745956421
8684,0.20342504978179932
8685,0.20342504978179932
8686,0.23268795013427734
8687,0.25672394037246704
8688,0.17736661434173584
8689,0.21047596633434296
8690,0.2288508266210556
8691,0.31793415546417236
8692,0.31793415546417236
8693,0.21815980970859528
8694,0.2063610553741455
8695,0.2063610553741455
8696,0.211558535695076
8697,0.28434252738952637
8698,0.19547860324382782
8699,0.24664106965065002
8700,0.24664106965065002
8701,0.24050794541835785
8702,0.2534938454627991
8703,0.21831078827381134
8704,0.21831078827381134
8705,0.2318946123123169
8706,0.29254937171936035
8707,0.22342295944690704
8708,0.26839423179626465
8709,0.26839423179626465
8710,0.2584304213523865
8711,0.25821638107299805
8712,0.23123478889465332
8713,0.24162621796131134
8714,0.20273543894290924
8715,0.20273543894290924
8716,0.14788883924484253
8717,0.23071004450321198
8718,0.2172992080450058
8719,0.22410190105438232
8720,0.21794672310352325
8721,0.21794672310352325
8722,0.21282744407653809
8723,0.24391382932662964
8724,0.22555036842823029
8725,0.22555036842823029
8726,0.24490956962108612
8727,0.15973572432994843
8728,0.30673277378082275
8729,0.30673277378082275
8730,0.1549050658941269
8731,0.17659027874469757
8732,0.12867172062397003
8733,0.1287977397441864
8734,0.16977423429489136
8735,0.16585785150527954
8736,0.16585785150527954
8737,0.15446117520332336
8738,0.1576138734817505
8739,0.1426698863506317
8740,0.1426698863506317
8741,0.16690441966056824
8742,0.17032915353775024
8743,0.17032915353775024
8744,0.1603163778781891
8745,0.14770862460136414
8746,0.14770862460136414
8747,0.16340380907058716
8748,0.15037500858306885
8749,0.1623525470495224
8750,0.1623525470495224
8751,0.15382768213748932
8752,0.13351930677890778
8753,0.15901465713977814
8754,0.15514680743217468
8755,0.15514680743217468
8756,0.15612366795539856
8757,0.15612366795539856
8758,0.17566131055355072
8759,0.1939011663198471
8760,0.1939011663198471
8761,0.15538853406906128
8762,0.15538853406906128
8763,0.24517452716827393
8764,0.1777581423521042
8765,0.1510031819343567
8766,0.15155476331710815
8767,0.15155476331710815
8768,0.16056886315345764
8769,0.17338678240776062
8770,0.16975760459899902
8771,0.16975760459899902
8772,0.17931433022022247
8773,0.13909591734409332
8774,0.17035551369190216
8775,0.1687307357788086
8776,0.1687307357788086
8777,0.19172243773937225
8778,0.15518973767757416
8779,0.16777439415454865
8780,0.19661270081996918
8781,0.185250386595726
8782,0.16602224111557007
8783,0.16602224111557007
8784,0.14641691744327545
8785,0.15829597413539886
8786,0.15829597413539886
8787,0.16775070130825043
8788,0.16122542321681976
8789,0.15900570154190063
8790,0.16630151867866516
8791,0.16630151867866516
8792,0.16698028147220612
8793,0.170256569981575
8794,0.17008183896541595
8795,0.17008183896541595
8796,0.16564317047595978
8797,0.16583143174648285
8798,0.18121235072612762
8799,0.16228711605072021
8800,0.16228711605072021
8801,0.15487140417099
8802,0.1543768048286438
8803,0.17887045443058014
8804,0.17935113608837128
8805,0.14592722058296204
8806,0.14592722058296204
8807,0.14876128733158112
8808,0.15577732026576996
8809,0.15008248388767242
8810,0.17152662575244904
8811,0.17171569168567657
8812,0.17171569168567657
8813,0.18392781913280487
8814,0.17359328269958496
8815,0.19274546205997467
8816,0.19274546205997467
8817,0.15551680326461792
8818,0.14928412437438965
8819,0.1655353307723999
8820,0.1655353307723999
8821,0.2210359275341034
8822,0.2521679997444153
8823,0.2817823588848114
8824,0.2831924855709076
8825,0.29425519704818726
8826,0.28899091482162476
8827,0.28899091482162476
8828,0.21052943170070648
8829,0.1570764183998108
8830,0.2948293685913086
8831,0.2948293685913086
8832,0.25959742069244385
8833,0.2354407161474228
8834,0.2354407161474228
8835,0.3053230047225952
8836,0.2693622410297394
8837,0.2693622410297394
8838,0.17289023101329803
8839,0.2746238708496094
8840,0.20485536754131317
8841,0.20485536754131317
8842,0.19003762304782867
8843,0.27310729026794434
8844,0.20536373555660248
8845,0.24698655307292938
8846,0.24698655307292938
8847,0.28373658657073975
8848,0.28373658657073975
8849,0.25043901801109314
8850,0.2812958359718323
8851,0.2812958359718323
8852,0.30571645498275757
8853,0.30571645498275757
8854,0.30426180362701416
8855,0.22913263738155365
8856,0.25442343950271606
8857,0.2926759123802185
8858,0.2926759123802185
8859,0.19453255832195282
8860,0.25226864218711853
8861,0.22361905872821808
8862,0.22361905872821808
8863,0.23644842207431793
8864,0.27038705348968506
8865,0.167143777012825
8866,0.21832381188869476
8867,0.21832381188869476
8868,0.2320052683353424
8869,0.29738807678222656
8870,0.16770048439502716
8871,0.2164786010980606
8872,0.24195025861263275
8873,0.3277750611305237
8874,0.3277750611305237
8875,0.2613235116004944
8876,0.21237872540950775
8877,0.21237872540950775
8878,0.2082172930240631
8879,0.317074179649353
8880,0.21896357834339142
8881,0.28097444772720337
8882,0.28097444772720337
8883,0.2653716206550598
8884,0.2795587182044983
8885,0.25375503301620483
8886,0.25375503301620483
8887,0.22349749505519867
8888,0.3296264410018921
8889,0.23565199971199036
8890,0.3131601810455322
8891,0.3131601810455322
8892,0.2703790068626404
8893,0.2701372504234314
8894,0.23742875456809998
8895,0.25764697790145874
8896,0.23374387621879578
8897,0.23374387621879578
8898,0.16817449033260345
8899,0.2566910982131958
8900,0.2459772527217865
8901,0.2278359979391098
8902,0.2537010908126831
8903,0.2537010908126831
8904,0.2208217829465866
8905,0.2694701850414276
8906,0.21889039874076843
8907,0.21889039874076843
8908,0.2842455804347992
8909,0.17364580929279327
8910,0.33542460203170776
8911,0.33542460203170776
8912,0.2037583440542221
8913,0.2037583440542221
8914,0.23460575938224792
8915,0.23460575938224792
8916,0.22749610245227814
8917,0.227370485663414
8918,0.22746731340885162
8919,0.22739781439304352
8920,0.25048738718032837
8921,0.25048738718032837
8922,0.24596481025218964
8923,0.24892722070217133
8924,0.24892722070217133
8925,0.24596481025218964
8926,0.21201615035533905
8927,0.21201615035533905
8928,0.16623340547084808
8929,0.16623340547084808
8930,0.23652924597263336
8931,0.234485924243927
8932,0.234485924243927
8933,0.23652924597263336
8934,0.2381850928068161
8935,0.2381850928068161
8936,0.2316046506166458
8937,0.23219196498394012
8938,0.23219196498394012
8939,0.2316046506166458
8940,0.23968176543712616
8941,0.23968176543712616
8942,0.22383765876293182
8943,0.2281225323677063
8944,0.2281225323677063
8945,0.22383765876293182
8946,0.18575944006443024
8947,0.18575944006443024
8948,0.2255193442106247
8949,0.2255193442106247
8950,0.18324628472328186
8951,0.18322010338306427
8952,0.18322010338306427
8953,0.18324628472328186
8954,0.19129997491836548
8955,0.19129997491836548
8956,0.22235599160194397
8957,0.22235599160194397
8958,0.20570261776447296
8959,0.20570261776447296
8960,0.24307391047477722
8961,0.24799957871437073
8962,0.24799957871437073
8963,0.24307391047477722
8964,0.22228126227855682
8965,0.22803857922554016
8966,0.22803857922554016
8967,0.22228126227855682
8968,0.23440633714199066
8969,0.23440633714199066
8970,0.26086148619651794
8971,0.2638198137283325
8972,0.2638198137283325
8973,0.26086148619651794
8974,0.2567816376686096
8975,0.26367807388305664
8976,0.26367807388305664
8977,0.2567816376686096
8978,0.3038668632507324
8979,0.3038668632507324
8980,0.23768840730190277
8981,0.23768840730190277
8982,0.21380816400051117
8983,0.21380816400051117
8984,0.22975121438503265
8985,0.23774121701717377
8986,0.23774121701717377
8987,0.22975121438503265
8988,0.1786901205778122
8989,0.1786901205778122
8990,0.2223697155714035
8991,0.2223697155714035
8992,0.2241946905851364
8993,0.2244712859392166
8994,0.2244712859392166
8995,0.2241946905851364
8996,0.24180184304714203
8997,0.24180184304714203
8998,0.22923864424228668
8999,0.22923864424228668
9000,0.18006889522075653
9001,0.18006889522075653
9002,0.2018839567899704
9003,0.20141516625881195
9004,0.20141516625881195
9005,0.2018839567899704
9006,0.24667024612426758
9007,0.24667024612426758
9008,0.24424494802951813
9009,0.24424494802951813
9010,0.1873634159564972
9011,0.1873634159564972
9012,0.23287121951580048
9013,0.23287121951580048
9014,0.23739959299564362
9015,0.23739959299564362
9016,0.26201707124710083
9017,0.2614017724990845
9018,0.2614017724990845
9019,0.26201707124710083
9020,0.2019066959619522
9021,0.2019066959619522
9022,0.2126031517982483
9023,0.21285974979400635
9024,0.21285974979400635
9025,0.2126031517982483
9026,0.21000409126281738
9027,0.21000409126281738
9028,0.2515529990196228
9029,0.2515529990196228
9030,0.2253156155347824
9031,0.2253156155347824
9032,0.2374388426542282
9033,0.2393447309732437
9034,0.2393447309732437
9035,0.2374388426542282
9036,0.21960987150669098
9037,0.21960987150669098
9038,0.2388942688703537
9039,0.2388942688703537
9040,0.2289414256811142
9041,0.22831366956233978
9042,0.22831366956233978
9043,0.2289414256811142
9044,0.22847600281238556
9045,0.22847600281238556
9046,0.28851956129074097
9047,0.28851956129074097
9048,0.20971645414829254
9049,0.20971645414829254
9050,0.24446211755275726
9051,0.24345235526561737
9052,0.24345235526561737
9053,0.24446211755275726
9054,0.24598385393619537
9055,0.2460857480764389
9056,0.24623192846775055
9057,0.24583083391189575
9058,0.241215780377388
9059,0.241215780377388
9060,0.2321239411830902
9061,0.2321239411830902
9062,0.19654415547847748
9063,0.1970539093017578
9064,0.1970539093017578
9065,0.19654415547847748
9066,0.14464786648750305
9067,0.14464786648750305
9068,0.22565950453281403
9069,0.22049692273139954
9070,0.22524304687976837
9071,0.2209722101688385
9072,0.22942136228084564
9073,0.22942136228084564
9074,0.22885361313819885
9075,0.22822259366512299
9076,0.22822259366512299
9077,0.22885361313819885
9078,0.2402295619249344
9079,0.2402295619249344
9080,0.24168579280376434
9081,0.24168579280376434
9082,0.2257852554321289
9083,0.22567801177501678
9084,0.22567801177501678
9085,0.2257852554321289
9086,0.22866849601268768
9087,0.22866849601268768
9088,0.17282605171203613
9089,0.17282605171203613
9090,0.2871469259262085
9091,0.28715378046035767
9092,0.28715378046035767
9093,0.2871469259262085
9094,0.2010449320077896
9095,0.2577730417251587
9096,0.19155870378017426
9097,0.19166503846645355
9098,0.22061778604984283
9099,0.20105598866939545
9100,0.20105598866939545
9101,0.18518610298633575
9102,0.16532716155052185
9103,0.19143442809581757
9104,0.19143442809581757
9105,0.25677359104156494
9106,0.21755371987819672
9107,0.21755371987819672
9108,0.21422038972377777
9109,0.1931447982788086
9110,0.1931447982788086
9111,0.16446691751480103
9112,0.18618734180927277
9113,0.18361042439937592
9114,0.18361042439937592
9115,0.18570493161678314
9116,0.19831453263759613
9117,0.2139839380979538
9118,0.20133693516254425
9119,0.20133693516254425
9120,0.18827201426029205
9121,0.18827201426029205
9122,0.196221262216568
9123,0.2504160404205322
9124,0.2504160404205322
9125,0.20367558300495148
9126,0.20367558300495148
9127,0.27745139598846436
9128,0.21244041621685028
9129,0.21555444598197937
9130,0.18614162504673004
9131,0.18614162504673004
9132,0.19810403883457184
9133,0.2121531218290329
9134,0.20478259027004242
9135,0.20478259027004242
9136,0.22424422204494476
9137,0.21239717304706573
9138,0.17654113471508026
9139,0.20475775003433228
9140,0.20475775003433228
9141,0.23709578812122345
9142,0.19036370515823364
9143,0.18217383325099945
9144,0.22317692637443542
9145,0.21804389357566833
9146,0.24467165768146515
9147,0.24467165768146515
9148,0.1892278790473938
9149,0.20634359121322632
9150,0.20634359121322632
9151,0.2046419233083725
9152,0.22403627634048462
9153,0.21491138637065887
9154,0.21597319841384888
9155,0.21597319841384888
9156,0.19119583070278168
9157,0.212722048163414
9158,0.1856188178062439
9159,0.1856188178062439
9160,0.2657654285430908
9161,0.25681188702583313
9162,0.19401423633098602
9163,0.20852582156658173
9164,0.20852582156658173
9165,0.20746685564517975
9166,0.20677979290485382
9167,0.22813357412815094
9168,0.22976787388324738
9169,0.19387955963611603
9170,0.19387955963611603
9171,0.14875976741313934
9172,0.21052266657352448
9173,0.20493720471858978
9174,0.20706668496131897
9175,0.18541298806667328
9176,0.18541298806667328
9177,0.2179006189107895
9178,0.2195805013179779
9179,0.2178029865026474
9180,0.2178029865026474
9181,0.20380565524101257
9182,0.15659213066101074
9183,0.2646584212779999
9184,0.2646584212779999
9185,0.23028726875782013
9186,0.28220701217651367
9187,0.21779252588748932
9188,0.21790966391563416
9189,0.22528651356697083
9190,0.24365876615047455
9191,0.24365876615047455
9192,0.22881589829921722
9193,0.1955583393573761
9194,0.23015689849853516
9195,0.23015689849853516
9196,0.26772361993789673
9197,0.2528197765350342
9198,0.2528197765350342
9199,0.21691079437732697
9200,0.23326027393341064
9201,0.23326027393341064
9202,0.1913667917251587
9203,0.21094240248203278
9204,0.223834827542305
9205,0.223834827542305
9206,0.21741531789302826
9207,0.21939782798290253
9208,0.23187007009983063
9209,0.24414381384849548
9210,0.24414381384849548
9211,0.22234787046909332
9212,0.22234787046909332
9213,0.2449917197227478
9214,0.26302146911621094
9215,0.26302146911621094
9216,0.22393377125263214
9217,0.22393377125263214
9218,0.3005732297897339
9219,0.24444778263568878
9220,0.26378172636032104
9221,0.23377995193004608
9222,0.23377995193004608
9223,0.22696562111377716
9224,0.24438950419425964
9225,0.2415451854467392
9226,0.2415451854467392
9227,0.2583502531051636
9228,0.20778046548366547
9229,0.19836528599262238
9230,0.23958081007003784
9231,0.23958081007003784
9232,0.26289069652557373
9233,0.2160005271434784
9234,0.20618346333503723
9235,0.2424459457397461
9236,0.258187472820282
9237,0.23715969920158386
9238,0.23715969920158386
9239,0.21899573504924774
9240,0.23373101651668549
9241,0.23373101651668549
9242,0.23191013932228088
9243,0.23476092517375946
9244,0.26336467266082764
9245,0.2473190426826477
9246,0.2473190426826477
9247,0.22489988803863525
9248,0.23551423847675323
9249,0.24047507345676422
9250,0.24047507345676422
9251,0.2809996008872986
9252,0.24220003187656403
9253,0.23586660623550415
9254,0.22560332715511322
9255,0.22560332715511322
9256,0.24490346014499664
9257,0.2452417016029358
9258,0.24941110610961914
9259,0.25047892332077026
9260,0.22463688254356384
9261,0.22463688254356384
9262,0.19466042518615723
9263,0.2400262951850891
9264,0.23832470178604126
9265,0.23875612020492554
9266,0.24116627871990204
9267,0.24116627871990204
9268,0.24701575934886932
9269,0.23521728813648224
9270,0.24958549439907074
9271,0.24958549439907074
9272,0.2229173332452774
9273,0.18675534427165985
9274,0.2379915863275528
9275,0.2379915863275528
9276,0.2326769232749939
9277,0.2712295651435852
9278,0.21801193058490753
9279,0.21766193211078644
9280,0.23005367815494537
9281,0.24429695308208466
9282,0.24429695308208466
9283,0.23681773245334625
9284,0.1874665468931198
9285,0.21764987707138062
9286,0.21764987707138062
9287,0.25903964042663574
9288,0.26003706455230713
9289,0.26003706455230713
9290,0.22113938629627228
9291,0.2263733595609665
9292,0.2263733595609665
9293,0.19791053235530853
9294,0.21509839594364166
9295,0.22285519540309906
9296,0.22285519540309906
9297,0.21518684923648834
9298,0.22632427513599396
9299,0.23461848497390747
9300,0.24825544655323029
9301,0.24825544655323029
9302,0.22177904844284058
9303,0.22177904844284058
9304,0.24240516126155853
9305,0.26595234870910645
9306,0.26595234870910645
9307,0.23984690010547638
9308,0.23984690010547638
9309,0.3065815567970276
9310,0.25702840089797974
9311,0.2452181577682495
9312,0.2326033115386963
9313,0.2326033115386963
9314,0.21830499172210693
9315,0.2402746081352234
9316,0.2511131763458252
9317,0.2511131763458252
9318,0.26568347215652466
9319,0.22589164972305298
9320,0.1943873018026352
9321,0.2412455677986145
9322,0.2412455677986145
9323,0.2728835940361023
9324,0.21639284491539001
9325,0.21943946182727814
9326,0.2580519914627075
9327,0.24902646243572235
9328,0.24763838946819305
9329,0.24763838946819305
9330,0.217399463057518
9331,0.23998412489891052
9332,0.23998412489891052
9333,0.24143894016742706
9334,0.2404283583164215
9335,0.26963937282562256
9336,0.2508300542831421
9337,0.2508300542831421
9338,0.22553269565105438
9339,0.23643966019153595
9340,0.23846140503883362
9341,0.23846140503883362
9342,0.26190346479415894
9343,0.26048874855041504
9344,0.2373090386390686
9345,0.22951145470142365
9346,0.22951145470142365
9347,0.2574414908885956
9348,0.2573339343070984
9349,0.25438809394836426
9350,0.23553045094013214
9351,0.22381459176540375
9352,0.22381459176540375
9353,0.19019731879234314
9354,0.24990563094615936
9355,0.24673034250736237
9356,0.24618370831012726
9357,0.23823870718479156
9358,0.23823870718479156
9359,0.2618630528450012
9360,0.2458394318819046
9361,0.25036895275115967
9362,0.25036895275115967
9363,0.22579987347126007
9364,0.19462700188159943
9365,0.24958185851573944
9366,0.24958185851573944
9367,0.18493801355361938
9368,0.24230240285396576
9369,0.21342767775058746
9370,0.21367402374744415
9371,0.24631519615650177
9372,0.2325204610824585
9373,0.2325204610824585
9374,0.1913529634475708
9375,0.1443760097026825
9376,0.23303870856761932
9377,0.23303870856761932
9378,0.22910913825035095
9379,0.19284911453723907
9380,0.19284911453723907
9381,0.2501956820487976
9382,0.22615136206150055
9383,0.22615136206150055
9384,0.16515198349952698
9385,0.22904901206493378
9386,0.162479430437088
9387,0.162479430437088
9388,0.15898650884628296
9389,0.22108472883701324
9390,0.1919260323047638
9391,0.22871652245521545
9392,0.22871652245521545
9393,0.2211507111787796
9394,0.2211507111787796
9395,0.1966393142938614
9396,0.24635246396064758
9397,0.24635246396064758
9398,0.2791323661804199
9399,0.2791323661804199
9400,0.2904778718948364
9401,0.21287429332733154
9402,0.20246155560016632
9403,0.22296138107776642
9404,0.22296138107776642
9405,0.17048229277133942
9406,0.1960376650094986
9407,0.20420967042446136
9408,0.20420967042446136
9409,0.21781624853610992
9410,0.2340409904718399
9411,0.15818797051906586
9412,0.1946055293083191
9413,0.1946055293083191
9414,0.22122330963611603
9415,0.23858751356601715
9416,0.1661221832036972
9417,0.20807966589927673
9418,0.20899344980716705
9419,0.2899633049964905
9420,0.2899633049964905
9421,0.2071429342031479
9422,0.18433810770511627
9423,0.18433810770511627
9424,0.19364199042320251
9425,0.2555078864097595
9426,0.202255979180336
9427,0.23327158391475677
9428,0.23327158391475677
9429,0.20736001431941986
9430,0.22710773348808289
9431,0.18969495594501495
9432,0.18969495594501495
9433,0.22766432166099548
9434,0.27933648228645325
9435,0.20299942791461945
9436,0.24723999202251434
9437,0.24723999202251434
9438,0.23304446041584015
9439,0.232333704829216
9440,0.2055429220199585
9441,0.2237558215856552
9442,0.18806670606136322
9443,0.18806670606136322
9444,0.12938371300697327
9445,0.21329233050346375
9446,0.20249265432357788
9447,0.20621193945407867
9448,0.19014069437980652
9449,0.19014069437980652
9450,0.20601554214954376
9451,0.2290208786725998
9452,0.20636700093746185
9453,0.20636700093746185
9454,0.22878766059875488
9455,0.15175452828407288
9456,0.295326292514801
9457,0.295326292514801
9458,0.20072409510612488
9459,0.2736833095550537
9460,0.20548684895038605
9461,0.2060725837945938
9462,0.25417959690093994
9463,0.23256386816501617
9464,0.23256386816501617
9465,0.2079249769449234
9466,0.19141782820224762
9467,0.2179783433675766
9468,0.2179783433675766
9469,0.2872962951660156
9470,0.23967856168746948
9471,0.23967856168746948
9472,0.24304482340812683
9473,0.21953493356704712
9474,0.21953493356704712
9475,0.1924503743648529
9476,0.24104641377925873
9477,0.19635368883609772
9478,0.19635368883609772
9479,0.2062348872423172
9480,0.20787279307842255
9481,0.23846352100372314
9482,0.22264692187309265
9483,0.22264692187309265
9484,0.23623846471309662
9485,0.23623846471309662
9486,0.23499514162540436
9487,0.2612866163253784
9488,0.2612866163253784
9489,0.24024569988250732
9490,0.24024569988250732
9491,0.3080979585647583
9492,0.23084256052970886
9493,0.25238800048828125
9494,0.22734518349170685
9495,0.22734518349170685
9496,0.20718428492546082
9497,0.2186194658279419
9498,0.23034851253032684
9499,0.23034851253032684
9500,0.2477574497461319
9501,0.23952491581439972
9502,0.19373489916324615
9503,0.21819151937961578
9504,0.21819151937961578
9505,0.24901561439037323
9506,0.2436477094888687
9507,0.18435783684253693
9508,0.23880819976329803
9509,0.24700279533863068
9510,0.27291733026504517
9511,0.27291733026504517
9512,0.22067736089229584
9513,0.23253624141216278
9514,0.23253624141216278
9515,0.22865119576454163
9516,0.2573325037956238
9517,0.2010771483182907
9518,0.23378446698188782
9519,0.23378446698188782
9520,0.22682632505893707
9521,0.2356884777545929
9522,0.222305566072464
9523,0.222305566072464
9524,0.2781117558479309
9525,0.2898840308189392
9526,0.21672190725803375
9527,0.25156840682029724
9528,0.25156840682029724
9529,0.23221027851104736
9530,0.23150016367435455
9531,0.2558824419975281
9532,0.24403344094753265
9533,0.2139187753200531
9534,0.2139187753200531
9535,0.17185144126415253
9536,0.22348259389400482
9537,0.2128392606973648
9538,0.23495332896709442
9539,0.2233983427286148
9540,0.2233983427286148
9541,0.22850129008293152
9542,0.23069913685321808
9543,0.2373008131980896
9544,0.2373008131980896
9545,0.241154283285141
9546,0.1724267303943634
9547,0.3055758476257324
9548,0.3055758476257324
9549,0.23267526924610138
9550,0.27141982316970825
9551,0.2181033045053482
9552,0.21777184307575226
9553,0.230152428150177
9554,0.24446196854114532
9555,0.24446196854114532
9556,0.23680263757705688
9557,0.1875503808259964
9558,0.21767477691173553
9559,0.21767477691173553
9560,0.2590771019458771
9561,0.26019078493118286
9562,0.26019078493118286
9563,0.2212436944246292
9564,0.2264041304588318
9565,0.2264041304588318
9566,0.19778700172901154
9567,0.21520739793777466
9568,0.22283026576042175
9569,0.22283026576042175
9570,0.2149762660264969
9571,0.22637520730495453
9572,0.2345331609249115
9573,0.24837420880794525
9574,0.24837420880794525
9575,0.22194354236125946
9576,0.22194354236125946
9577,0.2425222247838974
9578,0.2659969925880432
9579,0.2659969925880432
9580,0.23998378217220306
9581,0.23998378217220306
9582,0.3065895438194275
9583,0.25703129172325134
9584,0.24522444605827332
9585,0.23266379535198212
9586,0.23266379535198212
9587,0.2183798998594284
9588,0.240180104970932
9589,0.25112468004226685
9590,0.25112468004226685
9591,0.2655695676803589
9592,0.22611938416957855
9593,0.19451187551021576
9594,0.24130786955356598
9595,0.24130786955356598
9596,0.27276164293289185
9597,0.21660982072353363
9598,0.2194015085697174
9599,0.2579386830329895
9600,0.2489425539970398
9601,0.24782244861125946
9602,0.24782244861125946
9603,0.21760296821594238
9604,0.23978778719902039
9605,0.23978778719902039
9606,0.2412763386964798
9607,0.24061501026153564
9608,0.26974624395370483
9609,0.2509697675704956
9610,0.2509697675704956
9611,0.2254810929298401
9612,0.23650875687599182
9613,0.23857010900974274
9614,0.23857010900974274
9615,0.26214495301246643
9616,0.2606021761894226
9617,0.23725710809230804
9618,0.22967348992824554
9619,0.22967348992824554
9620,0.2574297785758972
9621,0.257318377494812
9622,0.2542601227760315
9623,0.23561571538448334
9624,0.22378794848918915
9625,0.22378794848918915
9626,0.19028908014297485
9627,0.24993564188480377
9628,0.24677251279354095
9629,0.24623771011829376
9630,0.23832301795482635
9631,0.23832301795482635
9632,0.26173651218414307
9633,0.2459099441766739
9634,0.250307559967041
9635,0.250307559967041
9636,0.226030170917511
9637,0.19465051591396332
9638,0.24974609911441803
9639,0.24974609911441803
9640,0.1884603649377823
9641,0.2186194658279419
9642,0.20734183490276337
9643,0.2076175957918167
9644,0.23963366448879242
9645,0.2152108997106552
9646,0.2152108997106552
9647,0.18281053006649017
9648,0.1563849151134491
9649,0.22064940631389618
9650,0.22064940631389618
9651,0.19886533915996552
9652,0.1973881870508194
9653,0.1973881870508194
9654,0.22254155576229095
9655,0.20887336134910583
9656,0.20887336134910583
9657,0.17712216079235077
9658,0.2215866893529892
9659,0.16408804059028625
9660,0.16408804059028625
9661,0.17359134554862976
9662,0.20685432851314545
9663,0.18311835825443268
9664,0.21939831972122192
9665,0.21939831972122192
9666,0.21259041130542755
9667,0.21259041130542755
9668,0.20468731224536896
9669,0.22858352959156036
9670,0.22858352959156036
9671,0.23878322541713715
9672,0.23878322541713715
9673,0.25511831045150757
9674,0.208677276968956
9675,0.1943640559911728
9676,0.2155505269765854
9677,0.2155505269765854
9678,0.16314846277236938
9679,0.19397132098674774
9680,0.1966981738805771
9681,0.1966981738805771
9682,0.206064373254776
9683,0.209212526679039
9684,0.16593173146247864
9685,0.17650656402111053
9686,0.17650656402111053
9687,0.21514566242694855
9688,0.23094649612903595
9689,0.1782701164484024
9690,0.20744647085666656
9691,0.21093325316905975
9692,0.24203342199325562
9693,0.24203342199325562
9694,0.20179994404315948
9695,0.1806734800338745
9696,0.1806734800338745
9697,0.17744489014148712
9698,0.22766263782978058
9699,0.20211969316005707
9700,0.2085770219564438
9701,0.2085770219564438
9702,0.20690034329891205
9703,0.22322995960712433
9704,0.20087310671806335
9705,0.20087310671806335
9706,0.214554563164711
9707,0.24602863192558289
9708,0.19237320125102997
9709,0.22692544758319855
9710,0.22692544758319855
9711,0.22052694857120514
9712,0.2201758474111557
9713,0.1996208280324936
9714,0.21301241219043732
9715,0.17932353913784027
9716,0.17932353913784027
9717,0.1581457257270813
9718,0.1973962038755417
9719,0.19701285660266876
9720,0.19743306934833527
9721,0.20133887231349945
9722,0.20133887231349945
9723,0.21252478659152985
9724,0.2186218947172165
9725,0.2079748660326004
9726,0.2079748660326004
9727,0.21835389733314514
9728,0.15933680534362793
9729,0.252702534198761
9730,0.252702534198761
9731,0.17540132999420166
9732,0.17540132999420166
9733,0.21282203495502472
9734,0.21282203495502472
9735,0.1423608958721161
9736,0.1431489735841751
9737,0.14236034452915192
9738,0.14314982295036316
9739,0.20597578585147858
9740,0.20597578585147858
9741,0.17106691002845764
9742,0.17278511822223663
9743,0.17278511822223663
9744,0.17106691002845764
9745,0.16239765286445618
9746,0.16239765286445618
9747,0.15455569326877594
9748,0.15455569326877594
9749,0.1415855586528778
9750,0.14153730869293213
9751,0.14153730869293213
9752,0.1415855586528778
9753,0.21903647482395172
9754,0.21903647482395172
9755,0.19455070793628693
9756,0.19394680857658386
9757,0.19394680857658386
9758,0.19455070793628693
9759,0.16431279480457306
9760,0.16431279480457306
9761,0.15090446174144745
9762,0.1509535312652588
9763,0.1509535312652588
9764,0.15090446174144745
9765,0.16987793147563934
9766,0.16987793147563934
9767,0.17779867351055145
9768,0.17779867351055145
9769,0.1502465009689331
9770,0.15024609863758087
9771,0.15024609863758087
9772,0.1502465009689331
9773,0.16933761537075043
9774,0.16933761537075043
9775,0.16509011387825012
9776,0.16509011387825012
9777,0.1864222139120102
9778,0.1864222139120102
9779,0.1649976521730423
9780,0.168844535946846
9781,0.168844535946846
9782,0.1649976521730423
9783,0.16603554785251617
9784,0.1661331206560135
9785,0.1661331206560135
9786,0.16603554785251617
9787,0.17548556625843048
9788,0.17548556625843048
9789,0.2141869217157364
9790,0.2160644382238388
9791,0.2160644382238388
9792,0.2141869217157364
9793,0.1792052537202835
9794,0.17952249944210052
9795,0.17952249944210052
9796,0.1792052537202835
9797,0.25365692377090454
9798,0.25365692377090454
9799,0.1901688426733017
9800,0.1901688426733017
9801,0.19467970728874207
9802,0.19467970728874207
9803,0.16243448853492737
9804,0.1631852090358734
9805,0.1631852090358734
9806,0.16243448853492737
9807,0.16291019320487976
9808,0.16291019320487976
9809,0.18207232654094696
9810,0.18207232654094696
9811,0.18239323794841766
9812,0.1822236031293869
9813,0.1822236031293869
9814,0.18239323794841766
9815,0.1911906749010086
9816,0.1911906749010086
9817,0.19208811223506927
9818,0.19208811223506927
9819,0.16761162877082825
9820,0.16761162877082825
9821,0.16345304250717163
9822,0.16336266696453094
9823,0.16336266696453094
9824,0.16345304250717163
9825,0.21461443603038788
9826,0.21461443603038788
9827,0.1716615855693817
9828,0.1716615855693817
9829,0.17539606988430023
9830,0.17539606988430023
9831,0.2044747918844223
9832,0.2044747918844223
9833,0.19717587530612946
9834,0.19717587530612946
9835,0.1930920034646988
9836,0.1932460218667984
9837,0.1932460218667984
9838,0.1930920034646988
9839,0.17060206830501556
9840,0.17060206830501556
9841,0.1744210571050644
9842,0.1742938756942749
9843,0.1742938756942749
9844,0.1744210571050644
9845,0.1772228479385376
9846,0.1772228479385376
9847,0.19940285384655
9848,0.19940285384655
9849,0.18435023725032806
9850,0.18435023725032806
9851,0.18187269568443298
9852,0.1847066432237625
9853,0.1847066432237625
9854,0.18187269568443298
9855,0.16584351658821106
9856,0.16584351658821106
9857,0.19326548278331757
9858,0.19326548278331757
9859,0.1656041443347931
9860,0.16561156511306763
9861,0.16561156511306763
9862,0.1656041443347931
9863,0.21780763566493988
9864,0.21780763566493988
9865,0.2234097421169281
9866,0.2234097421169281
9867,0.1710914820432663
9868,0.1710914820432663
9869,0.18765902519226074
9870,0.1877698302268982
9871,0.1877698302268982
9872,0.18765902519226074
9873,0.1766679286956787
9874,0.17624276876449585
9875,0.1766655296087265
9876,0.1762438863515854
9877,0.1980452537536621
9878,0.1980452537536621
9879,0.21156072616577148
9880,0.21156072616577148
9881,0.17229528725147247
9882,0.17230524122714996
9883,0.17230524122714996
9884,0.17229528725147247
9885,0.12594440579414368
9886,0.12594440579414368
9887,0.18150311708450317
9888,0.1723753958940506
9889,0.1814960390329361
9890,0.17237959802150726
9891,0.18755242228507996
9892,0.18755242228507996
9893,0.16653572022914886
9894,0.1665346920490265
9895,0.1665346920490265
9896,0.16653572022914886
9897,0.20047886669635773
9898,0.20047886669635773
9899,0.19663254916667938
9900,0.19663254916667938
9901,0.19383107125759125
9902,0.19382993876934052
9903,0.19382993876934052
9904,0.19383107125759125
9905,0.1854873150587082
9906,0.1854873150587082
9907,0.1469312310218811
9908,0.1469312310218811
9909,0.23494073748588562
9910,0.23494119942188263
9911,0.23494119942188263
9912,0.23494073748588562
9913,0.1962611973285675
9914,0.25284653902053833
9915,0.24103222787380219
9916,0.24115951359272003
9917,0.24979935586452484
9918,0.23109714686870575
9919,0.23109714686870575
9920,0.20227955281734467
9921,0.1559361219406128
9922,0.2467661052942276
9923,0.2467661052942276
9924,0.21420571208000183
9925,0.2236333191394806
9926,0.2236333191394806
9927,0.24603627622127533
9928,0.22842298448085785
9929,0.22842298448085785
9930,0.17045603692531586
9931,0.224205881357193
9932,0.17795875668525696
9933,0.17795875668525696
9934,0.17772066593170166
9935,0.2228897362947464
9936,0.19207821786403656
9937,0.24741078913211823
9938,0.24741078913211823
9939,0.21569998562335968
9940,0.21569998562335968
9941,0.21696940064430237
9942,0.25430381298065186
9943,0.25430381298065186
9944,0.25342392921447754
9945,0.25342392921447754
9946,0.2664140462875366
9947,0.22571343183517456
9948,0.19987191259860992
9949,0.21933923661708832
9950,0.21933923661708832
9951,0.17544831335544586
9952,0.20250608026981354
9953,0.21607746183872223
9954,0.21607746183872223
9955,0.22896189987659454
9956,0.22375033795833588
9957,0.16543883085250854
9958,0.19503088295459747
9959,0.19503088295459747
9960,0.23473456501960754
9961,0.23556265234947205
9962,0.18482914566993713
9963,0.22142863273620605
9964,0.2257150560617447
9965,0.2639229893684387
9966,0.2639229893684387
9967,0.21369622647762299
9968,0.1982322335243225
9969,0.1982322335243225
9970,0.19404400885105133
9971,0.2340853065252304
9972,0.2462034672498703
9973,0.2322901487350464
9974,0.2322901487350464
9975,0.20724482834339142
9976,0.22843147814273834
9977,0.20981495082378387
9978,0.20981495082378387
9979,0.24753274023532867
9980,0.27058643102645874
9981,0.20535604655742645
9982,0.23498213291168213
9983,0.23498213291168213
9984,0.23884998261928558
9985,0.23881368339061737
9986,0.21762479841709137
9987,0.21813134849071503
9988,0.19529719650745392
9989,0.19529719650745392
9990,0.1639018952846527
9991,0.2081020027399063
9992,0.2097625732421875
9993,0.20983409881591797
9994,0.21133343875408173
9995,0.21133343875408173
9996,0.23439401388168335
9997,0.22126618027687073
9998,0.22187621891498566
9999,0.22187621891498566
10000,0.2314201146364212
10001,0.16646143794059753
10002,0.266714870929718
10003,0.266714870929718
10004,0.20153813064098358
10005,0.2565750479698181
10006,0.25327539443969727
10007,0.25402194261550903
10008,0.2625705599784851
10009,0.26782602071762085
10010,0.26782602071762085
10011,0.2172161489725113
10012,0.16569474339485168
10013,0.26554355025291443
10014,0.26554355025291443
10015,0.2324122041463852
10016,0.23602019250392914
10017,0.23602019250392914
10018,0.25957727432250977
10019,0.25058817863464355
10020,0.25058817863464355
10021,0.18735551834106445
10022,0.24138014018535614
10023,0.1762022227048874
10024,0.1762022227048874
10025,0.18813534080982208
10026,0.24811753630638123
10027,0.2099670171737671
10028,0.27350038290023804
10029,0.27350038290023804
10030,0.24711516499519348
10031,0.24711516499519348
10032,0.23132409155368805
10033,0.28080981969833374
10034,0.28080981969833374
10035,0.28511837124824524
10036,0.28511837124824524
10037,0.30698907375335693
10038,0.24409563839435577
10039,0.22142013907432556
10040,0.2485164999961853
10041,0.2485164999961853
10042,0.18390269577503204
10043,0.2322271317243576
10044,0.23195278644561768
10045,0.23195278644561768
10046,0.24841727316379547
10047,0.24300910532474518
10048,0.1781182736158371
10049,0.20223240554332733
10050,0.20223240554332733
10051,0.2520294189453125
10052,0.2687518000602722
10053,0.18519189953804016
10054,0.22822274267673492
10055,0.23630550503730774
10056,0.28418833017349243
10057,0.28418833017349243
10058,0.21524061262607574
10059,0.21064706146717072
10060,0.21064706146717072
10061,0.20734672248363495
10062,0.2799975275993347
10063,0.24215704202651978
10064,0.2517516016960144
10065,0.2517516016960144
10066,0.22363288700580597
10067,0.2550009489059448
10068,0.2248772233724594
10069,0.2248772233724594
10070,0.24445007741451263
10071,0.3060944676399231
10072,0.21017082035541534
10073,0.2600098252296448
10074,0.2600098252296448
10075,0.2667078375816345
10076,0.26556432247161865
10077,0.23922725021839142
10078,0.2321595400571823
10079,0.20783844590187073
10080,0.20783844590187073
10081,0.15306410193443298
10082,0.23022213578224182
10083,0.22952499985694885
10084,0.23637288808822632
10085,0.2236853688955307
10086,0.2236853688955307
10087,0.2388162463903427
10088,0.24544622004032135
10089,0.2334567755460739
10090,0.2334567755460739
10091,0.2410731315612793
10092,0.169230118393898
10093,0.31387394666671753
10094,0.31387394666671753
10095,0.2093203067779541
10096,0.2093203067779541
10097,0.23490561544895172
10098,0.23490561544895172
10099,0.17582128942012787
10100,0.17610645294189453
10101,0.17582175135612488
10102,0.17610596120357513
10103,0.21910054981708527
10104,0.21910054981708527
10105,0.21959391236305237
10106,0.21844051778316498
10107,0.21844051778316498
10108,0.21959391236305237
10109,0.1945073902606964
10110,0.1945073902606964
10111,0.17655128240585327
10112,0.17655128240585327
10113,0.1854596734046936
10114,0.18559657037258148
10115,0.18559657037258148
10116,0.1854596734046936
10117,0.22712062299251556
10118,0.22712062299251556
10119,0.22755734622478485
10120,0.2275855988264084
10121,0.2275855988264084
10122,0.22755734622478485
10123,0.17910270392894745
10124,0.17910270392894745
10125,0.1874026209115982
10126,0.18704016506671906
10127,0.18704016506671906
10128,0.1874026209115982
10129,0.19931401312351227
10130,0.19931401312351227
10131,0.18629062175750732
10132,0.18629062175750732
10133,0.19805829226970673
10134,0.19805671274662018
10135,0.19805671274662018
10136,0.19805829226970673
10137,0.1885235607624054
10138,0.1885235607624054
10139,0.18790671229362488
10140,0.18790671229362488
10141,0.21070948243141174
10142,0.21070948243141174
10143,0.21251823008060455
10144,0.21237443387508392
10145,0.21237443387508392
10146,0.21251823008060455
10147,0.19205398857593536
10148,0.1911918669939041
10149,0.1911918669939041
10150,0.19205398857593536
10151,0.2200290411710739
10152,0.2200290411710739
10153,0.2600443363189697
10154,0.259476900100708
10155,0.259476900100708
10156,0.2600443363189697
10157,0.20792676508426666
10158,0.20758157968521118
10159,0.20758157968521118
10160,0.20792676508426666
10161,0.28381145000457764
10162,0.28381145000457764
10163,0.22208625078201294
10164,0.22208625078201294
10165,0.2131062150001526
10166,0.2131062150001526
10167,0.1963774710893631
10168,0.19639311730861664
10169,0.19639311730861664
10170,0.1963774710893631
10171,0.1952415257692337
10172,0.1952415257692337
10173,0.2308117002248764
10174,0.2308117002248764
10175,0.2156328409910202
10176,0.2156297117471695
10177,0.2156297117471695
10178,0.2156328409910202
10179,0.23850487172603607
10180,0.23850487172603607
10181,0.19980110228061676
10182,0.19980110228061676
10183,0.18507744371891022
10184,0.18507744371891022
10185,0.21384480595588684
10186,0.21384625136852264
10187,0.21384625136852264
10188,0.21384480595588684
10189,0.24825337529182434
10190,0.24825337529182434
10191,0.19032274186611176
10192,0.19032274186611176
10193,0.20275850594043732
10194,0.20275850594043732
10195,0.23556970059871674
10196,0.23556970059871674
10197,0.23512990772724152
10198,0.23512990772724152
10199,0.20743975043296814
10200,0.20742549002170563
10201,0.20742549002170563
10202,0.20743975043296814
10203,0.18846090137958527
10204,0.18846090137958527
10205,0.20825941860675812
10206,0.20823408663272858
10207,0.20823408663272858
10208,0.20825941860675812
10209,0.21334446966648102
10210,0.21334446966648102
10211,0.21624337136745453
10212,0.21624337136745453
10213,0.2328880876302719
10214,0.2328880876302719
10215,0.21797065436840057
10216,0.217898890376091
10217,0.217898890376091
10218,0.21797065436840057
10219,0.19491857290267944
10220,0.19491857290267944
10221,0.21613797545433044
10222,0.21613797545433044
10223,0.2100045531988144
10224,0.20997823774814606
10225,0.20997823774814606
10226,0.2100045531988144
10227,0.2304137647151947
10228,0.2304137647151947
10229,0.24898728728294373
10230,0.24898728728294373
10231,0.20899252593517303
10232,0.20899252593517303
10233,0.20690354704856873
10234,0.20687778294086456
10235,0.20687778294086456
10236,0.20690354704856873
10237,0.2105305939912796
10238,0.2105942815542221
10239,0.21053087711334229
10240,0.2105945497751236
10241,0.2333824783563614
10242,0.2333824783563614
10243,0.2302934229373932
10244,0.2302934229373932
10245,0.18866097927093506
10246,0.18865340948104858
10247,0.18865340948104858
10248,0.18866097927093506
10249,0.1661098450422287
10250,0.1661098450422287
10251,0.20808544754981995
10252,0.20372794568538666
10253,0.20809729397296906
10254,0.2037203162908554
10255,0.2143832892179489
10256,0.2143832892179489
10257,0.21104253828525543
10258,0.21100465953350067
10259,0.21100465953350067
10260,0.21104253828525543
10261,0.22288505733013153
10262,0.22288505733013153
10263,0.21614322066307068
10264,0.21614322066307068
10265,0.2203364223241806
10266,0.22033490240573883
10267,0.22033490240573883
10268,0.2203364223241806
10269,0.20840945839881897
10270,0.20840945839881897
10271,0.1778353899717331
10272,0.1778353899717331
10273,0.22785064578056335
10274,0.22785066068172455
10275,0.22785066068172455
10276,0.22785064578056335
10277,0.21326665580272675
10278,0.24423357844352722
10279,0.21034583449363708
10280,0.20986516773700714
10281,0.2468775361776352
10282,0.2407320886850357
10283,0.2407320886850357
10284,0.2188294380903244
10285,0.17840342223644257
10286,0.21409787237644196
10287,0.21409787237644196
10288,0.2398354858160019
10289,0.23058007657527924
10290,0.23058007657527924
10291,0.2249382883310318
10292,0.21742208302021027
10293,0.21742208302021027
10294,0.19483786821365356
10295,0.2180006355047226
10296,0.1958247572183609
10297,0.1958247572183609
10298,0.20319809019565582
10299,0.20775382220745087
10300,0.21699219942092896
10301,0.23530755937099457
10302,0.23530755937099457
10303,0.22589071094989777
10304,0.22589071094989777
10305,0.237399622797966
10306,0.258794903755188
10307,0.258794903755188
10308,0.2502121329307556
10309,0.2502121329307556
10310,0.30127960443496704
10311,0.2417861372232437
10312,0.22563011944293976
10313,0.2340313047170639
10314,0.2340313047170639
10315,0.18776272237300873
10316,0.2287379950284958
10317,0.2323136180639267
10318,0.2323136180639267
10319,0.24888543784618378
10320,0.2190094143152237
10321,0.18978644907474518
10322,0.21307779848575592
10323,0.21307779848575592
10324,0.25132304430007935
10325,0.23303796350955963
10326,0.1980912685394287
10327,0.24410054087638855
10328,0.24496962130069733
10329,0.24466082453727722
10330,0.24466082453727722
10331,0.20035827159881592
10332,0.22101716697216034
10333,0.22101716697216034
10334,0.2202184796333313
10335,0.24001844227313995
10336,0.2258719950914383
10337,0.23317377269268036
10338,0.23317377269268036
10339,0.22775425016880035
10340,0.23213745653629303
10341,0.23514044284820557
10342,0.23514044284820557
10343,0.22705288231372833
10344,0.26778119802474976
10345,0.22388453781604767
10346,0.23140586912631989
10347,0.23140586912631989
10348,0.2515009939670563
10349,0.2513697147369385
10350,0.2476806342601776
10351,0.23097389936447144
10352,0.20438991487026215
10353,0.20438991487026215
10354,0.1595054417848587
10355,0.23456066846847534
10356,0.22852055728435516
10357,0.2351367026567459
10358,0.23584873974323273
10359,0.23584873974323273
10360,0.2461594194173813
10361,0.24569781124591827
10362,0.23464949429035187
10363,0.23464949429035187
10364,0.22325293719768524
10365,0.18253237009048462
10366,0.2670837640762329
10367,0.2670837640762329
10368,0.2365221530199051
10369,0.2365221530199051
10370,0.28077930212020874
10371,0.28077930212020874
10372,0.20635278522968292
10373,0.20644766092300415
10374,0.20635277032852173
10375,0.20644767582416534
10376,0.2336140125989914
10377,0.2336140125989914
10378,0.24509122967720032
10379,0.2450529932975769
10380,0.2450529932975769
10381,0.24509122967720032
10382,0.2195361703634262
10383,0.2195361703634262
10384,0.20431272685527802
10385,0.20431272685527802
10386,0.22258339822292328
10387,0.22257445752620697
10388,0.22257445752620697
10389,0.22258339822292328
10390,0.26624995470046997
10391,0.26624995470046997
10392,0.26283594965934753
10393,0.26283907890319824
10394,0.26283907890319824
10395,0.26283594965934753
10396,0.21447059512138367
10397,0.21447059512138367
10398,0.22826382517814636
10399,0.22820277512073517
10400,0.22820277512073517
10401,0.22826382517814636
10402,0.20372126996517181
10403,0.20372126996517181
10404,0.21050666272640228
10405,0.21050666272640228
10406,0.23600700497627258
10407,0.2360069900751114
10408,0.2360069900751114
10409,0.23600700497627258
10410,0.2250363677740097
10411,0.2250363677740097
10412,0.22196315228939056
10413,0.22196315228939056
10414,0.23402954638004303
10415,0.23402954638004303
10416,0.25099295377731323
10417,0.2509509325027466
10418,0.2509509325027466
10419,0.25099295377731323
10420,0.2214217334985733
10421,0.22137950360774994
10422,0.22137950360774994
10423,0.2214217334985733
10424,0.25107133388519287
10425,0.25107133388519287
10426,0.272002637386322
10427,0.2719888687133789
10428,0.2719888687133789
10429,0.272002637386322
10430,0.22181959450244904
10431,0.22179952263832092
10432,0.22179952263832092
10433,0.22181959450244904
10434,0.30731678009033203
10435,0.30731678009033203
10436,0.2410779446363449
10437,0.2410779446363449
10438,0.2724347710609436
10439,0.2724347710609436
10440,0.23811326920986176
10441,0.2380780428647995
10442,0.2380780428647995
10443,0.23811326920986176
10444,0.23305712640285492
10445,0.23305712640285492
10446,0.2609107494354248
10447,0.2609107494354248
10448,0.23915262520313263
10449,0.23915211856365204
10450,0.23915211856365204
10451,0.23915262520313263
10452,0.2632501721382141
10453,0.2632501721382141
10454,0.22064422070980072
10455,0.22064422070980072
10456,0.20998428761959076
10457,0.20998428761959076
10458,0.24760812520980835
10459,0.24760816991329193
10460,0.24760816991329193
10461,0.24760812520980835
10462,0.26840949058532715
10463,0.26840949058532715
10464,0.22349046170711517
10465,0.22349046170711517
10466,0.22183741629123688
10467,0.22183741629123688
10468,0.25607830286026
10469,0.25607830286026
10470,0.2578321099281311
10471,0.2578321099281311
10472,0.2325071394443512
10473,0.23250676691532135
10474,0.23250676691532135
10475,0.2325071394443512
10476,0.221791610121727
10477,0.221791610121727
10478,0.2372906655073166
10479,0.23728977143764496
10480,0.23728977143764496
10481,0.2372906655073166
10482,0.23660218715667725
10483,0.23660218715667725
10484,0.2387896627187729
10485,0.2387896627187729
10486,0.26832467317581177
10487,0.26832467317581177
10488,0.25345003604888916
10489,0.25342947244644165
10490,0.25342947244644165
10491,0.25345003604888916
10492,0.22201114892959595
10493,0.22201114892959595
10494,0.24319501221179962
10495,0.24319501221179962
10496,0.24640557169914246
10497,0.24640332162380219
10498,0.24640332162380219
10499,0.24640557169914246
10500,0.2702159881591797
10501,0.2702159881591797
10502,0.2512471675872803
10503,0.2512471675872803
10504,0.24129121005535126
10505,0.24129121005535126
10506,0.2366933375597
10507,0.23669332265853882
10508,0.23669332265853882
10509,0.2366933375597
10510,0.2423492819070816
10511,0.24241353571414948
10512,0.2423492819070816
10513,0.24241353571414948
10514,0.2575172185897827
10515,0.2575172185897827
10516,0.25050902366638184
10517,0.25050902366638184
10518,0.2273050844669342
10519,0.22730527818202972
10520,0.22730527818202972
10521,0.2273050844669342
10522,0.21110127866268158
10523,0.21110127866268158
10524,0.24875544011592865
10525,0.2433566004037857
10526,0.24875511229038239
10527,0.24335701763629913
10528,0.24010656774044037
10529,0.24010656774044037
10530,0.24589182436466217
10531,0.2458895891904831
10532,0.2458895891904831
10533,0.24589182436466217
10534,0.2517979145050049
10535,0.2517979145050049
10536,0.2423158437013626
10537,0.2423158437013626
10538,0.25110387802124023
10539,0.2511039972305298
10540,0.2511039972305298
10541,0.25110387802124023
10542,0.23392967879772186
10543,0.23392967879772186
10544,0.20024709403514862
10545,0.20024709403514862
10546,0.2467542439699173
10547,0.2467542290687561
10548,0.2467542290687561
10549,0.2467542439699173
10550,0.20546694099903107
10551,0.20546694099903107
10552,0.22786177694797516
10553,0.22786177694797516
10554,0.18174810707569122
10555,0.18198706209659576
10556,0.18174299597740173
10557,0.18199239671230316
10558,0.20814697444438934
10559,0.20814697444438934
10560,0.20951025187969208
10561,0.20941279828548431
10562,0.20941279828548431
10563,0.20951025187969208
10564,0.17827768623828888
10565,0.17827768623828888
10566,0.16607075929641724
10567,0.16607075929641724
10568,0.18455423414707184
10569,0.18342512845993042
10570,0.18342512845993042
10571,0.18455423414707184
10572,0.21308071911334991
10573,0.21308071911334991
10574,0.20955975353717804
10575,0.2091386318206787
10576,0.2091386318206787
10577,0.20955975353717804
10578,0.17564617097377777
10579,0.17564617097377777
10580,0.18758578598499298
10581,0.18609750270843506
10582,0.18609750270843506
10583,0.18758578598499298
10584,0.1905839592218399
10585,0.1905839592218399
10586,0.17369450628757477
10587,0.17369450628757477
10588,0.19063438475131989
10589,0.1906272917985916
10590,0.1906272917985916
10591,0.19063438475131989
10592,0.18007440865039825
10593,0.18007440865039825
10594,0.1849479377269745
10595,0.1849479377269745
10596,0.1968509405851364
10597,0.1968509405851364
10598,0.20956318080425262
10599,0.2105574756860733
10600,0.2105574756860733
10601,0.20956318080425262
10602,0.1813208907842636
10603,0.18182551860809326
10604,0.18182551860809326
10605,0.1813208907842636
10606,0.21086128056049347
10607,0.21086128056049347
10608,0.24544654786586761
10609,0.24564369022846222
10610,0.24564369022846222
10611,0.24544654786586761
10612,0.1900283247232437
10613,0.19072209298610687
10614,0.19072209298610687
10615,0.1900283247232437
10616,0.26580676436424255
10617,0.26580676436424255
10618,0.2012111097574234
10619,0.2012111097574234
10620,0.21548794209957123
10621,0.21548794209957123
10622,0.1958436518907547
10623,0.1957765817642212
10624,0.1957765817642212
10625,0.1958436518907547
10626,0.19022034108638763
10627,0.19022034108638763
10628,0.22450484335422516
10629,0.22450484335422516
10630,0.19471490383148193
10631,0.19467158615589142
10632,0.19467158615589142
10633,0.19471490383148193
10634,0.2119731456041336
10635,0.2119731456041336
10636,0.1869286745786667
10637,0.1869286745786667
10638,0.1722801774740219
10639,0.1722801774740219
10640,0.20214484632015228
10641,0.2019125372171402
10642,0.2019125372171402
10643,0.20214484632015228
10644,0.23108966648578644
10645,0.23108966648578644
10646,0.18267643451690674
10647,0.18267643451690674
10648,0.19296565651893616
10649,0.19296565651893616
10650,0.23236870765686035
10651,0.23236870765686035
10652,0.22265149652957916
10653,0.22265149652957916
10654,0.20030468702316284
10655,0.20033441483974457
10656,0.20033441483974457
10657,0.20030468702316284
10658,0.18472985923290253
10659,0.18472985923290253
10660,0.19845618307590485
10661,0.198372945189476
10662,0.198372945189476
10663,0.19845618307590485
10664,0.20674754679203033
10665,0.20674754679203033
10666,0.20100565254688263
10667,0.20100565254688263
10668,0.22448091208934784
10669,0.22448091208934784
10670,0.21466729044914246
10671,0.21644183993339539
10672,0.21644183993339539
10673,0.21466729044914246
10674,0.18628619611263275
10675,0.18628619611263275
10676,0.20586858689785004
10677,0.20586858689785004
10678,0.2016359120607376
10679,0.20161637663841248
10680,0.20161637663841248
10681,0.2016359120607376
10682,0.22081325948238373
10683,0.22081325948238373
10684,0.2141101211309433
10685,0.2141101211309433
10686,0.21239487826824188
10687,0.21239487826824188
10688,0.19139279425144196
10689,0.19147998094558716
10690,0.19147998094558716
10691,0.19139279425144196
10692,0.20179028809070587
10693,0.20216117799282074
10694,0.20175863802433014
10695,0.20219223201274872
10696,0.2201865166425705
10697,0.2201865166425705
10698,0.22570331394672394
10699,0.22570331394672394
10700,0.18910039961338043
10701,0.18905587494373322
10702,0.18905587494373322
10703,0.18910039961338043
10704,0.16216450929641724
10705,0.16216450929641724
10706,0.20677784085273743
10707,0.200664222240448
10708,0.20683898031711578
10709,0.20058830082416534
10710,0.19701345264911652
10711,0.19701345264911652
10712,0.20178447663784027
10713,0.20178554952144623
10714,0.20178554952144623
10715,0.20178447663784027
10716,0.22500407695770264
10717,0.22500407695770264
10718,0.20658688247203827
10719,0.20658688247203827
10720,0.2076568901538849
10721,0.2076520174741745
10722,0.2076520174741745
10723,0.2076568901538849
10724,0.1985696405172348
10725,0.1985696405172348
10726,0.18619640171527863
10727,0.18619640171527863
10728,0.20555759966373444
10729,0.20555627346038818
10730,0.20555627346038818
10731,0.20555759966373444
10732,0.28177425265312195
10733,0.3420798182487488
10734,0.28371623158454895
10735,0.28351354598999023
10736,0.28557220101356506
10737,0.3249054551124573
10738,0.3249054551124573
10739,0.2584655284881592
10740,0.2605769634246826
10741,0.2943018674850464
10742,0.2943018674850464
10743,0.32183676958084106
10744,0.3140268325805664
10745,0.3140268325805664
10746,0.29622989892959595
10747,0.30565130710601807
10748,0.30565130710601807
10749,0.25431692600250244
10750,0.27192527055740356
10751,0.30554938316345215
10752,0.30554938316345215
10753,0.28164488077163696
10754,0.30839216709136963
10755,0.27469274401664734
10756,0.31707096099853516
10757,0.31707096099853516
10758,0.2964897155761719
10759,0.2964897155761719
10760,0.3254506587982178
10761,0.32273972034454346
10762,0.32273972034454346
10763,0.2983379364013672
10764,0.2983379364013672
10765,0.34064215421676636
10766,0.2848171591758728
10767,0.3354618549346924
10768,0.32598769664764404
10769,0.32598769664764404
10770,0.2766658663749695
10771,0.3272862434387207
10772,0.287985622882843
10773,0.287985622882843
10774,0.31873923540115356
10775,0.2727169394493103
10776,0.2578476667404175
10777,0.2962602972984314
10778,0.2962602972984314
10779,0.3161432147026062
10780,0.2948588728904724
10781,0.2786177396774292
10782,0.2958410978317261
10783,0.31957942247390747
10784,0.30314260721206665
10785,0.30314260721206665
10786,0.28781306743621826
10787,0.2856726050376892
10788,0.2856726050376892
10789,0.2813570499420166
10790,0.29865068197250366
10791,0.32038092613220215
10792,0.3246779441833496
10793,0.3246779441833496
10794,0.29584985971450806
10795,0.29688310623168945
10796,0.3250342011451721
10797,0.3250342011451721
10798,0.31045591831207275
10799,0.30171579122543335
10800,0.29773420095443726
10801,0.29480046033859253
10802,0.29480046033859253
10803,0.32180458307266235
10804,0.3222315311431885
10805,0.31364625692367554
10806,0.3017950654029846
10807,0.30798858404159546
10808,0.30798858404159546
10809,0.2779821753501892
10810,0.3167263865470886
10811,0.3137206435203552
10812,0.2875802218914032
10813,0.32409781217575073
10814,0.32409781217575073
10815,0.30397188663482666
10816,0.30015987157821655
10817,0.3015451431274414
10818,0.3015451431274414
10819,0.2924864888191223
10820,0.2742060422897339
10821,0.29942721128463745
10822,0.29942721128463745
10823,0.21177713572978973
10824,0.21173487603664398
10825,0.28302013874053955
10826,0.2877178490161896
10827,0.2744535207748413
10828,0.2759564518928528
10829,0.27546125650405884
10830,0.27696168422698975
10831,0.27695244550704956
10832,0.2774471044540405
10833,0.29883354902267456
10834,0.29723072052001953
10835,0.2988150119781494
10836,0.30054402351379395
10837,0.2289970964193344
10838,0.22979475557804108
10839,0.1773086041212082
10840,0.17813004553318024
10841,0.2884688675403595
10842,0.287524938583374
10843,0.28883522748947144
10844,0.28967055678367615
10845,0.2826439142227173
10846,0.28433170914649963
10847,0.2624712586402893
10848,0.2621477246284485
10849,0.26309770345687866
10850,0.26337724924087524
10851,0.2932671904563904
10852,0.294188916683197
10853,0.28668084740638733
10854,0.286518394947052
10855,0.28661543130874634
10856,0.28660905361175537
10857,0.17807970941066742
10858,0.178682342171669
10859,0.2535783648490906
10860,0.2526203393936157
10861,0.20226538181304932
10862,0.2023841291666031
10863,0.20345138013362885
10864,0.20332930982112885
10865,0.22283166646957397
10866,0.2228536456823349
10867,0.26632851362228394
10868,0.26722821593284607
10869,0.2246844470500946
10870,0.22595058381557465
10871,0.2797635793685913
10872,0.27969425916671753
10873,0.2807929515838623
10874,0.28094395995140076
10875,0.26604461669921875
10876,0.2642707824707031
10877,0.2641645669937134
10878,0.2658601403236389
10879,0.26207518577575684
10880,0.26260101795196533
10881,0.2983129620552063
10882,0.2964993119239807
10883,0.29679083824157715
10884,0.29862678050994873
10885,0.3004911541938782
10886,0.3000457286834717
10887,0.299990713596344
10888,0.3004758954048157
10889,0.3159041404724121
10890,0.3166953921318054
10891,0.2499621957540512
10892,0.25099027156829834
10893,0.25257158279418945
10894,0.2541724443435669
10895,0.2718273401260376
10896,0.27105188369750977
10897,0.2718334496021271
10898,0.2726171314716339
10899,0.20626820623874664
10900,0.2066841870546341
10901,0.25089162588119507
10902,0.2523086369037628
10903,0.24436616897583008
10904,0.24465195834636688
10905,0.2456008642911911
10906,0.24532291293144226
10907,0.26332467794418335
10908,0.2641659379005432
10909,0.26380714774131775
10910,0.26498180627822876
10911,0.17806796729564667
10912,0.17851658165454865
10913,0.2236120104789734
10914,0.22352121770381927
10915,0.22392521798610687
10916,0.22400029003620148
10917,0.2527816891670227
10918,0.25307518243789673
10919,0.2783689498901367
10920,0.27960121631622314
10921,0.18185533583164215
10922,0.1823173612356186
10923,0.22964732348918915
10924,0.23182256519794464
10925,0.2617802023887634
10926,0.2622029185295105
10927,0.30425238609313965
10928,0.3043575882911682
10929,0.3051261305809021
10930,0.3050428628921509
10931,0.23657849431037903
10932,0.2366432398557663
10933,0.2305358201265335
10934,0.23058858513832092
10935,0.2315165251493454
10936,0.23145504295825958
10937,0.2238122969865799
10938,0.22489990293979645
10939,0.29826080799102783
10940,0.2993295192718506
10941,0.24611419439315796
10942,0.24772801995277405
10943,0.28856515884399414
10944,0.2870449125766754
10945,0.287929892539978
10946,0.2899394631385803
10947,0.25150975584983826
10948,0.2512945532798767
10949,0.2693524956703186
10950,0.26926225423812866
10951,0.2584491968154907
10952,0.25876617431640625
10953,0.2600698471069336
10954,0.2597672939300537
10955,0.2610819637775421
10956,0.26336607336997986
10957,0.3265725374221802
10958,0.32763564586639404
10959,0.24285255372524261
10960,0.2437792271375656
10961,0.28612232208251953
10962,0.28592929244041443
10963,0.28614580631256104
10964,0.28634560108184814
10965,0.286946564912796
10966,0.2858947515487671
10967,0.28914928436279297
10968,0.2881702482700348
10969,0.2544074058532715
10970,0.25531381368637085
10971,0.260478675365448
10972,0.2610214948654175
10973,0.2522549033164978
10974,0.2521592378616333
10975,0.25222039222717285
10976,0.25231480598449707
10977,0.17603589594364166
10978,0.17721408605575562
10979,0.2642575204372406
10980,0.25929611921310425
10981,0.2651077210903168
10982,0.26010483503341675
10983,0.24815218150615692
10984,0.24972395598888397
10985,0.2573464512825012
10986,0.25775015354156494
10987,0.2586408853530884
10988,0.25826141238212585
10989,0.2401256114244461
10990,0.2406199425458908
10991,0.26802265644073486
10992,0.268557608127594
10993,0.23527459800243378
10994,0.23528333008289337
10995,0.23548541963100433
10996,0.23547981679439545
10997,0.2639448642730713
10998,0.2638852596282959
10999,0.18538077175617218
11000,0.18540503084659576
11001,0.3152109980583191
11002,0.31521040201187134
11003,0.31649982929229736
11004,0.3165004253387451
11005,0.15157422423362732
11006,0.13863036036491394
11007,0.08880931884050369
11008,0.08899857848882675
11009,0.17291051149368286
11010,0.1431693732738495
11011,0.1431693732738495
11012,0.15314337611198425
11013,0.12970495223999023
11014,0.08239862322807312
11015,0.08239862322807312
11016,0.1334056854248047
11017,0.15194064378738403
11018,0.15194064378738403
11019,0.10115719586610794
11020,0.10876411944627762
11021,0.10876411944627762
11022,0.17158593237400055
11023,0.13641561567783356
11024,0.14391477406024933
11025,0.14391477406024933
11026,0.13840284943580627
11027,0.09523899108171463
11028,0.16001784801483154
11029,0.11657434701919556
11030,0.11657434701919556
11031,0.13629505038261414
11032,0.13629505038261414
11033,0.16855962574481964
11034,0.18178315460681915
11035,0.18178315460681915
11036,0.13139934837818146
11037,0.13139934837818146
11038,0.26909521222114563
11039,0.1736992448568344
11040,0.11046868562698364
11041,0.11713061481714249
11042,0.11713061481714249
11043,0.14942072331905365
11044,0.1594924032688141
11045,0.16573591530323029
11046,0.16573591530323029
11047,0.17715489864349365
11048,0.14155475795269012
11049,0.14875739812850952
11050,0.15767835080623627
11051,0.15767835080623627
11052,0.19901488721370697
11053,0.13958442211151123
11054,0.15410396456718445
11055,0.19596315920352936
11056,0.18930189311504364
11057,0.12953424453735352
11058,0.12953424453735352
11059,0.1263543665409088
11060,0.15757957100868225
11061,0.15757957100868225
11062,0.16105176508426666
11063,0.14761313796043396
11064,0.12245389819145203
11065,0.1404755860567093
11066,0.1404755860567093
11067,0.14161568880081177
11068,0.16541533172130585
11069,0.1552114188671112
11070,0.1552114188671112
11071,0.15747874975204468
11072,0.17399807274341583
11073,0.1651104986667633
11074,0.14564473927021027
11075,0.14564473927021027
11076,0.12949210405349731
11077,0.1292695850133896
11078,0.17958825826644897
11079,0.1864660531282425
11080,0.10558776557445526
11081,0.10558776557445526
11082,0.10927426069974899
11083,0.1205330640077591
11084,0.11860579252243042
11085,0.1811835616827011
11086,0.15632116794586182
11087,0.15632116794586182
11088,0.1745462864637375
11089,0.1646716594696045
11090,0.18568389117717743
11091,0.18568389117717743
11092,0.14324913918972015
11093,0.14281299710273743
11094,0.1662513166666031
11095,0.1662513166666031
11096,0.23300553858280182
11097,0.23300553858280182
11098,0.2550395131111145
11099,0.2550395131111145
11100,0.21316665410995483
11101,0.21307995915412903
11102,0.21316668391227722
11103,0.21307997405529022
11104,0.23107244074344635
11105,0.23107244074344635
11106,0.2401575893163681
11107,0.24013689160346985
11108,0.24013689160346985
11109,0.2401575893163681
11110,0.20450425148010254
11111,0.20450425148010254
11112,0.18426106870174408
11113,0.18426106870174408
11114,0.22144152224063873
11115,0.22147421538829803
11116,0.22147421538829803
11117,0.22144152224063873
11118,0.252032995223999
11119,0.252032995223999
11120,0.24681125581264496
11121,0.24681900441646576
11122,0.24681900441646576
11123,0.24681125581264496
11124,0.22159229218959808
11125,0.22159229218959808
11126,0.2280340939760208
11127,0.22803588211536407
11128,0.22803588211536407
11129,0.2280340939760208
11130,0.1975530982017517
11131,0.1975530982017517
11132,0.20167405903339386
11133,0.20167405903339386
11134,0.22586344182491302
11135,0.2258632928133011
11136,0.2258632928133011
11137,0.22586344182491302
11138,0.20601920783519745
11139,0.20601920783519745
11140,0.21987125277519226
11141,0.21987125277519226
11142,0.2201194167137146
11143,0.2201194167137146
11144,0.2386314421892166
11145,0.23862402141094208
11146,0.23862402141094208
11147,0.2386314421892166
11148,0.21826183795928955
11149,0.21818304061889648
11150,0.21818304061889648
11151,0.21826183795928955
11152,0.2418619841337204
11153,0.2418619841337204
11154,0.2609446048736572
11155,0.26099836826324463
11156,0.26099836826324463
11157,0.2609446048736572
11158,0.22904783487319946
11159,0.2288895696401596
11160,0.2288895696401596
11161,0.22904783487319946
11162,0.2701074481010437
11163,0.2701074481010437
11164,0.21832828223705292
11165,0.21832828223705292
11166,0.2399054616689682
11167,0.2399054616689682
11168,0.2326119989156723
11169,0.2326292246580124
11170,0.2326292246580124
11171,0.2326119989156723
11172,0.22218213975429535
11173,0.22218213975429535
11174,0.24979287385940552
11175,0.24979287385940552
11176,0.21940156817436218
11177,0.21939967572689056
11178,0.21939967572689056
11179,0.21940156817436218
11180,0.2414332777261734
11181,0.2414332777261734
11182,0.19525107741355896
11183,0.19525107741355896
11184,0.18602240085601807
11185,0.18602240085601807
11186,0.23041830956935883
11187,0.23042389750480652
11188,0.23042389750480652
11189,0.23041830956935883
11190,0.25016918778419495
11191,0.25016918778419495
11192,0.22160650789737701
11193,0.22160650789737701
11194,0.20886605978012085
11195,0.20886605978012085
11196,0.24395699799060822
11197,0.24395699799060822
11198,0.25097304582595825
11199,0.25097304582595825
11200,0.23150403797626495
11201,0.2315065711736679
11202,0.2315065711736679
11203,0.23150403797626495
11204,0.21703682839870453
11205,0.21703682839870453
11206,0.2211865335702896
11207,0.22118370234966278
11208,0.22118370234966278
11209,0.2211865335702896
11210,0.22326616942882538
11211,0.22326616942882538
11212,0.23258507251739502
11213,0.23258507251739502
11214,0.2569618821144104
11215,0.2569618821144104
11216,0.24412241578102112
11217,0.244230255484581
11218,0.244230255484581
11219,0.24412241578102112
11220,0.22059030830860138
11221,0.22059030830860138
11222,0.23877426981925964
11223,0.23877426981925964
11224,0.23628902435302734
11225,0.2362869530916214
11226,0.2362869530916214
11227,0.23628902435302734
11228,0.2581862807273865
11229,0.2581862807273865
11230,0.24375514686107635
11231,0.24375514686107635
11232,0.24252285063266754
11233,0.24252285063266754
11234,0.22596217691898346
11235,0.2259645313024521
11236,0.2259645313024521
11237,0.22596217691898346
11238,0.23637394607067108
11239,0.2367563396692276
11240,0.2363741397857666
11241,0.2367560863494873
11242,0.23959298431873322
11243,0.23959298431873322
11244,0.2430282086133957
11245,0.2430282086133957
11246,0.21306130290031433
11247,0.21306265890598297
11248,0.21306265890598297
11249,0.21306130290031433
11250,0.18910956382751465
11251,0.18910956382751465
11252,0.23606526851654053
11253,0.23040010035037994
11254,0.23606358468532562
11255,0.23040138185024261
11256,0.22203059494495392
11257,0.22203059494495392
11258,0.23799638450145721
11259,0.23799429833889008
11260,0.23799429833889008
11261,0.23799638450145721
11262,0.24487851560115814
11263,0.24487851560115814
11264,0.23521171510219574
11265,0.23521171510219574
11266,0.23607777059078217
11267,0.2360781580209732
11268,0.2360781580209732
11269,0.23607777059078217
11270,0.22468483448028564
11271,0.22468483448028564
11272,0.2005724161863327
11273,0.2005724161863327
11274,0.23731409013271332
11275,0.23731406033039093
11276,0.23731406033039093
11277,0.23731409013271332
11278,0.19888432323932648
11279,0.22594280540943146
11280,0.17018158733844757
11281,0.17031672596931458
11282,0.21743647754192352
11283,0.20796114206314087
11284,0.20796114206314087
11285,0.18608984351158142
11286,0.1687152087688446
11287,0.17775891721248627
11288,0.17775891721248627
11289,0.21476705372333527
11290,0.2171318084001541
11291,0.2171318084001541
11292,0.17169468104839325
11293,0.17423327267169952
11294,0.17423327267169952
11295,0.187221959233284
11296,0.18581540882587433
11297,0.18738146126270294
11298,0.18738146126270294
11299,0.17877715826034546
11300,0.1853146106004715
11301,0.19783680140972137
11302,0.2053646594285965
11303,0.2053646594285965
11304,0.1839715987443924
11305,0.1839715987443924
11306,0.2099446952342987
11307,0.25161075592041016
11308,0.25161075592041016
11309,0.1978486180305481
11310,0.1978486180305481
11311,0.2784455418586731
11312,0.21196787059307098
11313,0.21257878839969635
11314,0.19434234499931335
11315,0.19434234499931335
11316,0.1927424818277359
11317,0.2230754941701889
11318,0.20428471267223358
11319,0.20428471267223358
11320,0.2233654409646988
11321,0.1993253082036972
11322,0.18032655119895935
11323,0.20487111806869507
11324,0.20487111806869507
11325,0.24202336370944977
11326,0.1925538182258606
11327,0.19835028052330017
11328,0.22990715503692627
11329,0.22625194489955902
11330,0.19509956240653992
11331,0.19509956240653992
11332,0.19056987762451172
11333,0.19654254615306854
11334,0.19654254615306854
11335,0.20209838449954987
11336,0.21411888301372528
11337,0.22923679649829865
11338,0.2107405811548233
11339,0.2107405811548233
11340,0.18459223210811615
11341,0.21611149609088898
11342,0.19932635128498077
11343,0.19932635128498077
11344,0.22517098486423492
11345,0.24116574227809906
11346,0.20373184978961945
11347,0.20493006706237793
11348,0.20493006706237793
11349,0.19893501698970795
11350,0.19913659989833832
11351,0.21936652064323425
11352,0.22714492678642273
11353,0.1818796694278717
11354,0.1818796694278717
11355,0.16271084547042847
11356,0.19948510825634003
11357,0.19324006140232086
11358,0.20424361526966095
11359,0.19980397820472717
11360,0.19980397820472717
11361,0.2200997769832611
11362,0.21072129905223846
11363,0.2149297297000885
11364,0.2149297297000885
11365,0.2086673229932785
11366,0.17518918216228485
11367,0.22555802762508392
11368,0.22555802762508392
