,TC
0,0.23135164380073547
1,0.23135164380073547
2,0.24698059260845184
3,0.24698059260845184
4,0.2361076921224594
5,0.2361076921224594
6,0.18192912638187408
7,0.24583612382411957
8,0.22606892883777618
9,0.22606892883777618
10,0.24223476648330688
11,0.24223476648330688
12,0.23093797266483307
13,0.2444157749414444
14,0.2444157749414444
15,0.23738867044448853
16,0.23738867044448853
17,0.22956712543964386
18,0.2174776941537857
19,0.24448703229427338
20,0.19693885743618011
21,0.23460562527179718
22,0.2400868684053421
23,0.2400868684053421
24,0.24003657698631287
25,0.24003657698631287
26,0.23771782219409943
27,0.23771782219409943
28,0.2352888137102127
29,0.22390612959861755
30,0.22326722741127014
31,0.22326722741127014
32,0.20088069140911102
33,0.20088069140911102
34,0.2087888866662979
35,0.22979216277599335
36,0.21650679409503937
37,0.20466889441013336
38,0.2342659831047058
39,0.22747664153575897
40,0.2320650815963745
41,0.20085395872592926
42,0.2392548769712448
43,0.22782833874225616
44,0.2295261174440384
45,0.21280425786972046
46,0.2621636688709259
47,0.25188279151916504
48,0.23882077634334564
49,0.2379322201013565
50,0.25545042753219604
51,0.21555161476135254
52,0.24033570289611816
53,0.26242291927337646
54,0.26242291927337646
55,0.23037783801555634
56,0.26653093099594116
57,0.26653093099594116
58,0.23628465831279755
59,0.24246609210968018
60,0.22696885466575623
61,0.2133295238018036
62,0.22042475640773773
63,0.22042475640773773
64,0.22686810791492462
65,0.25618815422058105
66,0.24954064190387726
67,0.2393108308315277
68,0.1910637766122818
69,0.23112154006958008
70,0.2351764589548111
71,0.2351764589548111
72,0.25170546770095825
73,0.24616967141628265
74,0.24616967141628265
75,0.23434118926525116
76,0.23284706473350525
77,0.2669569253921509
78,0.2548618018627167
79,0.2764188051223755
80,0.24607600271701813
81,0.24512909352779388
82,0.19356894493103027
83,0.23302684724330902
84,0.2521258592605591
85,0.2521258592605591
86,0.23848892748355865
87,0.251839816570282
88,0.2586823105812073
89,0.2731442153453827
90,0.26845985651016235
91,0.24962608516216278
92,0.23365673422813416
93,0.22586101293563843
94,0.24196000397205353
95,0.2410920262336731
96,0.2585190534591675
97,0.2306942194700241
98,0.21092069149017334
99,0.21092069149017334
100,0.24177111685276031
101,0.24177111685276031
102,0.20162899792194366
103,0.24823123216629028
104,0.24823123216629028
105,0.23812831938266754
106,0.2506391406059265
107,0.2540847659111023
108,0.2540847659111023
109,0.25180914998054504
110,0.21126988530158997
111,0.21126988530158997
112,0.24046586453914642
113,0.2414218932390213
114,0.2534492313861847
115,0.2534492313861847
116,0.23069562017917633
117,0.23069562017917633
118,0.20163457095623016
119,0.20163457095623016
120,0.17666973173618317
121,0.18637408316135406
122,0.18914102017879486
123,0.1891232281923294
124,0.2582085430622101
125,0.2582085430622101
126,0.23435646295547485
127,0.24906586110591888
128,0.24906586110591888
129,0.22322054207324982
130,0.2307903915643692
131,0.25343549251556396
132,0.25343549251556396
133,0.25112777948379517
134,0.22499749064445496
135,0.22499749064445496
136,0.23835773766040802
137,0.20128659904003143
138,0.15185675024986267
139,0.26639944314956665
140,0.21717295050621033
141,0.16835051774978638
142,0.24186228215694427
143,0.2619589567184448
144,0.2619589567184448
145,0.22536452114582062
146,0.22536452114582062
147,0.252718985080719
148,0.30941933393478394
149,0.2468770295381546
150,0.23955164849758148
151,0.25294917821884155
152,0.2528477907180786
153,0.2400772124528885
154,0.23924113810062408
155,0.23924113810062408
156,0.22008050978183746
157,0.24912607669830322
158,0.24879342317581177
159,0.24239659309387207
160,0.24239659309387207
161,0.22231264412403107
162,0.22231264412403107
163,0.24007774889469147
164,0.24007774889469147
165,0.2600755989551544
166,0.2600755989551544
167,0.209929957985878
168,0.23680613934993744
169,0.23680613934993744
170,0.24280177056789398
171,0.24280177056789398
172,0.26809871196746826
173,0.2508906126022339
174,0.2508906126022339
175,0.20828242599964142
176,0.25511622428894043
177,0.1945761889219284
178,0.1945761889219284
179,0.23087073862552643
180,0.21270786225795746
181,0.23975960910320282
182,0.17887109518051147
183,0.2326393872499466
184,0.2326393872499466
185,0.2717853784561157
186,0.20064210891723633
187,0.2783118784427643
188,0.2393893003463745
189,0.2393893003463745
190,0.2559157609939575
191,0.22487621009349823
192,0.22951596975326538
193,0.26833903789520264
194,0.2061731070280075
195,0.2061731070280075
196,0.1755291074514389
197,0.24369366466999054
198,0.24408575892448425
199,0.2532171607017517
200,0.2515221834182739
201,0.27111947536468506
202,0.27111947536468506
203,0.22492918372154236
204,0.25581687688827515
205,0.2311309427022934
206,0.27932003140449524
207,0.23300860822200775
208,0.24099761247634888
209,0.2435152679681778
210,0.22573299705982208
211,0.23583878576755524
212,0.23583878576755524
213,0.18268506228923798
214,0.22330652177333832
215,0.2339055985212326
216,0.2734355330467224
217,0.20942825078964233
218,0.2552509903907776
219,0.23393379151821136
220,0.2085161954164505
221,0.24731609225273132
222,0.2660386264324188
223,0.2660386264324188
224,0.20114655792713165
225,0.23360444605350494
226,0.23360444605350494
227,0.24744680523872375
228,0.2150389403104782
229,0.2150389403104782
230,0.23938573896884918
231,0.23768214881420135
232,0.23768214881420135
233,0.2634390592575073
234,0.24729779362678528
235,0.24729779362678528
236,0.25661325454711914
237,0.24569492042064667
238,0.24569492042064667
239,0.22354324162006378
240,0.2544323801994324
241,0.2544323801994324
242,0.24861808121204376
243,0.24861808121204376
244,0.22493207454681396
245,0.22493207454681396
246,0.25485193729400635
247,0.25485193729400635
248,0.24867047369480133
249,0.24867047369480133
250,0.24487465620040894
251,0.24487465620040894
252,0.24712339043617249
253,0.24712339043617249
254,0.2223614603281021
255,0.2223614603281021
256,0.237477645277977
257,0.237477645277977
258,0.2234526425600052
259,0.2234526425600052
260,0.2609274983406067
261,0.2609274983406067
262,0.25664108991622925
263,0.25664108991622925
264,0.24036577343940735
265,0.24036577343940735
266,0.2605457603931427
267,0.2605457603931427
268,0.2517237961292267
269,0.2517237961292267
270,0.21932007372379303
271,0.268632709980011
272,0.24920231103897095
273,0.24920231103897095
274,0.26916825771331787
275,0.2702444791793823
276,0.2708980441093445
277,0.23962585628032684
278,0.23962585628032684
279,0.25833219289779663
280,0.25833219289779663
281,0.23950554430484772
282,0.2450181245803833
283,0.2450181245803833
284,0.23567335307598114
285,0.23567335307598114
286,0.2100987732410431
287,0.2100987732410431
288,0.24476969242095947
289,0.24476969242095947
290,0.26424849033355713
291,0.26424849033355713
292,0.2295910269021988
293,0.21039937436580658
294,0.21319523453712463
295,0.25183334946632385
296,0.25183334946632385
297,0.23089514672756195
298,0.23089514672756195
299,0.2542930841445923
300,0.23775474727153778
301,0.23775474727153778
302,0.2529665231704712
303,0.2485664039850235
304,0.2485664039850235
305,0.23000048100948334
306,0.23000048100948334
307,0.25325411558151245
308,0.25325411558151245
309,0.23300676047801971
310,0.2483980804681778
311,0.2483980804681778
312,0.266474187374115
313,0.2420615553855896
314,0.2009163349866867
315,0.2325582653284073
316,0.260215699672699
317,0.22100438177585602
318,0.2739240527153015
319,0.22694909572601318
320,0.2322620004415512
321,0.24528491497039795
322,0.22265255451202393
323,0.256237268447876
324,0.22699777781963348
325,0.2271217256784439
326,0.23221565783023834
327,0.23221565783023834
328,0.2310093641281128
329,0.25267431139945984
330,0.25267431139945984
331,0.2446129322052002
332,0.2748062014579773
333,0.2748062014579773
334,0.18003694713115692
335,0.22275082767009735
336,0.22275082767009735
337,0.2866528034210205
338,0.2866528034210205
339,0.2510535717010498
340,0.24153316020965576
341,0.2359471470117569
342,0.24866507947444916
343,0.24866507947444916
344,0.24237971007823944
345,0.24237971007823944
346,0.22265459597110748
347,0.22265459597110748
348,0.23364172875881195
349,0.23495498299598694
350,0.2500753402709961
351,0.2514500021934509
352,0.3188464641571045
353,0.23652327060699463
354,0.23652327060699463
355,0.2524285316467285
356,0.2524285316467285
357,0.23989461362361908
358,0.2321442812681198
359,0.2241412103176117
360,0.25187933444976807
361,0.2296222448348999
362,0.2388683408498764
363,0.2644965648651123
364,0.2644965648651123
365,0.20763011276721954
366,0.2452012598514557
367,0.2452012598514557
368,0.21077589690685272
369,0.2314562201499939
370,0.23329229652881622
371,0.24514850974082947
372,0.24514850974082947
373,0.24793925881385803
374,0.26888227462768555
375,0.2147672325372696
376,0.24174876511096954
377,0.24461334943771362
378,0.24461334943771362
379,0.26900774240493774
380,0.2547530233860016
381,0.25372016429901123
382,0.21074000000953674
383,0.22566664218902588
384,0.22566664218902588
385,0.23734422028064728
386,0.2526841163635254
387,0.2623307406902313
388,0.26384422183036804
389,0.22825153172016144
390,0.24607379734516144
391,0.24349649250507355
392,0.24349649250507355
393,0.18955908715724945
394,0.23932857811450958
395,0.23932857811450958
396,0.24194084107875824
397,0.24194084107875824
398,0.24554415047168732
399,0.22404104471206665
400,0.243878573179245
401,0.243878573179245
402,0.23635068535804749
403,0.23635068535804749
404,0.19962875545024872
405,0.2641027569770813
406,0.26333004236221313
407,0.26333004236221313
408,0.2439117282629013
409,0.2439117282629013
410,0.23052819073200226
411,0.23052819073200226
412,0.23374173045158386
413,0.23374173045158386
414,0.2281603068113327
415,0.2340898960828781
416,0.22493404150009155
417,0.22493404150009155
418,0.2423277646303177
419,0.2323826104402542
420,0.2323826104402542
421,0.23048298060894012
422,0.23048298060894012
423,0.24007348716259003
424,0.2399948239326477
425,0.2519093453884125
426,0.2704572081565857
427,0.1837393194437027
428,0.2482461780309677
429,0.2409578263759613
430,0.2066815197467804
431,0.28086423873901367
432,0.23136989772319794
433,0.22839191555976868
434,0.21893267333507538
435,0.22672845423221588
436,0.23474453389644623
437,0.2476588487625122
438,0.2546417713165283
439,0.2365308552980423
440,0.26015448570251465
441,0.2695545554161072
442,0.30156004428863525
443,0.2457858771085739
444,0.21735046803951263
445,0.24414940178394318
446,0.29861146211624146
447,0.24863113462924957
448,0.2307695597410202
449,0.19686613976955414
450,0.23703865706920624
451,0.2304796576499939
452,0.23954614996910095
453,0.21125994622707367
454,0.21125994622707367
455,0.238849475979805
456,0.238849475979805
457,0.2594846487045288
458,0.25676995515823364
459,0.26229405403137207
460,0.2597103714942932
461,0.26130104064941406
462,0.26130104064941406
463,0.20243608951568604
464,0.20351223647594452
465,0.24096326529979706
466,0.2444583773612976
467,0.22818632423877716
468,0.24839356541633606
469,0.24839356541633606
470,0.24550212919712067
471,0.2504081130027771
472,0.25469064712524414
473,0.25469064712524414
474,0.2413901835680008
475,0.2413901835680008
476,0.25395941734313965
477,0.24845795333385468
478,0.23737885057926178
479,0.2667950391769409
480,0.24494008719921112
481,0.2476494461297989
482,0.23851317167282104
483,0.23851317167282104
484,0.2403780221939087
485,0.24668140709400177
486,0.24878740310668945
487,0.23604078590869904
488,0.23604078590869904
489,0.23232634365558624
490,0.23232634365558624
491,0.23596017062664032
492,0.23596017062664032
493,0.23093371093273163
494,0.22852452099323273
495,0.22852452099323273
496,0.2302928864955902
497,0.2302928864955902
498,0.22963576018810272
499,0.22963576018810272
500,0.2306654304265976
501,0.2306654304265976
502,0.23937223851680756
503,0.23937223851680756
504,0.2550808787345886
505,0.2573394477367401
506,0.25354593992233276
507,0.25354593992233276
508,0.28097259998321533
509,0.20130260288715363
510,0.24019268155097961
511,0.22803659737110138
512,0.23861734569072723
513,0.20853637158870697
514,0.23547007143497467
515,0.2649555802345276
516,0.2649555802345276
517,0.23950082063674927
518,0.24083593487739563
519,0.25075721740722656
520,0.2401377260684967
521,0.2401377260684967
522,0.27262812852859497
523,0.27262812852859497
524,0.2106223851442337
525,0.14260870218276978
526,0.1856640875339508
527,0.19008412957191467
528,0.23892569541931152
529,0.23892569541931152
530,0.24931104481220245
531,0.24931104481220245
532,0.2526818811893463
533,0.2526818811893463
534,0.2561470866203308
535,0.2561470866203308
536,0.23052549362182617
537,0.23052549362182617
538,0.24605290591716766
539,0.24605290591716766
540,0.2456706464290619
541,0.24573549628257751
542,0.21558381617069244
543,0.21558381617069244
544,0.21426953375339508
545,0.21426953375339508
546,0.2267400622367859
547,0.2267400622367859
548,0.25523102283477783
549,0.25523102283477783
550,0.26793795824050903
551,0.26793795824050903
552,0.27367734909057617
553,0.27367734909057617
554,0.2693491578102112
555,0.2693491578102112
556,0.2647319436073303
557,0.2647319436073303
558,0.2754029631614685
559,0.2754029631614685
560,0.25372999906539917
561,0.25372999906539917
562,0.2571304142475128
563,0.23914606869220734
564,0.23914606869220734
565,0.3244108557701111
566,0.24626024067401886
567,0.2423465996980667
568,0.2423465996980667
569,0.23777414858341217
570,0.23777414858341217
571,0.22983834147453308
572,0.22983834147453308
573,0.2404395490884781
574,0.2404395490884781
575,0.23731908202171326
576,0.23731908202171326
577,0.2648121118545532
578,0.2648121118545532
579,0.22775980830192566
580,0.22775980830192566
581,0.26087844371795654
582,0.2541431188583374
583,0.22302310168743134
584,0.22302310168743134
585,0.23860304057598114
586,0.23860304057598114
587,0.2326098084449768
588,0.2326098084449768
589,0.18594281375408173
590,0.17969997227191925
591,0.21602050960063934
592,0.21602050960063934
593,0.2773367762565613
594,0.2773367762565613
595,0.2103077620267868
596,0.24210283160209656
597,0.24221010506153107
598,0.24221010506153107
599,0.23949813842773438
600,0.23823539912700653
601,0.23823539912700653
602,0.23711730539798737
603,0.23711730539798737
604,0.21465827524662018
605,0.23121844232082367
606,0.24042879045009613
607,0.2390841394662857
608,0.2390841394662857
609,0.2711866497993469
610,0.2711866497993469
611,0.23517002165317535
612,0.2345007210969925
613,0.2345007210969925
614,0.2347330003976822
615,0.2347330003976822
616,0.23654334247112274
617,0.23654334247112274
618,0.23421426117420197
619,0.23421426117420197
620,0.23526890575885773
621,0.24220995604991913
622,0.24220995604991913
623,0.2476234883069992
624,0.2476234883069992
625,0.2710186243057251
626,0.268001526594162
627,0.2510099411010742
628,0.23108123242855072
629,0.22317425906658173
630,0.23522016406059265
631,0.24309471249580383
632,0.22986574470996857
633,0.22986574470996857
634,0.24176786839962006
635,0.3156399726867676
636,0.24012336134910583
637,0.24012336134910583
638,0.261560320854187
639,0.2364443987607956
640,0.2406681776046753
641,0.36967170238494873
642,0.2339019924402237
643,0.23937617242336273
644,0.287405788898468
645,0.2946532368659973
646,0.3127118945121765
647,0.24354134500026703
648,0.24354134500026703
649,0.26172924041748047
650,0.2551940679550171
651,0.2551940679550171
652,0.25377357006073
653,0.24098505079746246
654,0.24098505079746246
655,0.2425869107246399
656,0.22910869121551514
657,0.22398777306079865
658,0.22398777306079865
659,0.18129754066467285
660,0.24820536375045776
661,0.21466033160686493
662,0.2270253449678421
663,0.2507818937301636
664,0.2507818937301636
665,0.20137564837932587
666,0.23834528028964996
667,0.24119004607200623
668,0.22881264984607697
669,0.2618861496448517
670,0.26262789964675903
671,0.24819549918174744
672,0.25195783376693726
673,0.24733372032642365
674,0.2576848268508911
675,0.2457335740327835
676,0.24312278628349304
677,0.21500453352928162
678,0.23969297111034393
679,0.23969297111034393
680,0.2326672524213791
681,0.2326672524213791
682,0.30563777685165405
683,0.2091483771800995
684,0.26794666051864624
685,0.24086375534534454
686,0.24086375534534454
687,0.2517428994178772
688,0.2517428994178772
689,0.2457098513841629
690,0.24192790687084198
691,0.24585722386837006
692,0.24585722386837006
693,0.25112849473953247
694,0.25112849473953247
695,0.2395254224538803
696,0.22188152372837067
697,0.23959435522556305
698,0.22382201254367828
699,0.22382201254367828
700,0.22932836413383484
701,0.22932836413383484
702,0.19859637320041656
703,0.2485981434583664
704,0.27436622977256775
705,0.24604500830173492
706,0.23711718618869781
707,0.23711718618869781
708,0.250646710395813
709,0.24336020648479462
710,0.2198207825422287
711,0.297882080078125
712,0.28402239084243774
713,0.24697186052799225
714,0.2602599859237671
715,0.23267024755477905
716,0.2593480944633484
717,0.23565857112407684
718,0.23565857112407684
719,0.21877364814281464
720,0.23470818996429443
721,0.23602746427059174
722,0.23602746427059174
723,0.22251541912555695
724,0.25073862075805664
725,0.2859104871749878
726,0.21128658950328827
727,0.21791334450244904
728,0.24376998841762543
729,0.29090869426727295
730,0.2372962087392807
731,0.24006310105323792
732,0.23975355923175812
733,0.23910246789455414
734,0.22635507583618164
735,0.26451611518859863
736,0.23083291947841644
737,0.2170117050409317
738,0.277177095413208
739,0.2346150130033493
740,0.21215228736400604
741,0.24707670509815216
742,0.24707670509815216
743,0.24022935330867767
744,0.24022935330867767
745,0.2095552235841751
746,0.25276100635528564
747,0.25276100635528564
748,0.2475876659154892
749,0.2475876659154892
750,0.26013076305389404
751,0.26013076305389404
752,0.23098063468933105
753,0.22344332933425903
754,0.22344332933425903
755,0.2807973623275757
756,0.2782396674156189
757,0.26932233572006226
758,0.24850763380527496
759,0.27177298069000244
760,0.23664791882038116
761,0.24889130890369415
762,0.24152643978595734
763,0.26160895824432373
764,0.2613697052001953
765,0.2885419726371765
766,0.19151383638381958
767,0.19151383638381958
768,0.2472575455904007
769,0.22299687564373016
770,0.22756369411945343
771,0.22257713973522186
772,0.260159432888031
773,0.2741827368736267
774,0.2741827368736267
775,0.20152683556079865
776,0.23334453999996185
777,0.23655378818511963
778,0.23866553604602814
779,0.23866553604602814
780,0.26938802003860474
781,0.2503535747528076
782,0.26926034688949585
783,0.26035207509994507
784,0.2311761975288391
785,0.23369835317134857
786,0.23369835317134857
787,0.2021428793668747
788,0.23241697251796722
789,0.23241697251796722
790,0.2464962899684906
791,0.25444602966308594
792,0.2545027732849121
793,0.23786309361457825
794,0.22025589644908905
795,0.24767537415027618
796,0.24253971874713898
797,0.19503642618656158
798,0.2277170568704605
799,0.20874272286891937
800,0.24326397478580475
801,0.2584267258644104
802,0.2867884039878845
803,0.2840590476989746
804,0.25364208221435547
805,0.2545028328895569
806,0.24449391663074493
807,0.20173762738704681
808,0.26214104890823364
809,0.22730480134487152
810,0.2921551465988159
811,0.21319757401943207
812,0.21775783598423004
813,0.27057206630706787
814,0.2859734296798706
815,0.2170339822769165
816,0.21739928424358368
817,0.22101113200187683
818,0.24570108950138092
819,0.22964276373386383
820,0.24503329396247864
821,0.2519393563270569
822,0.2519393563270569
823,0.2486979216337204
824,0.2486979216337204
825,0.2186962217092514
826,0.2186962217092514
827,0.24341900646686554
828,0.2395450323820114
829,0.2395450323820114
830,0.2671685218811035
831,0.22506560385227203
832,0.22662602365016937
833,0.22662602365016937
834,0.24523116648197174
835,0.24124810099601746
836,0.23188762366771698
837,0.24084199965000153
838,0.2407224029302597
839,0.24014250934123993
840,0.23581303656101227
841,0.23581303656101227
842,0.2525225281715393
843,0.2449524700641632
844,0.2449524700641632
845,0.24582131206989288
846,0.24597865343093872
847,0.1746378093957901
848,0.1746378093957901
849,0.22735600173473358
850,0.22735600173473358
851,0.22385643422603607
852,0.22385643422603607
853,0.25017088651657104
854,0.25017088651657104
855,0.1937587708234787
856,0.24911876022815704
857,0.2156524807214737
858,0.2156524807214737
859,0.2577550709247589
860,0.2577550709247589
861,0.24457810819149017
862,0.2571849822998047
863,0.2571849822998047
864,0.25304198265075684
865,0.25304198265075684
866,0.23350970447063446
867,0.219160795211792
868,0.26581376791000366
869,0.21480296552181244
870,0.25092607736587524
871,0.2585998773574829
872,0.2585998773574829
873,0.24485690891742706
874,0.24485690891742706
875,0.2567746639251709
876,0.2567746639251709
877,0.25317710638046265
878,0.22260616719722748
879,0.22449593245983124
880,0.22449593245983124
881,0.19091244041919708
882,0.19091244041919708
883,0.21753351390361786
884,0.24105040729045868
885,0.2360277622938156
886,0.22839577496051788
887,0.23390336334705353
888,0.23378995060920715
889,0.23977819085121155
890,0.208065927028656
891,0.24863961338996887
892,0.24055497348308563
893,0.23712016642093658
894,0.21881844103336334
895,0.2671571969985962
896,0.27110370993614197
897,0.24308735132217407
898,0.23907019197940826
899,0.24807092547416687
900,0.22353684902191162
901,0.23255555331707
902,0.24344827234745026
903,0.24344827234745026
904,0.24487657845020294
905,0.2815357446670532
906,0.2815357446670532
907,0.24580076336860657
908,0.25075364112854004
909,0.22968576848506927
910,0.2383611500263214
911,0.22378595173358917
912,0.22378595173358917
913,0.23171137273311615
914,0.2608867287635803
915,0.2640122175216675
916,0.25251835584640503
917,0.2003205567598343
918,0.24074755609035492
919,0.2361925095319748
920,0.2361925095319748
921,0.24738648533821106
922,0.24258460104465485
923,0.24258460104465485
924,0.2365054041147232
925,0.2321677953004837
926,0.2593085765838623
927,0.2741333842277527
928,0.2785989046096802
929,0.25949129462242126
930,0.24804818630218506
931,0.20135214924812317
932,0.24206942319869995
933,0.27379345893859863
934,0.27379345893859863
935,0.24246461689472198
936,0.26233044266700745
937,0.2778964638710022
938,0.2666604518890381
939,0.2769298851490021
940,0.2461366504430771
941,0.23770751059055328
942,0.22566945850849152
943,0.2487860471010208
944,0.2530587315559387
945,0.25896137952804565
946,0.20101121068000793
947,0.21361766755580902
948,0.21361766755580902
949,0.25683724880218506
950,0.25683724880218506
951,0.21328814327716827
952,0.25674718618392944
953,0.25674718618392944
954,0.2508649230003357
955,0.26393771171569824
956,0.2579403519630432
957,0.2579403519630432
958,0.2524517774581909
959,0.2205594778060913
960,0.2205594778060913
961,0.24275951087474823
962,0.24257779121398926
963,0.26954400539398193
964,0.26954400539398193
965,0.2442714422941208
966,0.2442714422941208
967,0.21774664521217346
968,0.21774664521217346
969,0.19186930358409882
970,0.1920933872461319
971,0.200950488448143
972,0.2035612016916275
973,0.26025378704071045
974,0.26025378704071045
975,0.24480479955673218
976,0.2705475091934204
977,0.2705475091934204
978,0.24249418079853058
979,0.24810852110385895
980,0.2686083912849426
981,0.2686083912849426
982,0.2617059350013733
983,0.2390109747648239
984,0.2390109747648239
985,0.24848224222660065
986,0.20882035791873932
987,0.1626354455947876
988,0.25592654943466187
989,0.23107509315013885
990,0.19302202761173248
991,0.239906445145607
992,0.25769317150115967
993,0.25769317150115967
994,0.23957759141921997
995,0.23957759141921997
996,0.24977262318134308
997,0.3313882350921631
998,0.2621139585971832
999,0.2525714635848999
1000,0.25168466567993164
1001,0.25111502408981323
1002,0.2537189722061157
1003,0.26016879081726074
1004,0.26016879081726074
1005,0.23650263249874115
1006,0.25863897800445557
1007,0.2594778537750244
1008,0.25558072328567505
1009,0.25558072328567505
1010,0.22230806946754456
1011,0.22230806946754456
1012,0.24596552550792694
1013,0.24596552550792694
1014,0.25124233961105347
1015,0.25124233961105347
1016,0.22811166942119598
1017,0.25022417306900024
1018,0.25022417306900024
1019,0.2573056221008301
1020,0.2573056221008301
1021,0.26464784145355225
1022,0.26016223430633545
1023,0.26016223430633545
1024,0.22985589504241943
1025,0.27421653270721436
1026,0.20955784618854523
1027,0.20955784618854523
1028,0.24621474742889404
1029,0.22499941289424896
1030,0.24153904616832733
1031,0.18832743167877197
1032,0.2382034957408905
1033,0.2382034957408905
1034,0.2720881700515747
1035,0.20953325927257538
1036,0.2847725450992584
1037,0.24687032401561737
1038,0.24687032401561737
1039,0.27076876163482666
1040,0.23830397427082062
1041,0.25476086139678955
1042,0.28156760334968567
1043,0.2204105406999588
1044,0.2204105406999588
1045,0.19085630774497986
1046,0.26575249433517456
1047,0.24000482261180878
1048,0.2616977095603943
1049,0.2586688697338104
1050,0.28260537981987
1051,0.28260537981987
1052,0.24136541783809662
1053,0.2725238800048828
1054,0.235005721449852
1055,0.28186875581741333
1056,0.24221840500831604
1057,0.24183030426502228
1058,0.24383535981178284
1059,0.22513987123966217
1060,0.23971335589885712
1061,0.23971335589885712
1062,0.1877763271331787
1063,0.2207966297864914
1064,0.24090658128261566
1065,0.28941404819488525
1066,0.22618837654590607
1067,0.27003926038742065
1068,0.241346076130867
1069,0.2214740663766861
1070,0.264354944229126
1071,0.27520978450775146
1072,0.27520978450775146
1073,0.22001628577709198
1074,0.24451182782649994
1075,0.24451182782649994
1076,0.25874093174934387
1077,0.228474959731102
1078,0.228474959731102
1079,0.25866860151290894
1080,0.25017601251602173
1081,0.25017601251602173
1082,0.2532128095626831
1083,0.24495495855808258
1084,0.24495495855808258
1085,0.27514395117759705
1086,0.24929608404636383
1087,0.24929608404636383
1088,0.21967057883739471
1089,0.2641259431838989
1090,0.2641259431838989
1091,0.2622302174568176
1092,0.2622302174568176
1093,0.2240932434797287
1094,0.2240932434797287
1095,0.2635928988456726
1096,0.2635928988456726
1097,0.26153266429901123
1098,0.26153266429901123
1099,0.2593104839324951
1100,0.2593104839324951
1101,0.26027441024780273
1102,0.26027441024780273
1103,0.23309333622455597
1104,0.23309333622455597
1105,0.24049660563468933
1106,0.24049660563468933
1107,0.2320234179496765
1108,0.2320234179496765
1109,0.2660260796546936
1110,0.2660260796546936
1111,0.26559361815452576
1112,0.26559361815452576
1113,0.23537158966064453
1114,0.23537158966064453
1115,0.27213162183761597
1116,0.27213162183761597
1117,0.25051623582839966
1118,0.25051623582839966
1119,0.20291955769062042
1120,0.26796674728393555
1121,0.25971508026123047
1122,0.25971508026123047
1123,0.2667962908744812
1124,0.2671799659729004
1125,0.2682056427001953
1126,0.25117337703704834
1127,0.25117337703704834
1128,0.2796541452407837
1129,0.2796541452407837
1130,0.2501415014266968
1131,0.24778126180171967
1132,0.24778126180171967
1133,0.24321605265140533
1134,0.24321605265140533
1135,0.22383961081504822
1136,0.22383961081504822
1137,0.25784820318222046
1138,0.25784820318222046
1139,0.26679009199142456
1140,0.26679009199142456
1141,0.24051739275455475
1142,0.2249215692281723
1143,0.2154664248228073
1144,0.266737163066864
1145,0.266737163066864
1146,0.22311820089817047
1147,0.22311820089817047
1148,0.25627124309539795
1149,0.2419467717409134
1150,0.2419467717409134
1151,0.2672560214996338
1152,0.2439323514699936
1153,0.2439323514699936
1154,0.24173742532730103
1155,0.24173742532730103
1156,0.26300811767578125
1157,0.26300811767578125
1158,0.22980716824531555
1159,0.24558018147945404
1160,0.24558018147945404
1161,0.2655887007713318
1162,0.2464311122894287
1163,0.20818687975406647
1164,0.23309333622455597
1165,0.24776770174503326
1166,0.2219328135251999
1167,0.2770560383796692
1168,0.22358223795890808
1169,0.23150140047073364
1170,0.24143338203430176
1171,0.23410116136074066
1172,0.23809167742729187
1173,0.21672891080379486
1174,0.2168722301721573
1175,0.245782271027565
1176,0.245782271027565
1177,0.24192461371421814
1178,0.26544973254203796
1179,0.26544973254203796
1180,0.25065910816192627
1181,0.2699141800403595
1182,0.2699141800403595
1183,0.17992667853832245
1184,0.22917602956295013
1185,0.22917602956295013
1186,0.2891400456428528
1187,0.2891400456428528
1188,0.2387854903936386
1189,0.25946441292762756
1190,0.24449317157268524
1191,0.26753759384155273
1192,0.26753759384155273
1193,0.24412058293819427
1194,0.24412058293819427
1195,0.21506452560424805
1196,0.21506452560424805
1197,0.22479663789272308
1198,0.25211840867996216
1199,0.25495022535324097
1200,0.26062124967575073
1201,0.34216880798339844
1202,0.23973384499549866
1203,0.23973384499549866
1204,0.2702220380306244
1205,0.2702220380306244
1206,0.21383480727672577
1207,0.22255562245845795
1208,0.2281918227672577
1209,0.25135737657546997
1210,0.2378174215555191
1211,0.2453729659318924
1212,0.257804274559021
1213,0.257804274559021
1214,0.2260310798883438
1215,0.2568017840385437
1216,0.2568017840385437
1217,0.21838371455669403
1218,0.23409020900726318
1219,0.22877970337867737
1220,0.2562119960784912
1221,0.2562119960784912
1222,0.24395976960659027
1223,0.27140694856643677
1224,0.21851427853107452
1225,0.25293439626693726
1226,0.2498711794614792
1227,0.2498711794614792
1228,0.2732093930244446
1229,0.25055789947509766
1230,0.26867616176605225
1231,0.2274138182401657
1232,0.22094465792179108
1233,0.22094465792179108
1234,0.2501981258392334
1235,0.2540343999862671
1236,0.2626851201057434
1237,0.2661551833152771
1238,0.2388441413640976
1239,0.24759028851985931
1240,0.24478109180927277
1241,0.24478109180927277
1242,0.19613996148109436
1243,0.2503649592399597
1244,0.2503649592399597
1245,0.24965336918830872
1246,0.24965336918830872
1247,0.257520854473114
1248,0.22567732632160187
1249,0.2549891471862793
1250,0.2549891471862793
1251,0.24848955869674683
1252,0.24848955869674683
1253,0.20126701891422272
1254,0.2647240459918976
1255,0.2763558626174927
1256,0.2763558626174927
1257,0.25049924850463867
1258,0.25049924850463867
1259,0.23693019151687622
1260,0.23693019151687622
1261,0.2324436455965042
1262,0.2324436455965042
1263,0.23798978328704834
1264,0.24509336054325104
1265,0.22435767948627472
1266,0.22435767948627472
1267,0.2531275153160095
1268,0.25101256370544434
1269,0.25101256370544434
1270,0.24399124085903168
1271,0.24399124085903168
1272,0.2423636019229889
1273,0.2419051229953766
1274,0.26299524307250977
1275,0.2728598713874817
1276,0.20466050505638123
1277,0.26356303691864014
1278,0.26201874017715454
1279,0.2197631448507309
1280,0.292743980884552
1281,0.23283495008945465
1282,0.22471670806407928
1283,0.21930228173732758
1284,0.2261068969964981
1285,0.23024803400039673
1286,0.24655170738697052
1287,0.2544839382171631
1288,0.23897777497768402
1289,0.27053773403167725
1290,0.2771129012107849
1291,0.3244341015815735
1292,0.24333502352237701
1293,0.2137933224439621
1294,0.24189014732837677
1295,0.28713059425354004
1296,0.2656415104866028
1297,0.24562890827655792
1298,0.1943715363740921
1299,0.24879099428653717
1300,0.2434518188238144
1301,0.23119308054447174
1302,0.20871122181415558
1303,0.20871122181415558
1304,0.2533077001571655
1305,0.2533077001571655
1306,0.2746655344963074
1307,0.2669781446456909
1308,0.25121235847473145
1309,0.2427666038274765
1310,0.2699848413467407
1311,0.2699848413467407
1312,0.20342248678207397
1313,0.21751520037651062
1314,0.24164633452892303
1315,0.2572265863418579
1316,0.21971319615840912
1317,0.2599870562553406
1318,0.2599870562553406
1319,0.23797167837619781
1320,0.27223896980285645
1321,0.2572571635246277
1322,0.2572571635246277
1323,0.24373437464237213
1324,0.24373437464237213
1325,0.2506038248538971
1326,0.24277031421661377
1327,0.2415304034948349
1328,0.2566850781440735
1329,0.2478581964969635
1330,0.2500115633010864
1331,0.24560321867465973
1332,0.24560321867465973
1333,0.2593284845352173
1334,0.24657084047794342
1335,0.26754242181777954
1336,0.247344508767128
1337,0.247344508767128
1338,0.25132083892822266
1339,0.25132083892822266
1340,0.25924718379974365
1341,0.25924718379974365
1342,0.2361474335193634
1343,0.2423337697982788
1344,0.2423337697982788
1345,0.24407680332660675
1346,0.24407680332660675
1347,0.2435377687215805
1348,0.2435377687215805
1349,0.24238699674606323
1350,0.24238699674606323
1351,0.25066035985946655
1352,0.25066035985946655
1353,0.24129624664783478
1354,0.24523724615573883
1355,0.2766267657279968
1356,0.2766267657279968
1357,0.2863052189350128
1358,0.2117161601781845
1359,0.24266402423381805
1360,0.22598324716091156
1361,0.2398446947336197
1362,0.20653875172138214
1363,0.24711738526821136
1364,0.27522581815719604
1365,0.27522581815719604
1366,0.24111734330654144
1367,0.24274320900440216
1368,0.26218634843826294
1369,0.25186145305633545
1370,0.25186145305633545
1371,0.2633639872074127
1372,0.2633639872074127
1373,0.2250879555940628
1374,0.1649593561887741
1375,0.20128671824932098
1376,0.20391252636909485
1377,0.25833451747894287
1378,0.25833451747894287
1379,0.2561814785003662
1380,0.2561814785003662
1381,0.2602083086967468
1382,0.2602083086967468
1383,0.2532460689544678
1384,0.2532460689544678
1385,0.23030351102352142
1386,0.23030351102352142
1387,0.25015056133270264
1388,0.25015056133270264
1389,0.2528602182865143
1390,0.2522153854370117
1391,0.2126684933900833
1392,0.2126684933900833
1393,0.22962109744548798
1394,0.22962109744548798
1395,0.2285906821489334
1396,0.2285906821489334
1397,0.26602986454963684
1398,0.26602986454963684
1399,0.277177095413208
1400,0.277177095413208
1401,0.27916401624679565
1402,0.27916401624679565
1403,0.2809353470802307
1404,0.2809353470802307
1405,0.2760762572288513
1406,0.2760762572288513
1407,0.28352075815200806
1408,0.28352075815200806
1409,0.27290838956832886
1410,0.27290838956832886
1411,0.26713696122169495
1412,0.250569224357605
1413,0.250569224357605
1414,0.34823620319366455
1415,0.24538786709308624
1416,0.23395109176635742
1417,0.23395109176635742
1418,0.23504826426506042
1419,0.23504826426506042
1420,0.22736994922161102
1421,0.22736994922161102
1422,0.2355664223432541
1423,0.2355664223432541
1424,0.23027443885803223
1425,0.23027443885803223
1426,0.2616913914680481
1427,0.2616913914680481
1428,0.22502557933330536
1429,0.22502557933330536
1430,0.26891565322875977
1431,0.25608110427856445
1432,0.22998028993606567
1433,0.22998028993606567
1434,0.23999448120594025
1435,0.23999448120594025
1436,0.23546575009822845
1437,0.23546575009822845
1438,0.2015204131603241
1439,0.204884335398674
1440,0.2269606739282608
1441,0.2269606739282608
1442,0.27304747700691223
1443,0.27304747700691223
1444,0.21293939650058746
1445,0.2422630935907364
1446,0.2586030960083008
1447,0.2586030960083008
1448,0.24620793759822845
1449,0.23283512890338898
1450,0.23283512890338898
1451,0.2483643889427185
1452,0.2483643889427185
1453,0.22640572488307953
1454,0.24462468922138214
1455,0.24104489386081696
1456,0.23160113394260406
1457,0.23160113394260406
1458,0.2575359046459198
1459,0.2575359046459198
1460,0.2198256403207779
1461,0.2297990471124649
1462,0.2297990471124649
1463,0.22697627544403076
1464,0.22697627544403076
1465,0.2453942745923996
1466,0.2453942745923996
1467,0.24086926877498627
1468,0.24086926877498627
1469,0.2571589946746826
1470,0.24336625635623932
1471,0.24336625635623932
1472,0.2671217620372772
1473,0.2671217620372772
1474,0.25924795866012573
1475,0.260837197303772
1476,0.27171266078948975
1477,0.23485247790813446
1478,0.2168097048997879
1479,0.23845072090625763
1480,0.24167169630527496
1481,0.23559333384037018
1482,0.23559333384037018
1483,0.23730766773223877
1484,0.3385075330734253
1485,0.2398720532655716
1486,0.2398720532655716
1487,0.25874924659729004
1488,0.24586455523967743
1489,0.23897020518779755
1490,0.37217652797698975
1491,0.24342842400074005
1492,0.24831002950668335
1493,0.31001782417297363
1494,0.31766796112060547
1495,0.3348064422607422
1496,0.2575037479400635
1497,0.2575037479400635
1498,0.26168322563171387
1499,0.2521178126335144
1500,0.2521178126335144
1501,0.2651968002319336
1502,0.24875551462173462
1503,0.24875551462173462
1504,0.2419518083333969
1505,0.22982122004032135
1506,0.2391287237405777
1507,0.2391287237405777
1508,0.18808533251285553
1509,0.25101858377456665
1510,0.20989912748336792
1511,0.22552965581417084
1512,0.24370066821575165
1513,0.24370066821575165
1514,0.2174508422613144
1515,0.2604643702507019
1516,0.2619558870792389
1517,0.231240376830101
1518,0.2731805145740509
1519,0.2613371014595032
1520,0.2334415465593338
1521,0.25416839122772217
1522,0.25855398178100586
1523,0.2580685615539551
1524,0.2423686534166336
1525,0.2519375681877136
1526,0.23168981075286865
1527,0.2607163190841675
1528,0.2607163190841675
1529,0.23283177614212036
1530,0.23283177614212036
1531,0.3279157280921936
1532,0.21420003473758698
1533,0.2720041871070862
1534,0.25283581018447876
1535,0.25283581018447876
1536,0.2641294002532959
1537,0.2641294002532959
1538,0.2406163513660431
1539,0.26110702753067017
1540,0.2574573755264282
1541,0.2574573755264282
1542,0.2629932165145874
1543,0.2629932165145874
1544,0.251354455947876
1545,0.22437168657779694
1546,0.24137990176677704
1547,0.22851897776126862
1548,0.22851897776126862
1549,0.24210624396800995
1550,0.24210624396800995
1551,0.2104734182357788
1552,0.2566027045249939
1553,0.29071706533432007
1554,0.24460433423519135
1555,0.2447911947965622
1556,0.2447911947965622
1557,0.2526981234550476
1558,0.25654131174087524
1559,0.23846419155597687
1560,0.321246862411499
1561,0.3065197467803955
1562,0.24766455590724945
1563,0.2566533088684082
1564,0.24481378495693207
1565,0.263308584690094
1566,0.237063467502594
1567,0.237063467502594
1568,0.2146860957145691
1569,0.24608835577964783
1570,0.24259914457798004
1571,0.24259914457798004
1572,0.22703765332698822
1573,0.2527680993080139
1574,0.28983521461486816
1575,0.2059502899646759
1576,0.22049932181835175
1577,0.2572762966156006
1578,0.3137362003326416
1579,0.2352084070444107
1580,0.24930976331233978
1581,0.22731390595436096
1582,0.2524475157260895
1583,0.23126237094402313
1584,0.2815859615802765
1585,0.24579472839832306
1586,0.224510058760643
1587,0.2921738028526306
1588,0.23260952532291412
1589,0.22658440470695496
1590,0.26168376207351685
1591,0.26168376207351685
1592,0.25646674633026123
1593,0.25646674633026123
1594,0.20921528339385986
1595,0.24327312409877777
1596,0.24327312409877777
1597,0.23067297041416168
1598,0.23067297041416168
1599,0.25901734828948975
1600,0.25901734828948975
1601,0.24178312718868256
1602,0.23465614020824432
1603,0.23465614020824432
1604,0.301896333694458
1605,0.2966459393501282
1606,0.2889484763145447
1607,0.25548455119132996
1608,0.2720745801925659
1609,0.23914958536624908
1610,0.257712721824646
1611,0.24846650660037994
1612,0.2595519423484802
1613,0.258929967880249
1614,0.2792689800262451
1615,0.18898604810237885
1616,0.18898604810237885
1617,0.25870341062545776
1618,0.22718901932239532
1619,0.23766472935676575
1620,0.22842346131801605
1621,0.2493104189634323
1622,0.26998889446258545
1623,0.26998889446258545
1624,0.21611325442790985
1625,0.235590398311615
1626,0.234782412648201
1627,0.2522597312927246
1628,0.2522597312927246
1629,0.2867571711540222
1630,0.23849214613437653
1631,0.25999850034713745
1632,0.2583386301994324
1633,0.22710703313350677
1634,0.23816944658756256
1635,0.23816944658756256
1636,0.19787728786468506
1637,0.24727863073349
1638,0.24727863073349
1639,0.25773924589157104
1640,0.26492738723754883
1641,0.27089881896972656
1642,0.24652241170406342
1643,0.2298169583082199
1644,0.22491514682769775
1645,0.2611352205276489
1646,0.20878517627716064
1647,0.2268257588148117
1648,0.22544823586940765
1649,0.25343871116638184
1650,0.25726428627967834
1651,0.296164333820343
1652,0.2876158356666565
1653,0.23667380213737488
1654,0.23702161014080048
1655,0.24308030307292938
1656,0.20826400816440582
1657,0.255571186542511
1658,0.2289801985025406
1659,0.29320645332336426
1660,0.2079353928565979
1661,0.22570008039474487
1662,0.2770575284957886
1663,0.2915515899658203
1664,0.20534811913967133
1665,0.21818311512470245
1666,0.22162887454032898
1667,0.22789397835731506
1668,0.22486668825149536
1669,0.24186564981937408
1670,0.26462388038635254
1671,0.26462388038635254
1672,0.26606905460357666
1673,0.26606905460357666
1674,0.23188982903957367
1675,0.23188982903957367
1676,0.2416018396615982
1677,0.25116366147994995
1678,0.25116366147994995
1679,0.27097928524017334
1680,0.23312504589557648
1681,0.23014897108078003
1682,0.23014897108078003
1683,0.24539344012737274
1684,0.23682786524295807
1685,0.24751843512058258
1686,0.249426931142807
1687,0.2405036836862564
1688,0.24518731236457825
1689,0.23184964060783386
1690,0.23184964060783386
1691,0.2500964403152466
1692,0.2507244348526001
1693,0.2507244348526001
1694,0.22779996693134308
1695,0.22739706933498383
1696,0.15843307971954346
1697,0.15843307971954346
1698,0.2819593548774719
1699,0.2819593548774719
1700,0.27008599042892456
1701,0.27008599042892456
1702,0.28970497846603394
1703,0.28970497846603394
1704,0.2377530336380005
1705,0.29526078701019287
1706,0.28556492924690247
1707,0.28556492924690247
1708,0.2869182825088501
1709,0.2869182825088501
1710,0.275162935256958
1711,0.29354679584503174
1712,0.29354679584503174
1713,0.2872653305530548
1714,0.2872653305530548
1715,0.2734450697898865
1716,0.2645455598831177
1717,0.28711986541748047
1718,0.23095519840717316
1719,0.2836352586746216
1720,0.2912614941596985
1721,0.2912614941596985
1722,0.28841471672058105
1723,0.28841471672058105
1724,0.28525978326797485
1725,0.28525978326797485
1726,0.2802000045776367
1727,0.23106031119823456
1728,0.28062596917152405
1729,0.28062596917152405
1730,0.25368213653564453
1731,0.25368213653564453
1732,0.25891435146331787
1733,0.28909605741500854
1734,0.27964654564857483
1735,0.27240848541259766
1736,0.26448550820350647
1737,0.28744179010391235
1738,0.28905296325683594
1739,0.26981061697006226
1740,0.3093847632408142
1741,0.2920295000076294
1742,0.255157470703125
1743,0.28999966382980347
1744,0.26569288969039917
1745,0.3079957962036133
1746,0.3250170350074768
1747,0.3143959641456604
1748,0.3132854700088501
1749,0.28106147050857544
1750,0.26924628019332886
1751,0.29984861612319946
1752,0.29984861612319946
1753,0.30612391233444214
1754,0.3150213360786438
1755,0.3150213360786438
1756,0.27068018913269043
1757,0.2802830934524536
1758,0.2714617848396301
1759,0.2666894793510437
1760,0.28325802087783813
1761,0.28325802087783813
1762,0.2844686210155487
1763,0.2917953133583069
1764,0.2944176197052002
1765,0.2690369188785553
1766,0.241360142827034
1767,0.26260119676589966
1768,0.28755754232406616
1769,0.28755754232406616
1770,0.2548368573188782
1771,0.25604796409606934
1772,0.25604796409606934
1773,0.24817176163196564
1774,0.23091953992843628
1775,0.30300962924957275
1776,0.3068010210990906
1777,0.266763836145401
1778,0.31969332695007324
1779,0.2596197724342346
1780,0.24965623021125793
1781,0.267425000667572
1782,0.2983710765838623
1783,0.2983710765838623
1784,0.250832736492157
1785,0.3168288469314575
1786,0.29597777128219604
1787,0.30266594886779785
1788,0.3129734396934509
1789,0.26466256380081177
1790,0.2575879395008087
1791,0.264091432094574
1792,0.24800625443458557
1793,0.31777405738830566
1794,0.26579296588897705
1795,0.24455876648426056
1796,0.2620188295841217
1797,0.2620188295841217
1798,0.2861970067024231
1799,0.2861970067024231
1800,0.2538357973098755
1801,0.2899794578552246
1802,0.2899794578552246
1803,0.29445838928222656
1804,0.3014759421348572
1805,0.26911360025405884
1806,0.26911360025405884
1807,0.26504284143447876
1808,0.2800328731536865
1809,0.2800328731536865
1810,0.25549399852752686
1811,0.25757896900177
1812,0.30668097734451294
1813,0.30668097734451294
1814,0.260017067193985
1815,0.260017067193985
1816,0.25528043508529663
1817,0.25528043508529663
1818,0.22202034294605255
1819,0.24262186884880066
1820,0.2462588995695114
1821,0.25425300002098083
1822,0.3132740259170532
1823,0.3132740259170532
1824,0.2826196551322937
1825,0.2963007092475891
1826,0.2963007092475891
1827,0.2747700810432434
1828,0.277273952960968
1829,0.29769760370254517
1830,0.29769760370254517
1831,0.3054465055465698
1832,0.2901621162891388
1833,0.2901621162891388
1834,0.2813676595687866
1835,0.2512872815132141
1836,0.20707809925079346
1837,0.2927868962287903
1838,0.29198533296585083
1839,0.22098995745182037
1840,0.28963756561279297
1841,0.2672252655029297
1842,0.2672252655029297
1843,0.284869909286499
1844,0.284869909286499
1845,0.2518945336341858
1846,0.35141319036483765
1847,0.2660783529281616
1848,0.3006749749183655
1849,0.304779052734375
1850,0.30507272481918335
1851,0.26822763681411743
1852,0.3081907629966736
1853,0.3081907629966736
1854,0.24799837172031403
1855,0.27326852083206177
1856,0.3125094771385193
1857,0.2928846478462219
1858,0.2928846478462219
1859,0.2586405873298645
1860,0.2586405873298645
1861,0.2840700149536133
1862,0.2840700149536133
1863,0.30846935510635376
1864,0.30846935510635376
1865,0.28853559494018555
1866,0.2948454022407532
1867,0.2948454022407532
1868,0.29767537117004395
1869,0.29767537117004395
1870,0.2664729356765747
1871,0.2805000841617584
1872,0.2805000841617584
1873,0.26271867752075195
1874,0.3068554997444153
1875,0.2652585506439209
1876,0.2652585506439209
1877,0.2644791007041931
1878,0.24122147262096405
1879,0.2520214319229126
1880,0.25728291273117065
1881,0.2572694718837738
1882,0.2572694718837738
1883,0.2745048999786377
1884,0.24034637212753296
1885,0.3084227442741394
1886,0.2622479200363159
1887,0.2622479200363159
1888,0.29480379819869995
1889,0.24595539271831512
1890,0.2640988230705261
1891,0.31767499446868896
1892,0.2631441652774811
1893,0.2631441652774811
1894,0.21251817047595978
1895,0.3310272693634033
1896,0.26169291138648987
1897,0.30797046422958374
1898,0.30411189794540405
1899,0.31768035888671875
1900,0.31768035888671875
1901,0.2941237688064575
1902,0.30396974086761475
1903,0.2867159843444824
1904,0.32491421699523926
1905,0.26746928691864014
1906,0.250460147857666
1907,0.264255166053772
1908,0.25556570291519165
1909,0.24526672065258026
1910,0.24526672065258026
1911,0.25627487897872925
1912,0.2349301278591156
1913,0.2514151334762573
1914,0.3152613639831543
1915,0.26707518100738525
1916,0.30449026823043823
1917,0.24457739293575287
1918,0.2788631319999695
1919,0.2996705174446106
1920,0.31637221574783325
1921,0.31637221574783325
1922,0.26561933755874634
1923,0.29244714975357056
1924,0.29244714975357056
1925,0.31144845485687256
1926,0.29059064388275146
1927,0.29059064388275146
1928,0.28484469652175903
1929,0.30056053400039673
1930,0.30056053400039673
1931,0.3175886273384094
1932,0.28018176555633545
1933,0.28018176555633545
1934,0.31110477447509766
1935,0.2914804220199585
1936,0.2914804220199585
1937,0.2253580242395401
1938,0.2977834939956665
1939,0.2977834939956665
1940,0.2939647436141968
1941,0.2939647436141968
1942,0.26451873779296875
1943,0.26451873779296875
1944,0.2835584878921509
1945,0.2835584878921509
1946,0.29965847730636597
1947,0.29965847730636597
1948,0.29913198947906494
1949,0.29913198947906494
1950,0.30351167917251587
1951,0.30351167917251587
1952,0.28466880321502686
1953,0.28466880321502686
1954,0.2774237394332886
1955,0.2774237394332886
1956,0.27568739652633667
1957,0.27568739652633667
1958,0.3021667003631592
1959,0.3021667003631592
1960,0.3029773235321045
1961,0.3029773235321045
1962,0.2885013222694397
1963,0.2885013222694397
1964,0.3123132586479187
1965,0.3123132586479187
1966,0.2844049036502838
1967,0.2844049036502838
1968,0.2520793676376343
1969,0.2883075177669525
1970,0.31142812967300415
1971,0.31142812967300415
1972,0.2844429016113281
1973,0.28165239095687866
1974,0.2794739007949829
1975,0.29188644886016846
1976,0.29188644886016846
1977,0.30094629526138306
1978,0.30094629526138306
1979,0.26793378591537476
1980,0.24813078343868256
1981,0.24813078343868256
1982,0.29450422525405884
1983,0.29450422525405884
1984,0.2850380837917328
1985,0.2850380837917328
1986,0.2911876440048218
1987,0.2911876440048218
1988,0.2663384675979614
1989,0.2663384675979614
1990,0.27855750918388367
1991,0.25325483083724976
1992,0.23648057878017426
1993,0.3025754690170288
1994,0.3025754690170288
1995,0.27270758152008057
1996,0.27270758152008057
1997,0.2731868028640747
1998,0.29741930961608887
1999,0.29741930961608887
2000,0.29716652631759644
2001,0.26445186138153076
2002,0.26445186138153076
2003,0.29061535000801086
2004,0.29061535000801086
2005,0.30010056495666504
2006,0.30010056495666504
2007,0.24791154265403748
2008,0.274814248085022
2009,0.274814248085022
2010,0.2827780842781067
2011,0.2785223722457886
2012,0.26119858026504517
2013,0.24607522785663605
2014,0.26553454995155334
2015,0.24298422038555145
2016,0.3103424310684204
2017,0.24582470953464508
2018,0.26444780826568604
2019,0.26279783248901367
2020,0.2449881136417389
2021,0.2374425232410431
2022,0.2500942349433899
2023,0.2498570829629898
2024,0.2612462639808655
2025,0.2612462639808655
2026,0.2553730010986328
2027,0.29760634899139404
2028,0.29760634899139404
2029,0.26333945989608765
2030,0.2816111147403717
2031,0.2816111147403717
2032,0.23048843443393707
2033,0.2842367887496948
2034,0.2842367887496948
2035,0.29607969522476196
2036,0.29607969522476196
2037,0.25126564502716064
2038,0.26136642694473267
2039,0.27914929389953613
2040,0.27708691358566284
2041,0.27708691358566284
2042,0.2928038239479065
2043,0.2928038239479065
2044,0.30499982833862305
2045,0.30499982833862305
2046,0.3068277835845947
2047,0.29170477390289307
2048,0.2729164958000183
2049,0.2977370023727417
2050,0.35505712032318115
2051,0.28306204080581665
2052,0.28306204080581665
2053,0.2966492176055908
2054,0.2966492176055908
2055,0.2376670241355896
2056,0.30092012882232666
2057,0.23189951479434967
2058,0.28406351804733276
2059,0.27937057614326477
2060,0.25637727975845337
2061,0.29343074560165405
2062,0.29343074560165405
2063,0.28571024537086487
2064,0.2890733480453491
2065,0.2890733480453491
2066,0.25977957248687744
2067,0.25650906562805176
2068,0.2645447850227356
2069,0.30486154556274414
2070,0.30486154556274414
2071,0.26482486724853516
2072,0.2644430100917816
2073,0.2579660415649414
2074,0.2759432792663574
2075,0.2852991223335266
2076,0.2852991223335266
2077,0.30993807315826416
2078,0.2637318968772888
2079,0.27894288301467896
2080,0.2875579595565796
2081,0.2834852635860443
2082,0.2834852635860443
2083,0.30003052949905396
2084,0.30933237075805664
2085,0.3173482418060303
2086,0.2694556713104248
2087,0.25306379795074463
2088,0.2727392017841339
2089,0.2543151378631592
2090,0.2543151378631592
2091,0.2524718642234802
2092,0.26152926683425903
2093,0.26152926683425903
2094,0.28932446241378784
2095,0.28932446241378784
2096,0.29816490411758423
2097,0.30431097745895386
2098,0.2928444743156433
2099,0.2928444743156433
2100,0.29341089725494385
2101,0.29341089725494385
2102,0.27098989486694336
2103,0.2882475256919861
2104,0.3188987374305725
2105,0.3188987374305725
2106,0.29706287384033203
2107,0.29706287384033203
2108,0.24885670840740204
2109,0.24885670840740204
2110,0.2533200979232788
2111,0.2533200979232788
2112,0.2683412432670593
2113,0.27373623847961426
2114,0.26138997077941895
2115,0.26138997077941895
2116,0.28067249059677124
2117,0.2892042398452759
2118,0.2892042398452759
2119,0.26542943716049194
2120,0.26542943716049194
2121,0.25370192527770996
2122,0.25286567211151123
2123,0.2635433077812195
2124,0.3077242970466614
2125,0.2429075390100479
2126,0.3215973973274231
2127,0.2692330479621887
2128,0.25043654441833496
2129,0.3282734751701355
2130,0.26728981733322144
2131,0.2595122456550598
2132,0.26280003786087036
2133,0.24746882915496826
2134,0.2435692697763443
2135,0.26875489950180054
2136,0.2831975221633911
2137,0.2690563201904297
2138,0.30883026123046875
2139,0.31614649295806885
2140,0.3484298586845398
2141,0.26947498321533203
2142,0.24196209013462067
2143,0.2623331546783447
2144,0.29728633165359497
2145,0.302898645401001
2146,0.2650947570800781
2147,0.22040905058383942
2148,0.26728785037994385
2149,0.2471853643655777
2150,0.24504287540912628
2151,0.28858625888824463
2152,0.28858625888824463
2153,0.2857286334037781
2154,0.2857286334037781
2155,0.29775649309158325
2156,0.32241135835647583
2157,0.3031080365180969
2158,0.2924196720123291
2159,0.30857759714126587
2160,0.30857759714126587
2161,0.24399177730083466
2162,0.25222378969192505
2163,0.283570259809494
2164,0.3216221332550049
2165,0.24487392604351044
2166,0.29881173372268677
2167,0.29881173372268677
2168,0.3312872648239136
2169,0.3042936325073242
2170,0.26999688148498535
2171,0.26999688148498535
2172,0.2900857925415039
2173,0.2900857925415039
2174,0.30359572172164917
2175,0.30040276050567627
2176,0.2969062328338623
2177,0.31650805473327637
2178,0.2644907832145691
2179,0.2647510766983032
2180,0.29383349418640137
2181,0.29383349418640137
2182,0.2841830849647522
2183,0.27230483293533325
2184,0.3143794536590576
2185,0.26669222116470337
2186,0.26669222116470337
2187,0.28795325756073
2188,0.28795325756073
2189,0.2661858797073364
2190,0.2661858797073364
2191,0.2878462076187134
2192,0.26199284195899963
2193,0.26199284195899963
2194,0.2595760226249695
2195,0.2595760226249695
2196,0.2592604160308838
2197,0.2592604160308838
2198,0.2604351043701172
2199,0.2604351043701172
2200,0.26237353682518005
2201,0.26237353682518005
2202,0.3085024952888489
2203,0.30887430906295776
2204,0.29854899644851685
2205,0.29854899644851685
2206,0.31961590051651
2207,0.24639703333377838
2208,0.2545735239982605
2209,0.2533905506134033
2210,0.24946226179599762
2211,0.23220811784267426
2212,0.26744523644447327
2213,0.3287932872772217
2214,0.3287932872772217
2215,0.2513166666030884
2216,0.2565178871154785
2217,0.3075534701347351
2218,0.3071210980415344
2219,0.3071210980415344
2220,0.2838612198829651
2221,0.2838612198829651
2222,0.2597332000732422
2223,0.2095356434583664
2224,0.2323184758424759
2225,0.24112160503864288
2226,0.3081257939338684
2227,0.3081257939338684
2228,0.3013298511505127
2229,0.3013298511505127
2230,0.30218058824539185
2231,0.30218058824539185
2232,0.2761387825012207
2233,0.2761387825012207
2234,0.26340562105178833
2235,0.26340562105178833
2236,0.2669501304626465
2237,0.2669501304626465
2238,0.30550509691238403
2239,0.3084990978240967
2240,0.28001952171325684
2241,0.28001952171325684
2242,0.28085052967071533
2243,0.28085052967071533
2244,0.26942846179008484
2245,0.26942846179008484
2246,0.3037784695625305
2247,0.3037784695625305
2248,0.3095710873603821
2249,0.3095710873603821
2250,0.3172157406806946
2251,0.3172157406806946
2252,0.3182048797607422
2253,0.3182048797607422
2254,0.3107023239135742
2255,0.3107023239135742
2256,0.3169788718223572
2257,0.3169788718223572
2258,0.29879361391067505
2259,0.29879361391067505
2260,0.2782983183860779
2261,0.2622905373573303
2262,0.2622905373573303
2263,0.35711902379989624
2264,0.27463579177856445
2265,0.2871030271053314
2266,0.2871030271053314
2267,0.2898814082145691
2268,0.2898814082145691
2269,0.2928708791732788
2270,0.2928708791732788
2271,0.25860878825187683
2272,0.25860878825187683
2273,0.27229297161102295
2274,0.27229297161102295
2275,0.26832228899002075
2276,0.26832228899002075
2277,0.2901384234428406
2278,0.2901384234428406
2279,0.31455957889556885
2280,0.2859344482421875
2281,0.25956422090530396
2282,0.25956422090530396
2283,0.2656032145023346
2284,0.2656032145023346
2285,0.26491671800613403
2286,0.26491671800613403
2287,0.2483123391866684
2288,0.24598799645900726
2289,0.28418976068496704
2290,0.28418976068496704
2291,0.26757264137268066
2292,0.26757264137268066
2293,0.25304967164993286
2294,0.25868791341781616
2295,0.305946409702301
2296,0.305946409702301
2297,0.25586429238319397
2298,0.2784978151321411
2299,0.2784978151321411
2300,0.30106037855148315
2301,0.30106037855148315
2302,0.2641964554786682
2303,0.266011118888855
2304,0.24988146126270294
2305,0.27585190534591675
2306,0.27585190534591675
2307,0.30861610174179077
2308,0.30861610174179077
2309,0.28526729345321655
2310,0.29315584897994995
2311,0.29315584897994995
2312,0.28434622287750244
2313,0.28434622287750244
2314,0.2483665496110916
2315,0.2483665496110916
2316,0.28926700353622437
2317,0.28926700353622437
2318,0.26787397265434265
2319,0.29726922512054443
2320,0.29726922512054443
2321,0.3042299151420593
2322,0.3042299151420593
2323,0.3200681209564209
2324,0.3186916708946228
2325,0.2911874055862427
2326,0.265807569026947
2327,0.23567800223827362
2328,0.25571995973587036
2329,0.2610355019569397
2330,0.2521306574344635
2331,0.2521306574344635
2332,0.28592729568481445
2333,0.35394763946533203
2334,0.2841244339942932
2335,0.2841244339942932
2336,0.28183695673942566
2337,0.27852004766464233
2338,0.3008965849876404
2339,0.3725252151489258
2340,0.2672915458679199
2341,0.2834225296974182
2342,0.3415440320968628
2343,0.34521299600601196
2344,0.3527464270591736
2345,0.30651795864105225
2346,0.30651795864105225
2347,0.29912346601486206
2348,0.2629931569099426
2349,0.2629931569099426
2350,0.3084116578102112
2351,0.2852668762207031
2352,0.2852668762207031
2353,0.25985002517700195
2354,0.2368430644273758
2355,0.29027149081230164
2356,0.29027149081230164
2357,0.23591549694538116
2358,0.28203603625297546
2359,0.2281692773103714
2360,0.23907522857189178
2361,0.2989940047264099
2362,0.2989940047264099
2363,0.3143106698989868
2364,0.29801082611083984
2365,0.29910600185394287
2366,0.281524658203125
2367,0.2778550088405609
2368,0.25755995512008667
2369,0.3321990370750427
2370,0.26458030939102173
2371,0.29123950004577637
2372,0.296234667301178
2373,0.2670339047908783
2374,0.2843562364578247
2375,0.28369462490081787
2376,0.29943662881851196
2377,0.29943662881851196
2378,0.29111528396606445
2379,0.29111528396606445
2380,0.34993094205856323
2381,0.27569544315338135
2382,0.29735565185546875
2383,0.30156463384628296
2384,0.30156463384628296
2385,0.30494123697280884
2386,0.30494123697280884
2387,0.3312985301017761
2388,0.2994740605354309
2389,0.3045138716697693
2390,0.3045138716697693
2391,0.30561524629592896
2392,0.30561524629592896
2393,0.292718768119812
2394,0.24306298792362213
2395,0.2771611213684082
2396,0.24881486594676971
2397,0.24881486594676971
2398,0.2840420603752136
2399,0.2840420603752136
2400,0.25947892665863037
2401,0.29579800367355347
2402,0.3296244144439697
2403,0.2721930146217346
2404,0.2552644610404968
2405,0.2552644610404968
2406,0.2620234787464142
2407,0.2635272741317749
2408,0.29857558012008667
2409,0.34685218334198
2410,0.3394538164138794
2411,0.275481253862381
2412,0.2676728367805481
2413,0.28370344638824463
2414,0.2694840133190155
2415,0.25283753871917725
2416,0.25283753871917725
2417,0.2287832349538803
2418,0.2540384829044342
2419,0.25448787212371826
2420,0.25448787212371826
2421,0.24570931494235992
2422,0.2620745897293091
2423,0.2872428894042969
2424,0.27900123596191406
2425,0.2850644588470459
2426,0.31473326683044434
2427,0.3435007333755493
2428,0.25916630029678345
2429,0.26254507899284363
2430,0.28838759660720825
2431,0.28210824728012085
2432,0.2562568187713623
2433,0.3330612778663635
2434,0.2648484706878662
2435,0.26308751106262207
2436,0.3323182463645935
2437,0.32742148637771606
2438,0.29997891187667847
2439,0.2977221608161926
2440,0.2977221608161926
2441,0.2973129153251648
2442,0.2973129153251648
2443,0.24057014286518097
2444,0.3063512444496155
2445,0.3063512444496155
2446,0.25803089141845703
2447,0.25803089141845703
2448,0.27453696727752686
2449,0.27453696727752686
2450,0.2539581060409546
2451,0.25155535340309143
2452,0.25155535340309143
2453,0.3374255299568176
2454,0.33506035804748535
2455,0.32736021280288696
2456,0.2922617197036743
2457,0.2745024561882019
2458,0.29215067625045776
2459,0.29940110445022583
2460,0.26759612560272217
2461,0.3061780333518982
2462,0.30632978677749634
2463,0.3364773392677307
2464,0.24024014174938202
2465,0.24024014174938202
2466,0.31136029958724976
2467,0.24381273984909058
2468,0.2826876938343048
2469,0.2617652118206024
2470,0.26960140466690063
2471,0.26975056529045105
2472,0.26975056529045105
2473,0.2620158791542053
2474,0.25423663854599
2475,0.2701258361339569
2476,0.25169312953948975
2477,0.25169312953948975
2478,0.3220031261444092
2479,0.28742077946662903
2480,0.31973302364349365
2481,0.3247283697128296
2482,0.24520131945610046
2483,0.26299649477005005
2484,0.26299649477005005
2485,0.2185942679643631
2486,0.2975020408630371
2487,0.2975020408630371
2488,0.30709439516067505
2489,0.29621100425720215
2490,0.321114182472229
2491,0.2632825970649719
2492,0.24868689477443695
2493,0.25991636514663696
2494,0.2982850670814514
2495,0.2484149932861328
2496,0.25081995129585266
2497,0.25444018840789795
2498,0.292560338973999
2499,0.26647788286209106
2500,0.3139668107032776
2501,0.279493123292923
2502,0.29304856061935425
2503,0.2943131923675537
2504,0.2580513656139374
2505,0.2448379546403885
2506,0.2766434848308563
2507,0.26091352105140686
2508,0.3002903461456299
2509,0.23738603293895721
2510,0.2671525478363037
2511,0.31297022104263306
2512,0.31357812881469727
2513,0.21827831864356995
2514,0.28218185901641846
2515,0.2587900161743164
2516,0.2950240969657898
2517,0.24620243906974792
2518,0.2642263174057007
2519,0.3044860363006592
2520,0.3044860363006592
2521,0.3061547875404358
2522,0.3061547875404358
2523,0.2917265295982361
2524,0.2917265295982361
2525,0.24986179172992706
2526,0.2976740598678589
2527,0.2976740598678589
2528,0.2982121706008911
2529,0.27145880460739136
2530,0.29199713468551636
2531,0.29199713468551636
2532,0.31316113471984863
2533,0.30533266067504883
2534,0.2882159948348999
2535,0.2696486711502075
2536,0.3146781921386719
2537,0.26198869943618774
2538,0.24223878979682922
2539,0.24223878979682922
2540,0.31377655267715454
2541,0.25546276569366455
2542,0.25546276569366455
2543,0.277798593044281
2544,0.27798593044281006
2545,0.2246287316083908
2546,0.2246287316083908
2547,0.2514999806880951
2548,0.2514999806880951
2549,0.23269793391227722
2550,0.23269793391227722
2551,0.2763640284538269
2552,0.2763640284538269
2553,0.19556809961795807
2554,0.26623040437698364
2555,0.24230945110321045
2556,0.24230945110321045
2557,0.268157422542572
2558,0.268157422542572
2559,0.2545524835586548
2560,0.2807927131652832
2561,0.2807927131652832
2562,0.2673839330673218
2563,0.2673839330673218
2564,0.2471289485692978
2565,0.2276470810174942
2566,0.2732943892478943
2567,0.20418275892734528
2568,0.26563137769699097
2569,0.2771424949169159
2570,0.2771424949169159
2571,0.26319319009780884
2572,0.26319319009780884
2573,0.26797306537628174
2574,0.26797306537628174
2575,0.2700433135032654
2576,0.22548547387123108
2577,0.2528330683708191
2578,0.2528330683708191
2579,0.21638630330562592
2580,0.21638630330562592
2581,0.21946275234222412
2582,0.2641359269618988
2583,0.27152198553085327
2584,0.26444900035858154
2585,0.25764453411102295
2586,0.259813129901886
2587,0.2652229070663452
2588,0.2452734261751175
2589,0.2661476731300354
2590,0.26991111040115356
2591,0.2501174807548523
2592,0.26331040263175964
2593,0.26048511266708374
2594,0.2919501066207886
2595,0.27611804008483887
2596,0.26353174448013306
2597,0.26201319694519043
2598,0.2570483088493347
2599,0.23196043074131012
2600,0.25577589869499207
2601,0.25577589869499207
2602,0.2767687141895294
2603,0.29916512966156006
2604,0.29916512966156006
2605,0.26592493057250977
2606,0.26510685682296753
2607,0.2614474892616272
2608,0.24993830919265747
2609,0.24765674769878387
2610,0.24765674769878387
2611,0.25288403034210205
2612,0.26582926511764526
2613,0.2812962234020233
2614,0.26229405403137207
2615,0.21132029592990875
2616,0.24167989194393158
2617,0.24460209906101227
2618,0.24460209906101227
2619,0.2340589314699173
2620,0.2403857558965683
2621,0.2403857558965683
2622,0.23418809473514557
2623,0.23160891234874725
2624,0.2810269594192505
2625,0.29273486137390137
2626,0.2705402076244354
2627,0.2753388285636902
2628,0.25192731618881226
2629,0.2327043116092682
2630,0.2623094320297241
2631,0.2880680561065674
2632,0.2880680561065674
2633,0.2416105717420578
2634,0.2792075276374817
2635,0.28922539949417114
2636,0.2657984495162964
2637,0.288408100605011
2638,0.2502164840698242
2639,0.2484133392572403
2640,0.2393116056919098
2641,0.244802787899971
2642,0.2966083288192749
2643,0.26071393489837646
2644,0.18830406665802002
2645,0.2258491814136505
2646,0.2258491814136505
2647,0.250757098197937
2648,0.250757098197937
2649,0.22516779601573944
2650,0.25998514890670776
2651,0.25998514890670776
2652,0.27573055028915405
2653,0.28355562686920166
2654,0.2550755739212036
2655,0.2550755739212036
2656,0.24944159388542175
2657,0.24941666424274445
2658,0.24941666424274445
2659,0.2437622845172882
2660,0.24491624534130096
2661,0.2909470200538635
2662,0.2909470200538635
2663,0.25064048171043396
2664,0.25064048171043396
2665,0.21667110919952393
2666,0.21667110919952393
2667,0.1929216831922531
2668,0.20595794916152954
2669,0.22044678032398224
2670,0.22955213487148285
2671,0.2895926237106323
2672,0.2895926237106323
2673,0.26259589195251465
2674,0.2845950722694397
2675,0.2845950722694397
2676,0.26259341835975647
2677,0.26509523391723633
2678,0.2827562093734741
2679,0.2827562093734741
2680,0.2900792956352234
2681,0.2673170566558838
2682,0.2673170566558838
2683,0.2646650969982147
2684,0.22167392075061798
2685,0.17470279335975647
2686,0.24762575328350067
2687,0.2620505690574646
2688,0.18990178406238556
2689,0.2641284465789795
2690,0.2564716935157776
2691,0.2564716935157776
2692,0.26112717390060425
2693,0.26112717390060425
2694,0.2491200715303421
2695,0.3435083031654358
2696,0.253165066242218
2697,0.2825184464454651
2698,0.2593708336353302
2699,0.25932735204696655
2700,0.2629391551017761
2701,0.2896909713745117
2702,0.2896909713745117
2703,0.24037955701351166
2704,0.2629568576812744
2705,0.2885422110557556
2706,0.2639278173446655
2707,0.2639278173446655
2708,0.22457647323608398
2709,0.22457647323608398
2710,0.2617465853691101
2711,0.2617465853691101
2712,0.2774612307548523
2713,0.2774612307548523
2714,0.261183500289917
2715,0.25382858514785767
2716,0.25382858514785767
2717,0.25575488805770874
2718,0.25575488805770874
2719,0.2637481689453125
2720,0.267314076423645
2721,0.267314076423645
2722,0.23037771880626678
2723,0.2925909757614136
2724,0.22384662926197052
2725,0.22384662926197052
2726,0.2561408579349518
2727,0.22295282781124115
2728,0.2418445199728012
2729,0.20876744389533997
2730,0.23370864987373352
2731,0.23370864987373352
2732,0.26474809646606445
2733,0.21240980923175812
2734,0.30061304569244385
2735,0.2514421343803406
2736,0.2514421343803406
2737,0.280621200799942
2738,0.23954521119594574
2739,0.2621989846229553
2740,0.29981333017349243
2741,0.23215337097644806
2742,0.23215337097644806
2743,0.19947421550750732
2744,0.3102017045021057
2745,0.24324874579906464
2746,0.2847263216972351
2747,0.2773967385292053
2748,0.3019639849662781
2749,0.3019639849662781
2750,0.2709925174713135
2751,0.2883095145225525
2752,0.25799524784088135
2753,0.31293976306915283
2754,0.2559202313423157
2755,0.24177487194538116
2756,0.2475704401731491
2757,0.2383347451686859
2758,0.2338448166847229
2759,0.2338448166847229
2760,0.216756209731102
2761,0.2202538698911667
2762,0.2387169748544693
2763,0.301472544670105
2764,0.23484516143798828
2765,0.2875766158103943
2766,0.22985142469406128
2767,0.2583850026130676
2768,0.28896188735961914
2769,0.2999878525733948
2770,0.2999878525733948
2771,0.23073261976242065
2772,0.2586338520050049
2773,0.2586338520050049
2774,0.2894256114959717
2775,0.26378053426742554
2776,0.26378053426742554
2777,0.25259989500045776
2778,0.27546995878219604
2779,0.27546995878219604
2780,0.2792419195175171
2781,0.2611209750175476
2782,0.2611209750175476
2783,0.295307993888855
2784,0.2512056231498718
2785,0.2512056231498718
2786,0.22300542891025543
2787,0.27287060022354126
2788,0.27287060022354126
2789,0.266265332698822
2790,0.266265332698822
2791,0.23037177324295044
2792,0.23037177324295044
2793,0.2697712182998657
2794,0.2697712182998657
2795,0.27456527948379517
2796,0.27456527948379517
2797,0.27377671003341675
2798,0.27377671003341675
2799,0.2747398614883423
2800,0.2747398614883423
2801,0.2590063810348511
2802,0.2590063810348511
2803,0.2526746690273285
2804,0.2526746690273285
2805,0.24591034650802612
2806,0.24591034650802612
2807,0.2751191258430481
2808,0.2751191258430481
2809,0.2761983871459961
2810,0.2761983871459961
2811,0.24447712302207947
2812,0.24447712302207947
2813,0.28470784425735474
2814,0.28470784425735474
2815,0.2553820013999939
2816,0.2553820013999939
2817,0.23025251924991608
2818,0.27590876817703247
2819,0.2797200679779053
2820,0.2797200679779053
2821,0.2733374834060669
2822,0.27298834919929504
2823,0.2727261781692505
2824,0.2532302141189575
2825,0.2532302141189575
2826,0.29223424196243286
2827,0.29223424196243286
2828,0.257874459028244
2829,0.23573242127895355
2830,0.23573242127895355
2831,0.25940191745758057
2832,0.25940191745758057
2833,0.2565794885158539
2834,0.2565794885158539
2835,0.27007782459259033
2836,0.27007782459259033
2837,0.24953167140483856
2838,0.24953167140483856
2839,0.2633143663406372
2840,0.23973675072193146
2841,0.21096861362457275
2842,0.2875624895095825
2843,0.2875624895095825
2844,0.22291021049022675
2845,0.22291021049022675
2846,0.24975062906742096
2847,0.26473158597946167
2848,0.26473158597946167
2849,0.28334903717041016
2850,0.2242927998304367
2851,0.2242927998304367
2852,0.2578619122505188
2853,0.2578619122505188
2854,0.2734299898147583
2855,0.2734299898147583
2856,0.22993682324886322
2857,0.2528948187828064
2858,0.2528948187828064
2859,0.2642781734466553
2860,0.2550673484802246
2861,0.23927240073680878
2862,0.23445703089237213
2863,0.25814056396484375
2864,0.22481800615787506
2865,0.29076939821243286
2866,0.23022915422916412
2867,0.2463328093290329
2868,0.244037464261055
2869,0.23188063502311707
2870,0.212815061211586
2871,0.21672458946704865
2872,0.2166898399591446
2873,0.2519928812980652
2874,0.2519928812980652
2875,0.23812195658683777
2876,0.2828783392906189
2877,0.2828783392906189
2878,0.2539215087890625
2879,0.2610781788825989
2880,0.2610781788825989
2881,0.18521301448345184
2882,0.25466883182525635
2883,0.25466883182525635
2884,0.283443808555603
2885,0.283443808555603
2886,0.2330724447965622
2887,0.2538003921508789
2888,0.2613788843154907
2889,0.27133709192276
2890,0.27133709192276
2891,0.24648647010326385
2892,0.24648647010326385
2893,0.2594531178474426
2894,0.2594531178474426
2895,0.27757108211517334
2896,0.27291131019592285
2897,0.2597084045410156
2898,0.27911698818206787
2899,0.3484436273574829
2900,0.2336658239364624
2901,0.2336658239364624
2902,0.2666078209877014
2903,0.2666078209877014
2904,0.20369872450828552
2905,0.27913808822631836
2906,0.2231713980436325
2907,0.2689061760902405
2908,0.25549501180648804
2909,0.24352480471134186
2910,0.2566247582435608
2911,0.2566247582435608
2912,0.2572100758552551
2913,0.2611290216445923
2914,0.2611290216445923
2915,0.2357281893491745
2916,0.23775030672550201
2917,0.22472546994686127
2918,0.2788136601448059
2919,0.2788136601448059
2920,0.24984200298786163
2921,0.2659074664115906
2922,0.23738570511341095
2923,0.262936532497406
2924,0.26888734102249146
2925,0.26888734102249146
2926,0.29073870182037354
2927,0.2546129822731018
2928,0.26806551218032837
2929,0.26089727878570557
2930,0.23145273327827454
2931,0.23145273327827454
2932,0.2754574120044708
2933,0.26886382699012756
2934,0.2779237627983093
2935,0.2516849637031555
2936,0.23658140003681183
2937,0.2506374418735504
2938,0.2428274005651474
2939,0.2428274005651474
2940,0.21657444536685944
2941,0.24988044798374176
2942,0.24988044798374176
2943,0.24807853996753693
2944,0.24807853996753693
2945,0.27867722511291504
2946,0.2541258931159973
2947,0.2616840600967407
2948,0.2616840600967407
2949,0.2608932852745056
2950,0.2608932852745056
2951,0.2274702936410904
2952,0.27084654569625854
2953,0.2901710271835327
2954,0.2901710271835327
2955,0.2723376154899597
2956,0.2723376154899597
2957,0.23939333856105804
2958,0.23939333856105804
2959,0.23451422154903412
2960,0.23451422154903412
2961,0.255849689245224
2962,0.2666417956352234
2963,0.2454807311296463
2964,0.2454807311296463
2965,0.26730865240097046
2966,0.26094943284988403
2967,0.26094943284988403
2968,0.25230926275253296
2969,0.25230926275253296
2970,0.2427600622177124
2971,0.24227075278759003
2972,0.2638174891471863
2973,0.2768208980560303
2974,0.2112276256084442
2975,0.30230826139450073
2976,0.26658153533935547
2977,0.23389789462089539
2978,0.31531476974487305
2979,0.23678834736347198
2980,0.22062093019485474
2981,0.24046486616134644
2982,0.23571358621120453
2983,0.22296147048473358
2984,0.2559364438056946
2985,0.2627444863319397
2986,0.24585145711898804
2987,0.3018975257873535
2988,0.3117077350616455
2989,0.33946138620376587
2990,0.25215911865234375
2991,0.22108417749404907
2992,0.24801062047481537
2993,0.28875043988227844
2994,0.2910875678062439
2995,0.24906276166439056
2996,0.20680154860019684
2997,0.2575277090072632
2998,0.24325214326381683
2999,0.24113760888576508
3000,0.24122215807437897
3001,0.24122215807437897
3002,0.2604564428329468
3003,0.2604564428329468
3004,0.2837274372577667
3005,0.2902542054653168
3006,0.25607919692993164
3007,0.2397642433643341
3008,0.28011631965637207
3009,0.28011631965637207
3010,0.2106238156557083
3011,0.23367731273174286
3012,0.2351323366165161
3013,0.2957191467285156
3014,0.2276364415884018
3015,0.2738553583621979
3016,0.2738553583621979
3017,0.3110346794128418
3018,0.289641797542572
3019,0.26193898916244507
3020,0.26193898916244507
3021,0.25628912448883057
3022,0.25628912448883057
3023,0.26587873697280884
3024,0.2621041536331177
3025,0.2797918915748596
3026,0.2810191512107849
3027,0.2399757355451584
3028,0.2545464038848877
3029,0.25012722611427307
3030,0.25012722611427307
3031,0.2755887508392334
3032,0.2581580877304077
3033,0.3029034733772278
3034,0.2564985752105713
3035,0.2564985752105713
3036,0.25225210189819336
3037,0.25225210189819336
3038,0.2633568048477173
3039,0.2633568048477173
3040,0.2458648681640625
3041,0.253048300743103
3042,0.253048300743103
3043,0.24999602138996124
3044,0.24999602138996124
3045,0.2502683699131012
3046,0.2502683699131012
3047,0.24988941848278046
3048,0.24988941848278046
3049,0.2532654404640198
3050,0.2532654404640198
3051,0.25906118750572205
3052,0.26087984442710876
3053,0.28992360830307007
3054,0.28992360830307007
3055,0.29657214879989624
3056,0.2175855189561844
3057,0.2432243674993515
3058,0.23531459271907806
3059,0.24030156433582306
3060,0.19528965651988983
3061,0.26075315475463867
3062,0.2966617941856384
3063,0.2966617941856384
3064,0.241433247923851
3065,0.2443452924489975
3066,0.2820920944213867
3067,0.27151405811309814
3068,0.27151405811309814
3069,0.2706011235713959
3070,0.2706011235713959
3071,0.2353239804506302
3072,0.17684394121170044
3073,0.2100771814584732
3074,0.21481947600841522
3075,0.2885729968547821
3076,0.2885729968547821
3077,0.2745518982410431
3078,0.2745518982410431
3079,0.2751591205596924
3080,0.2751591205596924
3081,0.2575396001338959
3082,0.2575396001338959
3083,0.24406568706035614
3084,0.24406568706035614
3085,0.2512781023979187
3086,0.2512781023979187
3087,0.2810913324356079
3088,0.28340762853622437
3089,0.2447420060634613
3090,0.2447420060634613
3091,0.250593364238739
3092,0.250593364238739
3093,0.2374802529811859
3094,0.2374802529811859
3095,0.2835325002670288
3096,0.2835325002670288
3097,0.2874201536178589
3098,0.2874201536178589
3099,0.29761189222335815
3100,0.29761189222335815
3101,0.3111964464187622
3102,0.3111964464187622
3103,0.28935474157333374
3104,0.28935474157333374
3105,0.30419105291366577
3106,0.30419105291366577
3107,0.28725188970565796
3108,0.28725188970565796
3109,0.2660701870918274
3110,0.25316309928894043
3111,0.25316309928894043
3112,0.3514227867126465
3113,0.2509210705757141
3114,0.24860526621341705
3115,0.24860526621341705
3116,0.24068355560302734
3117,0.24068355560302734
3118,0.2568964958190918
3119,0.2568964958190918
3120,0.23175562918186188
3121,0.23175562918186188
3122,0.22599178552627563
3123,0.22599178552627563
3124,0.25707924365997314
3125,0.25707924365997314
3126,0.2538728713989258
3127,0.2538728713989258
3128,0.2933639883995056
3129,0.2659837603569031
3130,0.23513279855251312
3131,0.23513279855251312
3132,0.2432662695646286
3133,0.2432662695646286
3134,0.24064810574054718
3135,0.24064810574054718
3136,0.21442507207393646
3137,0.20771242678165436
3138,0.2602021396160126
3139,0.2602021396160126
3140,0.2613792419433594
3141,0.2613792419433594
3142,0.22605538368225098
3143,0.24553318321704865
3144,0.2843928933143616
3145,0.2843928933143616
3146,0.24271132051944733
3147,0.2590976655483246
3148,0.2590976655483246
3149,0.2767210900783539
3150,0.2767210900783539
3151,0.23768870532512665
3152,0.2597728371620178
3153,0.22003062069416046
3154,0.23821648955345154
3155,0.23821648955345154
3156,0.28171491622924805
3157,0.28171491622924805
3158,0.23566995561122894
3159,0.24934445321559906
3160,0.24934445321559906
3161,0.24088694155216217
3162,0.24088694155216217
3163,0.2315247505903244
3164,0.2315247505903244
3165,0.2638506293296814
3166,0.2638506293296814
3167,0.2646290361881256
3168,0.2578171491622925
3169,0.2578171491622925
3170,0.2883898615837097
3171,0.2883898615837097
3172,0.2729604244232178
3173,0.26896560192108154
3174,0.2871140241622925
3175,0.2416083663702011
3176,0.22349488735198975
3177,0.24641548097133636
3178,0.24715057015419006
3179,0.23268243670463562
3180,0.23268243670463562
3181,0.23745495080947876
3182,0.3468652367591858
3183,0.2646123170852661
3184,0.2646123170852661
3185,0.2652814984321594
3186,0.26259845495224
3187,0.2723771929740906
3188,0.37117666006088257
3189,0.25361937284469604
3190,0.26805222034454346
3191,0.3296215534210205
3192,0.3350651264190674
3193,0.34522026777267456
3194,0.28331458568573
3195,0.28331458568573
3196,0.2809751033782959
3197,0.24652375280857086
3198,0.24652375280857086
3199,0.2779315412044525
3200,0.2584728002548218
3201,0.2584728002548218
3202,0.24626342952251434
3203,0.20977990329265594
3204,0.2629894018173218
3205,0.2629894018173218
3206,0.19784027338027954
3207,0.2606065273284912
3208,0.21368040144443512
3209,0.23091070353984833
3210,0.25315141677856445
3211,0.25315141677856445
3212,0.2643287777900696
3213,0.27506864070892334
3214,0.27540406584739685
3215,0.24760377407073975
3216,0.2709435224533081
3217,0.22826027870178223
3218,0.3034355044364929
3219,0.2546115517616272
3220,0.26571738719940186
3221,0.25846827030181885
3222,0.25040996074676514
3223,0.2546866536140442
3224,0.26619142293930054
3225,0.2715614438056946
3226,0.2715614438056946
3227,0.24784737825393677
3228,0.24784737825393677
3229,0.34155142307281494
3230,0.23163530230522156
3231,0.2787178158760071
3232,0.2738986015319824
3233,0.2738986015319824
3234,0.27593719959259033
3235,0.27593719959259033
3236,0.3025769591331482
3237,0.27490121126174927
3238,0.2792131304740906
3239,0.2792131304740906
3240,0.27626311779022217
3241,0.27626311779022217
3242,0.26384925842285156
3243,0.2216331511735916
3244,0.25508761405944824
3245,0.23468510806560516
3246,0.23468510806560516
3247,0.2591590881347656
3248,0.2591590881347656
3249,0.22671715915203094
3250,0.27264881134033203
3251,0.31951457262039185
3252,0.2541654706001282
3253,0.23809568583965302
3254,0.23809568583965302
3255,0.246207594871521
3256,0.2564816474914551
3257,0.2623859643936157
3258,0.33743518590927124
3259,0.32733649015426636
3260,0.25575941801071167
3261,0.25947871804237366
3262,0.25687175989151
3263,0.2570387125015259
3264,0.23329539597034454
3265,0.23329539597034454
3266,0.222658172249794
3267,0.2374858260154724
3268,0.23773033916950226
3269,0.23773033916950226
3270,0.23281832039356232
3271,0.24623574316501617
3272,0.26695364713668823
3273,0.22508317232131958
3274,0.252067506313324
3275,0.29793184995651245
3276,0.33232128620147705
3277,0.23782627284526825
3278,0.2517108619213104
3279,0.2443131059408188
3280,0.26650476455688477
3281,0.23828156292438507
3282,0.30894291400909424
3283,0.25613003969192505
3284,0.23726175725460052
3285,0.3207889795303345
3286,0.29765599966049194
3287,0.26956677436828613
3288,0.27217674255371094
3289,0.27217674255371094
3290,0.27074021100997925
3291,0.27074021100997925
3292,0.2205977588891983
3293,0.2553635835647583
3294,0.2553635835647583
3295,0.2244044691324234
3296,0.2244044691324234
3297,0.25849974155426025
3298,0.25849974155426025
3299,0.23490464687347412
3300,0.23501808941364288
3301,0.23501808941364288
3302,0.32505685091018677
3303,0.3226888179779053
3304,0.3173549175262451
3305,0.2677605152130127
3306,0.264738529920578
3307,0.2556498050689697
3308,0.28733891248703003
3309,0.2506502866744995
3310,0.26681482791900635
3311,0.2666541039943695
3312,0.2969525456428528
3313,0.20679838955402374
3314,0.20679838955402374
3315,0.28951749205589294
3316,0.23520275950431824
3317,0.2537044286727905
3318,0.23643700778484344
3319,0.2502126693725586
3320,0.25312668085098267
3321,0.25312668085098267
3322,0.23050424456596375
3323,0.23682282865047455
3324,0.24828515946865082
3325,0.2397966831922531
3326,0.2397966831922531
3327,0.3104889392852783
3328,0.25072914361953735
3329,0.26776090264320374
3330,0.2989964485168457
3331,0.23027803003787994
3332,0.2344140261411667
3333,0.2344140261411667
3334,0.20661546289920807
3335,0.27567651867866516
3336,0.27567651867866516
3337,0.283947616815567
3338,0.27522602677345276
3339,0.3119133710861206
3340,0.25109195709228516
3341,0.23791830241680145
3342,0.22526554763317108
3343,0.2870520353317261
3344,0.22006328403949738
3345,0.23399581015110016
3346,0.23958951234817505
3347,0.26640641689300537
3348,0.25342291593551636
3349,0.29762929677963257
3350,0.2721656560897827
3351,0.24294768273830414
3352,0.24301914870738983
3353,0.25353461503982544
3354,0.2209387868642807
3355,0.25617313385009766
3356,0.24200846254825592
3357,0.2878507375717163
3358,0.22118861973285675
3359,0.2557526230812073
3360,0.29125916957855225
3361,0.30610620975494385
3362,0.19562269747257233
3363,0.24260257184505463
3364,0.23562856018543243
3365,0.2534779906272888
3366,0.22961576282978058
3367,0.2489709109067917
3368,0.28736650943756104
3369,0.28736650943756104
3370,0.2925763726234436
3371,0.2925763726234436
3372,0.26560449600219727
3373,0.26560449600219727
3374,0.24518223106861115
3375,0.27356579899787903
3376,0.27356579899787903
3377,0.27772536873817444
3378,0.24938015639781952
3379,0.26586759090423584
3380,0.26586759090423584
3381,0.2634671628475189
3382,0.2608187198638916
3383,0.26496046781539917
3384,0.2560461759567261
3385,0.25843143463134766
3386,0.23376820981502533
3387,0.22313694655895233
3388,0.22313694655895233
3389,0.3015141487121582
3390,0.24439938366413116
3391,0.24439938366413116
3392,0.2313050478696823
3393,0.23148421943187714
3394,0.19167251884937286
3395,0.19167251884937286
3396,0.22133125364780426
3397,0.22133125364780426
3398,0.24069125950336456
3399,0.24069125950336456
3400,0.23100443184375763
3401,0.23100443184375763
3402,0.17512987554073334
3403,0.23418347537517548
3404,0.2142416089773178
3405,0.2142416089773178
3406,0.2356095016002655
3407,0.2356095016002655
3408,0.22304613888263702
3409,0.23956696689128876
3410,0.23956696689128876
3411,0.23111630976200104
3412,0.23111630976200104
3413,0.22155310213565826
3414,0.2021925151348114
3415,0.23958036303520203
3416,0.18958060443401337
3417,0.22947540879249573
3418,0.23649252951145172
3419,0.23649252951145172
3420,0.22697298228740692
3421,0.22697298228740692
3422,0.23297305405139923
3423,0.23297305405139923
3424,0.2322942614555359
3425,0.22428511083126068
3426,0.21764995157718658
3427,0.21764995157718658
3428,0.19105537235736847
3429,0.19105537235736847
3430,0.19520555436611176
3431,0.22218908369541168
3432,0.21291784942150116
3433,0.20214785635471344
3434,0.23463915288448334
3435,0.22405071556568146
3436,0.2270108014345169
3437,0.19399480521678925
3438,0.23990370333194733
3439,0.2288597673177719
3440,0.22681890428066254
3441,0.20909178256988525
3442,0.2665044069290161
3443,0.2507787346839905
3444,0.2424868792295456
3445,0.24197344481945038
3446,0.2567415237426758
3447,0.21279962360858917
3448,0.25017213821411133
3449,0.26811784505844116
3450,0.26811784505844116
3451,0.23053203523159027
3452,0.26744383573532104
3453,0.26744383573532104
3454,0.23228208720684052
3455,0.24401457607746124
3456,0.2171695977449417
3457,0.21509741246700287
3458,0.20826582610607147
3459,0.20826582610607147
3460,0.21622581779956818
3461,0.24846096336841583
3462,0.24279484152793884
3463,0.24169301986694336
3464,0.1752188503742218
3465,0.2311278134584427
3466,0.2501037120819092
3467,0.2501037120819092
3468,0.25172823667526245
3469,0.24662038683891296
3470,0.24662038683891296
3471,0.23497937619686127
3472,0.23025481402873993
3473,0.2583867311477661
3474,0.2534434497356415
3475,0.28316742181777954
3476,0.25130587816238403
3477,0.2494897097349167
3478,0.1874496191740036
3479,0.2358514815568924
3480,0.25203245878219604
3481,0.25203245878219604
3482,0.2480609118938446
3483,0.24785493314266205
3484,0.2582090497016907
3485,0.28206804394721985
3486,0.26438581943511963
3487,0.25214672088623047
3488,0.23631836473941803
3489,0.22680361568927765
3490,0.24248622357845306
3491,0.23072071373462677
3492,0.2629806399345398
3493,0.2364995777606964
3494,0.20064839720726013
3495,0.20064839720726013
3496,0.2528095841407776
3497,0.2528095841407776
3498,0.195800319314003
3499,0.26524704694747925
3500,0.26524704694747925
3501,0.2320869415998459
3502,0.24682696163654327
3503,0.254560649394989
3504,0.254560649394989
3505,0.25617748498916626
3506,0.20716901123523712
3507,0.20716901123523712
3508,0.23551271855831146
3509,0.23537765443325043
3510,0.2521679401397705
3511,0.2521679401397705
3512,0.2338683158159256
3513,0.2338683158159256
3514,0.19876842200756073
3515,0.19876842200756073
3516,0.16950179636478424
3517,0.17546796798706055
3518,0.17918555438518524
3519,0.17881079018115997
3520,0.25324690341949463
3521,0.25324690341949463
3522,0.23461122810840607
3523,0.2465769201517105
3524,0.2465769201517105
3525,0.22021685540676117
3526,0.22912198305130005
3527,0.2507936358451843
3528,0.2507936358451843
3529,0.24678660929203033
3530,0.2209082394838333
3531,0.2209082394838333
3532,0.23231065273284912
3533,0.19368405640125275
3534,0.14387854933738708
3535,0.27021676301956177
3536,0.21609540283679962
3537,0.16913191974163055
3538,0.24002839624881744
3539,0.26841723918914795
3540,0.26841723918914795
3541,0.22566284239292145
3542,0.22566284239292145
3543,0.25512319803237915
3544,0.31428539752960205
3545,0.2593315839767456
3546,0.23811228573322296
3547,0.25754663348197937
3548,0.2570205330848694
3549,0.2494252324104309
3550,0.24269764125347137
3551,0.24269764125347137
3552,0.22866378724575043
3553,0.25020208954811096
3554,0.24689999222755432
3555,0.24319301545619965
3556,0.24319301545619965
3557,0.22158899903297424
3558,0.22158899903297424
3559,0.23997800052165985
3560,0.23997800052165985
3561,0.26598799228668213
3562,0.26598799228668213
3563,0.20729590952396393
3564,0.23605071008205414
3565,0.23605071008205414
3566,0.24703218042850494
3567,0.24703218042850494
3568,0.2710916996002197
3569,0.25185495615005493
3570,0.25185495615005493
3571,0.2059878259897232
3572,0.253703773021698
3573,0.1889219433069229
3574,0.1889219433069229
3575,0.2419724315404892
3576,0.21942724287509918
3577,0.23542746901512146
3578,0.16746403276920319
3579,0.240343376994133
3580,0.240343376994133
3581,0.27368348836898804
3582,0.18831510841846466
3583,0.2790801525115967
3584,0.24058762192726135
3585,0.24058762192726135
3586,0.2528083920478821
3587,0.23202891647815704
3588,0.22901885211467743
3589,0.2687503695487976
3590,0.19918616116046906
3591,0.19918616116046906
3592,0.16975118219852448
3593,0.2521214485168457
3594,0.24467311799526215
3595,0.25413334369659424
3596,0.25131046772003174
3597,0.2695622444152832
3598,0.2695622444152832
3599,0.22032080590724945
3600,0.2516580820083618
3601,0.22529374063014984
3602,0.278919517993927
3603,0.23039492964744568
3604,0.24842976033687592
3605,0.24668367207050323
3606,0.22796885669231415
3607,0.24166814982891083
3608,0.24166814982891083
3609,0.1713683009147644
3610,0.2335483580827713
3611,0.24160631000995636
3612,0.274323046207428
3613,0.20293699204921722
3614,0.252534419298172
3615,0.2341850847005844
3616,0.20317545533180237
3617,0.2462284117937088
3618,0.26045575737953186
3619,0.26045575737953186
3620,0.1937635987997055
3621,0.2503494620323181
3622,0.2503494620323181
3623,0.2455812692642212
3624,0.2135775238275528
3625,0.2135775238275528
3626,0.251969575881958
3627,0.2370002120733261
3628,0.2370002120733261
3629,0.26394015550613403
3630,0.24531082808971405
3631,0.24531082808971405
3632,0.2558552026748657
3633,0.2640249729156494
3634,0.2640249729156494
3635,0.2232055813074112
3636,0.2572115659713745
3637,0.2572115659713745
3638,0.25179219245910645
3639,0.25179219245910645
3640,0.21722373366355896
3641,0.21722373366355896
3642,0.2551879286766052
3643,0.2551879286766052
3644,0.24923966825008392
3645,0.24923966825008392
3646,0.24474959075450897
3647,0.24474959075450897
3648,0.24759013950824738
3649,0.24759013950824738
3650,0.21894872188568115
3651,0.21894872188568115
3652,0.2368714064359665
3653,0.2368714064359665
3654,0.2119690626859665
3655,0.2119690626859665
3656,0.2619181275367737
3657,0.2619181275367737
3658,0.2556590437889099
3659,0.2556590437889099
3660,0.23167665302753448
3661,0.23167665302753448
3662,0.2574882507324219
3663,0.2574882507324219
3664,0.24967844784259796
3665,0.24967844784259796
3666,0.20842541754245758
3667,0.2666444480419159
3668,0.2469095140695572
3669,0.2469095140695572
3670,0.26818495988845825
3671,0.2685895562171936
3672,0.2690587341785431
3673,0.25888389348983765
3674,0.25888389348983765
3675,0.2585005760192871
3676,0.2585005760192871
3677,0.2489984780550003
3678,0.26094648241996765
3679,0.26094648241996765
3680,0.25242799520492554
3681,0.25242799520492554
3682,0.20501400530338287
3683,0.20501400530338287
3684,0.24620714783668518
3685,0.24620714783668518
3686,0.2780453860759735
3687,0.2780453860759735
3688,0.22484363615512848
3689,0.2215796560049057
3690,0.21169830858707428
3691,0.25738459825515747
3692,0.25738459825515747
3693,0.24117998778820038
3694,0.24117998778820038
3695,0.2608164846897125
3696,0.2504362463951111
3697,0.2504362463951111
3698,0.2498282939195633
3699,0.2630468010902405
3700,0.2630468010902405
3701,0.2194744050502777
3702,0.2194744050502777
3703,0.25225967168807983
3704,0.25225967168807983
3705,0.23208743333816528
3706,0.25189775228500366
3707,0.25189775228500366
3708,0.2734684944152832
3709,0.2500753104686737
3710,0.19172029197216034
3711,0.24175412952899933
3712,0.2632649540901184
3713,0.22399501502513885
3714,0.26948362588882446
3715,0.23117695748806
3716,0.23596177995204926
3717,0.24676406383514404
3718,0.22928781807422638
3719,0.2610761523246765
3720,0.22855305671691895
3721,0.2289871722459793
3722,0.23485319316387177
3723,0.23485319316387177
3724,0.2327704131603241
3725,0.2543073892593384
3726,0.2543073892593384
3727,0.24511529505252838
3728,0.27887359261512756
3729,0.27887359261512756
3730,0.16852492094039917
3731,0.21657755970954895
3732,0.21657755970954895
3733,0.2958628535270691
3734,0.2958628535270691
3735,0.251667320728302
3736,0.24897752702236176
3737,0.24524758756160736
3738,0.24867010116577148
3739,0.24867010116577148
3740,0.25120991468429565
3741,0.25120991468429565
3742,0.23024584352970123
3743,0.23024584352970123
3744,0.22791357338428497
3745,0.23161794245243073
3746,0.24859988689422607
3747,0.25109750032424927
3748,0.3246117830276489
3749,0.2550894618034363
3750,0.2550894618034363
3751,0.26010292768478394
3752,0.26010292768478394
3753,0.25384214520454407
3754,0.23117904365062714
3755,0.22581134736537933
3756,0.2486337572336197
3757,0.22605668008327484
3758,0.24069570004940033
3759,0.2698778510093689
3760,0.2698778510093689
3761,0.20544758439064026
3762,0.2618844509124756
3763,0.2618844509124756
3764,0.20905040204524994
3765,0.23192639648914337
3766,0.24662186205387115
3767,0.2430976927280426
3768,0.2430976927280426
3769,0.25070393085479736
3770,0.27489495277404785
3771,0.21812157332897186
3772,0.23843654990196228
3773,0.23728521168231964
3774,0.23728521168231964
3775,0.2665679454803467
3776,0.2574063837528229
3777,0.2630748748779297
3778,0.20677556097507477
3779,0.22825294733047485
3780,0.22825294733047485
3781,0.23575900495052338
3782,0.26018068194389343
3783,0.27204111218452454
3784,0.2726042866706848
3785,0.23006130754947662
3786,0.2455713301897049
3787,0.2503821849822998
3788,0.2503821849822998
3789,0.17443962395191193
3790,0.24193139374256134
3791,0.24193139374256134
3792,0.2585219144821167
3793,0.2585219144821167
3794,0.2411055564880371
3795,0.23423214256763458
3796,0.2611212134361267
3797,0.2611212134361267
3798,0.2527638077735901
3799,0.2527638077735901
3800,0.19119893014431
3801,0.2570362091064453
3802,0.25926291942596436
3803,0.25926291942596436
3804,0.2394779771566391
3805,0.2394779771566391
3806,0.23458464443683624
3807,0.23458464443683624
3808,0.23780184984207153
3809,0.23780184984207153
3810,0.22072851657867432
3811,0.22825773060321808
3812,0.2152833193540573
3813,0.2152833193540573
3814,0.2448260337114334
3815,0.23552025854587555
3816,0.23552025854587555
3817,0.2323070913553238
3818,0.2323070913553238
3819,0.23551571369171143
3820,0.23550556600093842
3821,0.24974848330020905
3822,0.27013564109802246
3823,0.18195970356464386
3824,0.24169029295444489
3825,0.24197985231876373
3826,0.20861361920833588
3827,0.27915287017822266
3828,0.23131409287452698
3829,0.23058326542377472
3830,0.21906228363513947
3831,0.2247260957956314
3832,0.24009649455547333
3833,0.24631477892398834
3834,0.2503523826599121
3835,0.23233316838741302
3836,0.2604401707649231
3837,0.26966142654418945
3838,0.3042448163032532
3839,0.23811830580234528
3840,0.2203700691461563
3841,0.23614351451396942
3842,0.3082244396209717
3843,0.24625368416309357
3844,0.2317754030227661
3845,0.19787101447582245
3846,0.2465370148420334
3847,0.23896309733390808
3848,0.2382054328918457
3849,0.21589769423007965
3850,0.21589769423007965
3851,0.24623343348503113
3852,0.24623343348503113
3853,0.2562411427497864
3854,0.24684885144233704
3855,0.2689957022666931
3856,0.2680523991584778
3857,0.2582967281341553
3858,0.2582967281341553
3859,0.1941816359758377
3860,0.21054480969905853
3861,0.2543359398841858
3862,0.23806528747081757
3863,0.22485210001468658
3864,0.24657748639583588
3865,0.24657748639583588
3866,0.24645479023456573
3867,0.24924339354038239
3868,0.25492948293685913
3869,0.25492948293685913
3870,0.25183185935020447
3871,0.25183185935020447
3872,0.26317358016967773
3873,0.25795185565948486
3874,0.23519761860370636
3875,0.26069173216819763
3876,0.24332360923290253
3877,0.2454582005739212
3878,0.24912619590759277
3879,0.24912619590759277
3880,0.23942258954048157
3881,0.2446143478155136
3882,0.25261542201042175
3883,0.24481630325317383
3884,0.24481630325317383
3885,0.23525410890579224
3886,0.23525410890579224
3887,0.2363729625940323
3888,0.2363729625940323
3889,0.2378777265548706
3890,0.23389707505702972
3891,0.23389707505702972
3892,0.23405863344669342
3893,0.23405863344669342
3894,0.2337452471256256
3895,0.2337452471256256
3896,0.23089925944805145
3897,0.23089925944805145
3898,0.2454635351896286
3899,0.2454635351896286
3900,0.2584511637687683
3901,0.2634117603302002
3902,0.2541919946670532
3903,0.2541919946670532
3904,0.2765756845474243
3905,0.1922341287136078
3906,0.2355376034975052
3907,0.2214258313179016
3908,0.23480111360549927
3909,0.19166405498981476
3910,0.2308017462491989
3911,0.26070287823677063
3912,0.26070287823677063
3913,0.23530392348766327
3914,0.23540379106998444
3915,0.2458101361989975
3916,0.2373298555612564
3917,0.2373298555612564
3918,0.278100848197937
3919,0.278100848197937
3920,0.19778601825237274
3921,0.14401252567768097
3922,0.18275213241577148
3923,0.1838410645723343
3924,0.2417735606431961
3925,0.2417735606431961
3926,0.2449108213186264
3927,0.2449108213186264
3928,0.2493714839220047
3929,0.2493714839220047
3930,0.261061429977417
3931,0.261061429977417
3932,0.23194414377212524
3933,0.23194414377212524
3934,0.24773697555065155
3935,0.24773697555065155
3936,0.24423110485076904
3937,0.24504201114177704
3938,0.2074834406375885
3939,0.2074834406375885
3940,0.21619023382663727
3941,0.21619023382663727
3942,0.21954628825187683
3943,0.21954628825187683
3944,0.25395673513412476
3945,0.25395673513412476
3946,0.26831039786338806
3947,0.26831039786338806
3948,0.2691209316253662
3949,0.2691209316253662
3950,0.2677718997001648
3951,0.2677718997001648
3952,0.2622295022010803
3953,0.2622295022010803
3954,0.27202439308166504
3955,0.27202439308166504
3956,0.2518409788608551
3957,0.2518409788608551
3958,0.25441837310791016
3959,0.24530941247940063
3960,0.24530941247940063
3961,0.33033692836761475
3962,0.25559675693511963
3963,0.2541849613189697
3964,0.2541849613189697
3965,0.24485407769680023
3966,0.24485407769680023
3967,0.2437104433774948
3968,0.2437104433774948
3969,0.25336194038391113
3970,0.25336194038391113
3971,0.24677541851997375
3972,0.24677541851997375
3973,0.27938079833984375
3974,0.27938079833984375
3975,0.24347388744354248
3976,0.24347388744354248
3977,0.2544851005077362
3978,0.24587523937225342
3979,0.2249167263507843
3980,0.2249167263507843
3981,0.24237152934074402
3982,0.24237152934074402
3983,0.2351391464471817
3984,0.2351391464471817
3985,0.18031339347362518
3986,0.17467382550239563
3987,0.2079228013753891
3988,0.2079228013753891
3989,0.27721190452575684
3990,0.27721190452575684
3991,0.2143459916114807
3992,0.2355172485113144
3993,0.2430010885000229
3994,0.2430010885000229
3995,0.23768708109855652
3996,0.23946957290172577
3997,0.23946957290172577
3998,0.2351880818605423
3999,0.2351880818605423
4000,0.20634154975414276
4001,0.22741945087909698
4002,0.2544911205768585
4003,0.2510789930820465
4004,0.2510789930820465
4005,0.28302180767059326
4006,0.28302180767059326
4007,0.24717290699481964
4008,0.24319912493228912
4009,0.24319912493228912
4010,0.24753358960151672
4011,0.24753358960151672
4012,0.25024348497390747
4013,0.25024348497390747
4014,0.23120053112506866
4015,0.23120053112506866
4016,0.23509852588176727
4017,0.25693780183792114
4018,0.25693780183792114
4019,0.24553699791431427
4020,0.24553699791431427
4021,0.27264344692230225
4022,0.26960790157318115
4023,0.25149065256118774
4024,0.23087789118289948
4025,0.22592195868492126
4026,0.24294279515743256
4027,0.2358541339635849
4028,0.23777660727500916
4029,0.23777660727500916
4030,0.25220412015914917
4031,0.3217129707336426
4032,0.23784196376800537
4033,0.23784196376800537
4034,0.25620037317276
4035,0.23615984618663788
4036,0.2356329709291458
4037,0.3727363348007202
4038,0.23534329235553741
4039,0.23419950902462006
4040,0.28506454825401306
4041,0.2933814525604248
4042,0.3183749318122864
4043,0.24388955533504486
4044,0.24388955533504486
4045,0.2629031240940094
4046,0.2688712179660797
4047,0.2688712179660797
4048,0.24821703135967255
4049,0.24603009223937988
4050,0.24603009223937988
4051,0.23575393855571747
4052,0.23110578954219818
4053,0.2227628529071808
4054,0.2227628529071808
4055,0.16944760084152222
4056,0.24120497703552246
4057,0.20893742144107819
4058,0.22394005954265594
4059,0.26617923378944397
4060,0.26617923378944397
4061,0.205021470785141
4062,0.24932876229286194
4063,0.25152409076690674
4064,0.24035580456256866
4065,0.26221132278442383
4066,0.2761647701263428
4067,0.24264539778232574
4068,0.2517443299293518
4069,0.2658426761627197
4070,0.2601628303527832
4071,0.2369810789823532
4072,0.24618951976299286
4073,0.2100527286529541
4074,0.2436607927083969
4075,0.2436607927083969
4076,0.24193936586380005
4077,0.24193936586380005
4078,0.30952274799346924
4079,0.19662609696388245
4080,0.2641565799713135
4081,0.23817168176174164
4082,0.23817168176174164
4083,0.25085628032684326
4084,0.25085628032684326
4085,0.2529205083847046
4086,0.251314640045166
4087,0.2442745417356491
4088,0.2442745417356491
4089,0.24979765713214874
4090,0.24979765713214874
4091,0.23265956342220306
4092,0.2266777902841568
4093,0.23007728159427643
4094,0.229287251830101
4095,0.229287251830101
4096,0.2358378916978836
4097,0.2358378916978836
4098,0.19055449962615967
4099,0.25107112526893616
4100,0.2730199694633484
4101,0.23976758122444153
4102,0.2399333268404007
4103,0.2399333268404007
4104,0.25290071964263916
4105,0.24367325007915497
4106,0.22285504639148712
4107,0.29880380630493164
4108,0.2815552353858948
4109,0.24065779149532318
4110,0.2589854598045349
4111,0.23391366004943848
4112,0.26165419816970825
4113,0.25138649344444275
4114,0.25138649344444275
4115,0.22362637519836426
4116,0.2393071949481964
4117,0.2381509691476822
4118,0.2381509691476822
4119,0.233255997300148
4120,0.2530333995819092
4121,0.30247586965560913
4122,0.21327722072601318
4123,0.2083815336227417
4124,0.23532073199748993
4125,0.28868335485458374
4126,0.2351626604795456
4127,0.23902812600135803
4128,0.2492142915725708
4129,0.240925595164299
4130,0.22239567339420319
4131,0.2606411576271057
4132,0.24164311587810516
4133,0.20856840908527374
4134,0.274350643157959
4135,0.24318435788154602
4136,0.21261756122112274
4137,0.25234556198120117
4138,0.25234556198120117
4139,0.24243445694446564
4140,0.24243445694446564
4141,0.208799347281456
4142,0.25970458984375
4143,0.25970458984375
4144,0.2616851031780243
4145,0.2616851031780243
4146,0.27210021018981934
4147,0.27210021018981934
4148,0.23425769805908203
4149,0.2303396314382553
4150,0.2303396314382553
4151,0.2783780097961426
4152,0.2761228382587433
4153,0.2694171667098999
4154,0.24389736354351044
4155,0.2736693024635315
4156,0.2240666151046753
4157,0.25250405073165894
4158,0.2406335473060608
4159,0.27660924196243286
4160,0.27550405263900757
4161,0.29833167791366577
4162,0.18936938047409058
4163,0.18936938047409058
4164,0.24536865949630737
4165,0.228364959359169
4166,0.2275046855211258
4167,0.21802444756031036
4168,0.26109111309051514
4169,0.2786692678928375
4170,0.2786692678928375
4171,0.19469590485095978
4172,0.23062105476856232
4173,0.2406511753797531
4174,0.2574719786643982
4175,0.2574719786643982
4176,0.2709376811981201
4177,0.2591797113418579
4178,0.2706070840358734
4179,0.25913405418395996
4180,0.23508945107460022
4181,0.24193061888217926
4182,0.24193061888217926
4183,0.20531488955020905
4184,0.23351813852787018
4185,0.23351813852787018
4186,0.24575766921043396
4187,0.25038301944732666
4188,0.25877755880355835
4189,0.24212594330310822
4190,0.22173845767974854
4191,0.255099356174469
4192,0.2399606853723526
4193,0.1892836093902588
4194,0.22252605855464935
4195,0.21849723160266876
4196,0.2423766702413559
4197,0.26265519857406616
4198,0.2928900718688965
4199,0.2924584150314331
4200,0.2594033479690552
4201,0.26008498668670654
4202,0.24407710134983063
4203,0.20057792961597443
4204,0.26848024129867554
4205,0.2316252887248993
4206,0.30413877964019775
4207,0.21653929352760315
4208,0.21084578335285187
4209,0.2622827887535095
4210,0.28401756286621094
4211,0.2125108689069748
4212,0.20433978736400604
4213,0.22282850742340088
4214,0.25803643465042114
4215,0.22881026566028595
4216,0.236644446849823
4217,0.2519862651824951
4218,0.2519862651824951
4219,0.24918149411678314
4220,0.24918149411678314
4221,0.2191593199968338
4222,0.2191593199968338
4223,0.24494101107120514
4224,0.23549668490886688
4225,0.23549668490886688
4226,0.26127851009368896
4227,0.21899648010730743
4228,0.2214784324169159
4229,0.2214784324169159
4230,0.25438621640205383
4231,0.2504901885986328
4232,0.23175762593746185
4233,0.24187952280044556
4234,0.23838075995445251
4235,0.2455628663301468
4236,0.2359035760164261
4237,0.2359035760164261
4238,0.2507140636444092
4239,0.24294763803482056
4240,0.24294763803482056
4241,0.25146156549453735
4242,0.25120705366134644
4243,0.17775274813175201
4244,0.17775274813175201
4245,0.24580922722816467
4246,0.24580922722816467
4247,0.260512113571167
4248,0.260512113571167
4249,0.24696244299411774
4250,0.24696244299411774
4251,0.19038109481334686
4252,0.25797760486602783
4253,0.24260878562927246
4254,0.24260878562927246
4255,0.2526675760746002
4256,0.2526675760746002
4257,0.24370093643665314
4258,0.25303915143013
4259,0.25303915143013
4260,0.2490021288394928
4261,0.2490021288394928
4262,0.24016061425209045
4263,0.22971323132514954
4264,0.2538232207298279
4265,0.2040514051914215
4266,0.24803252518177032
4267,0.2503206133842468
4268,0.2503206133842468
4269,0.2497180849313736
4270,0.2497180849313736
4271,0.24952207505702972
4272,0.24952207505702972
4273,0.24436764419078827
4274,0.24079236388206482
4275,0.23141086101531982
4276,0.23141086101531982
4277,0.2161651998758316
4278,0.2161651998758316
4279,0.22259540855884552
4280,0.2417893260717392
4281,0.22459127008914948
4282,0.21191802620887756
4283,0.24321670830249786
4284,0.24263860285282135
4285,0.24460409581661224
4286,0.2077006846666336
4287,0.2565774917602539
4288,0.23826469480991364
4289,0.23389436304569244
4290,0.2189587503671646
4291,0.28338927030563354
4292,0.2628477215766907
4293,0.2679140567779541
4294,0.26795148849487305
4295,0.28766053915023804
4296,0.22363261878490448
4297,0.2640732526779175
4298,0.2952655553817749
4299,0.2952655553817749
4300,0.2432379573583603
4301,0.2777373790740967
4302,0.2777373790740967
4303,0.2437424212694168
4304,0.25466352701187134
4305,0.23498766124248505
4306,0.2221689224243164
4307,0.23117458820343018
4308,0.23117458820343018
4309,0.2383832335472107
4310,0.2653281092643738
4311,0.26006224751472473
4312,0.25597476959228516
4313,0.20385517179965973
4314,0.2527102828025818
4315,0.2582389712333679
4316,0.2582389712333679
4317,0.27478986978530884
4318,0.2697410583496094
4319,0.2697410583496094
4320,0.25971293449401855
4321,0.23983164131641388
4322,0.2758573889732361
4323,0.264309823513031
4324,0.29867231845855713
4325,0.2641543745994568
4326,0.2651469111442566
4327,0.20353145897388458
4328,0.24772407114505768
4329,0.2627114951610565
4330,0.2627114951610565
4331,0.25602295994758606
4332,0.2615106701850891
4333,0.26924508810043335
4334,0.292446494102478
4335,0.28209877014160156
4336,0.2700852155685425
4337,0.243582621216774
4338,0.24782197177410126
4339,0.256746768951416
4340,0.2549765706062317
4341,0.2822304964065552
4342,0.2497396320104599
4343,0.2259947508573532
4344,0.2259947508573532
4345,0.25874125957489014
4346,0.25874125957489014
4347,0.2098277062177658
4348,0.2683982253074646
4349,0.2683982253074646
4350,0.2502592206001282
4351,0.25933724641799927
4352,0.2791658639907837
4353,0.2791658639907837
4354,0.27742499113082886
4355,0.23031458258628845
4356,0.23031458258628845
4357,0.24434567987918854
4358,0.2459089607000351
4359,0.2629052996635437
4360,0.2629052996635437
4361,0.24948906898498535
4362,0.24948906898498535
4363,0.21671772003173828
4364,0.21671772003173828
4365,0.1851377934217453
4366,0.1944551020860672
4367,0.19726471602916718
4368,0.19323326647281647
4369,0.2762802839279175
4370,0.2762802839279175
4371,0.24190770089626312
4372,0.2607308030128479
4373,0.2607308030128479
4374,0.23184596002101898
4375,0.2387285679578781
4376,0.26205289363861084
4377,0.26205289363861084
4378,0.26718705892562866
4379,0.23617486655712128
4380,0.23617486655712128
4381,0.24720807373523712
4382,0.21051029860973358
4383,0.1585119664669037
4384,0.2859368622303009
4385,0.22943226993083954
4386,0.1802879124879837
4387,0.24726277589797974
4388,0.29085689783096313
4389,0.29085689783096313
4390,0.2424517720937729
4391,0.2424517720937729
4392,0.2780213952064514
4393,0.3153730034828186
4394,0.2647784650325775
4395,0.2444472461938858
4396,0.273365318775177
4397,0.27327197790145874
4398,0.254923939704895
4399,0.2525322437286377
4400,0.2525322437286377
4401,0.2328464239835739
4402,0.260566771030426
4403,0.2618796229362488
4404,0.2649878263473511
4405,0.2649878263473511
4406,0.23625217378139496
4407,0.23625217378139496
4408,0.2532814145088196
4409,0.2532814145088196
4410,0.28320837020874023
4411,0.28320837020874023
4412,0.22312115132808685
4413,0.2593780755996704
4414,0.2593780755996704
4415,0.2709946036338806
4416,0.2709946036338806
4417,0.2919372320175171
4418,0.25796157121658325
4419,0.25796157121658325
4420,0.22142308950424194
4421,0.2646171450614929
4422,0.20964470505714417
4423,0.20964470505714417
4424,0.24712267518043518
4425,0.22394533455371857
4426,0.24284245073795319
4427,0.19853247702121735
4428,0.2587134838104248
4429,0.2587134838104248
4430,0.2975925803184509
4431,0.2120201140642166
4432,0.2875886559486389
4433,0.26370084285736084
4434,0.26370084285736084
4435,0.2654794454574585
4436,0.23866821825504303
4437,0.24040119349956512
4438,0.28129640221595764
4439,0.2188437134027481
4440,0.2188437134027481
4441,0.18460144102573395
4442,0.26447993516921997
4443,0.28221356868743896
4444,0.2627149820327759
4445,0.2636302709579468
4446,0.28076398372650146
4447,0.28076398372650146
4448,0.23400668799877167
4449,0.26334086060523987
4450,0.2440849393606186
4451,0.28300952911376953
4452,0.24601249396800995
4453,0.25943052768707275
4454,0.26700109243392944
4455,0.24076588451862335
4456,0.25629669427871704
4457,0.25629669427871704
4458,0.19418998062610626
4459,0.2368173450231552
4460,0.25403863191604614
4461,0.2817118167877197
4462,0.2237241119146347
4463,0.2636643350124359
4464,0.2516498565673828
4465,0.2151571363210678
4466,0.25687646865844727
4467,0.27991241216659546
4468,0.27991241216659546
4469,0.21471944451332092
4470,0.26083511114120483
4471,0.26083511114120483
4472,0.2611595094203949
4473,0.22553454339504242
4474,0.22553454339504242
4475,0.25568079948425293
4476,0.2567012906074524
4477,0.2567012906074524
4478,0.2830999493598938
4479,0.2640332579612732
4480,0.2640332579612732
4481,0.26633667945861816
4482,0.2731471061706543
4483,0.2731471061706543
4484,0.23827201128005981
4485,0.2738139033317566
4486,0.2738139033317566
4487,0.27269214391708374
4488,0.27269214391708374
4489,0.23863984644412994
4490,0.23863984644412994
4491,0.26068609952926636
4492,0.26068609952926636
4493,0.26170995831489563
4494,0.26170995831489563
4495,0.2576003670692444
4496,0.2576003670692444
4497,0.2598955035209656
4498,0.2598955035209656
4499,0.23992414772510529
4500,0.23992414772510529
4501,0.24783150851726532
4502,0.24783150851726532
4503,0.23469921946525574
4504,0.23469921946525574
4505,0.27514487504959106
4506,0.27514487504959106
4507,0.26473069190979004
4508,0.26473069190979004
4509,0.25422629714012146
4510,0.25422629714012146
4511,0.2758093476295471
4512,0.2758093476295471
4513,0.27478092908859253
4514,0.27478092908859253
4515,0.23077867925167084
4516,0.2765260934829712
4517,0.26413601636886597
4518,0.26413601636886597
4519,0.27520471811294556
4520,0.2737364172935486
4521,0.2731626033782959
4522,0.2640734314918518
4523,0.2640734314918518
4524,0.26755815744400024
4525,0.26755815744400024
4526,0.256770521402359
4527,0.27086174488067627
4528,0.27086174488067627
4529,0.26545625925064087
4530,0.26545625925064087
4531,0.22679279744625092
4532,0.22679279744625092
4533,0.26143068075180054
4534,0.26143068075180054
4535,0.2894071340560913
4536,0.2894071340560913
4537,0.24155372381210327
4538,0.2224370241165161
4539,0.2204168140888214
4540,0.2623502314090729
4541,0.2623502314090729
4542,0.2569432258605957
4543,0.2569432258605957
4544,0.2802947163581848
4545,0.25622063875198364
4546,0.25622063875198364
4547,0.26301270723342896
4548,0.27327555418014526
4549,0.27327555418014526
4550,0.24243922531604767
4551,0.24243922531604767
4552,0.26934951543807983
4553,0.26934951543807983
4554,0.24245475232601166
4555,0.27246934175491333
4556,0.27246934175491333
4557,0.2889021337032318
4558,0.2656688690185547
4559,0.2140807956457138
4560,0.24983958899974823
4561,0.2771769165992737
4562,0.24398888647556305
4563,0.2870194911956787
4564,0.24057121574878693
4565,0.2557219862937927
4566,0.26425856351852417
4567,0.23856566846370697
4568,0.2782183587551117
4569,0.24711476266384125
4570,0.24715347588062286
4571,0.2519826889038086
4572,0.2519826889038086
4573,0.2575545012950897
4574,0.2623070478439331
4575,0.2623070478439331
4576,0.2641679048538208
4577,0.3055574893951416
4578,0.3055574893951416
4579,0.19201558828353882
4580,0.2351098507642746
4581,0.2351098507642746
4582,0.3140983581542969
4583,0.3140983581542969
4584,0.2703063488006592
4585,0.25867897272109985
4586,0.2595462203025818
4587,0.2559366226196289
4588,0.2559366226196289
4589,0.2746277451515198
4590,0.2746277451515198
4591,0.2566012144088745
4592,0.2566012144088745
4593,0.2532418370246887
4594,0.2461448758840561
4595,0.26699262857437134
4596,0.26280415058135986
4597,0.32468628883361816
4598,0.26570433378219604
4599,0.26570433378219604
4600,0.2829044461250305
4601,0.2829044461250305
4602,0.25452691316604614
4603,0.25279778242111206
4604,0.23213240504264832
4605,0.26060792803764343
4606,0.2469521462917328
4607,0.26335591077804565
4608,0.2850381135940552
4609,0.2850381135940552
4610,0.2191678136587143
4611,0.2625982165336609
4612,0.2625982165336609
4613,0.2248101681470871
4614,0.23881812393665314
4615,0.2583465576171875
4616,0.26165878772735596
4617,0.26165878772735596
4618,0.26827508211135864
4619,0.2923089861869812
4620,0.23449115455150604
4621,0.2513604164123535
4622,0.2521156966686249
4623,0.2521156966686249
4624,0.2722228169441223
4625,0.2754606008529663
4626,0.2687605023384094
4627,0.22339901328086853
4628,0.2555493712425232
4629,0.2555493712425232
4630,0.251628577709198
4631,0.2696183919906616
4632,0.27832865715026855
4633,0.2899312376976013
4634,0.25133687257766724
4635,0.27165544033050537
4636,0.26765692234039307
4637,0.26765692234039307
4638,0.20720018446445465
4639,0.26402294635772705
4640,0.26402294635772705
4641,0.2704325020313263
4642,0.2704325020313263
4643,0.254825234413147
4644,0.25476428866386414
4645,0.26086968183517456
4646,0.26086968183517456
4647,0.26456087827682495
4648,0.26456087827682495
4649,0.21975769102573395
4650,0.27374422550201416
4651,0.28068000078201294
4652,0.28068000078201294
4653,0.2521030902862549
4654,0.2521030902862549
4655,0.2507730722427368
4656,0.2507730722427368
4657,0.25815433263778687
4658,0.25815433263778687
4659,0.23821668326854706
4660,0.24428407847881317
4661,0.23362010717391968
4662,0.23362010717391968
4663,0.2564426064491272
4664,0.2504482865333557
4665,0.2504482865333557
4666,0.24670784175395966
4667,0.24670784175395966
4668,0.24353542923927307
4669,0.24325545132160187
4670,0.25771576166152954
4671,0.2846728265285492
4672,0.1926657259464264
4673,0.26393795013427734
4674,0.24965660274028778
4675,0.22242231667041779
4676,0.2849200963973999
4677,0.25113075971603394
4678,0.25251877307891846
4679,0.2396472543478012
4680,0.23528093099594116
4681,0.26167383790016174
4682,0.253264844417572
4683,0.26064956188201904
4684,0.24477313458919525
4685,0.27240508794784546
4686,0.2781592011451721
4687,0.30850720405578613
4688,0.25277894735336304
4689,0.241979718208313
4690,0.2490498274564743
4691,0.3184901475906372
4692,0.25913113355636597
4693,0.24774247407913208
4694,0.21184876561164856
4695,0.25430166721343994
4696,0.24503876268863678
4697,0.2575356960296631
4698,0.23989157378673553
4699,0.23989157378673553
4700,0.26426875591278076
4701,0.26426875591278076
4702,0.2692676782608032
4703,0.2699357569217682
4704,0.28848761320114136
4705,0.2831077575683594
4706,0.26717668771743774
4707,0.26717668771743774
4708,0.2097681611776352
4709,0.21735753118991852
4710,0.27290260791778564
4711,0.25691062211990356
4712,0.23511460423469543
4713,0.2682300806045532
4714,0.2682300806045532
4715,0.2651233673095703
4716,0.26149260997772217
4717,0.27818745374679565
4718,0.27818745374679565
4719,0.260603666305542
4720,0.260603666305542
4721,0.27067598700523376
4722,0.2640959620475769
4723,0.24867989122867584
4724,0.283865749835968
4725,0.2694850564002991
4726,0.2626609802246094
4727,0.2645176649093628
4728,0.2645176649093628
4729,0.24867980182170868
4730,0.26779934763908386
4731,0.2593625485897064
4732,0.2528541684150696
4733,0.2528541684150696
4734,0.25287479162216187
4735,0.25287479162216187
4736,0.24580250680446625
4737,0.24580250680446625
4738,0.2588269114494324
4739,0.24773061275482178
4740,0.24773061275482178
4741,0.24855856597423553
4742,0.24855856597423553
4743,0.24777288734912872
4744,0.24777288734912872
4745,0.2508137822151184
4746,0.2508137822151184
4747,0.2649846076965332
4748,0.2649846076965332
4749,0.2833472490310669
4750,0.2860642671585083
4751,0.26431912183761597
4752,0.26431912183761597
4753,0.2959352135658264
4754,0.2161227911710739
4755,0.2438758760690689
4756,0.23453284800052643
4757,0.24124692380428314
4758,0.21854917705059052
4759,0.24046213924884796
4760,0.28617429733276367
4761,0.28617429733276367
4762,0.2424793839454651
4763,0.24502696096897125
4764,0.26480841636657715
4765,0.25768405199050903
4766,0.25768405199050903
4767,0.30527591705322266
4768,0.30527591705322266
4769,0.22168834507465363
4770,0.15484274923801422
4771,0.19596067070960999
4772,0.19979552924633026
4773,0.2522367835044861
4774,0.2522367835044861
4775,0.2631363868713379
4776,0.2631363868713379
4777,0.26650792360305786
4778,0.26650792360305786
4779,0.2812628149986267
4780,0.2812628149986267
4781,0.2521725296974182
4782,0.2521725296974182
4783,0.2673632502555847
4784,0.2673632502555847
4785,0.256477952003479
4786,0.2566284239292145
4787,0.22655917704105377
4788,0.22655917704105377
4789,0.22786377370357513
4790,0.22786377370357513
4791,0.24016325175762177
4792,0.24016325175762177
4793,0.2715654969215393
4794,0.2715654969215393
4795,0.2850719690322876
4796,0.2850719690322876
4797,0.2879680395126343
4798,0.2879680395126343
4799,0.2806803584098816
4800,0.2806803584098816
4801,0.2789621949195862
4802,0.2789621949195862
4803,0.2875906825065613
4804,0.2875906825065613
4805,0.2637014389038086
4806,0.2637014389038086
4807,0.26359617710113525
4808,0.26473677158355713
4809,0.26473677158355713
4810,0.32979923486709595
4811,0.26266419887542725
4812,0.2694701552391052
4813,0.2694701552391052
4814,0.2703858017921448
4815,0.2703858017921448
4816,0.2548525929450989
4817,0.2548525929450989
4818,0.2632230520248413
4819,0.2632230520248413
4820,0.2687629461288452
4821,0.2687629461288452
4822,0.2919690012931824
4823,0.2919690012931824
4824,0.24765276908874512
4825,0.24765276908874512
4826,0.2783629894256592
4827,0.26172128319740295
4828,0.24444709718227386
4829,0.24444709718227386
4830,0.2624603509902954
4831,0.2624603509902954
4832,0.25570645928382874
4833,0.25570645928382874
4834,0.1963178962469101
4835,0.18696750700473785
4836,0.23440484702587128
4837,0.23440484702587128
4838,0.3012620806694031
4839,0.3012620806694031
4840,0.227985218167305
4841,0.24668559432029724
4842,0.25855064392089844
4843,0.25855064392089844
4844,0.24679018557071686
4845,0.260407030582428
4846,0.260407030582428
4847,0.2530888020992279
4848,0.2530888020992279
4849,0.22598154842853546
4850,0.23640133440494537
4851,0.26470887660980225
4852,0.2723938822746277
4853,0.2723938822746277
4854,0.2962390184402466
4855,0.2962390184402466
4856,0.2671741843223572
4857,0.2510144114494324
4858,0.2510144114494324
4859,0.2599189281463623
4860,0.2599189281463623
4861,0.2641536593437195
4862,0.2641536593437195
4863,0.25423675775527954
4864,0.25423675775527954
4865,0.24366115033626556
4866,0.2637738585472107
4867,0.2637738585472107
4868,0.2581396698951721
4869,0.2581396698951721
4870,0.2886319160461426
4871,0.2857927680015564
4872,0.2636631429195404
4873,0.2500189542770386
4874,0.24148888885974884
4875,0.24681492149829865
4876,0.24791835248470306
4877,0.25502651929855347
4878,0.25502651929855347
4879,0.2752622961997986
4880,0.32151615619659424
4881,0.255873441696167
4882,0.255873441696167
4883,0.2697241008281708
4884,0.24748112261295319
4885,0.25922447443008423
4886,0.37113165855407715
4887,0.23865263164043427
4888,0.24768370389938354
4889,0.2949157953262329
4890,0.3010917901992798
4891,0.31842875480651855
4892,0.2593930959701538
4893,0.2593930959701538
4894,0.2922055125236511
4895,0.27762454748153687
4896,0.27762454748153687
4897,0.26796644926071167
4898,0.259041428565979
4899,0.259041428565979
4900,0.24723806977272034
4901,0.25164949893951416
4902,0.23800714313983917
4903,0.23800714313983917
4904,0.19410920143127441
4905,0.2575228810310364
4906,0.22985877096652985
4907,0.24290989339351654
4908,0.2875925898551941
4909,0.2875925898551941
4910,0.2331400364637375
4911,0.25360608100891113
4912,0.257341593503952
4913,0.26238662004470825
4914,0.26661306619644165
4915,0.2885345220565796
4916,0.26674067974090576
4917,0.2747746706008911
4918,0.26260799169540405
4919,0.2893785238265991
4920,0.2516708970069885
4921,0.2742008566856384
4922,0.22176580131053925
4923,0.26405537128448486
4924,0.26405537128448486
4925,0.26505914330482483
4926,0.26505914330482483
4927,0.3121095895767212
4928,0.22377045452594757
4929,0.27821463346481323
4930,0.2589995861053467
4931,0.2589995861053467
4932,0.2689167261123657
4933,0.2689167261123657
4934,0.26472207903862
4935,0.2583964765071869
4936,0.2625618278980255
4937,0.2625618278980255
4938,0.2679963707923889
4939,0.2679963707923889
4940,0.25245362520217896
4941,0.24581365287303925
4942,0.25052547454833984
4943,0.24988804757595062
4944,0.24988804757595062
4945,0.24539656937122345
4946,0.24539656937122345
4947,0.2095254510641098
4948,0.2600212097167969
4949,0.2863526940345764
4950,0.25366541743278503
4951,0.2643941640853882
4952,0.2643941640853882
4953,0.2791626453399658
4954,0.26129865646362305
4955,0.2534371018409729
4956,0.3046443462371826
4957,0.29251909255981445
4958,0.2546786665916443
4959,0.28508514165878296
4960,0.2406201958656311
4961,0.28523218631744385
4962,0.2588171362876892
4963,0.2588171362876892
4964,0.23570328950881958
4965,0.2611009478569031
4966,0.26318591833114624
4967,0.26318591833114624
4968,0.24760569632053375
4969,0.2792606055736542
4970,0.31982946395874023
4971,0.2409450113773346
4972,0.2330968976020813
4973,0.25803786516189575
4974,0.2976973056793213
4975,0.24779336154460907
4976,0.2610014081001282
4977,0.27050673961639404
4978,0.2454683482646942
4979,0.2461901754140854
4980,0.2825613021850586
4981,0.24727553129196167
4982,0.22713027894496918
4983,0.2877964377403259
4984,0.2513696551322937
4985,0.22433121502399445
4986,0.2760814428329468
4987,0.2760814428329468
4988,0.26654279232025146
4989,0.26654279232025146
4990,0.23184989392757416
4991,0.28124022483825684
4992,0.28124022483825684
4993,0.27110719680786133
4994,0.27110719680786133
4995,0.2845441699028015
4996,0.2845441699028015
4997,0.25690096616744995
4998,0.24810676276683807
4999,0.24810676276683807
5000,0.289867103099823
5001,0.28803205490112305
5002,0.2829815447330475
5003,0.25995302200317383
5004,0.2975813150405884
5005,0.2465488761663437
5006,0.2591089606285095
5007,0.2653140425682068
5008,0.27946311235427856
5009,0.2793165445327759
5010,0.31092560291290283
5011,0.20397798717021942
5012,0.20397798717021942
5013,0.26104897260665894
5014,0.24235762655735016
5015,0.2502744793891907
5016,0.23967598378658295
5017,0.2838071286678314
5018,0.3050381541252136
5019,0.3050381541252136
5020,0.21140635013580322
5021,0.2465909868478775
5022,0.25696563720703125
5023,0.2663229703903198
5024,0.2663229703903198
5025,0.2787107825279236
5026,0.28444206714630127
5027,0.28781694173812866
5028,0.2820567488670349
5029,0.2482542246580124
5030,0.25667670369148254
5031,0.25667670369148254
5032,0.21806864440441132
5033,0.2508300542831421
5034,0.2508300542831421
5035,0.2633628249168396
5036,0.2653825283050537
5037,0.26183730363845825
5038,0.2577652931213379
5039,0.23485197126865387
5040,0.27223730087280273
5041,0.25331270694732666
5042,0.20317134261131287
5043,0.23597529530525208
5044,0.2193450778722763
5045,0.25288259983062744
5046,0.28313302993774414
5047,0.31577521562576294
5048,0.3081286549568176
5049,0.28375768661499023
5050,0.28494757413864136
5051,0.27044400572776794
5052,0.2116759866476059
5053,0.2893776297569275
5054,0.2494179755449295
5055,0.31745654344558716
5056,0.22803178429603577
5057,0.23266494274139404
5058,0.2837531566619873
5059,0.29403775930404663
5060,0.23170755803585052
5061,0.2284148782491684
5062,0.24072422087192535
5063,0.25648462772369385
5064,0.23730899393558502
5065,0.2502472400665283
5066,0.2686913013458252
5067,0.2686913013458252
5068,0.2656556963920593
5069,0.2656556963920593
5070,0.2292805165052414
5071,0.2292805165052414
5072,0.268518328666687
5073,0.2457568496465683
5074,0.2457568496465683
5075,0.2786003351211548
5076,0.23289988934993744
5077,0.23712791502475739
5078,0.23712791502475739
5079,0.2693749964237213
5080,0.26366281509399414
5081,0.24086086452007294
5082,0.2494097352027893
5083,0.2741241455078125
5084,0.2623159885406494
5085,0.2609017491340637
5086,0.2609017491340637
5087,0.264507919549942
5088,0.25315994024276733
5089,0.25315994024276733
5090,0.2689207196235657
5091,0.2691004276275635
5092,0.18776066601276398
5093,0.18776066601276398
5094,0.2589987814426422
5095,0.2589987814426422
5096,0.2772578001022339
5097,0.2772578001022339
5098,0.27091601490974426
5099,0.27091601490974426
5100,0.17875491082668304
5101,0.30454176664352417
5102,0.24732214212417603
5103,0.24732214212417603
5104,0.2717045545578003
5105,0.2717045545578003
5106,0.26487869024276733
5107,0.27985501289367676
5108,0.27985501289367676
5109,0.26958394050598145
5110,0.26958394050598145
5111,0.24616101384162903
5112,0.2276245802640915
5113,0.2733215093612671
5114,0.2066817581653595
5115,0.26509976387023926
5116,0.2723604440689087
5117,0.2723604440689087
5118,0.27489525079727173
5119,0.27489525079727173
5120,0.27272552251815796
5121,0.27272552251815796
5122,0.2661377787590027
5123,0.24712081253528595
5124,0.24099241197109222
5125,0.24099241197109222
5126,0.22710655629634857
5127,0.22710655629634857
5128,0.2108265459537506
5129,0.25616419315338135
5130,0.25796788930892944
5131,0.24769194424152374
5132,0.26898258924484253
5133,0.2690698504447937
5134,0.2716315984725952
5135,0.23494760692119598
5136,0.274272084236145
5137,0.25008702278137207
5138,0.2635350227355957
5139,0.23642611503601074
5140,0.31239914894104004
5141,0.3014848232269287
5142,0.3132331371307373
5143,0.3072611689567566
5144,0.3385019302368164
5145,0.2465861737728119
5146,0.3057752251625061
5147,0.33192020654678345
5148,0.33192020654678345
5149,0.2563825249671936
5150,0.29466354846954346
5151,0.29466354846954346
5152,0.26128146052360535
5153,0.26894325017929077
5154,0.2581106424331665
5155,0.24827943742275238
5156,0.2428782731294632
5157,0.2428782731294632
5158,0.24987907707691193
5159,0.27243369817733765
5160,0.2965095639228821
5161,0.2763045132160187
5162,0.2028362900018692
5163,0.26450490951538086
5164,0.29610586166381836
5165,0.29610586166381836
5166,0.29685407876968384
5167,0.28827300667762756
5168,0.28827300667762756
5169,0.2729892134666443
5170,0.24792896211147308
5171,0.3025822639465332
5172,0.29869914054870605
5173,0.3290223479270935
5174,0.29228371381759644
5175,0.2830701470375061
5176,0.20835573971271515
5177,0.2644650936126709
5178,0.2935689091682434
5179,0.2935689091682434
5180,0.2712782025337219
5181,0.29624754190444946
5182,0.29835033416748047
5183,0.33557432889938354
5184,0.3092827796936035
5185,0.2852758765220642
5186,0.2518337368965149
5187,0.2542440891265869
5188,0.2661098837852478
5189,0.2728486657142639
5190,0.30588817596435547
5191,0.2576969265937805
5192,0.2313491851091385
5193,0.2313491851091385
5194,0.2848207950592041
5195,0.2848207950592041
5196,0.21048113703727722
5197,0.2974334955215454
5198,0.2974334955215454
5199,0.2815455198287964
5200,0.29523152112960815
5201,0.3043011426925659
5202,0.3043011426925659
5203,0.2956666350364685
5204,0.24215982854366302
5205,0.24215982854366302
5206,0.24056144058704376
5207,0.2419777363538742
5208,0.3012917637825012
5209,0.3012917637825012
5210,0.2710969150066376
5211,0.2710969150066376
5212,0.21600477397441864
5213,0.21600477397441864
5214,0.19120216369628906
5215,0.1935603767633438
5216,0.20348142087459564
5217,0.19889973104000092
5218,0.3148738145828247
5219,0.3148738145828247
5220,0.24736879765987396
5221,0.2934200167655945
5222,0.2934200167655945
5223,0.272255003452301
5224,0.27662795782089233
5225,0.29665297269821167
5226,0.29665297269821167
5227,0.2964457869529724
5228,0.2618803381919861
5229,0.2618803381919861
5230,0.2646360397338867
5231,0.2063453048467636
5232,0.16354700922966003
5233,0.31673723459243774
5234,0.24519528448581696
5235,0.18006649613380432
5236,0.26204097270965576
5237,0.32671254873275757
5238,0.32671254873275757
5239,0.2562571167945862
5240,0.2562571167945862
5241,0.29959338903427124
5242,0.35251718759536743
5243,0.2856782376766205
5244,0.26167768239974976
5245,0.2983017563819885
5246,0.2975572943687439
5247,0.27306872606277466
5248,0.2692660689353943
5249,0.2692660689353943
5250,0.2469431608915329
5251,0.27627861499786377
5252,0.2798997163772583
5253,0.2865344285964966
5254,0.2865344285964966
5255,0.24699315428733826
5256,0.24699315428733826
5257,0.28057312965393066
5258,0.28057312965393066
5259,0.3230438828468323
5260,0.3230438828468323
5261,0.23606368899345398
5262,0.29620659351348877
5263,0.29620659351348877
5264,0.3100121021270752
5265,0.3100121021270752
5266,0.32135939598083496
5267,0.28005361557006836
5268,0.28005361557006836
5269,0.22843417525291443
5270,0.2995014786720276
5271,0.21060459315776825
5272,0.21060459315776825
5273,0.26406049728393555
5274,0.23216570913791656
5275,0.23816873133182526
5276,0.19551913440227509
5277,0.28438079357147217
5278,0.28438079357147217
5279,0.3272630572319031
5280,0.21024677157402039
5281,0.3006826639175415
5282,0.28805118799209595
5283,0.28805118799209595
5284,0.2965071201324463
5285,0.2533190846443176
5286,0.27592116594314575
5287,0.3049715757369995
5288,0.22349976003170013
5289,0.22349976003170013
5290,0.2096591293811798
5291,0.2958530783653259
5292,0.3074411153793335
5293,0.2892792224884033
5294,0.2905641496181488
5295,0.30025070905685425
5296,0.30025070905685425
5297,0.2586018443107605
5298,0.2777016758918762
5299,0.2574397325515747
5300,0.29849618673324585
5301,0.25234919786453247
5302,0.27364808320999146
5303,0.2907458245754242
5304,0.2500203251838684
5305,0.26962101459503174
5306,0.26962101459503174
5307,0.20559163391590118
5308,0.2457367181777954
5309,0.2681952118873596
5310,0.3195943832397461
5311,0.23330549895763397
5312,0.300601065158844
5313,0.2620730996131897
5314,0.2436557114124298
5315,0.2998683452606201
5316,0.30940884351730347
5317,0.30940884351730347
5318,0.2242920845746994
5319,0.295870304107666
5320,0.295870304107666
5321,0.2790301740169525
5322,0.2508217692375183
5323,0.2508217692375183
5324,0.27892881631851196
5325,0.2850101590156555
5326,0.2850101590156555
5327,0.325750470161438
5328,0.2949914336204529
5329,0.2949914336204529
5330,0.30628782510757446
5331,0.3177257180213928
5332,0.3177257180213928
5333,0.24229809641838074
5334,0.30517828464508057
5335,0.30517828464508057
5336,0.2969813942909241
5337,0.2969813942909241
5338,0.24560533463954926
5339,0.24560533463954926
5340,0.2831478714942932
5341,0.2831478714942932
5342,0.28169283270835876
5343,0.28169283270835876
5344,0.27645450830459595
5345,0.27645450830459595
5346,0.2758401036262512
5347,0.2758401036262512
5348,0.2580350637435913
5349,0.2580350637435913
5350,0.2556646466255188
5351,0.2556646466255188
5352,0.2345864325761795
5353,0.2345864325761795
5354,0.3001136779785156
5355,0.3001136779785156
5356,0.2897365093231201
5357,0.2897365093231201
5358,0.2752155363559723
5359,0.2752155363559723
5360,0.30053770542144775
5361,0.30053770542144775
5362,0.3055785894393921
5363,0.3055785894393921
5364,0.23844106495380402
5365,0.2861190140247345
5366,0.28878867626190186
5367,0.28878867626190186
5368,0.28182652592658997
5369,0.27913564443588257
5370,0.27833783626556396
5371,0.30085641145706177
5372,0.30085641145706177
5373,0.2969117760658264
5374,0.2969117760658264
5375,0.280134916305542
5376,0.30230653285980225
5377,0.30230653285980225
5378,0.30722957849502563
5379,0.30722957849502563
5380,0.23570750653743744
5381,0.23570750653743744
5382,0.286868691444397
5383,0.286868691444397
5384,0.31960737705230713
5385,0.31960737705230713
5386,0.2509462237358093
5387,0.23686937987804413
5388,0.22345386445522308
5389,0.28788524866104126
5390,0.28788524866104126
5391,0.2787284255027771
5392,0.2787284255027771
5393,0.313795268535614
5394,0.29201358556747437
5395,0.29201358556747437
5396,0.2976539134979248
5397,0.3076671361923218
5398,0.3076671361923218
5399,0.25234031677246094
5400,0.25234031677246094
5401,0.2868046164512634
5402,0.2868046164512634
5403,0.2471495419740677
5404,0.2939542531967163
5405,0.2939542531967163
5406,0.31268417835235596
5407,0.28866082429885864
5408,0.21647514402866364
5409,0.257857084274292
5410,0.29574888944625854
5411,0.26747745275497437
5412,0.30377280712127686
5413,0.24574999511241913
5414,0.2707059979438782
5415,0.27218955755233765
5416,0.2535696029663086
5417,0.28918927907943726
5418,0.26391294598579407
5419,0.2646791934967041
5420,0.27524667978286743
5421,0.27524667978286743
5422,0.28056496381759644
5423,0.2790305018424988
5424,0.2790305018424988
5425,0.28235751390457153
5426,0.3465789556503296
5427,0.3465789556503296
5428,0.19016452133655548
5429,0.24526380002498627
5430,0.24526380002498627
5431,0.3539188504219055
5432,0.3539188504219055
5433,0.27829110622406006
5434,0.27947211265563965
5435,0.27652430534362793
5436,0.28676992654800415
5437,0.28676992654800415
5438,0.3257436156272888
5439,0.3257436156272888
5440,0.2828212380409241
5441,0.2828212380409241
5442,0.27789604663848877
5443,0.26010197401046753
5444,0.283412903547287
5445,0.29084545373916626
5446,0.35968756675720215
5447,0.3007851839065552
5448,0.3007851839065552
5449,0.3214550018310547
5450,0.3214550018310547
5451,0.2881089448928833
5452,0.2737830877304077
5453,0.23525117337703705
5454,0.26955604553222656
5455,0.25948747992515564
5456,0.28490206599235535
5457,0.31950706243515015
5458,0.31950706243515015
5459,0.23137205839157104
5460,0.28821587562561035
5461,0.28821587562561035
5462,0.22875244915485382
5463,0.2449406236410141
5464,0.28093254566192627
5465,0.2789023816585541
5466,0.2789023816585541
5467,0.2840871810913086
5468,0.3210402727127075
5469,0.24637626111507416
5470,0.26261448860168457
5471,0.26871949434280396
5472,0.26871949434280396
5473,0.2822510004043579
5474,0.2906200885772705
5475,0.2834228277206421
5476,0.23390896618366241
5477,0.29268062114715576
5478,0.29268062114715576
5479,0.2576119303703308
5480,0.30238062143325806
5481,0.3145114779472351
5482,0.3135645389556885
5483,0.2654837369918823
5484,0.2926608920097351
5485,0.2864817976951599
5486,0.2864817976951599
5487,0.2037516087293625
5488,0.286020427942276
5489,0.286020427942276
5490,0.30930447578430176
5491,0.30930447578430176
5492,0.2890588641166687
5493,0.28675127029418945
5494,0.2880890369415283
5495,0.2880890369415283
5496,0.2966882586479187
5497,0.2966882586479187
5498,0.23614799976348877
5499,0.2833508849143982
5500,0.30843931436538696
5501,0.30843931436538696
5502,0.27444761991500854
5503,0.27444761991500854
5504,0.2655973732471466
5505,0.2655973732471466
5506,0.278556227684021
5507,0.278556227684021
5508,0.2519373297691345
5509,0.2689877152442932
5510,0.25510281324386597
5511,0.25510281324386597
5512,0.27042829990386963
5513,0.2676192820072174
5514,0.2676192820072174
5515,0.2666628360748291
5516,0.2666628360748291
5517,0.23932702839374542
5518,0.23870046436786652
5519,0.28285667300224304
5520,0.3066557049751282
5521,0.19651493430137634
5522,0.2834656238555908
5523,0.2814568877220154
5524,0.2309013456106186
5525,0.303752064704895
5526,0.27116596698760986
5527,0.2797658443450928
5528,0.2526934742927551
5529,0.23935124278068542
5530,0.27356648445129395
5531,0.25513237714767456
5532,0.2664192318916321
5533,0.24446897208690643
5534,0.2973552942276001
5535,0.3020341396331787
5536,0.34550899267196655
5537,0.2497847080230713
5538,0.2516317367553711
5539,0.24557283520698547
5540,0.35381048917770386
5541,0.2832740545272827
5542,0.26331430673599243
5543,0.21410055458545685
5544,0.27616801857948303
5545,0.26366379857063293
5546,0.2712283134460449
5547,0.27365991473197937
5548,0.27365991473197937
5549,0.28499630093574524
5550,0.28499630093574524
5551,0.3007615804672241
5552,0.2888210415840149
5553,0.33064383268356323
5554,0.31194746494293213
5555,0.2900876998901367
5556,0.2900876998901367
5557,0.20167508721351624
5558,0.22561848163604736
5559,0.31668245792388916
5560,0.2755565643310547
5561,0.23164720833301544
5562,0.29356515407562256
5563,0.29356515407562256
5564,0.31147074699401855
5565,0.294020414352417
5566,0.2995964288711548
5567,0.2995964288711548
5568,0.2920759320259094
5569,0.2920759320259094
5570,0.3125650882720947
5571,0.30130600929260254
5572,0.255995512008667
5573,0.337401807308197
5574,0.2936093211174011
5575,0.2734106779098511
5576,0.30637305974960327
5577,0.30637305974960327
5578,0.2912631034851074
5579,0.2809135913848877
5580,0.2794870138168335
5581,0.2745038866996765
5582,0.2745038866996765
5583,0.28014230728149414
5584,0.28014230728149414
5585,0.27930909395217896
5586,0.27930909395217896
5587,0.30766087770462036
5588,0.266415536403656
5589,0.266415536403656
5590,0.2679613530635834
5591,0.2679613530635834
5592,0.2660030722618103
5593,0.2660030722618103
5594,0.27490270137786865
5595,0.27490270137786865
5596,0.2929233908653259
5597,0.2929233908653259
5598,0.3376041650772095
5599,0.33735591173171997
5600,0.2957204580307007
5601,0.2957204580307007
5602,0.3142701983451843
5603,0.2131223827600479
5604,0.23998235166072845
5605,0.2262880951166153
5606,0.23670046031475067
5607,0.20606358349323273
5608,0.2738747000694275
5609,0.3645746111869812
5610,0.3645746111869812
5611,0.23774929344654083
5612,0.24121469259262085
5613,0.2851659059524536
5614,0.2804963290691376
5615,0.2804963290691376
5616,0.3449828624725342
5617,0.3449828624725342
5618,0.23209263384342194
5619,0.16217273473739624
5620,0.20081083476543427
5621,0.2022790163755417
5622,0.26882296800613403
5623,0.26882296800613403
5624,0.27796968817710876
5625,0.27796968817710876
5626,0.2832105755805969
5627,0.2832105755805969
5628,0.30495333671569824
5629,0.30495333671569824
5630,0.2631092965602875
5631,0.2631092965602875
5632,0.28993600606918335
5633,0.28993600606918335
5634,0.2621062397956848
5635,0.2712608575820923
5636,0.23114518821239471
5637,0.23114518821239471
5638,0.23452948033809662
5639,0.23452948033809662
5640,0.2429942488670349
5641,0.2429942488670349
5642,0.2982475757598877
5643,0.2982475757598877
5644,0.32134300470352173
5645,0.32134300470352173
5646,0.313953161239624
5647,0.313953161239624
5648,0.30686336755752563
5649,0.30686336755752563
5650,0.31720495223999023
5651,0.31720495223999023
5652,0.31018900871276855
5653,0.31018900871276855
5654,0.2944861650466919
5655,0.2944861650466919
5656,0.29133540391921997
5657,0.2926757335662842
5658,0.2926757335662842
5659,0.3638575077056885
5660,0.29258614778518677
5661,0.29593414068222046
5662,0.29593414068222046
5663,0.32366883754730225
5664,0.32366883754730225
5665,0.29878509044647217
5666,0.29878509044647217
5667,0.29191213846206665
5668,0.29191213846206665
5669,0.3111729025840759
5670,0.3111729025840759
5671,0.339796781539917
5672,0.339796781539917
5673,0.2839595377445221
5674,0.2839595377445221
5675,0.3297070264816284
5676,0.27617284655570984
5677,0.25980985164642334
5678,0.25980985164642334
5679,0.28544944524765015
5680,0.28544944524765015
5681,0.27584022283554077
5682,0.27584022283554077
5683,0.2036476880311966
5684,0.18988001346588135
5685,0.2484344094991684
5686,0.2484344094991684
5687,0.3253052234649658
5688,0.3253052234649658
5689,0.24166707694530487
5690,0.24276798963546753
5691,0.27510201930999756
5692,0.27510201930999756
5693,0.2598705291748047
5694,0.28952598571777344
5695,0.28952598571777344
5696,0.2677546739578247
5697,0.2677546739578247
5698,0.23262053728103638
5699,0.2689231038093567
5700,0.29513800144195557
5701,0.30637168884277344
5702,0.30637168884277344
5703,0.34515416622161865
5704,0.34515416622161865
5705,0.3258156180381775
5706,0.2884472608566284
5707,0.2884472608566284
5708,0.29808300733566284
5709,0.29808300733566284
5710,0.2977680563926697
5711,0.2977680563926697
5712,0.27829015254974365
5713,0.27829015254974365
5714,0.2772476375102997
5715,0.3057778477668762
5716,0.3057778477668762
5717,0.29629814624786377
5718,0.29629814624786377
5719,0.3286020755767822
5720,0.32360726594924927
5721,0.2969972491264343
5722,0.2606881260871887
5723,0.253717303276062
5724,0.2560665011405945
5725,0.2448137104511261
5726,0.27425307035446167
5727,0.27425307035446167
5728,0.30961841344833374
5729,0.3576223850250244
5730,0.28179931640625
5731,0.28179931640625
5732,0.27360695600509644
5733,0.255842387676239
5734,0.284152626991272
5735,0.38013118505477905
5736,0.24189282953739166
5737,0.2656567692756653
5738,0.3307678699493408
5739,0.3388945460319519
5740,0.35537952184677124
5741,0.27585136890411377
5742,0.27585136890411377
5743,0.3387104868888855
5744,0.3190128803253174
5745,0.3190128803253174
5746,0.2872444987297058
5747,0.2751978933811188
5748,0.2751978933811188
5749,0.24378423392772675
5750,0.26802146434783936
5751,0.2565513849258423
5752,0.2565513849258423
5753,0.18279407918453217
5754,0.26328200101852417
5755,0.2370985448360443
5756,0.24853654205799103
5757,0.3404635190963745
5758,0.3404635190963745
5759,0.2803700566291809
5760,0.2721954584121704
5761,0.2780742049217224
5762,0.29620081186294556
5763,0.29248756170272827
5764,0.31994014978408813
5765,0.31296801567077637
5766,0.29529261589050293
5767,0.2904404401779175
5768,0.32551223039627075
5769,0.24806462228298187
5770,0.30626267194747925
5771,0.24998779594898224
5772,0.29612022638320923
5773,0.29612022638320923
5774,0.30036431550979614
5775,0.30036431550979614
5776,0.34924501180648804
5777,0.23085708916187286
5778,0.2943882942199707
5779,0.27623385190963745
5780,0.27623385190963745
5781,0.293254017829895
5782,0.293254017829895
5783,0.3205670714378357
5784,0.2806200385093689
5785,0.2805980443954468
5786,0.2805980443954468
5787,0.2928224205970764
5788,0.2928224205970764
5789,0.2639119029045105
5790,0.268437922000885
5791,0.2664639949798584
5792,0.2670214772224426
5793,0.2670214772224426
5794,0.26605355739593506
5795,0.26605355739593506
5796,0.21060314774513245
5797,0.27900779247283936
5798,0.3167141079902649
5799,0.2522289752960205
5800,0.28986597061157227
5801,0.28986597061157227
5802,0.30716943740844727
5803,0.28057748079299927
5804,0.2989810109138489
5805,0.3425738215446472
5806,0.32730215787887573
5807,0.2571418285369873
5808,0.3088836073875427
5809,0.24939002096652985
5810,0.3137112259864807
5811,0.28385746479034424
5812,0.28385746479034424
5813,0.2471374124288559
5814,0.28119659423828125
5815,0.28754913806915283
5816,0.28754913806915283
5817,0.2678821086883545
5818,0.30724626779556274
5819,0.375285267829895
5820,0.2722291946411133
5821,0.23387517035007477
5822,0.2752557396888733
5823,0.3348114490509033
5824,0.25865501165390015
5825,0.28130286931991577
5826,0.3008522391319275
5827,0.25475502014160156
5828,0.25758135318756104
5829,0.3356602191925049
5830,0.264428973197937
5831,0.2232208251953125
5832,0.31889522075653076
5833,0.30456358194351196
5834,0.2401047945022583
5835,0.3107290267944336
5836,0.3107290267944336
5837,0.3014872074127197
5838,0.3014872074127197
5839,0.24888797104358673
5840,0.3226344585418701
5841,0.3226344585418701
5842,0.3007242679595947
5843,0.3007242679595947
5844,0.33162474632263184
5845,0.33162474632263184
5846,0.2775444984436035
5847,0.26346129179000854
5848,0.26346129179000854
5849,0.32436197996139526
5850,0.32129114866256714
5851,0.31508851051330566
5852,0.2704222798347473
5853,0.327262818813324
5854,0.241118386387825
5855,0.2804372310638428
5856,0.2842172086238861
5857,0.31143641471862793
5858,0.31030189990997314
5859,0.3658108115196228
5860,0.2335793673992157
5861,0.2335793673992157
5862,0.2790086567401886
5863,0.2517468333244324
5864,0.2703877389431
5865,0.24384751915931702
5866,0.30488139390945435
5867,0.3466012477874756
5868,0.3466012477874756
5869,0.21002250909805298
5870,0.2584056854248047
5871,0.2628974914550781
5872,0.29449087381362915
5873,0.29449087381362915
5874,0.30110567808151245
5875,0.3259272575378418
5876,0.3299558162689209
5877,0.39150363206863403
5878,0.2612513303756714
5879,0.266376793384552
5880,0.266376793384552
5881,0.21908003091812134
5882,0.26853349804878235
5883,0.26853349804878235
5884,0.2844806909561157
5885,0.27782106399536133
5886,0.2834353446960449
5887,0.2812567949295044
5888,0.24742823839187622
5889,0.31315815448760986
5890,0.2940545082092285
5891,0.20337797701358795
5892,0.2405424565076828
5893,0.22662514448165894
5894,0.2668474316596985
5895,0.31032276153564453
5896,0.416506290435791
5897,0.34766483306884766
5898,0.3125848174095154
5899,0.3143808841705322
5900,0.28545695543289185
5901,0.20785970985889435
5902,0.3042925000190735
5903,0.26309734582901
5904,0.35712265968322754
5905,0.23124225437641144
5906,0.2407969981431961
5907,0.3033652901649475
5908,0.30682897567749023
5909,0.23752613365650177
5910,0.2501586079597473
5911,0.24693429470062256
5912,0.28590065240859985
5913,0.2364395409822464
5914,0.2468007504940033
5915,0.29228323698043823
5916,0.29228323698043823
5917,0.29331207275390625
5918,0.29331207275390625
5919,0.24184061586856842
5920,0.24184061586856842
5921,0.2899717390537262
5922,0.2629688084125519
5923,0.2629688084125519
5924,0.2941444516181946
5925,0.2516986131668091
5926,0.26301926374435425
5927,0.26301926374435425
5928,0.29390203952789307
5929,0.28720077872276306
5930,0.2640606164932251
5931,0.2587969899177551
5932,0.3272840976715088
5933,0.27912962436676025
5934,0.27658969163894653
5935,0.27658969163894653
5936,0.2964369058609009
5937,0.26528602838516235
5938,0.26528602838516235
5939,0.29206007719039917
5940,0.29161208868026733
5941,0.2136857658624649
5942,0.2136857658624649
5943,0.257041871547699
5944,0.257041871547699
5945,0.2410484403371811
5946,0.2410484403371811
5947,0.2734187841415405
5948,0.2734187841415405
5949,0.1938287764787674
5950,0.27348101139068604
5951,0.2527006268501282
5952,0.2527006268501282
5953,0.26952940225601196
5954,0.26952940225601196
5955,0.26033085584640503
5956,0.279002845287323
5957,0.279002845287323
5958,0.2679910659790039
5959,0.2679910659790039
5960,0.24567456543445587
5961,0.23301444947719574
5962,0.27257996797561646
5963,0.20122130215168
5964,0.26265275478363037
5965,0.2742084264755249
5966,0.2742084264755249
5967,0.2674765884876251
5968,0.2674765884876251
5969,0.26694971323013306
5970,0.26694971323013306
5971,0.26788803935050964
5972,0.22543084621429443
5973,0.2540721297264099
5974,0.2540721297264099
5975,0.2197832465171814
5976,0.2197832465171814
5977,0.22460581362247467
5978,0.27771127223968506
5979,0.2771076560020447
5980,0.2754989266395569
5981,0.25302255153656006
5982,0.2628815174102783
5983,0.26705682277679443
5984,0.25651609897613525
5985,0.26997053623199463
5986,0.27006077766418457
5987,0.25558000802993774
5988,0.2631697654724121
5989,0.24405239522457123
5990,0.2828531861305237
5991,0.29182130098342896
5992,0.28116488456726074
5993,0.2865084111690521
5994,0.26708924770355225
5995,0.24769239127635956
5996,0.26989424228668213
5997,0.26989424228668213
5998,0.2805822789669037
5999,0.29408544301986694
6000,0.29408544301986694
6001,0.26222723722457886
6002,0.2563846707344055
6003,0.26003357768058777
6004,0.24530906975269318
6005,0.25947999954223633
6006,0.25947999954223633
6007,0.25890231132507324
6008,0.2759823203086853
6009,0.28230738639831543
6010,0.252807080745697
6011,0.2167990356683731
6012,0.2395269274711609
6013,0.2514914274215698
6014,0.2514914274215698
6015,0.223793163895607
6016,0.22988612949848175
6017,0.22988612949848175
6018,0.22881175577640533
6019,0.23114930093288422
6020,0.28840187191963196
6021,0.2834707200527191
6022,0.2587738633155823
6023,0.27658867835998535
6024,0.23632760345935822
6025,0.22599585354328156
6026,0.254178524017334
6027,0.284606397151947
6028,0.284606397151947
6029,0.23652595281600952
6030,0.27843600511550903
6031,0.2850903272628784
6032,0.2551758289337158
6033,0.28916865587234497
6034,0.24698835611343384
6035,0.2431710809469223
6036,0.23648516833782196
6037,0.2297729104757309
6038,0.2992892265319824
6039,0.24959449470043182
6040,0.18808326125144958
6041,0.2275279015302658
6042,0.2275279015302658
6043,0.25703349709510803
6044,0.25703349709510803
6045,0.2242143750190735
6046,0.2627377510070801
6047,0.2627377510070801
6048,0.2758338451385498
6049,0.2737906575202942
6050,0.24629124999046326
6051,0.24629124999046326
6052,0.2377517819404602
6053,0.24674193561077118
6054,0.24674193561077118
6055,0.24615241587162018
6056,0.24740825593471527
6057,0.2852604389190674
6058,0.2852604389190674
6059,0.2419482171535492
6060,0.2419482171535492
6061,0.217145636677742
6062,0.217145636677742
6063,0.18791064620018005
6064,0.20514236390590668
6065,0.2270643413066864
6066,0.24000677466392517
6067,0.29752564430236816
6068,0.29752564430236816
6069,0.2662345767021179
6070,0.28362107276916504
6071,0.28362107276916504
6072,0.2680954337120056
6073,0.26748424768447876
6074,0.27465325593948364
6075,0.27465325593948364
6076,0.3034142851829529
6077,0.2726115584373474
6078,0.2726115584373474
6079,0.27066725492477417
6080,0.2188366800546646
6081,0.17930109798908234
6082,0.24367491900920868
6083,0.2684939503669739
6084,0.19827166199684143
6085,0.26185184717178345
6086,0.2594988942146301
6087,0.2594988942146301
6088,0.2600635588169098
6089,0.2600635588169098
6090,0.2402482032775879
6091,0.3249054551124573
6092,0.25051069259643555
6093,0.2770507335662842
6094,0.25988060235977173
6095,0.26022350788116455
6096,0.25319749116897583
6097,0.28751882910728455
6098,0.28751882910728455
6099,0.23628084361553192
6100,0.2592907249927521
6101,0.28359925746917725
6102,0.2563944458961487
6103,0.2563944458961487
6104,0.2216602861881256
6105,0.2216602861881256
6106,0.2693144679069519
6107,0.2693144679069519
6108,0.28592395782470703
6109,0.28592395782470703
6110,0.2600170969963074
6111,0.24847380816936493
6112,0.24847380816936493
6113,0.2518259882926941
6114,0.2518259882926941
6115,0.2581779956817627
6116,0.26952511072158813
6117,0.26952511072158813
6118,0.21995311975479126
6119,0.2829146981239319
6120,0.21960808336734772
6121,0.21960808336734772
6122,0.2500760853290558
6123,0.22058656811714172
6124,0.24388214945793152
6125,0.20637838542461395
6126,0.23835033178329468
6127,0.23835033178329468
6128,0.26185357570648193
6129,0.21389521658420563
6130,0.2949765920639038
6131,0.24437807500362396
6132,0.24437807500362396
6133,0.2764732837677002
6134,0.23269665241241455
6135,0.2691020369529724
6136,0.2923365831375122
6137,0.2182774692773819
6138,0.2182774692773819
6139,0.2024884670972824
6140,0.30593931674957275
6141,0.2326284945011139
6142,0.2801925539970398
6143,0.27878302335739136
6144,0.29623353481292725
6145,0.29623353481292725
6146,0.27875667810440063
6147,0.27548372745513916
6148,0.2541831135749817
6149,0.30916309356689453
6150,0.25308454036712646
6151,0.23591317236423492
6152,0.24035172164440155
6153,0.23520396649837494
6154,0.23210716247558594
6155,0.23210716247558594
6156,0.22620843350887299
6157,0.21630226075649261
6158,0.23061896860599518
6159,0.2821117639541626
6160,0.2193174809217453
6161,0.27474889159202576
6162,0.21568964421749115
6163,0.275765597820282
6164,0.28456151485443115
6165,0.302323579788208
6166,0.302323579788208
6167,0.2164410799741745
6168,0.2619861960411072
6169,0.2619861960411072
6170,0.2842615246772766
6171,0.27198266983032227
6172,0.27198266983032227
6173,0.2589738667011261
6174,0.2735583186149597
6175,0.2735583186149597
6176,0.2783653438091278
6177,0.26744216680526733
6178,0.26744216680526733
6179,0.2814042568206787
6180,0.2599652409553528
6181,0.2599652409553528
6182,0.21563474833965302
6183,0.2735346555709839
6184,0.2735346555709839
6185,0.25935474038124084
6186,0.25935474038124084
6187,0.23862163722515106
6188,0.23862163722515106
6189,0.2683691680431366
6190,0.2683691680431366
6191,0.27121996879577637
6192,0.27121996879577637
6193,0.27026504278182983
6194,0.27026504278182983
6195,0.2710826098918915
6196,0.2710826098918915
6197,0.2585444450378418
6198,0.2585444450378418
6199,0.25232744216918945
6200,0.25232744216918945
6201,0.24860568344593048
6202,0.24860568344593048
6203,0.27299270033836365
6204,0.27299270033836365
6205,0.2732306122779846
6206,0.2732306122779846
6207,0.2565464377403259
6208,0.2565464377403259
6209,0.2904174029827118
6210,0.2904174029827118
6211,0.25884199142456055
6212,0.25884199142456055
6213,0.23246578872203827
6214,0.27471667528152466
6215,0.275921493768692
6216,0.275921493768692
6217,0.2738081216812134
6218,0.273112028837204
6219,0.2730094790458679
6220,0.26271945238113403
6221,0.26271945238113403
6222,0.28575974702835083
6223,0.28575974702835083
6224,0.25273531675338745
6225,0.24237218499183655
6226,0.24237218499183655
6227,0.26585882902145386
6228,0.26585882902145386
6229,0.2539042830467224
6230,0.2539042830467224
6231,0.264019250869751
6232,0.264019250869751
6233,0.2527206540107727
6234,0.2527206540107727
6235,0.25649547576904297
6236,0.2334907501935959
6237,0.20407481491565704
6238,0.28713124990463257
6239,0.28713124990463257
6240,0.23353609442710876
6241,0.23353609442710876
6242,0.24534963071346283
6243,0.2711486220359802
6244,0.2711486220359802
6245,0.2830730676651001
6246,0.23400291800498962
6247,0.23400291800498962
6248,0.2567378282546997
6249,0.2567378282546997
6250,0.2727217376232147
6251,0.2727217376232147
6252,0.22824876010417938
6253,0.2496262937784195
6254,0.2496262937784195
6255,0.25758427381515503
6256,0.259373277425766
6257,0.23595307767391205
6258,0.2263965606689453
6259,0.25015825033187866
6260,0.2187260240316391
6261,0.29032009840011597
6262,0.22916273772716522
6263,0.2421124130487442
6264,0.2396707683801651
6265,0.22631530463695526
6266,0.22171925008296967
6267,0.2261352390050888
6268,0.22590352594852448
6269,0.242122083902359
6270,0.242122083902359
6271,0.23422881960868835
6272,0.2801179885864258
6273,0.2801179885864258
6274,0.24817432463169098
6275,0.26875704526901245
6276,0.26875704526901245
6277,0.18568681180477142
6278,0.2587347626686096
6279,0.2587347626686096
6280,0.2768823504447937
6281,0.2768823504447937
6282,0.2321033924818039
6283,0.2450234293937683
6284,0.2638794779777527
6285,0.27261292934417725
6286,0.27261292934417725
6287,0.2603186368942261
6288,0.2603186368942261
6289,0.27034932374954224
6290,0.27034932374954224
6291,0.29471391439437866
6292,0.26662343740463257
6293,0.24802295863628387
6294,0.28654661774635315
6295,0.32905328273773193
6296,0.24657045304775238
6297,0.24657045304775238
6298,0.26412710547447205
6299,0.26412710547447205
6300,0.2178013026714325
6301,0.2922811508178711
6302,0.21623212099075317
6303,0.27344608306884766
6304,0.2526840567588806
6305,0.23709534108638763
6306,0.24947123229503632
6307,0.24947123229503632
6308,0.2553243637084961
6309,0.26393651962280273
6310,0.26393651962280273
6311,0.235116645693779
6312,0.22946666181087494
6313,0.2335345596075058
6314,0.27609795331954956
6315,0.27609795331954956
6316,0.2463989108800888
6317,0.2564249634742737
6318,0.23178361356258392
6319,0.25875622034072876
6320,0.2660970091819763
6321,0.2660970091819763
6322,0.2857925295829773
6323,0.24990789592266083
6324,0.2661239504814148
6325,0.2594427466392517
6326,0.24809284508228302
6327,0.24809284508228302
6328,0.2706560492515564
6329,0.2735818028450012
6330,0.28251633048057556
6331,0.24607785046100616
6332,0.23176071047782898
6333,0.24057960510253906
6334,0.24171140789985657
6335,0.24171140789985657
6336,0.22305652499198914
6337,0.24426192045211792
6338,0.24426192045211792
6339,0.2599589228630066
6340,0.2599589228630066
6341,0.2743797302246094
6342,0.2751212418079376
6343,0.2636033296585083
6344,0.2636033296585083
6345,0.26036983728408813
6346,0.26036983728408813
6347,0.21934524178504944
6348,0.2739679217338562
6349,0.29561150074005127
6350,0.29561150074005127
6351,0.2736164927482605
6352,0.2736164927482605
6353,0.23329472541809082
6354,0.23329472541809082
6355,0.22777307033538818
6356,0.22777307033538818
6357,0.2579297423362732
6358,0.27128225564956665
6359,0.24008317291736603
6360,0.24008317291736603
6361,0.2598261535167694
6362,0.2539171874523163
6363,0.2539171874523163
6364,0.24185945093631744
6365,0.24185945093631744
6366,0.24501919746398926
6367,0.24441780149936676
6368,0.2654966115951538
6369,0.2711414396762848
6370,0.20300595462322235
6371,0.30747276544570923
6372,0.269676148891449
6373,0.2306625097990036
6374,0.30415594577789307
6375,0.2403082400560379
6376,0.22592701017856598
6377,0.23696333169937134
6378,0.23023468255996704
6379,0.22961772978305817
6380,0.2528238296508789
6381,0.2640262842178345
6382,0.2487945705652237
6383,0.3014758825302124
6384,0.3073210120201111
6385,0.3215091824531555
6386,0.2553432583808899
6387,0.2256438434123993
6388,0.2511090636253357
6389,0.2987188696861267
6390,0.2965431809425354
6391,0.2357797473669052
6392,0.20185111463069916
6393,0.2515719532966614
6394,0.23726490139961243
6395,0.23040489852428436
6396,0.2533798813819885
6397,0.2533798813819885
6398,0.26072627305984497
6399,0.26072627305984497
6400,0.27510541677474976
6401,0.29232966899871826
6402,0.25012892484664917
6403,0.23586232960224152
6404,0.2784231901168823
6405,0.2784231901168823
6406,0.2134108543395996
6407,0.22654271125793457
6408,0.24766497313976288
6409,0.2930557131767273
6410,0.2295699417591095
6411,0.2728087306022644
6412,0.2728087306022644
6413,0.3098098039627075
6414,0.2847250699996948
6415,0.2507818341255188
6416,0.2507818341255188
6417,0.2629072070121765
6418,0.2629072070121765
6419,0.27161139249801636
6420,0.2692355513572693
6421,0.27229294180870056
6422,0.2748684287071228
6423,0.23629359900951385
6424,0.24571873247623444
6425,0.25851523876190186
6426,0.25851523876190186
6427,0.27247267961502075
6428,0.25156521797180176
6429,0.2966125011444092
6430,0.2507212162017822
6431,0.2507212162017822
6432,0.244972363114357
6433,0.244972363114357
6434,0.2676922678947449
6435,0.2676922678947449
6436,0.24296756088733673
6437,0.2446237951517105
6438,0.2446237951517105
6439,0.24175594747066498
6440,0.24175594747066498
6441,0.24212835729122162
6442,0.24212835729122162
6443,0.23932494223117828
6444,0.23932494223117828
6445,0.24387745559215546
6446,0.24387745559215546
6447,0.27012479305267334
6448,0.27207791805267334
6449,0.2856702208518982
6450,0.2856702208518982
6451,0.2961007356643677
6452,0.22461660206317902
6453,0.2456120401620865
6454,0.2389422208070755
6455,0.2419528365135193
6456,0.1938147395849228
6457,0.2639109492301941
6458,0.3054637908935547
6459,0.3054637908935547
6460,0.24336497485637665
6461,0.24669763445854187
6462,0.2737150192260742
6463,0.26921337842941284
6464,0.26921337842941284
6465,0.274630606174469
6466,0.274630606174469
6467,0.23964086174964905
6468,0.17474648356437683
6469,0.20308943092823029
6470,0.207635298371315
6471,0.28615885972976685
6472,0.28615885972976685
6473,0.2757788896560669
6474,0.2757788896560669
6475,0.27780264616012573
6476,0.27780264616012573
6477,0.2528616189956665
6478,0.2528616189956665
6479,0.24009181559085846
6480,0.24009181559085846
6481,0.24557791650295258
6482,0.24557791650295258
6483,0.27300262451171875
6484,0.2783452272415161
6485,0.24630241096019745
6486,0.24630241096019745
6487,0.24913732707500458
6488,0.24913732707500458
6489,0.24401549994945526
6490,0.24401549994945526
6491,0.286943256855011
6492,0.286943256855011
6493,0.2928868532180786
6494,0.2928868532180786
6495,0.29608815908432007
6496,0.29608815908432007
6497,0.30671513080596924
6498,0.30671513080596924
6499,0.2976045608520508
6500,0.2976045608520508
6501,0.3016509413719177
6502,0.3016509413719177
6503,0.2828889489173889
6504,0.2828889489173889
6505,0.26312869787216187
6506,0.24388517439365387
6507,0.24388517439365387
6508,0.3319571614265442
6509,0.25200241804122925
6510,0.2576688528060913
6511,0.2576688528060913
6512,0.25097382068634033
6513,0.25097382068634033
6514,0.26264333724975586
6515,0.26264333724975586
6516,0.23797665536403656
6517,0.23797665536403656
6518,0.2380218803882599
6519,0.2380218803882599
6520,0.26450371742248535
6521,0.26450371742248535
6522,0.26080507040023804
6523,0.26080507040023804
6524,0.29738181829452515
6525,0.2678762674331665
6526,0.23212532699108124
6527,0.23212532699108124
6528,0.2381039410829544
6529,0.2381039410829544
6530,0.2355891913175583
6531,0.2355891913175583
6532,0.22369566559791565
6533,0.20143070816993713
6534,0.25662901997566223
6535,0.25662901997566223
6536,0.25560611486434937
6537,0.25560611486434937
6538,0.22227419912815094
6539,0.24835605919361115
6540,0.2795500159263611
6541,0.2795500159263611
6542,0.23783047497272491
6543,0.2651868462562561
6544,0.2651868462562561
6545,0.27208346128463745
6546,0.27208346128463745
6547,0.22856348752975464
6548,0.2635985016822815
6549,0.2271207869052887
6550,0.24942724406719208
6551,0.24942724406719208
6552,0.28728604316711426
6553,0.28728604316711426
6554,0.24079139530658722
6555,0.2532605528831482
6556,0.2532605528831482
6557,0.2517043948173523
6558,0.2517043948173523
6559,0.23300664126873016
6560,0.23300664126873016
6561,0.2647966742515564
6562,0.2647966742515564
6563,0.2689136266708374
6564,0.26697421073913574
6565,0.26697421073913574
6566,0.28776830434799194
6567,0.28776830434799194
6568,0.2773135304450989
6569,0.27029168605804443
6570,0.28827959299087524
6571,0.2391834408044815
6572,0.22128696739673615
6573,0.24190117418766022
6574,0.2502546012401581
6575,0.23270218074321747
6576,0.23270218074321747
6577,0.2501339316368103
6578,0.32759398221969604
6579,0.2650454044342041
6580,0.2650454044342041
6581,0.26989781856536865
6582,0.26310402154922485
6583,0.2710319757461548
6584,0.3581774830818176
6585,0.25379860401153564
6586,0.27228593826293945
6587,0.3136082887649536
6588,0.31749290227890015
6589,0.3262849450111389
6590,0.2777467668056488
6591,0.2777467668056488
6592,0.2846144437789917
6593,0.2564792037010193
6594,0.2564792037010193
6595,0.2869892120361328
6596,0.2574591636657715
6597,0.2574591636657715
6598,0.24929256737232208
6599,0.20742328464984894
6600,0.26195061206817627
6601,0.26195061206817627
6602,0.20684298872947693
6603,0.26863449811935425
6604,0.21159742772579193
6605,0.22697709500789642
6606,0.27029526233673096
6607,0.27029526233673096
6608,0.2785778045654297
6609,0.27398595213890076
6610,0.275299072265625
6611,0.2538549304008484
6612,0.2707180380821228
6613,0.2337999790906906
6614,0.30778390169143677
6615,0.24699349701404572
6616,0.27267736196517944
6617,0.26406753063201904
6618,0.2533448338508606
6619,0.2575417160987854
6620,0.27908337116241455
6621,0.26131385564804077
6622,0.26131385564804077
6623,0.2656046748161316
6624,0.2656046748161316
6625,0.32335197925567627
6626,0.2381410449743271
6627,0.2773905396461487
6628,0.262828528881073
6629,0.262828528881073
6630,0.26828399300575256
6631,0.26828399300575256
6632,0.2949468493461609
6633,0.2746499478816986
6634,0.27702879905700684
6635,0.27702879905700684
6636,0.2674354612827301
6637,0.2674354612827301
6638,0.2622336745262146
6639,0.21704556047916412
6640,0.2567206025123596
6641,0.23433180153369904
6642,0.23433180153369904
6643,0.2608794569969177
6644,0.2608794569969177
6645,0.22089658677577972
6646,0.27833476662635803
6647,0.30637943744659424
6648,0.2583947777748108
6649,0.2341521829366684
6650,0.2341521829366684
6651,0.2386166900396347
6652,0.24730074405670166
6653,0.29086631536483765
6654,0.3195466995239258
6655,0.3113641142845154
6656,0.2629854679107666
6657,0.25916463136672974
6658,0.26009678840637207
6659,0.25008025765419006
6660,0.2414996474981308
6661,0.2414996474981308
6662,0.2197614461183548
6663,0.23673515021800995
6664,0.23424427211284637
6665,0.23424427211284637
6666,0.23405326902866364
6667,0.23859579861164093
6668,0.2764195203781128
6669,0.23726192116737366
6670,0.24933411180973053
6671,0.3050912022590637
6672,0.31557708978652954
6673,0.23725451529026031
6674,0.24235005676746368
6675,0.2586933970451355
6676,0.26714372634887695
6677,0.23647306859493256
6678,0.3105505108833313
6679,0.24997271597385406
6680,0.23497866094112396
6681,0.30759114027023315
6682,0.28509509563446045
6683,0.274603009223938
6684,0.2626061737537384
6685,0.2626061737537384
6686,0.26070308685302734
6687,0.26070308685302734
6688,0.21384795010089874
6689,0.2695695161819458
6690,0.2695695161819458
6691,0.23334185779094696
6692,0.23334185779094696
6693,0.2683791518211365
6694,0.2683791518211365
6695,0.2339124083518982
6696,0.235788032412529
6697,0.235788032412529
6698,0.3096906542778015
6699,0.3086419105529785
6700,0.30486905574798584
6701,0.27520397305488586
6702,0.26185789704322815
6703,0.25572362542152405
6704,0.284637987613678
6705,0.2469959408044815
6706,0.26661416888237
6707,0.2669733166694641
6708,0.2949766516685486
6709,0.22476159036159515
6710,0.22476159036159515
6711,0.2843736708164215
6712,0.23299817740917206
6713,0.2586551904678345
6714,0.23600664734840393
6715,0.24075835943222046
6716,0.2571905851364136
6717,0.2571905851364136
6718,0.22377119958400726
6719,0.23551787436008453
6720,0.247452974319458
6721,0.23482410609722137
6722,0.23482410609722137
6723,0.30250483751296997
6724,0.2689926028251648
6725,0.26968371868133545
6726,0.3067229986190796
6727,0.22595201432704926
6728,0.2350570112466812
6729,0.2350570112466812
6730,0.20285354554653168
6731,0.2714478373527527
6732,0.2714478373527527
6733,0.2870537042617798
6734,0.28147655725479126
6735,0.302226722240448
6736,0.2368488758802414
6737,0.22835157811641693
6738,0.2419225424528122
6739,0.28402382135391235
6740,0.2201119214296341
6741,0.22702664136886597
6742,0.2350941151380539
6743,0.266711950302124
6744,0.24355104565620422
6745,0.29588842391967773
6746,0.2652131915092468
6747,0.24905142188072205
6748,0.24954110383987427
6749,0.2549959123134613
6750,0.2186783105134964
6751,0.2544400990009308
6752,0.23596854507923126
6753,0.28861209750175476
6754,0.2184869647026062
6755,0.25377875566482544
6756,0.29551833868026733
6757,0.29785072803497314
6758,0.1903282254934311
6759,0.26083335280418396
6760,0.23058278858661652
6761,0.26097163558006287
6762,0.23021037876605988
6763,0.25220584869384766
6764,0.2889578640460968
6765,0.2889578640460968
6766,0.294819176197052
6767,0.294819176197052
6768,0.26930564641952515
6769,0.26930564641952515
6770,0.23706187307834625
6771,0.26768970489501953
6772,0.26768970489501953
6773,0.279565691947937
6774,0.2547932267189026
6775,0.26866668462753296
6776,0.26866668462753296
6777,0.2705523371696472
6778,0.2718290686607361
6779,0.2565764784812927
6780,0.2545321583747864
6781,0.2758222222328186
6782,0.23432573676109314
6783,0.21691305935382843
6784,0.21691305935382843
6785,0.31967926025390625
6786,0.242314413189888
6787,0.242314413189888
6788,0.24112384021282196
6789,0.241636261343956
6790,0.20692601799964905
6791,0.20692601799964905
6792,0.24420641362667084
6793,0.24420641362667084
6794,0.2615395784378052
6795,0.2615395784378052
6796,0.2632707953453064
6797,0.2632707953453064
6798,0.17259420454502106
6799,0.27015721797943115
6800,0.23172111809253693
6801,0.23172111809253693
6802,0.26373612880706787
6803,0.26373612880706787
6804,0.24979697167873383
6805,0.27446383237838745
6806,0.27446383237838745
6807,0.25421804189682007
6808,0.25421804189682007
6809,0.23579081892967224
6810,0.21045713126659393
6811,0.2676078677177429
6812,0.19901858270168304
6813,0.2533726692199707
6814,0.26447930932044983
6815,0.26447930932044983
6816,0.2596919536590576
6817,0.2596919536590576
6818,0.26162952184677124
6819,0.26162952184677124
6820,0.2611837387084961
6821,0.23608355224132538
6822,0.23429645597934723
6823,0.23429645597934723
6824,0.20373481512069702
6825,0.20373481512069702
6826,0.1984780728816986
6827,0.24226681888103485
6828,0.25090712308883667
6829,0.24174316227436066
6830,0.2625541687011719
6831,0.25225502252578735
6832,0.25888437032699585
6833,0.22481802105903625
6834,0.2615867257118225
6835,0.24083171784877777
6836,0.26075440645217896
6837,0.23020872473716736
6838,0.2885134220123291
6839,0.2868257164955139
6840,0.27767330408096313
6841,0.2762240171432495
6842,0.303679883480072
6843,0.24086083471775055
6844,0.28132638335227966
6845,0.3073543310165405
6846,0.3073543310165405
6847,0.2411106526851654
6848,0.28624892234802246
6849,0.28624892234802246
6850,0.25522667169570923
6851,0.2580810785293579
6852,0.2467031180858612
6853,0.24562548100948334
6854,0.2275107502937317
6855,0.2275107502937317
6856,0.23575136065483093
6857,0.2620660662651062
6858,0.28436893224716187
6859,0.260084867477417
6860,0.19207260012626648
6861,0.24176393449306488
6862,0.2740269899368286
6863,0.2740269899368286
6864,0.2757072150707245
6865,0.2670435309410095
6866,0.2670435309410095
6867,0.2520388960838318
6868,0.24537284672260284
6869,0.29271048307418823
6870,0.28721803426742554
6871,0.3098066449165344
6872,0.27291080355644226
6873,0.2635865807533264
6874,0.1998542696237564
6875,0.2518152892589569
6876,0.28729048371315
6877,0.28729048371315
6878,0.25932592153549194
6879,0.28027600049972534
6880,0.29455995559692383
6881,0.31137919425964355
6882,0.29348331689834595
6883,0.2688450217247009
6884,0.2433181256055832
6885,0.23671698570251465
6886,0.25358206033706665
6887,0.25916844606399536
6888,0.28503572940826416
6889,0.24482956528663635
6890,0.2166184037923813
6891,0.2166184037923813
6892,0.27364253997802734
6893,0.27364253997802734
6894,0.20130978524684906
6895,0.2857961654663086
6896,0.2857961654663086
6897,0.27039098739624023
6898,0.2849748134613037
6899,0.28065091371536255
6900,0.28065091371536255
6901,0.2724226713180542
6902,0.22524629533290863
6903,0.22524629533290863
6904,0.23780111968517303
6905,0.23879246413707733
6906,0.28838372230529785
6907,0.28838372230529785
6908,0.2455037236213684
6909,0.2455037236213684
6910,0.20037733018398285
6911,0.20037733018398285
6912,0.18000483512878418
6913,0.18080592155456543
6914,0.19488371908664703
6915,0.1910841464996338
6916,0.2824620008468628
6917,0.2824620008468628
6918,0.2408473640680313
6919,0.28395605087280273
6920,0.28395605087280273
6921,0.26611328125
6922,0.27117693424224854
6923,0.2855168581008911
6924,0.2855168581008911
6925,0.2778468132019043
6926,0.2522536516189575
6927,0.2522536516189575
6928,0.25260233879089355
6929,0.19781996309757233
6930,0.1560467779636383
6931,0.2988291382789612
6932,0.23219183087348938
6933,0.1729670912027359
6934,0.2559426426887512
6935,0.29852908849716187
6936,0.29852908849716187
6937,0.2417318969964981
6938,0.2417318969964981
6939,0.2783021926879883
6940,0.34694838523864746
6941,0.27078181505203247
6942,0.25801515579223633
6943,0.27715209126472473
6944,0.27639132738113403
6945,0.26263266801834106
6946,0.25923532247543335
6947,0.25923532247543335
6948,0.2380332350730896
6949,0.26604747772216797
6950,0.267978698015213
6951,0.2633442282676697
6952,0.2633442282676697
6953,0.23196707665920258
6954,0.23196707665920258
6955,0.2675359845161438
6956,0.2675359845161438
6957,0.2962998151779175
6958,0.2962998151779175
6959,0.22705931961536407
6960,0.26901668310165405
6961,0.26901668310165405
6962,0.2837110161781311
6963,0.2837110161781311
6964,0.3011665344238281
6965,0.2744608223438263
6966,0.2744608223438263
6967,0.2141026109457016
6968,0.28742700815200806
6969,0.1957893818616867
6970,0.1957893818616867
6971,0.2534712553024292
6972,0.22462676465511322
6973,0.23634715378284454
6974,0.17686057090759277
6975,0.25798287987709045
6976,0.25798287987709045
6977,0.30420851707458496
6978,0.19797903299331665
6979,0.2966979146003723
6980,0.26399368047714233
6981,0.26399368047714233
6982,0.28543171286582947
6983,0.2407974898815155
6984,0.2694016695022583
6985,0.2926490902900696
6986,0.2096097767353058
6987,0.2096097767353058
6988,0.19887380301952362
6989,0.2666322588920593
6990,0.27208006381988525
6991,0.2821424603462219
6992,0.2829899787902832
6993,0.2903783321380615
6994,0.2903783321380615
6995,0.2509995102882385
6996,0.2713901400566101
6997,0.24263547360897064
6998,0.29840701818466187
6999,0.2431107610464096
7000,0.2577974200248718
7001,0.26840102672576904
7002,0.23887571692466736
7003,0.2504607141017914
7004,0.2504607141017914
7005,0.19125735759735107
7006,0.2386372834444046
7007,0.2524406611919403
7008,0.3092559576034546
7009,0.21611317992210388
7010,0.28975456953048706
7011,0.2452022284269333
7012,0.23541341722011566
7013,0.288290798664093
7014,0.29534202814102173
7015,0.29534202814102173
7016,0.20755000412464142
7017,0.2791915535926819
7018,0.2791915535926819
7019,0.2668493390083313
7020,0.2428835928440094
7021,0.2428835928440094
7022,0.2693345546722412
7023,0.2658194899559021
7024,0.2658194899559021
7025,0.3007853627204895
7026,0.2762233018875122
7027,0.2762233018875122
7028,0.2925907373428345
7029,0.2950330376625061
7030,0.2950330376625061
7031,0.22838816046714783
7032,0.2881314158439636
7033,0.2881314158439636
7034,0.27272671461105347
7035,0.27272671461105347
7036,0.23029153048992157
7037,0.23029153048992157
7038,0.2770906686782837
7039,0.2770906686782837
7040,0.26728391647338867
7041,0.26728391647338867
7042,0.2615409195423126
7043,0.2615409195423126
7044,0.2624988555908203
7045,0.2624988555908203
7046,0.23994706571102142
7047,0.23994706571102142
7048,0.24294093251228333
7049,0.24294093251228333
7050,0.2214852124452591
7051,0.2214852124452591
7052,0.2857423722743988
7053,0.2857423722743988
7054,0.2793648838996887
7055,0.2793648838996887
7056,0.25854289531707764
7057,0.25854289531707764
7058,0.2834005355834961
7059,0.2834005355834961
7060,0.2844385504722595
7061,0.2844385504722595
7062,0.22766883671283722
7063,0.28066760301589966
7064,0.2717053294181824
7065,0.2717053294181824
7066,0.2778729498386383
7067,0.27704817056655884
7068,0.27671104669570923
7069,0.2852722406387329
7070,0.2852722406387329
7071,0.292655885219574
7072,0.292655885219574
7073,0.26514357328414917
7074,0.28170591592788696
7075,0.28170591592788696
7076,0.28302812576293945
7077,0.28302812576293945
7078,0.22295576333999634
7079,0.22295576333999634
7080,0.26866891980171204
7081,0.26866891980171204
7082,0.2960272431373596
7083,0.2960272431373596
7084,0.24000364542007446
7085,0.2282484471797943
7086,0.21713069081306458
7087,0.2806888818740845
7088,0.2806888818740845
7089,0.25496768951416016
7090,0.25496768951416016
7091,0.28891825675964355
7092,0.2744855582714081
7093,0.2744855582714081
7094,0.2876659631729126
7095,0.28609198331832886
7096,0.28609198331832886
7097,0.23937304317951202
7098,0.23937304317951202
7099,0.2732148766517639
7100,0.2732148766517639
7101,0.23697541654109955
7102,0.27389317750930786
7103,0.27389317750930786
7104,0.2924119234085083
7105,0.26873740553855896
7106,0.20490969717502594
7107,0.2468167096376419
7108,0.2803212106227875
7109,0.26174646615982056
7110,0.2936686873435974
7111,0.2386663556098938
7112,0.25336524844169617
7113,0.25617295503616333
7114,0.24108155071735382
7115,0.2738993763923645
7116,0.24072204530239105
7117,0.24149538576602936
7118,0.24839439988136292
7119,0.24839439988136292
7120,0.25396430492401123
7121,0.26951250433921814
7122,0.26951250433921814
7123,0.26373958587646484
7124,0.31714415550231934
7125,0.31714415550231934
7126,0.17931701242923737
7127,0.23171958327293396
7128,0.23171958327293396
7129,0.32915228605270386
7130,0.32915228605270386
7131,0.26185142993927
7132,0.2632872462272644
7133,0.25705254077911377
7134,0.28475672006607056
7135,0.28475672006607056
7136,0.2899972200393677
7137,0.2899972200393677
7138,0.24855051934719086
7139,0.24855051934719086
7140,0.25606751441955566
7141,0.2544928193092346
7142,0.267447829246521
7143,0.27954864501953125
7144,0.3549487590789795
7145,0.27541661262512207
7146,0.27541661262512207
7147,0.29557472467422485
7148,0.29557472467422485
7149,0.27016890048980713
7150,0.25079184770584106
7151,0.2288290113210678
7152,0.2619532346725464
7153,0.24202625453472137
7154,0.2616061270236969
7155,0.301787793636322
7156,0.301787793636322
7157,0.22139398753643036
7158,0.27880197763442993
7159,0.27880197763442993
7160,0.21675853431224823
7161,0.2372685819864273
7162,0.26412832736968994
7163,0.2642349600791931
7164,0.2642349600791931
7165,0.2678459882736206
7166,0.30072593688964844
7167,0.2309449017047882
7168,0.25763946771621704
7169,0.2603263854980469
7170,0.2603263854980469
7171,0.2780529856681824
7172,0.2732546925544739
7173,0.27320075035095215
7174,0.22426722943782806
7175,0.2653515338897705
7176,0.2653515338897705
7177,0.24497999250888824
7178,0.28622519969940186
7179,0.29877716302871704
7180,0.29079222679138184
7181,0.24490228295326233
7182,0.26806968450546265
7183,0.262509822845459
7184,0.262509822845459
7185,0.1896313726902008
7186,0.2608303427696228
7187,0.2608303427696228
7188,0.286296010017395
7189,0.286296010017395
7190,0.27883219718933105
7191,0.2554175853729248
7192,0.2786739468574524
7193,0.2786739468574524
7194,0.2801814675331116
7195,0.2801814675331116
7196,0.20851440727710724
7197,0.2738456726074219
7198,0.29080045223236084
7199,0.29080045223236084
7200,0.26400458812713623
7201,0.26400458812713623
7202,0.24529364705085754
7203,0.24529364705085754
7204,0.2591021656990051
7205,0.2591021656990051
7206,0.23967914283275604
7207,0.262168824672699
7208,0.24193519353866577
7209,0.24193519353866577
7210,0.2589576840400696
7211,0.24341511726379395
7212,0.24341511726379395
7213,0.24436478316783905
7214,0.24436478316783905
7215,0.23715408146381378
7216,0.23673968017101288
7217,0.28252726793289185
7218,0.2934582233428955
7219,0.1858249455690384
7220,0.26719439029693604
7221,0.27946752309799194
7222,0.21476343274116516
7223,0.29910820722579956
7224,0.2521563768386841
7225,0.2552092671394348
7226,0.2356669157743454
7227,0.2296508401632309
7228,0.2478986531496048
7229,0.24944479763507843
7230,0.2590126395225525
7231,0.23757585883140564
7232,0.2869480550289154
7233,0.2968032956123352
7234,0.3389991521835327
7235,0.2437545210123062
7236,0.23397646844387054
7237,0.2416233867406845
7238,0.3444533944129944
7239,0.2748123109340668
7240,0.2480752021074295
7241,0.21446923911571503
7242,0.26077085733413696
7243,0.249836727976799
7244,0.25490444898605347
7245,0.24357573688030243
7246,0.24357573688030243
7247,0.2626393437385559
7248,0.2626393437385559
7249,0.29078638553619385
7250,0.2748713493347168
7251,0.3076215386390686
7252,0.2930617928504944
7253,0.2802770733833313
7254,0.2802770733833313
7255,0.1949739158153534
7256,0.21544815599918365
7257,0.2854979336261749
7258,0.2605052590370178
7259,0.22556518018245697
7260,0.2736963629722595
7261,0.2736963629722595
7262,0.2793285846710205
7263,0.2822660207748413
7264,0.27834588289260864
7265,0.27834588289260864
7266,0.277410626411438
7267,0.277410626411438
7268,0.2950725555419922
7269,0.28615817427635193
7270,0.23958462476730347
7271,0.29948514699935913
7272,0.27014225721359253
7273,0.25956809520721436
7274,0.28427329659461975
7275,0.28427329659461975
7276,0.27898335456848145
7277,0.2617245614528656
7278,0.27317893505096436
7279,0.2592412829399109
7280,0.2592412829399109
7281,0.25603628158569336
7282,0.25603628158569336
7283,0.27358585596084595
7284,0.27358585596084595
7285,0.257240891456604
7286,0.24270202219486237
7287,0.24270202219486237
7288,0.24430815875530243
7289,0.24430815875530243
7290,0.24362774193286896
7291,0.24362774193286896
7292,0.24883891642093658
7293,0.24883891642093658
7294,0.26813066005706787
7295,0.26813066005706787
7296,0.30848467350006104
7297,0.30915898084640503
7298,0.2908535301685333
7299,0.2908535301685333
7300,0.3015980124473572
7301,0.19972985982894897
7302,0.23752908408641815
7303,0.222074955701828
7304,0.2353086620569229
7305,0.19729481637477875
7306,0.26926547288894653
7307,0.3067052960395813
7308,0.3067052960395813
7309,0.2360471934080124
7310,0.23820726573467255
7311,0.27116185426712036
7312,0.26081258058547974
7313,0.26081258058547974
7314,0.3123035430908203
7315,0.3123035430908203
7316,0.22165456414222717
7317,0.15148410201072693
7318,0.19342203438282013
7319,0.1932019293308258
7320,0.2579847276210785
7321,0.2579847276210785
7322,0.26578789949417114
7323,0.26578789949417114
7324,0.2700333595275879
7325,0.2700333595275879
7326,0.2837916314601898
7327,0.2837916314601898
7328,0.24299558997154236
7329,0.24299558997154236
7330,0.2695252597332001
7331,0.2695252597332001
7332,0.25039780139923096
7333,0.25859183073043823
7334,0.2127845734357834
7335,0.2127845734357834
7336,0.22032545506954193
7337,0.22032545506954193
7338,0.23025771975517273
7339,0.23025771975517273
7340,0.28065574169158936
7341,0.28065574169158936
7342,0.30144524574279785
7343,0.30144524574279785
7344,0.3003663420677185
7345,0.3003663420677185
7346,0.2992655038833618
7347,0.2992655038833618
7348,0.3007686734199524
7349,0.3007686734199524
7350,0.3002887964248657
7351,0.3002887964248657
7352,0.28530794382095337
7353,0.28530794382095337
7354,0.28513282537460327
7355,0.2678225040435791
7356,0.2678225040435791
7357,0.3597179055213928
7358,0.27690595388412476
7359,0.27597832679748535
7360,0.27597832679748535
7361,0.28847718238830566
7362,0.28847718238830566
7363,0.2754502296447754
7364,0.2754502296447754
7365,0.27263355255126953
7366,0.27263355255126953
7367,0.2836247384548187
7368,0.2836247384548187
7369,0.31536030769348145
7370,0.31536030769348145
7371,0.26459866762161255
7372,0.26459866762161255
7373,0.2927176356315613
7374,0.26988428831100464
7375,0.2398051917552948
7376,0.2398051917552948
7377,0.26220881938934326
7378,0.26220881938934326
7379,0.2535099387168884
7380,0.2535099387168884
7381,0.18983127176761627
7382,0.17931918799877167
7383,0.2345314472913742
7384,0.2345314472913742
7385,0.30391645431518555
7386,0.30391645431518555
7387,0.22727756202220917
7388,0.23958951234817505
7389,0.26135188341140747
7390,0.26135188341140747
7391,0.25551533699035645
7392,0.2724120020866394
7393,0.2724120020866394
7394,0.25272613763809204
7395,0.25272613763809204
7396,0.21925853192806244
7397,0.2646291255950928
7398,0.27465420961380005
7399,0.27448388934135437
7400,0.27448388934135437
7401,0.3213496804237366
7402,0.3213496804237366
7403,0.3021729588508606
7404,0.26893216371536255
7405,0.26893216371536255
7406,0.27243316173553467
7407,0.27243316173553467
7408,0.2728727459907532
7409,0.2728727459907532
7410,0.2598971724510193
7411,0.2598971724510193
7412,0.27388691902160645
7413,0.28732830286026
7414,0.28732830286026
7415,0.2842788100242615
7416,0.2842788100242615
7417,0.30557185411453247
7418,0.30080312490463257
7419,0.2892903685569763
7420,0.2447740137577057
7421,0.24051646888256073
7422,0.24660421907901764
7423,0.24101226031780243
7424,0.2501299977302551
7425,0.2501299977302551
7426,0.2766449451446533
7427,0.3524419069290161
7428,0.2632296085357666
7429,0.2632296085357666
7430,0.2658650875091553
7431,0.2465737909078598
7432,0.2503616511821747
7433,0.3781149387359619
7434,0.2408498376607895
7435,0.257324755191803
7436,0.321678102016449
7437,0.33095264434814453
7438,0.3500239849090576
7439,0.26247236132621765
7440,0.26247236132621765
7441,0.3098517060279846
7442,0.2988351583480835
7443,0.2988351583480835
7444,0.2664009928703308
7445,0.258408784866333
7446,0.258408784866333
7447,0.24025823175907135
7448,0.24887940287590027
7449,0.24238266050815582
7450,0.24238266050815582
7451,0.17330114543437958
7452,0.252391517162323
7453,0.22174090147018433
7454,0.23190946877002716
7455,0.30707108974456787
7456,0.30707108974456787
7457,0.24113920331001282
7458,0.2592526078224182
7459,0.2625483274459839
7460,0.26746225357055664
7461,0.2918407917022705
7462,0.29637616872787476
7463,0.27893513441085815
7464,0.2740408778190613
7465,0.2811923027038574
7466,0.292747437953949
7467,0.24289168417453766
7468,0.27416616678237915
7469,0.24377009272575378
7470,0.2682986259460449
7471,0.2682986259460449
7472,0.2722151279449463
7473,0.2722151279449463
7474,0.3432155251502991
7475,0.21044693887233734
7476,0.2861126661300659
7477,0.25801676511764526
7478,0.25801676511764526
7479,0.27350401878356934
7480,0.27350401878356934
7481,0.27208638191223145
7482,0.26360970735549927
7483,0.26555687189102173
7484,0.26555687189102173
7485,0.2733810544013977
7486,0.2733810544013977
7487,0.2519705593585968
7488,0.2590100169181824
7489,0.25252240896224976
7490,0.2424670308828354
7491,0.2424670308828354
7492,0.2513708472251892
7493,0.2513708472251892
7494,0.19936631619930267
7495,0.26741349697113037
7496,0.3044940233230591
7497,0.24474184215068817
7498,0.2631264328956604
7499,0.2631264328956604
7500,0.28349757194519043
7501,0.26379629969596863
7502,0.25766676664352417
7503,0.33498436212539673
7504,0.3174956440925598
7505,0.24817664921283722
7506,0.2834051847457886
7507,0.24008795619010925
7508,0.2890794277191162
7509,0.2653430700302124
7510,0.2653430700302124
7511,0.24231159687042236
7512,0.2544882297515869
7513,0.2599104046821594
7514,0.2599104046821594
7515,0.2463642954826355
7516,0.2835296392440796
7517,0.3476383686065674
7518,0.2401362806558609
7519,0.21932487189769745
7520,0.258486807346344
7521,0.3264980912208557
7522,0.24922095239162445
7523,0.2603744864463806
7524,0.2705457806587219
7525,0.24810387194156647
7526,0.23629899322986603
7527,0.3004659414291382
7528,0.2532010078430176
7529,0.21377021074295044
7530,0.3063001036643982
7531,0.2663044333457947
7532,0.23181629180908203
7533,0.2842754125595093
7534,0.2842754125595093
7535,0.2722215950489044
7536,0.2722215950489044
7537,0.22443439066410065
7538,0.29767680168151855
7539,0.29767680168151855
7540,0.27959156036376953
7541,0.27959156036376953
7542,0.3088603615760803
7543,0.3088603615760803
7544,0.2491302341222763
7545,0.24050147831439972
7546,0.24050147831439972
7547,0.3132348656654358
7548,0.3096928000450134
7549,0.30309098958969116
7550,0.25674930214881897
7551,0.3042057156562805
7552,0.22812576591968536
7553,0.2671888470649719
7554,0.2594391703605652
7555,0.2967050075531006
7556,0.2955881357192993
7557,0.33978307247161865
7558,0.21678973734378815
7559,0.21678973734378815
7560,0.2667843699455261
7561,0.23576496541500092
7562,0.2465934306383133
7563,0.22752003371715546
7564,0.2838214635848999
7565,0.3160375952720642
7566,0.3160375952720642
7567,0.20192334055900574
7568,0.24816344678401947
7569,0.248831644654274
7570,0.2794574499130249
7571,0.2794574499130249
7572,0.2973630428314209
7573,0.29465264081954956
7574,0.30739396810531616
7575,0.32144850492477417
7576,0.24525873363018036
7577,0.24751734733581543
7578,0.24751734733581543
7579,0.1998736560344696
7580,0.25202620029449463
7581,0.25202620029449463
7582,0.2687191367149353
7583,0.2679893970489502
7584,0.27905726432800293
7585,0.2632405757904053
7586,0.23336586356163025
7587,0.286201536655426
7588,0.28216424584388733
7589,0.19465531408786774
7590,0.23173554241657257
7591,0.22093187272548676
7592,0.2559279799461365
7593,0.28674954175949097
7594,0.3710402846336365
7595,0.32394808530807495
7596,0.28621751070022583
7597,0.28727084398269653
7598,0.2617252469062805
7599,0.19907914102077484
7600,0.2798371911048889
7601,0.24692068994045258
7602,0.33337539434432983
7603,0.21911029517650604
7604,0.22707922756671906
7605,0.2887542247772217
7606,0.30031275749206543
7607,0.22328035533428192
7608,0.22353602945804596
7609,0.22971272468566895
7610,0.2728513181209564
7611,0.23065327107906342
7612,0.24232041835784912
7613,0.2764856219291687
7614,0.2764856219291687
7615,0.2798925042152405
7616,0.2798925042152405
7617,0.23282168805599213
7618,0.23282168805599213
7619,0.267075777053833
7620,0.2558639645576477
7621,0.2558639645576477
7622,0.282306432723999
7623,0.2415018528699875
7624,0.2530304193496704
7625,0.2530304193496704
7626,0.2750425934791565
7627,0.2688407897949219
7628,0.25417929887771606
7629,0.2505645751953125
7630,0.28956878185272217
7631,0.25855180621147156
7632,0.25756633281707764
7633,0.25756633281707764
7634,0.2806452512741089
7635,0.258370041847229
7636,0.258370041847229
7637,0.2742195129394531
7638,0.2737255096435547
7639,0.18693046271800995
7640,0.18693046271800995
7641,0.29065054655075073
7642,0.29065054655075073
7643,0.28185760974884033
7644,0.28185760974884033
7645,0.2967585325241089
7646,0.2967585325241089
7647,0.24776305258274078
7648,0.3046262264251709
7649,0.296966016292572
7650,0.296966016292572
7651,0.2933487296104431
7652,0.2933487296104431
7653,0.2823917269706726
7654,0.30020081996917725
7655,0.30020081996917725
7656,0.2941856384277344
7657,0.2941856384277344
7658,0.2829921245574951
7659,0.2743387818336487
7660,0.2934214472770691
7661,0.23933003842830658
7662,0.29086780548095703
7663,0.29689085483551025
7664,0.29689085483551025
7665,0.29667824506759644
7666,0.29667824506759644
7667,0.29178470373153687
7668,0.29178470373153687
7669,0.2852987051010132
7670,0.23720841109752655
7671,0.28839850425720215
7672,0.28839850425720215
7673,0.2645851969718933
7674,0.2645851969718933
7675,0.26875659823417664
7676,0.2962316870689392
7677,0.2844570577144623
7678,0.2748880386352539
7679,0.2674081325531006
7680,0.2976487874984741
7681,0.2974308133125305
7682,0.2760065197944641
7683,0.32065415382385254
7684,0.3017387390136719
7685,0.25750231742858887
7686,0.29936325550079346
7687,0.2716969847679138
7688,0.31385332345962524
7689,0.3385896682739258
7690,0.3267081379890442
7691,0.324801504611969
7692,0.2884374260902405
7693,0.2813952565193176
7694,0.31334012746810913
7695,0.31334012746810913
7696,0.31352728605270386
7697,0.3199763298034668
7698,0.3199763298034668
7699,0.27582865953445435
7700,0.2911587953567505
7701,0.2752915620803833
7702,0.27430063486099243
7703,0.2923429012298584
7704,0.2923429012298584
7705,0.29407501220703125
7706,0.2988837957382202
7707,0.3018929362297058
7708,0.2737175524234772
7709,0.2526029944419861
7710,0.2697978615760803
7711,0.3005673289299011
7712,0.3005673289299011
7713,0.26843392848968506
7714,0.2669985592365265
7715,0.2669985592365265
7716,0.25832313299179077
7717,0.23323659598827362
7718,0.310510516166687
7719,0.31195467710494995
7720,0.26958245038986206
7721,0.3290916085243225
7722,0.26220154762268066
7723,0.2586408257484436
7724,0.2742157578468323
7725,0.30275779962539673
7726,0.30275779962539673
7727,0.25556206703186035
7728,0.326018750667572
7729,0.2993624806404114
7730,0.3139885663986206
7731,0.32040709257125854
7732,0.27136683464050293
7733,0.26379185914993286
7734,0.269578754901886
7735,0.25212568044662476
7736,0.3259725570678711
7737,0.2674676179885864
7738,0.262873113155365
7739,0.27242594957351685
7740,0.27242594957351685
7741,0.2980170249938965
7742,0.2980170249938965
7743,0.26316291093826294
7744,0.30205583572387695
7745,0.30205583572387695
7746,0.30155032873153687
7747,0.3073089122772217
7748,0.27575308084487915
7749,0.27575308084487915
7750,0.2693074643611908
7751,0.2917364835739136
7752,0.2917364835739136
7753,0.2597419023513794
7754,0.26165926456451416
7755,0.3116004467010498
7756,0.3116004467010498
7757,0.27048659324645996
7758,0.27048659324645996
7759,0.26600509881973267
7760,0.26600509881973267
7761,0.23191796243190765
7762,0.25540971755981445
7763,0.25637489557266235
7764,0.26304519176483154
7765,0.32032060623168945
7766,0.32032060623168945
7767,0.28751933574676514
7768,0.30188286304473877
7769,0.30188286304473877
7770,0.27969539165496826
7771,0.28245997428894043
7772,0.3036124110221863
7773,0.3036124110221863
7774,0.3141823410987854
7775,0.29763656854629517
7776,0.29763656854629517
7777,0.2882787585258484
7778,0.2609180212020874
7779,0.21935710310935974
7780,0.305273175239563
7781,0.3019164800643921
7782,0.23268817365169525
7783,0.2971956133842468
7784,0.2839614748954773
7785,0.2839614748954773
7786,0.2948179841041565
7787,0.2948179841041565
7788,0.25552451610565186
7789,0.35394757986068726
7790,0.27331894636154175
7791,0.30815523862838745
7792,0.3166964650154114
7793,0.3169206976890564
7794,0.2761939764022827
7795,0.31519681215286255
7796,0.31519681215286255
7797,0.2555295526981354
7798,0.2774878144264221
7799,0.3211343288421631
7800,0.30670905113220215
7801,0.30670905113220215
7802,0.2702890634536743
7803,0.2702890634536743
7804,0.29269981384277344
7805,0.29269981384277344
7806,0.3186448812484741
7807,0.3186448812484741
7808,0.29505497217178345
7809,0.31100571155548096
7810,0.31100571155548096
7811,0.3140309453010559
7812,0.3140309453010559
7813,0.2738046646118164
7814,0.28647851943969727
7815,0.28647851943969727
7816,0.26993513107299805
7817,0.31217408180236816
7818,0.27509409189224243
7819,0.27509409189224243
7820,0.2761523723602295
7821,0.248782679438591
7822,0.25589609146118164
7823,0.26934266090393066
7824,0.2723490595817566
7825,0.2723490595817566
7826,0.2811815142631531
7827,0.25185728073120117
7828,0.31197071075439453
7829,0.26751112937927246
7830,0.26751112937927246
7831,0.3008359670639038
7832,0.252217173576355
7833,0.2689859867095947
7834,0.3245285153388977
7835,0.27063852548599243
7836,0.27063852548599243
7837,0.21823397278785706
7838,0.3347548842430115
7839,0.26821523904800415
7840,0.3148871064186096
7841,0.3113254904747009
7842,0.32224076986312866
7843,0.32224076986312866
7844,0.3003244996070862
7845,0.30944037437438965
7846,0.2954612374305725
7847,0.32840651273727417
7848,0.2752034664154053
7849,0.2523214519023895
7850,0.26750248670578003
7851,0.26275330781936646
7852,0.24813427031040192
7853,0.24813427031040192
7854,0.268535315990448
7855,0.23885245621204376
7856,0.25388115644454956
7857,0.3200523257255554
7858,0.2740824222564697
7859,0.3100372552871704
7860,0.2493586540222168
7861,0.2861995995044708
7862,0.3042638301849365
7863,0.32334232330322266
7864,0.32334232330322266
7865,0.27284348011016846
7866,0.3048246502876282
7867,0.3048246502876282
7868,0.3201218843460083
7869,0.2980884909629822
7870,0.2980884909629822
7871,0.2971287965774536
7872,0.3101379871368408
7873,0.3101379871368408
7874,0.32776254415512085
7875,0.2883508503437042
7876,0.2883508503437042
7877,0.31645870208740234
7878,0.30673086643218994
7879,0.30673086643218994
7880,0.23124541342258453
7881,0.3113275170326233
7882,0.3113275170326233
7883,0.307409405708313
7884,0.307409405708313
7885,0.2764168381690979
7886,0.2764168381690979
7887,0.2890435457229614
7888,0.2890435457229614
7889,0.31075429916381836
7890,0.31075429916381836
7891,0.310336172580719
7892,0.310336172580719
7893,0.31416571140289307
7894,0.31416571140289307
7895,0.2962508201599121
7896,0.2962508201599121
7897,0.28909170627593994
7898,0.28909170627593994
7899,0.286257803440094
7900,0.286257803440094
7901,0.3143523335456848
7902,0.3143523335456848
7903,0.3137623071670532
7904,0.3137623071670532
7905,0.2987721562385559
7906,0.2987721562385559
7907,0.31993675231933594
7908,0.31993675231933594
7909,0.29573655128479004
7910,0.29573655128479004
7911,0.26015570759773254
7912,0.2933892011642456
7913,0.3210766911506653
7914,0.3210766911506653
7915,0.2882538437843323
7916,0.2850744128227234
7917,0.28285014629364014
7918,0.3052186369895935
7919,0.3052186369895935
7920,0.3048442602157593
7921,0.3048442602157593
7922,0.278850257396698
7923,0.2621675729751587
7924,0.2621675729751587
7925,0.3085755705833435
7926,0.3085755705833435
7927,0.2952333688735962
7928,0.2952333688735962
7929,0.3049447536468506
7930,0.3049447536468506
7931,0.27897346019744873
7932,0.27897346019744873
7933,0.28412991762161255
7934,0.26258981227874756
7935,0.2444915920495987
7936,0.3080689311027527
7937,0.3080689311027527
7938,0.2862580120563507
7939,0.2862580120563507
7940,0.2801872193813324
7941,0.3096252679824829
7942,0.3096252679824829
7943,0.30359214544296265
7944,0.27596521377563477
7945,0.27596521377563477
7946,0.30011826753616333
7947,0.30011826753616333
7948,0.31182861328125
7949,0.31182861328125
7950,0.25568878650665283
7951,0.280006468296051
7952,0.280006468296051
7953,0.2879924476146698
7954,0.28359705209732056
7955,0.2672734260559082
7956,0.248381569981575
7957,0.2712751030921936
7958,0.25465232133865356
7959,0.3163950443267822
7960,0.253898561000824
7961,0.2702774405479431
7962,0.2705046832561493
7963,0.2553325891494751
7964,0.2518414556980133
7965,0.2633000612258911
7966,0.2630299925804138
7967,0.2732127010822296
7968,0.2732127010822296
7969,0.26736247539520264
7970,0.30414915084838867
7971,0.30414915084838867
7972,0.27163970470428467
7973,0.29471296072006226
7974,0.29471296072006226
7975,0.24298202991485596
7976,0.29679715633392334
7977,0.29679715633392334
7978,0.2998809814453125
7979,0.2998809814453125
7980,0.2598429322242737
7981,0.2625974416732788
7982,0.28566449880599976
7983,0.2818598747253418
7984,0.2818598747253418
7985,0.3074250817298889
7986,0.3074250817298889
7987,0.3175363540649414
7988,0.3175363540649414
7989,0.3175339698791504
7990,0.29832959175109863
7991,0.2796440124511719
7992,0.30602455139160156
7993,0.35711896419525146
7994,0.2989106774330139
7995,0.2989106774330139
7996,0.3096810579299927
7997,0.3096810579299927
7998,0.25319111347198486
7999,0.31029677391052246
8000,0.23682692646980286
8001,0.2887941598892212
8002,0.2852345108985901
8003,0.26067256927490234
8004,0.3059837222099304
8005,0.3059837222099304
8006,0.29314613342285156
8007,0.3005550503730774
8008,0.3005550503730774
8009,0.2672277092933655
8010,0.26224368810653687
8011,0.27975547313690186
8012,0.3160940408706665
8013,0.3160940408706665
8014,0.2715701460838318
8015,0.26800620555877686
8016,0.26802945137023926
8017,0.28272557258605957
8018,0.29273468255996704
8019,0.29273468255996704
8020,0.3163907527923584
8021,0.26870036125183105
8022,0.2830893397331238
8023,0.2949977517127991
8024,0.29695039987564087
8025,0.29695039987564087
8026,0.3102119565010071
8027,0.3192822337150574
8028,0.32652920484542847
8029,0.2760336399078369
8030,0.26103073358535767
8031,0.2776285409927368
8032,0.2673479914665222
8033,0.2673479914665222
8034,0.2630694508552551
8035,0.26678723096847534
8036,0.26678723096847534
8037,0.30347681045532227
8038,0.30347681045532227
8039,0.30454981327056885
8040,0.3177188038825989
8041,0.3044789433479309
8042,0.3044789433479309
8043,0.3058773875236511
8044,0.3058773875236511
8045,0.28146374225616455
8046,0.2944255471229553
8047,0.3263193368911743
8048,0.3263193368911743
8049,0.3052370548248291
8050,0.3052370548248291
8051,0.2528166174888611
8052,0.2528166174888611
8053,0.2655320167541504
8054,0.2655320167541504
8055,0.27502936124801636
8056,0.27844923734664917
8057,0.2700080871582031
8058,0.2700080871582031
8059,0.2902834713459015
8060,0.3030681014060974
8061,0.3030681014060974
8062,0.27356642484664917
8063,0.27356642484664917
8064,0.2577444016933441
8065,0.2567692995071411
8066,0.2680186629295349
8067,0.31622564792633057
8068,0.2524241805076599
8069,0.3282392621040344
8070,0.2739998996257782
8071,0.2637890577316284
8072,0.33241087198257446
8073,0.2816031575202942
8074,0.27540987730026245
8075,0.26851096749305725
8076,0.25679028034210205
8077,0.25913405418395996
8078,0.27584969997406006
8079,0.29062968492507935
8080,0.27823925018310547
8081,0.31539595127105713
8082,0.31918156147003174
8083,0.35141319036483765
8084,0.2750360369682312
8085,0.2547162175178528
8086,0.2677370607852936
8087,0.3048771023750305
8088,0.3095592260360718
8089,0.27190715074539185
8090,0.22422544658184052
8091,0.278611421585083
8092,0.25333935022354126
8093,0.2505064010620117
8094,0.3022521138191223
8095,0.3022521138191223
8096,0.30003446340560913
8097,0.30003446340560913
8098,0.3036484122276306
8099,0.33005672693252563
8100,0.316916286945343
8101,0.3062173128128052
8102,0.3183795213699341
8103,0.3183795213699341
8104,0.25559720396995544
8105,0.26121771335601807
8106,0.30017638206481934
8107,0.3283117413520813
8108,0.25142309069633484
8109,0.30894505977630615
8110,0.30894505977630615
8111,0.33807486295700073
8112,0.3096204996109009
8113,0.2759643793106079
8114,0.2759643793106079
8115,0.30292248725891113
8116,0.30292248725891113
8117,0.3134923577308655
8118,0.3102138638496399
8119,0.3023452162742615
8120,0.324948787689209
8121,0.27273988723754883
8122,0.2729176878929138
8123,0.30687659978866577
8124,0.30687659978866577
8125,0.2892734408378601
8126,0.2768685221672058
8127,0.3195911645889282
8128,0.27799224853515625
8129,0.27799224853515625
8130,0.30466383695602417
8131,0.30466383695602417
8132,0.2712525725364685
8133,0.2712525725364685
8134,0.30045896768569946
8135,0.27225083112716675
8136,0.27225083112716675
8137,0.2698596715927124
8138,0.2698596715927124
8139,0.2695913314819336
8140,0.2695913314819336
8141,0.27225595712661743
8142,0.27225595712661743
8143,0.27387672662734985
8144,0.27387672662734985
8145,0.3202916383743286
8146,0.3206520080566406
8147,0.3025520443916321
8148,0.3025520443916321
8149,0.32656151056289673
8150,0.2566063106060028
8151,0.2587756812572479
8152,0.2587226629257202
8153,0.2527540922164917
8154,0.24373304843902588
8155,0.2707628309726715
8156,0.33641231060028076
8157,0.33641231060028076
8158,0.25508636236190796
8159,0.26066040992736816
8160,0.31459373235702515
8161,0.31761282682418823
8162,0.31761282682418823
8163,0.2977069616317749
8164,0.2977069616317749
8165,0.26916664838790894
8166,0.2215624898672104
8167,0.23980741202831268
8168,0.2508305013179779
8169,0.31537479162216187
8170,0.31537479162216187
8171,0.31149768829345703
8172,0.31149768829345703
8173,0.31220144033432007
8174,0.31220144033432007
8175,0.2808288335800171
8176,0.2808288335800171
8177,0.26930904388427734
8178,0.26930904388427734
8179,0.2727538049221039
8180,0.2727538049221039
8181,0.3111262917518616
8182,0.3144930601119995
8183,0.2879679501056671
8184,0.2879679501056671
8185,0.2915797233581543
8186,0.2915797233581543
8187,0.2795841693878174
8188,0.2795841693878174
8189,0.3128821849822998
8190,0.3128821849822998
8191,0.31869983673095703
8192,0.31869983673095703
8193,0.3234859108924866
8194,0.3234859108924866
8195,0.32272011041641235
8196,0.32272011041641235
8197,0.31855690479278564
8198,0.31855690479278564
8199,0.3221011757850647
8200,0.3221011757850647
8201,0.30407899618148804
8202,0.30407899618148804
8203,0.28401458263397217
8204,0.27381008863449097
8205,0.27381008863449097
8206,0.3589203357696533
8207,0.28705185651779175
8208,0.30036741495132446
8209,0.30036741495132446
8210,0.3027963638305664
8211,0.3027963638305664
8212,0.30650055408477783
8213,0.30650055408477783
8214,0.27239692211151123
8215,0.27239692211151123
8216,0.28712204098701477
8217,0.28712204098701477
8218,0.27975529432296753
8219,0.27975529432296753
8220,0.3030821681022644
8221,0.3030821681022644
8222,0.3200722336769104
8223,0.2926275134086609
8224,0.2668027877807617
8225,0.2668027877807617
8226,0.27119356393814087
8227,0.27119356393814087
8228,0.27098506689071655
8229,0.27098506689071655
8230,0.2598031461238861
8231,0.2545900344848633
8232,0.2929864525794983
8233,0.2929864525794983
8234,0.27525216341018677
8235,0.27525216341018677
8236,0.2616879940032959
8237,0.2626885175704956
8238,0.31590914726257324
8239,0.31590914726257324
8240,0.26195645332336426
8241,0.2895659804344177
8242,0.2895659804344177
8243,0.3126005530357361
8244,0.3126005530357361
8245,0.2719115614891052
8246,0.26897913217544556
8247,0.2649261951446533
8248,0.29158759117126465
8249,0.29158759117126465
8250,0.3215022683143616
8251,0.3215022683143616
8252,0.3000582456588745
8253,0.30517399311065674
8254,0.30517399311065674
8255,0.2997543215751648
8256,0.2997543215751648
8257,0.264296293258667
8258,0.264296293258667
8259,0.3000295162200928
8260,0.3000295162200928
8261,0.27283310890197754
8262,0.31045693159103394
8263,0.31045693159103394
8264,0.30894386768341064
8265,0.30894386768341064
8266,0.33039718866348267
8267,0.32928717136383057
8268,0.2955966591835022
8269,0.2736154794692993
8270,0.24225206673145294
8271,0.2613385319709778
8272,0.2653793692588806
8273,0.2670234441757202
8274,0.2670234441757202
8275,0.3001502752304077
8276,0.35608357191085815
8277,0.2932899594306946
8278,0.2932899594306946
8279,0.28786027431488037
8280,0.2851478159427643
8281,0.30936944484710693
8282,0.3730093836784363
8283,0.2706652581691742
8284,0.28836286067962646
8285,0.34521299600601196
8286,0.3484298586845398
8287,0.3550570607185364
8288,0.31691956520080566
8289,0.31691956520080566
8290,0.30889153480529785
8291,0.2761760354042053
8292,0.2761760354042053
8293,0.3165785074234009
8294,0.2974843978881836
8295,0.2974843978881836
8296,0.26372623443603516
8297,0.24495920538902283
8298,0.30022668838500977
8299,0.30022668838500977
8300,0.24988766014575958
8301,0.28943705558776855
8302,0.23357538878917694
8303,0.24185867607593536
8304,0.3132947087287903
8305,0.3132947087287903
8306,0.32556551694869995
8307,0.30838489532470703
8308,0.3092777729034424
8309,0.3001341223716736
8310,0.2819667458534241
8311,0.2720414698123932
8312,0.34231775999069214
8313,0.2716425061225891
8314,0.30199891328811646
8315,0.3112870454788208
8316,0.27241310477256775
8317,0.301838219165802
8318,0.28981825709342957
8319,0.3136839270591736
8320,0.3136839270591736
8321,0.3047371506690979
8322,0.3047371506690979
8323,0.3527464270591736
8324,0.28824925422668457
8325,0.3040977716445923
8326,0.31453484296798706
8327,0.31453484296798706
8328,0.31777113676071167
8329,0.31777113676071167
8330,0.3397773504257202
8331,0.3097740411758423
8332,0.3156091570854187
8333,0.3156091570854187
8334,0.3182717561721802
8335,0.3182717561721802
8336,0.3015573024749756
8337,0.25490450859069824
8338,0.28443264961242676
8339,0.25995248556137085
8340,0.25995248556137085
8341,0.29793721437454224
8342,0.29793721437454224
8343,0.2705150246620178
8344,0.3068311810493469
8345,0.33512479066848755
8346,0.2781221270561218
8347,0.26610100269317627
8348,0.26610100269317627
8349,0.2730756402015686
8350,0.26934686303138733
8351,0.30461275577545166
8352,0.34993088245391846
8353,0.3435007333755493
8354,0.28288352489471436
8355,0.27265241742134094
8356,0.2941097021102905
8357,0.2756884694099426
8358,0.266865074634552
8359,0.266865074634552
8360,0.230874702334404
8361,0.2648678421974182
8362,0.2649778127670288
8363,0.2649778127670288
8364,0.2568437457084656
8365,0.27311620116233826
8366,0.29882174730300903
8367,0.29518580436706543
8368,0.29374420642852783
8369,0.32118529081344604
8370,0.3468521237373352
8371,0.2694932222366333
8372,0.2736054062843323
8373,0.3011865019798279
8374,0.2850533723831177
8375,0.26325303316116333
8376,0.3392936587333679
8377,0.2765684723854065
8378,0.2732556164264679
8379,0.33743059635162354
8380,0.3353452682495117
8381,0.30896610021591187
8382,0.312407910823822
8383,0.312407910823822
8384,0.3121533989906311
8385,0.3121533989906311
8386,0.2531336545944214
8387,0.31908273696899414
8388,0.31908273696899414
8389,0.2719421982765198
8390,0.2719421982765198
8391,0.2898010015487671
8392,0.2898010015487671
8393,0.26517197489738464
8394,0.26080644130706787
8395,0.26080644130706787
8396,0.34154409170150757
8397,0.3394567370414734
8398,0.3323602080345154
8399,0.3004215955734253
8400,0.2811791002750397
8401,0.30127400159835815
8402,0.3055925965309143
8403,0.2738109827041626
8404,0.3166082501411438
8405,0.31684404611587524
8406,0.34652942419052124
8407,0.2523801326751709
8408,0.2523801326751709
8409,0.3200342655181885
8410,0.24743951857089996
8411,0.2935672998428345
8412,0.26932385563850403
8413,0.28091445565223694
8414,0.28388097882270813
8415,0.28388097882270813
8416,0.27125686407089233
8417,0.26414352655410767
8418,0.2780121862888336
8419,0.2631545066833496
8420,0.2631545066833496
8421,0.3263627290725708
8422,0.29994910955429077
8423,0.3300696611404419
8424,0.330020546913147
8425,0.248313769698143
8426,0.2770242691040039
8427,0.2770242691040039
8428,0.22180430591106415
8429,0.3077107071876526
8430,0.3077107071876526
8431,0.3146880865097046
8432,0.30326133966445923
8433,0.3254207968711853
8434,0.2683963179588318
8435,0.2511724829673767
8436,0.2734324634075165
8437,0.30153167247772217
8438,0.25890180468559265
8439,0.25593894720077515
8440,0.2625376582145691
8441,0.30368947982788086
8442,0.2686026096343994
8443,0.32054948806762695
8444,0.285525381565094
8445,0.3085029125213623
8446,0.30982470512390137
8447,0.26359254121780396
8448,0.256036639213562
8449,0.2829778790473938
8450,0.2695576846599579
8451,0.30399245023727417
8452,0.24602645635604858
8453,0.2727425694465637
8454,0.3204706311225891
8455,0.3171560764312744
8456,0.22782285511493683
8457,0.29118508100509644
8458,0.2672404944896698
8459,0.3069717288017273
8460,0.2538298964500427
8461,0.2701190710067749
8462,0.3129727244377136
8463,0.3129727244377136
8464,0.3135948181152344
8465,0.3135948181152344
8466,0.30183249711990356
8467,0.30183249711990356
8468,0.25385862588882446
8469,0.30629295110702515
8470,0.30629295110702515
8471,0.30532145500183105
8472,0.28187158703804016
8473,0.2992061972618103
8474,0.2992061972618103
8475,0.3240774869918823
8476,0.31586939096450806
8477,0.296068012714386
8478,0.2766716480255127
8479,0.3270808458328247
8480,0.2694011330604553
8481,0.2549874782562256
8482,0.2549874782562256
8483,0.32195037603378296
8484,0.2630702257156372
8485,0.2630702257156372
8486,0.2917023301124573
8487,0.2919865846633911
8488,0.23779335618019104
8489,0.23779335618019104
8490,0.24473142623901367
8491,0.24473142623901367
8492,0.2265291064977646
8493,0.2265291064977646
8494,0.27030402421951294
8495,0.27030402421951294
8496,0.18907421827316284
8497,0.2585620880126953
8498,0.23070251941680908
8499,0.23070251941680908
8500,0.2632603645324707
8501,0.2632603645324707
8502,0.25113576650619507
8503,0.2768554091453552
8504,0.2768554091453552
8505,0.2620685398578644
8506,0.2620685398578644
8507,0.24169622361660004
8508,0.2183159738779068
8509,0.2693241238594055
8510,0.19865506887435913
8511,0.25900691747665405
8512,0.2732698321342468
8513,0.2732698321342468
8514,0.25797510147094727
8515,0.25797510147094727
8516,0.26488250494003296
8517,0.26488250494003296
8518,0.26755112409591675
8519,0.22509080171585083
8520,0.24385966360569
8521,0.24385966360569
8522,0.20603084564208984
8523,0.20603084564208984
8524,0.21188011765480042
8525,0.26111412048339844
8526,0.2664647698402405
8527,0.2613184154033661
8528,0.25693562626838684
8529,0.2511538863182068
8530,0.25903886556625366
8531,0.2390834242105484
8532,0.2578291893005371
8533,0.26475441455841064
8534,0.25048452615737915
8535,0.2571302056312561
8536,0.2570962607860565
8537,0.28758126497268677
8538,0.26409709453582764
8539,0.25129789113998413
8540,0.247927725315094
8541,0.25200194120407104
8542,0.23067434132099152
8543,0.25035202503204346
8544,0.25035202503204346
8545,0.26445960998535156
8546,0.2960464358329773
8547,0.2960464358329773
8548,0.26412642002105713
8549,0.26526808738708496
8550,0.2568247318267822
8551,0.24808482825756073
8552,0.237863689661026
8553,0.237863689661026
8554,0.24476969242095947
8555,0.25904229283332825
8556,0.28007936477661133
8557,0.2597288489341736
8558,0.20498232543468475
8559,0.2417999655008316
8560,0.2372095137834549
8561,0.2372095137834549
8562,0.23732775449752808
8563,0.23898662626743317
8564,0.23898662626743317
8565,0.23148135840892792
8566,0.23202921450138092
8567,0.27716487646102905
8568,0.28965556621551514
8569,0.2752288281917572
8570,0.265130877494812
8571,0.25047653913497925
8572,0.2278365194797516
8573,0.2593134045600891
8574,0.2860003709793091
8575,0.2860003709793091
8576,0.24230866134166718
8577,0.26685595512390137
8578,0.2878413796424866
8579,0.2588491439819336
8580,0.2827398180961609
8581,0.24887843430042267
8582,0.2466800957918167
8583,0.23668096959590912
8584,0.24380798637866974
8585,0.2907414436340332
8586,0.2618914246559143
8587,0.1764594167470932
8588,0.21668536961078644
8589,0.21668536961078644
8590,0.24603046476840973
8591,0.24603046476840973
8592,0.21947020292282104
8593,0.25368231534957886
8594,0.25368231534957886
8595,0.2723306715488434
8596,0.2785317897796631
8597,0.25422942638397217
8598,0.25422942638397217
8599,0.24825982749462128
8600,0.24115528166294098
8601,0.24115528166294098
8602,0.24151982367038727
8603,0.24232928454875946
8604,0.2875891327857971
8605,0.2875891327857971
8606,0.24713976681232452
8607,0.24713976681232452
8608,0.20920969545841217
8609,0.20920969545841217
8610,0.18494057655334473
8611,0.19623053073883057
8612,0.21425379812717438
8613,0.22546504437923431
8614,0.2877594828605652
8615,0.2877594828605652
8616,0.2585064172744751
8617,0.2836993932723999
8618,0.2836993932723999
8619,0.26181620359420776
8620,0.26299941539764404
8621,0.27929162979125977
8622,0.27929162979125977
8623,0.2886168360710144
8624,0.2622363567352295
8625,0.2622363567352295
8626,0.2605507969856262
8627,0.21630920469760895
8628,0.16735845804214478
8629,0.23830704391002655
8630,0.2544928789138794
8631,0.1890178769826889
8632,0.2594779133796692
8633,0.26188015937805176
8634,0.26188015937805176
8635,0.25453662872314453
8636,0.25453662872314453
8637,0.2482145130634308
8638,0.34211868047714233
8639,0.2544069290161133
8640,0.2793143093585968
8641,0.24892978370189667
8642,0.24888594448566437
8643,0.2605905532836914
8644,0.28688469529151917
8645,0.28688469529151917
8646,0.23920513689517975
8647,0.25871002674102783
8648,0.28601688146591187
8649,0.25720834732055664
8650,0.25720834732055664
8651,0.21827001869678497
8652,0.21827001869678497
8653,0.25855088233947754
8654,0.25855088233947754
8655,0.2684326171875
8656,0.2684326171875
8657,0.25572288036346436
8658,0.2484983205795288
8659,0.2484983205795288
8660,0.2506657838821411
8661,0.2506657838821411
8662,0.26561403274536133
8663,0.26504477858543396
8664,0.26504477858543396
8665,0.22293341159820557
8666,0.28927892446517944
8667,0.2132163792848587
8668,0.2132163792848587
8669,0.25515854358673096
8670,0.22084639966487885
8671,0.23973946273326874
8672,0.19661398231983185
8673,0.2306251972913742
8674,0.2306251972913742
8675,0.2676759362220764
8676,0.20640085637569427
8677,0.2966093420982361
8678,0.24800096452236176
8679,0.24800096452236176
8680,0.2768360376358032
8681,0.23764140903949738
8682,0.2627381682395935
8683,0.2943418622016907
8684,0.22421614825725555
8685,0.22421614825725555
8686,0.19691649079322815
8687,0.3032384514808655
8688,0.2418719083070755
8689,0.2769477367401123
8690,0.26905959844589233
8691,0.298331081867218
8692,0.298331081867218
8693,0.26584941148757935
8694,0.28444474935531616
8695,0.2513445317745209
8696,0.309573769569397
8697,0.2555813789367676
8698,0.24167278409004211
8699,0.2484639585018158
8700,0.2368757128715515
8701,0.2327641099691391
8702,0.2327641099691391
8703,0.20697157084941864
8704,0.21755783259868622
8705,0.23842398822307587
8706,0.29864323139190674
8707,0.22521772980690002
8708,0.28347712755203247
8709,0.2273862510919571
8710,0.25204771757125854
8711,0.28618183732032776
8712,0.29607945680618286
8713,0.29607945680618286
8714,0.22248555719852448
8715,0.2488728016614914
8716,0.2488728016614914
8717,0.28691521286964417
8718,0.256131649017334
8719,0.256131649017334
8720,0.24797672033309937
8721,0.2704503536224365
8722,0.2704503536224365
8723,0.26568329334259033
8724,0.25528472661972046
8725,0.25528472661972046
8726,0.2918245196342468
8727,0.2424129694700241
8728,0.2424129694700241
8729,0.22281526029109955
8730,0.27043938636779785
8731,0.27043938636779785
8732,0.2604416608810425
8733,0.2604416608810425
8734,0.22524231672286987
8735,0.22524231672286987
8736,0.26674264669418335
8737,0.26674264669418335
8738,0.27258652448654175
8739,0.27258652448654175
8740,0.27133387327194214
8741,0.27133387327194214
8742,0.2728019952774048
8743,0.2728019952774048
8744,0.2552105188369751
8745,0.2552105188369751
8746,0.250210165977478
8747,0.250210165977478
8748,0.24027328193187714
8749,0.24027328193187714
8750,0.2724979519844055
8751,0.2724979519844055
8752,0.27410173416137695
8753,0.27410173416137695
8754,0.23472867906093597
8755,0.23472867906093597
8756,0.2773468494415283
8757,0.2773468494415283
8758,0.25146788358688354
8759,0.25146788358688354
8760,0.22584013640880585
8761,0.2734917998313904
8762,0.2719002366065979
8763,0.2719002366065979
8764,0.272055983543396
8765,0.2722285985946655
8766,0.2725672125816345
8767,0.24727723002433777
8768,0.24727723002433777
8769,0.2906327247619629
8770,0.2906327247619629
8771,0.2574780583381653
8772,0.23743946850299835
8773,0.23743946850299835
8774,0.24940821528434753
8775,0.24940821528434753
8776,0.25037920475006104
8777,0.25037920475006104
8778,0.26659172773361206
8779,0.26659172773361206
8780,0.2464691549539566
8781,0.2464691549539566
8782,0.2570871114730835
8783,0.23610681295394897
8784,0.20516100525856018
8785,0.2859206795692444
8786,0.2859206795692444
8787,0.2160259336233139
8788,0.2160259336233139
8789,0.249238058924675
8790,0.2604137659072876
8791,0.2604137659072876
8792,0.282571017742157
8793,0.22158747911453247
8794,0.22158747911453247
8795,0.25080573558807373
8796,0.25080573558807373
8797,0.27055996656417847
8798,0.27055996656417847
8799,0.22841966152191162
8800,0.2525160312652588
8801,0.2525160312652588
8802,0.26137280464172363
8803,0.2510353922843933
8804,0.23249273002147675
8805,0.2335519641637802
8806,0.2535362243652344
8807,0.2224014848470688
8808,0.28672146797180176
8809,0.22696684300899506
8810,0.24454966187477112
8811,0.2415727823972702
8812,0.23127035796642303
8813,0.2116476148366928
8814,0.2144155353307724
8815,0.21474851667881012
8816,0.24864496290683746
8817,0.24864496290683746
8818,0.23674161732196808
8819,0.2799374461174011
8820,0.2799374461174011
8821,0.25065600872039795
8822,0.26442474126815796
8823,0.26442474126815796
8824,0.17569682002067566
8825,0.24838866293430328
8826,0.24838866293430328
8827,0.2847972512245178
8828,0.2847972512245178
8829,0.2296271175146103
8830,0.25383681058883667
8831,0.2558799982070923
8832,0.27178502082824707
8833,0.27178502082824707
8834,0.2391548752784729
8835,0.2391548752784729
8836,0.2446017861366272
8837,0.2446017861366272
8838,0.2719419300556183
8839,0.2687470316886902
8840,0.25499194860458374
8841,0.2767675817012787
8842,0.34747564792633057
8843,0.2292574644088745
8844,0.2292574644088745
8845,0.26265573501586914
8846,0.26265573501586914
8847,0.20285560190677643
8848,0.27406442165374756
8849,0.22293101251125336
8850,0.265402615070343
8851,0.24755819141864777
8852,0.24225100874900818
8853,0.2472180277109146
8854,0.2472180277109146
8855,0.2525692582130432
8856,0.2548975646495819
8857,0.2548975646495819
8858,0.23150348663330078
8859,0.23158952593803406
8860,0.22045838832855225
8861,0.27741628885269165
8862,0.27741628885269165
8863,0.2479218691587448
8864,0.270440936088562
8865,0.23471051454544067
8866,0.26024746894836426
8867,0.262903094291687
8868,0.262903094291687
8869,0.2868005037307739
8870,0.2520916759967804
8871,0.26651257276535034
8872,0.2549949288368225
8873,0.2189653068780899
8874,0.2189653068780899
8875,0.26934725046157837
8876,0.2613089084625244
8877,0.2693462371826172
8878,0.2540398836135864
8879,0.23437713086605072
8880,0.2437850832939148
8881,0.2377341240644455
8882,0.2377341240644455
8883,0.2085844725370407
8884,0.24565328657627106
8885,0.24565328657627106
8886,0.24337075650691986
8887,0.24337075650691986
8888,0.2750479578971863
8889,0.24142102897167206
8890,0.25439155101776123
8891,0.25439155101776123
8892,0.25322431325912476
8893,0.25322431325912476
8894,0.21309345960617065
8895,0.26703113317489624
8896,0.28546980023384094
8897,0.28546980023384094
8898,0.26559847593307495
8899,0.26559847593307495
8900,0.23899278044700623
8901,0.23899278044700623
8902,0.2320966273546219
8903,0.2320966273546219
8904,0.2510504722595215
8905,0.2641580104827881
8906,0.2398219257593155
8907,0.2398219257593155
8908,0.26750290393829346
8909,0.25618278980255127
8910,0.25618278980255127
8911,0.24745698273181915
8912,0.24745698273181915
8913,0.24069693684577942
8914,0.24022716283798218
8915,0.26454824209213257
8916,0.27190330624580383
8917,0.20378781855106354
8918,0.29793667793273926
8919,0.2665281891822815
8920,0.23132584989070892
8921,0.31257176399230957
8922,0.23323731124401093
8923,0.21981848776340485
8924,0.23865969479084015
8925,0.2334306836128235
8926,0.21972344815731049
8927,0.25219374895095825
8928,0.2592771649360657
8929,0.2405673712491989
8930,0.30132538080215454
8931,0.3093280792236328
8932,0.3379773497581482
8933,0.24755920469760895
8934,0.2206980437040329
8935,0.24500076472759247
8936,0.28654980659484863
8937,0.28817468881607056
8938,0.24449314177036285
8939,0.20353037118911743
8940,0.2567862272262573
8941,0.24200129508972168
8942,0.23745344579219818
8943,0.23202936351299286
8944,0.23202936351299286
8945,0.25263679027557373
8946,0.25263679027557373
8947,0.2804937958717346
8948,0.27948617935180664
8949,0.24414579570293427
8950,0.22869722545146942
8951,0.27609068155288696
8952,0.27609068155288696
8953,0.20523279905319214
8954,0.22861000895500183
8955,0.22554855048656464
8956,0.2860986888408661
8957,0.22353006899356842
8958,0.2700791358947754
8959,0.2700791358947754
8960,0.3039553165435791
8961,0.28677061200141907
8962,0.2582405209541321
8963,0.2582405209541321
8964,0.2501024901866913
8965,0.2501024901866913
8966,0.2553631365299225
8967,0.2512750029563904
8968,0.2762501835823059
8969,0.26886361837387085
8970,0.2387169450521469
8971,0.2510775327682495
8972,0.2433309406042099
8973,0.2433309406042099
8974,0.27364200353622437
8975,0.2564055919647217
8976,0.2993816137313843
8977,0.2557322382926941
8978,0.2557322382926941
8979,0.24602876603603363
8980,0.24602876603603363
8981,0.26275885105133057
8982,0.26275885105133057
8983,0.23639355599880219
8984,0.25047382712364197
8985,0.25047382712364197
8986,0.2468223124742508
8987,0.2468223124742508
8988,0.24698543548583984
8989,0.24698543548583984
8990,0.24600902199745178
8991,0.24600902199745178
8992,0.24927522242069244
8993,0.24927522242069244
8994,0.24587436020374298
8995,0.2481745034456253
8996,0.288227379322052
8997,0.288227379322052
8998,0.2907833456993103
8999,0.21051371097564697
9000,0.24109195172786713
9001,0.23081831634044647
9002,0.23817132413387299
9003,0.186846062541008
9004,0.25919127464294434
9005,0.29169267416000366
9006,0.29169267416000366
9007,0.23928086459636688
9008,0.24191419780254364
9009,0.27695998549461365
9010,0.2600395083427429
9011,0.2600395083427429
9012,0.27024224400520325
9013,0.27024224400520325
9014,0.23221947252750397
9015,0.1696244180202484
9016,0.20607061684131622
9017,0.21089157462120056
9018,0.28564679622650146
9019,0.28564679622650146
9020,0.2725822925567627
9021,0.2725822925567627
9022,0.2726372480392456
9023,0.2726372480392456
9024,0.2575335204601288
9025,0.2575335204601288
9026,0.2421969324350357
9027,0.2421969324350357
9028,0.2496882826089859
9029,0.2496882826089859
9030,0.27465641498565674
9031,0.2759159803390503
9032,0.23489782214164734
9033,0.23489782214164734
9034,0.24445311725139618
9035,0.24445311725139618
9036,0.23055271804332733
9037,0.23055271804332733
9038,0.28231337666511536
9039,0.28231337666511536
9040,0.2853177785873413
9041,0.2853177785873413
9042,0.29280227422714233
9043,0.29280227422714233
9044,0.3085618019104004
9045,0.3085618019104004
9046,0.28808557987213135
9047,0.28808557987213135
9048,0.3010261654853821
9049,0.3010261654853821
9050,0.28470584750175476
9051,0.28470584750175476
9052,0.2644278407096863
9053,0.2492998093366623
9054,0.2492998093366623
9055,0.3505145311355591
9056,0.24708391726016998
9057,0.23736771941184998
9058,0.23736771941184998
9059,0.23354566097259521
9060,0.23354566097259521
9061,0.2492801547050476
9062,0.2492801547050476
9063,0.23208113014698029
9064,0.23208113014698029
9065,0.21737582981586456
9066,0.21737582981586456
9067,0.258062481880188
9068,0.258062481880188
9069,0.24637937545776367
9070,0.24637937545776367
9071,0.2873389720916748
9072,0.2607980966567993
9073,0.23222972452640533
9074,0.23222972452640533
9075,0.2402932345867157
9076,0.2402932345867157
9077,0.23580779135227203
9078,0.23580779135227203
9079,0.21022644639015198
9080,0.20059940218925476
9081,0.2529909312725067
9082,0.2529909312725067
9083,0.2647861838340759
9084,0.2647861838340759
9085,0.22292393445968628
9086,0.24293062090873718
9087,0.2805923819541931
9088,0.2805923819541931
9089,0.24077031016349792
9090,0.25525134801864624
9091,0.25525134801864624
9092,0.2753339409828186
9093,0.2753339409828186
9094,0.22942399978637695
9095,0.25855013728141785
9096,0.22088657319545746
9097,0.23212261497974396
9098,0.23212261497974396
9099,0.27491295337677
9100,0.27491295337677
9101,0.22961415350437164
9102,0.23884646594524384
9103,0.23884646594524384
9104,0.2306540161371231
9105,0.2306540161371231
9106,0.23325024545192719
9107,0.23325024545192719
9108,0.2588631510734558
9109,0.2588631510734558
9110,0.2646947503089905
9111,0.2506154775619507
9112,0.2506154775619507
9113,0.2869601249694824
9114,0.2869601249694824
9115,0.25831151008605957
9116,0.25343039631843567
9117,0.28754252195358276
9118,0.23914211988449097
9119,0.21960337460041046
9120,0.2441711276769638
9121,0.24418200552463531
9122,0.2276807725429535
9123,0.2276807725429535
9124,0.229820117354393
9125,0.345761775970459
9126,0.25775688886642456
9127,0.25775688886642456
9128,0.261658251285553
9129,0.25787442922592163
9130,0.26452869176864624
9131,0.37117576599121094
9132,0.2527819275856018
9133,0.26383674144744873
9134,0.3272724747657776
9135,0.3328820466995239
9136,0.34407055377960205
9137,0.2794589102268219
9138,0.2794589102268219
9139,0.2834510803222656
9140,0.24625082314014435
9141,0.24625082314014435
9142,0.27154234051704407
9143,0.25310641527175903
9144,0.25310641527175903
9145,0.24346162378787994
9146,0.2083229124546051
9147,0.2597447633743286
9148,0.2597447633743286
9149,0.19430865347385406
9150,0.25460365414619446
9151,0.20963625609874725
9152,0.22932468354701996
9153,0.24409638345241547
9154,0.24409638345241547
9155,0.24566912651062012
9156,0.27133888006210327
9157,0.27231067419052124
9158,0.24184362590312958
9159,0.2719372510910034
9160,0.2302066832780838
9161,0.2945893406867981
9162,0.2509812116622925
9163,0.25722435116767883
9164,0.2536139488220215
9165,0.24656102061271667
9166,0.25105178356170654
9167,0.26103007793426514
9168,0.2680969834327698
9169,0.2680969834327698
9170,0.24230587482452393
9171,0.24230587482452393
9172,0.34001922607421875
9173,0.22141727805137634
9174,0.27586376667022705
9175,0.27120447158813477
9176,0.27120447158813477
9177,0.273601233959198
9178,0.273601233959198
9179,0.29274284839630127
9180,0.2717835307121277
9181,0.2784043550491333
9182,0.2784043550491333
9183,0.27388375997543335
9184,0.27388375997543335
9185,0.2582789659500122
9186,0.21988819539546967
9187,0.24942871928215027
9188,0.23124448955059052
9189,0.23124448955059052
9190,0.25450706481933594
9191,0.25450706481933594
9192,0.22143016755580902
9193,0.2686668038368225
9194,0.3165608048439026
9195,0.24978403747081757
9196,0.23472629487514496
9197,0.23472629487514496
9198,0.24406017363071442
9199,0.2554329037666321
9200,0.2503023147583008
9201,0.33562928438186646
9202,0.32494044303894043
9203,0.251749724149704
9204,0.2617316246032715
9205,0.25438910722732544
9206,0.2588702440261841
9207,0.2300499826669693
9208,0.2300499826669693
9209,0.22002647817134857
9210,0.23683957755565643
9211,0.23311756551265717
9212,0.23311756551265717
9213,0.2304043173789978
9214,0.24402020871639252
9215,0.2735263705253601
9216,0.21193242073059082
9217,0.24300239980220795
9218,0.2933582663536072
9219,0.3298006057739258
9220,0.23688040673732758
9221,0.2479906529188156
9222,0.23229168355464935
9223,0.26217177510261536
9224,0.23318473994731903
9225,0.30018115043640137
9226,0.2551364302635193
9227,0.22891093790531158
9228,0.318766713142395
9229,0.28833335638046265
9230,0.2598773241043091
9231,0.2679601311683655
9232,0.2679601311683655
9233,0.26637500524520874
9234,0.26637500524520874
9235,0.21684066951274872
9236,0.24470989406108856
9237,0.24470989406108856
9238,0.2221960872411728
9239,0.2221960872411728
9240,0.2590517997741699
9241,0.2590517997741699
9242,0.23474417626857758
9243,0.23329836130142212
9244,0.23329836130142212
9245,0.3224673271179199
9246,0.3203030228614807
9247,0.31305140256881714
9248,0.2606857717037201
9249,0.2676675319671631
9250,0.24592244625091553
9251,0.28412050008773804
9252,0.24889853596687317
9253,0.25659435987472534
9254,0.2566908001899719
9255,0.28791913390159607
9256,0.20169059932231903
9257,0.20169059932231903
9258,0.2869463562965393
9259,0.23409762978553772
9260,0.24549992382526398
9261,0.23364828526973724
9262,0.24869857728481293
9263,0.2588531970977783
9264,0.2588531970977783
9265,0.22482751309871674
9266,0.23553363978862762
9267,0.24475234746932983
9268,0.23986011743545532
9269,0.23986011743545532
9270,0.30716240406036377
9271,0.24380093812942505
9272,0.2532848119735718
9273,0.2963663339614868
9274,0.22714091837406158
9275,0.225554421544075
9276,0.225554421544075
9277,0.20275075733661652
9278,0.2722856402397156
9279,0.2722856402397156
9280,0.2793869078159332
9281,0.27068448066711426
9282,0.30856871604919434
9283,0.24456171691417694
9284,0.2368358075618744
9285,0.2273610383272171
9286,0.2837275266647339
9287,0.2139364331960678
9288,0.2294643372297287
9289,0.2354615181684494
9290,0.2633526921272278
9291,0.25444501638412476
9292,0.2984154224395752
9293,0.27930235862731934
9294,0.22985340654850006
9295,0.2302173376083374
9296,0.2531530559062958
9297,0.21764184534549713
9298,0.25116103887557983
9299,0.23970410227775574
9300,0.28796815872192383
9301,0.21595042943954468
9302,0.2497154325246811
9303,0.28756898641586304
9304,0.304310142993927
9305,0.1912560909986496
9306,0.23266048729419708
9307,0.232111856341362
9308,0.24414655566215515
9309,0.22538445889949799
9310,0.24576057493686676
9311,0.2848384976387024
9312,0.2848384976387024
9313,0.2897348999977112
9314,0.2897348999977112
9315,0.2589048743247986
9316,0.2589048743247986
9317,0.2434988170862198
9318,0.26920318603515625
9319,0.26920318603515625
9320,0.27356916666030884
9321,0.244551882147789
9322,0.25901418924331665
9323,0.25901418924331665
9324,0.25015005469322205
9325,0.24778082966804504
9326,0.2598445415496826
9327,0.253137469291687
9328,0.24705345928668976
9329,0.2316521555185318
9330,0.22465161979198456
9331,0.22465161979198456
9332,0.3029344081878662
9333,0.24337920546531677
9334,0.24337920546531677
9335,0.2266513556241989
9336,0.22646765410900116
9337,0.18469414114952087
9338,0.18469414114952087
9339,0.26022210717201233
9340,0.26022210717201233
9341,0.23993857204914093
9342,0.23993857204914093
9343,0.27908259630203247
9344,0.27908259630203247
9345,0.2034079134464264
9346,0.2723519206047058
9347,0.25322186946868896
9348,0.25322186946868896
9349,0.271137535572052
9350,0.271137535572052
9351,0.2581120431423187
9352,0.2828460931777954
9353,0.2828460931777954
9354,0.2702398896217346
9355,0.2702398896217346
9356,0.2519516944885254
9357,0.2364317923784256
9358,0.275274395942688
9359,0.21027730405330658
9360,0.2685573399066925
9361,0.27912694215774536
9362,0.27912694215774536
9363,0.26884758472442627
9364,0.26884758472442627
9365,0.2709076404571533
9366,0.2709076404571533
9367,0.2704702615737915
9368,0.22628141939640045
9369,0.25987863540649414
9370,0.25987863540649414
9371,0.22503291070461273
9372,0.22503291070461273
9373,0.22893954813480377
9374,0.2677809000015259
9375,0.27441006898880005
9376,0.2672291398048401
9377,0.25809669494628906
9378,0.2657754719257355
9379,0.2697097659111023
9380,0.2509920597076416
9381,0.2741919755935669
9382,0.2742741107940674
9383,0.25044429302215576
9384,0.2687596082687378
9385,0.2621493637561798
9386,0.2953002452850342
9387,0.28488197922706604
9388,0.2727367877960205
9389,0.2748405337333679
9390,0.26121747493743896
9391,0.23676271736621857
9392,0.26099827885627747
9393,0.26099827885627747
9394,0.28503578901290894
9395,0.3020135760307312
9396,0.3020135760307312
9397,0.2652459442615509
9398,0.26584160327911377
9399,0.2636549472808838
9400,0.2516365051269531
9401,0.2559400796890259
9402,0.2559400796890259
9403,0.2603142261505127
9404,0.27154380083084106
9405,0.28179535269737244
9406,0.26664987206459045
9407,0.21588407456874847
9408,0.24306826293468475
9409,0.25487661361694336
9410,0.25487661361694336
9411,0.23448847234249115
9412,0.24324671924114227
9413,0.24324671924114227
9414,0.23562978208065033
9415,0.2310916632413864
9416,0.2836516797542572
9417,0.29545968770980835
9418,0.26569318771362305
9419,0.28800103068351746
9420,0.2532326579093933
9421,0.23662899434566498
9422,0.26377928256988525
9423,0.2891559898853302
9424,0.2891559898853302
9425,0.24204272031784058
9426,0.2889517545700073
9427,0.28964442014694214
9428,0.2715746760368347
9429,0.2946850657463074
9430,0.25140899419784546
9431,0.25040727853775024
9432,0.24313320219516754
9433,0.2459564357995987
9434,0.30042165517807007
9435,0.2608836889266968
9436,0.20197941362857819
9437,0.2346799224615097
9438,0.2346799224615097
9439,0.256450891494751
9440,0.256450891494751
9441,0.23095327615737915
9442,0.2659681439399719
9443,0.2659681439399719
9444,0.27863943576812744
9445,0.28757232427597046
9446,0.2566702365875244
9447,0.2566702365875244
9448,0.253192663192749
9449,0.2559364438056946
9450,0.2559364438056946
9451,0.24618376791477203
9452,0.24751614034175873
9453,0.29430902004241943
9454,0.29430902004241943
9455,0.2534748315811157
9456,0.2534748315811157
9457,0.2270059734582901
9458,0.2270059734582901
9459,0.1995391994714737
9460,0.21392236649990082
9461,0.2253316193819046
9462,0.23394380509853363
9463,0.29241764545440674
9464,0.29241764545440674
9465,0.2659457325935364
9466,0.28642237186431885
9467,0.28642237186431885
9468,0.26517432928085327
9469,0.2679816484451294
9470,0.2864099144935608
9471,0.2864099144935608
9472,0.29168736934661865
9473,0.27211472392082214
9474,0.27211472392082214
9475,0.26797282695770264
9476,0.22757472097873688
9477,0.18084968626499176
9478,0.2567012906074524
9479,0.26840656995773315
9480,0.19644775986671448
9481,0.26951950788497925
9482,0.255035936832428
9483,0.255035936832428
9484,0.2674255967140198
9485,0.2674255967140198
9486,0.2486712485551834
9487,0.34524500370025635
9488,0.25273680686950684
9489,0.2847985029220581
9490,0.27069443464279175
9491,0.270727276802063
9492,0.26267677545547485
9493,0.29419803619384766
9494,0.29419803619384766
9495,0.24039460718631744
9496,0.2663536071777344
9497,0.29265856742858887
9498,0.269348680973053
9499,0.269348680973053
9500,0.23134179413318634
9501,0.23134179413318634
9502,0.2655988335609436
9503,0.2655988335609436
9504,0.28262561559677124
9505,0.28262561559677124
9506,0.26743847131729126
9507,0.2583251893520355
9508,0.2583251893520355
9509,0.26077085733413696
9510,0.26077085733413696
9511,0.2632378339767456
9512,0.2697766423225403
9513,0.2697766423225403
9514,0.23941238224506378
9515,0.29537349939346313
9516,0.23511041700839996
9517,0.23511041700839996
9518,0.25721558928489685
9519,0.2261812686920166
9520,0.24374251067638397
9521,0.22098936140537262
9522,0.23777766525745392
9523,0.23777766525745392
9524,0.2658863663673401
9525,0.2162638157606125
9526,0.30290400981903076
9527,0.25509101152420044
9528,0.25509101152420044
9529,0.2837156355381012
9530,0.2401610165834427
9531,0.26226699352264404
9532,0.3039460778236389
9533,0.24041903018951416
9534,0.24041903018951416
9535,0.20109623670578003
9536,0.31596410274505615
9537,0.24493780732154846
9538,0.28981149196624756
9539,0.2846638560295105
9540,0.3059709072113037
9541,0.3059709072113037
9542,0.2761869430541992
9543,0.2917386293411255
9544,0.26330405473709106
9545,0.31596410274505615
9546,0.2559404969215393
9547,0.24269938468933105
9548,0.24999094009399414
9549,0.23942843079566956
9550,0.2371145337820053
9551,0.2371145337820053
9552,0.22651909291744232
9553,0.22268451750278473
9554,0.23978659510612488
9555,0.3045177459716797
9556,0.24394182860851288
9557,0.29088181257247925
9558,0.23436906933784485
9559,0.2637184262275696
9560,0.29170525074005127
9561,0.3032417893409729
9562,0.3032417893409729
9563,0.23966266214847565
9564,0.2658461332321167
9565,0.2658461332321167
9566,0.2926830053329468
9567,0.2705584764480591
9568,0.2705584764480591
9569,0.25714582204818726
9570,0.27824604511260986
9571,0.27824604511260986
9572,0.28902050852775574
9573,0.2640101909637451
9574,0.2640101909637451
9575,0.2983517646789551
9576,0.25848549604415894
9577,0.25848549604415894
9578,0.22230108082294464
9579,0.2753012180328369
9580,0.2753012180328369
9581,0.27053698897361755
9582,0.27053698897361755
9583,0.23707155883312225
9584,0.23707155883312225
9585,0.27222415804862976
9586,0.27222415804862976
9587,0.27696549892425537
9588,0.27696549892425537
9589,0.27667880058288574
9590,0.27667880058288574
9591,0.278079628944397
9592,0.278079628944397
9593,0.26208433508872986
9594,0.26208433508872986
9595,0.25526171922683716
9596,0.25526171922683716
9597,0.2504301369190216
9598,0.2504301369190216
9599,0.27938634157180786
9600,0.27938634157180786
9601,0.28010293841362
9602,0.28010293841362
9603,0.25474339723587036
9604,0.25474339723587036
9605,0.29173827171325684
9606,0.29173827171325684
9607,0.2623274326324463
9608,0.2623274326324463
9609,0.23540832102298737
9610,0.27795305848121643
9611,0.2867997884750366
9612,0.2867997884750366
9613,0.27521246671676636
9614,0.27388328313827515
9615,0.2736330032348633
9616,0.2623577117919922
9617,0.2623577117919922
9618,0.29281264543533325
9619,0.29281264543533325
9620,0.2590755820274353
9621,0.2355787605047226
9622,0.2355787605047226
9623,0.2667319178581238
9624,0.2667319178581238
9625,0.2615010738372803
9626,0.2615010738372803
9627,0.27104562520980835
9628,0.27104562520980835
9629,0.2520759105682373
9630,0.2520759105682373
9631,0.26835739612579346
9632,0.24066810309886932
9633,0.2166120558977127
9634,0.28966259956359863
9635,0.28966259956359863
9636,0.23347075283527374
9637,0.23347075283527374
9638,0.2519799470901489
9639,0.27114593982696533
9640,0.27114593982696533
9641,0.28529685735702515
9642,0.23090171813964844
9643,0.23090171813964844
9644,0.26412826776504517
9645,0.26412826776504517
9646,0.2767714858055115
9647,0.2767714858055115
9648,0.23355107009410858
9649,0.25570470094680786
9650,0.25570470094680786
9651,0.26827117800712585
9652,0.26002126932144165
9653,0.24435685575008392
9654,0.2358403354883194
9655,0.25941723585128784
9656,0.22807736694812775
9657,0.294416606426239
9658,0.2331504225730896
9659,0.24854420125484467
9660,0.24698106944561005
9661,0.23140913248062134
9662,0.21556763350963593
9663,0.22090588510036469
9664,0.2209460288286209
9665,0.2549143433570862
9666,0.2549143433570862
9667,0.2398046851158142
9668,0.28524458408355713
9669,0.28524458408355713
9670,0.2553616166114807
9671,0.2625836730003357
9672,0.2625836730003357
9673,0.19485211372375488
9674,0.2592770457267761
9675,0.2592770457267761
9676,0.2848910987377167
9677,0.2848910987377167
9678,0.2366703897714615
9679,0.2565543055534363
9680,0.2654946744441986
9681,0.2703293561935425
9682,0.2703293561935425
9683,0.25523000955581665
9684,0.25523000955581665
9685,0.27016496658325195
9686,0.27016496658325195
9687,0.28229349851608276
9688,0.27668654918670654
9689,0.26374322175979614
9690,0.2815161943435669
9691,0.34996724128723145
9692,0.24058102071285248
9693,0.24058102071285248
9694,0.2705327570438385
9695,0.2705327570438385
9696,0.20926328003406525
9697,0.2834780812263489
9698,0.22390569746494293
9699,0.27184736728668213
9700,0.2632744312286377
9701,0.24507595598697662
9702,0.26325464248657227
9703,0.26325464248657227
9704,0.2622854709625244
9705,0.26645582914352417
9706,0.26645582914352417
9707,0.2392938882112503
9708,0.2432040274143219
9709,0.23200471699237823
9710,0.27986425161361694
9711,0.27986425161361694
9712,0.25156155228614807
9713,0.2620130181312561
9714,0.2395348995923996
9715,0.2641574740409851
9716,0.27222371101379395
9717,0.27222371101379395
9718,0.2944399118423462
9719,0.25827687978744507
9720,0.2708757221698761
9721,0.2670143246650696
9722,0.24390211701393127
9723,0.24390211701393127
9724,0.28100520372390747
9725,0.27803218364715576
9726,0.28635114431381226
9727,0.2534322738647461
9728,0.2386564165353775
9729,0.25720202922821045
9730,0.24313248693943024
9731,0.24313248693943024
9732,0.2238283008337021
9733,0.2531803250312805
9734,0.2531803250312805
9735,0.25572365522384644
9736,0.25572365522384644
9737,0.2835308313369751
9738,0.2661026120185852
9739,0.26799702644348145
9740,0.26799702644348145
9741,0.2671000361442566
9742,0.2671000361442566
9743,0.23958848416805267
9744,0.2746703624725342
9745,0.2953391671180725
9746,0.2953391671180725
9747,0.27843523025512695
9748,0.27843523025512695
9749,0.24141784012317657
9750,0.24141784012317657
9751,0.2365291267633438
9752,0.2365291267633438
9753,0.25776004791259766
9754,0.26783663034439087
9755,0.24881239235401154
9756,0.24881239235401154
9757,0.2662409543991089
9758,0.26732492446899414
9759,0.26732492446899414
9760,0.2560676336288452
9761,0.2560676336288452
9762,0.24491938948631287
9763,0.24429422616958618
9764,0.2629227638244629
9765,0.28316497802734375
9766,0.21826200187206268
9767,0.30693119764328003
9768,0.2653605341911316
9769,0.23772786557674408
9770,0.3182772397994995
9771,0.24233901500701904
9772,0.22588752210140228
9773,0.24281175434589386
9774,0.23723284900188446
9775,0.22678537666797638
9776,0.25865089893341064
9777,0.26696646213531494
9778,0.24987995624542236
9779,0.3017750382423401
9780,0.3133300542831421
9781,0.34157872200012207
9782,0.25558555126190186
9783,0.22174029052257538
9784,0.2511293888092041
9785,0.2893128991127014
9786,0.29169178009033203
9787,0.25338757038116455
9788,0.21192210912704468
9789,0.25872334837913513
9790,0.24348659813404083
9791,0.24220643937587738
9792,0.24990428984165192
9793,0.24990428984165192
9794,0.2653340697288513
9795,0.2653340697288513
9796,0.28658705949783325
9797,0.2991316318511963
9798,0.2662774324417114
9799,0.25082674622535706
9800,0.285033643245697
9801,0.285033643245697
9802,0.2165476232767105
9803,0.2372770756483078
9804,0.2431781142950058
9805,0.3031740188598633
9806,0.23167428374290466
9807,0.2773820161819458
9808,0.2773820161819458
9809,0.3154342770576477
9810,0.29257386922836304
9811,0.26443225145339966
9812,0.26443225145339966
9813,0.2617851495742798
9814,0.2617851495742798
9815,0.2750501036643982
9816,0.2715190052986145
9817,0.2816924452781677
9818,0.2905783951282501
9819,0.24308456480503082
9820,0.25722014904022217
9821,0.2583457827568054
9822,0.2583457827568054
9823,0.27718132734298706
9824,0.26220035552978516
9825,0.30646228790283203
9826,0.2579777240753174
9827,0.2579777240753174
9828,0.25698259472846985
9829,0.25698259472846985
9830,0.2633451819419861
9831,0.2633451819419861
9832,0.2536740303039551
9833,0.2544829249382019
9834,0.2544829249382019
9835,0.2528221309185028
9836,0.2528221309185028
9837,0.2527194619178772
9838,0.2527194619178772
9839,0.2534341812133789
9840,0.2534341812133789
9841,0.25757455825805664
9842,0.25757455825805664
9843,0.27198326587677
9844,0.27385473251342773
9845,0.2911081314086914
9846,0.2911081314086914
9847,0.3015454411506653
9848,0.22360429167747498
9849,0.24554914236068726
9850,0.23920045793056488
9851,0.24212013185024261
9852,0.20348508656024933
9853,0.2620582580566406
9854,0.3037087321281433
9855,0.3037087321281433
9856,0.24327076971530914
9857,0.24679946899414062
9858,0.28822773694992065
9859,0.2798078656196594
9860,0.2798078656196594
9861,0.2720101475715637
9862,0.2720101475715637
9863,0.23834894597530365
9864,0.18384571373462677
9865,0.21442246437072754
9866,0.22002017498016357
9867,0.2932567000389099
9868,0.2932567000389099
9869,0.27839988470077515
9870,0.27839988470077515
9871,0.27976810932159424
9872,0.27976810932159424
9873,0.25954151153564453
9874,0.25954151153564453
9875,0.24507121741771698
9876,0.24507121741771698
9877,0.25303614139556885
9878,0.25303614139556885
9879,0.28575563430786133
9880,0.2889939248561859
9881,0.25500452518463135
9882,0.25500452518463135
9883,0.25658097863197327
9884,0.25658097863197327
9885,0.24339891970157623
9886,0.24339891970157623
9887,0.2852180600166321
9888,0.2852180600166321
9889,0.29061073064804077
9890,0.29061073064804077
9891,0.3008773922920227
9892,0.3008773922920227
9893,0.31257230043411255
9894,0.31257230043411255
9895,0.2916795611381531
9896,0.2916795611381531
9897,0.3069688081741333
9898,0.3069688081741333
9899,0.2882649898529053
9900,0.2882649898529053
9901,0.2681421637535095
9902,0.25752323865890503
9903,0.25752323865890503
9904,0.352780818939209
9905,0.25418710708618164
9906,0.2570960521697998
9907,0.2570960521697998
9908,0.25105494260787964
9909,0.25105494260787964
9910,0.26374340057373047
9911,0.26374340057373047
9912,0.23201535642147064
9913,0.23201535642147064
9914,0.23572276532649994
9915,0.23572276532649994
9916,0.25880154967308044
9917,0.25880154967308044
9918,0.2621825337409973
9919,0.2621825337409973
9920,0.2981308102607727
9921,0.27024155855178833
9922,0.24049580097198486
9923,0.24049580097198486
9924,0.24927857518196106
9925,0.24927857518196106
9926,0.24709443747997284
9927,0.24709443747997284
9928,0.22121433913707733
9929,0.21741221845149994
9930,0.26405757665634155
9931,0.26405757665634155
9932,0.26110053062438965
9933,0.26110053062438965
9934,0.23205719888210297
9935,0.24831289052963257
9936,0.28642940521240234
9937,0.28642940521240234
9938,0.2442331463098526
9939,0.26276838779449463
9940,0.26276838779449463
9941,0.2800198495388031
9942,0.2800198495388031
9943,0.24532686173915863
9944,0.26062512397766113
9945,0.22192583978176117
9946,0.24528688192367554
9947,0.24528688192367554
9948,0.2866257131099701
9949,0.2866257131099701
9950,0.24431480467319489
9951,0.26016920804977417
9952,0.26016920804977417
9953,0.251171350479126
9954,0.251171350479126
9955,0.23068909347057343
9956,0.23068909347057343
9957,0.2666435241699219
9958,0.2666435241699219
9959,0.2642478048801422
9960,0.2653043866157532
9961,0.2653043866157532
9962,0.2909282445907593
9963,0.2909282445907593
9964,0.2859926223754883
9965,0.2819935083389282
9966,0.2865859866142273
9967,0.24697823822498322
9968,0.22701428830623627
9969,0.2481338232755661
9970,0.25014275312423706
9971,0.23562754690647125
9972,0.23562754690647125
9973,0.24587152898311615
9974,0.34846776723861694
9975,0.26706069707870483
9976,0.26706069707870483
9977,0.26912176609039307
9978,0.2651020288467407
9979,0.2791637182235718
9980,0.3714768886566162
9981,0.25642114877700806
9982,0.2720332741737366
9983,0.3323513865470886
9984,0.33746087551116943
9985,0.34689170122146606
9986,0.2852187156677246
9987,0.2852187156677246
9988,0.28102636337280273
9989,0.24874462187290192
9990,0.24874462187290192
9991,0.2849453091621399
9992,0.2640076279640198
9993,0.2640076279640198
9994,0.24924616515636444
9995,0.21622030436992645
9996,0.26772600412368774
9997,0.26772600412368774
9998,0.20426100492477417
9999,0.265380859375
10000,0.21720914542675018
10001,0.23483920097351074
10002,0.2621491551399231
10003,0.2621491551399231
10004,0.278319776058197
10005,0.2788066267967224
10006,0.27899086475372314
10007,0.25005143880844116
10008,0.27103424072265625
10009,0.2332947701215744
10010,0.30823183059692383
10011,0.257163405418396
10012,0.2736673951148987
10013,0.26562273502349854
10014,0.25379377603530884
10015,0.2586195468902588
10016,0.27080410718917847
10017,0.27491557598114014
10018,0.27491557598114014
10019,0.2554328739643097
10020,0.2554328739643097
10021,0.343533992767334
10022,0.24272480607032776
10023,0.2824530601501465
10024,0.2750930190086365
10025,0.2750930190086365
10026,0.27815860509872437
10027,0.27815860509872437
10028,0.3101491332054138
10029,0.2790076732635498
10030,0.2798498868942261
10031,0.2798498868942261
10032,0.2783970832824707
10033,0.2783970832824707
10034,0.2690684199333191
10035,0.22482895851135254
10036,0.25871992111206055
10037,0.23898586630821228
10038,0.23898586630821228
10039,0.2622677683830261
10040,0.2622677683830261
10041,0.23242028057575226
10042,0.27613651752471924
10043,0.3207603096961975
10044,0.25721079111099243
10045,0.24027040600776672
10046,0.24027040600776672
10047,0.24651864171028137
10048,0.25774693489074707
10049,0.27182745933532715
10050,0.33948951959609985
10051,0.3296157121658325
10052,0.25978630781173706
10053,0.26016688346862793
10054,0.26102709770202637
10055,0.2579419016838074
10056,0.23661386966705322
10057,0.23661386966705322
10058,0.22539354860782623
10059,0.24107660353183746
10060,0.24046190083026886
10061,0.24046190083026886
10062,0.2373681366443634
10063,0.24656012654304504
10064,0.26452189683914185
10065,0.2367905229330063
10066,0.2596592903137207
10067,0.30122607946395874
10068,0.33509397506713867
10069,0.24022991955280304
10070,0.2529391646385193
10071,0.25519418716430664
10072,0.26965710520744324
10073,0.24470768868923187
10074,0.31677860021591187
10075,0.2573077082633972
10076,0.24317415058612823
10077,0.3226763606071472
10078,0.3037451505661011
10079,0.2778867483139038
10080,0.2749900221824646
10081,0.2749900221824646
10082,0.2735825181007385
10083,0.2735825181007385
10084,0.2248258739709854
10085,0.2674626111984253
10086,0.2674626111984253
10087,0.22756513953208923
10088,0.22756513953208923
10089,0.25755757093429565
10090,0.25755757093429565
10091,0.23913328349590302
10092,0.23892460763454437
10093,0.23892460763454437
10094,0.32732945680618286
10095,0.3250492215156555
10096,0.3195433020591736
10097,0.2735593318939209
10098,0.2658790349960327
10099,0.2636879086494446
10100,0.2892006039619446
10101,0.2536754906177521
10102,0.2755157947540283
10103,0.2754758596420288
10104,0.3077694773674011
10105,0.2114696055650711
10106,0.2114696055650711
10107,0.2927670478820801
10108,0.23701545596122742
10109,0.25974202156066895
10110,0.23977525532245636
10111,0.2534882426261902
10112,0.2531052231788635
10113,0.2531052231788635
10114,0.2366844266653061
10115,0.23781685531139374
10116,0.25295335054397583
10117,0.2388513833284378
10118,0.2388513833284378
10119,0.3131399154663086
10120,0.2570340037345886
10121,0.2812475562095642
10122,0.3018770217895508
10123,0.23409101366996765
10124,0.24300135672092438
10125,0.24300135672092438
10126,0.21074895560741425
10127,0.279257208108902
10128,0.279257208108902
10129,0.28828901052474976
10130,0.2790268063545227
10131,0.3138817548751831
10132,0.2564695477485657
10133,0.23958231508731842
10134,0.228773295879364
10135,0.28893131017684937
10136,0.2251071184873581
10137,0.23873020708560944
10138,0.2407730221748352
10139,0.26985061168670654
10140,0.2550654709339142
10141,0.3005850911140442
10142,0.26810166239738464
10143,0.25455808639526367
10144,0.2548130452632904
10145,0.25270044803619385
10146,0.22496013343334198
10147,0.26055705547332764
10148,0.24485988914966583
10149,0.28993332386016846
10150,0.22504018247127533
10151,0.2601749300956726
10152,0.29455918073654175
10153,0.30729764699935913
10154,0.19905860722064972
10155,0.2519189715385437
10156,0.23852168023586273
10157,0.26303631067276
10158,0.2335025817155838
10159,0.25228118896484375
10160,0.28869733214378357
10161,0.28869733214378357
10162,0.29408973455429077
10163,0.29408973455429077
10164,0.271109402179718
10165,0.271109402179718
10166,0.24605828523635864
10167,0.27894705533981323
10168,0.27894705533981323
10169,0.28228217363357544
10170,0.25224077701568604
10171,0.27159297466278076
10172,0.27159297466278076
10173,0.2744360566139221
10174,0.2699110507965088
10175,0.2701829671859741
10176,0.2585252523422241
10177,0.27162089943885803
10178,0.23914316296577454
10179,0.22378620505332947
10180,0.22378620505332947
10181,0.3020886778831482
10182,0.24574394524097443
10183,0.24574394524097443
10184,0.2389204055070877
10185,0.23926950991153717
10186,0.19689999520778656
10187,0.19689999520778656
10188,0.273232638835907
10189,0.273232638835907
10190,0.25720253586769104
10191,0.25720253586769104
10192,0.28245019912719727
10193,0.28245019912719727
10194,0.2225109189748764
10195,0.28437715768814087
10196,0.27052903175354004
10197,0.27052903175354004
10198,0.2787134051322937
10199,0.2787134051322937
10200,0.26751893758773804
10201,0.2875312566757202
10202,0.2875312566757202
10203,0.2788105607032776
10204,0.2788105607032776
10205,0.2623139023780823
10206,0.2530076503753662
10207,0.28080612421035767
10208,0.22266773879528046
10209,0.27532076835632324
10210,0.28541648387908936
10211,0.28541648387908936
10212,0.27943629026412964
10213,0.27943629026412964
10214,0.2775113582611084
10215,0.2775113582611084
10216,0.27457308769226074
10217,0.2259378880262375
10218,0.2704288959503174
10219,0.2704288959503174
10220,0.24100624024868011
10221,0.24100624024868011
10222,0.24727477133274078
10223,0.2788580060005188
10224,0.27790749073028564
10225,0.27101585268974304
10226,0.2608410716056824
10227,0.27579259872436523
10228,0.2789306044578552
10229,0.2615227699279785
10230,0.2939678430557251
10231,0.2823266088962555
10232,0.2527218163013458
10233,0.2797294855117798
10234,0.26342159509658813
10235,0.30159687995910645
10236,0.307756245136261
10237,0.2979506850242615
10238,0.2975125312805176
10239,0.27130329608917236
10240,0.2543635070323944
10241,0.28175196051597595
10242,0.28175196051597595
10243,0.2961440682411194
10244,0.30932295322418213
10245,0.30932295322418213
10246,0.2664671540260315
10247,0.270456463098526
10248,0.2674083709716797
10249,0.25824761390686035
10250,0.27186065912246704
10251,0.27186065912246704
10252,0.2741488814353943
10253,0.2820863723754883
10254,0.28742414712905884
10255,0.26933401823043823
10256,0.22929106652736664
10257,0.2542133331298828
10258,0.27193158864974976
10259,0.27193158864974976
10260,0.2432318776845932
10261,0.2486134022474289
10262,0.2486134022474289
10263,0.24096256494522095
10264,0.23148921132087708
10265,0.29369843006134033
10266,0.30147624015808105
10267,0.2649950385093689
10268,0.3058318495750427
10269,0.25727707147598267
10270,0.2421581745147705
10271,0.2650623917579651
10272,0.2928517460823059
10273,0.2928517460823059
10274,0.24736161530017853
10275,0.3048379421234131
10276,0.29200249910354614
10277,0.28815555572509766
10278,0.30454355478286743
10279,0.25659096240997314
10280,0.25489139556884766
10281,0.2551537752151489
10282,0.24651339650154114
10283,0.3092573881149292
10284,0.26317763328552246
10285,0.22471420466899872
10286,0.24978725612163544
10287,0.24978725612163544
10288,0.2707911729812622
10289,0.2707911729812622
10290,0.2426919788122177
10291,0.27749818563461304
10292,0.27749818563461304
10293,0.287553608417511
10294,0.2943827509880066
10295,0.2635352909564972
10296,0.2635352909564972
10297,0.25982844829559326
10298,0.266989141702652
10299,0.266989141702652
10300,0.2510891556739807
10301,0.2528572082519531
10302,0.30152463912963867
10303,0.30152463912963867
10304,0.2545444965362549
10305,0.2545444965362549
10306,0.24273280799388885
10307,0.24273280799388885
10308,0.21073052287101746
10309,0.22828733921051025
10310,0.23506160080432892
10311,0.24355311691761017
10312,0.30363303422927856
10313,0.30363303422927856
10314,0.2759847640991211
10315,0.29001063108444214
10316,0.29001063108444214
10317,0.2707746624946594
10318,0.27304261922836304
10319,0.29212915897369385
10320,0.29212915897369385
10321,0.2963563799858093
10322,0.2825717031955719
10323,0.2825717031955719
10324,0.27439481019973755
10325,0.24052956700325012
10326,0.19396264851093292
10327,0.2758179008960724
10328,0.28138649463653564
10329,0.2083982676267624
10330,0.2803991436958313
10331,0.25628751516342163
10332,0.25628751516342163
10333,0.2751896381378174
10334,0.2751896381378174
10335,0.24877087771892548
10336,0.3484315276145935
10337,0.25825220346450806
10338,0.2916749119758606
10339,0.2890012264251709
10340,0.2892412543296814
10341,0.2631218731403351
10342,0.3012216091156006
10343,0.3012216091156006
10344,0.24430228769779205
10345,0.2704065144062042
10346,0.3031383752822876
10347,0.28036099672317505
10348,0.28036099672317505
10349,0.24388407170772552
10350,0.24388407170772552
10351,0.2751561999320984
10352,0.2751561999320984
10353,0.29402512311935425
10354,0.29402512311935425
10355,0.27975744009017944
10356,0.274369478225708
10357,0.274369478225708
10358,0.2780078053474426
10359,0.2780078053474426
10360,0.26234763860702515
10361,0.274787962436676
10362,0.274787962436676
10363,0.2528727948665619
10364,0.30141764879226685
10365,0.2511497437953949
10366,0.2511497437953949
10367,0.2591403126716614
10368,0.2334214299917221
10369,0.24804458022117615
10370,0.2416972666978836
10371,0.24430710077285767
10372,0.24430710077285767
10373,0.2704885005950928
10374,0.22763751447200775
10375,0.3057771921157837
10376,0.2595713138580322
10377,0.2595713138580322
10378,0.2893592119216919
10379,0.24315322935581207
10380,0.2622331380844116
10381,0.310573935508728
10382,0.25435614585876465
10383,0.25435614585876465
10384,0.2054256945848465
10385,0.3249049782752991
10386,0.2533513307571411
10387,0.29952043294906616
10388,0.29498106241226196
10389,0.3121612071990967
10390,0.3121612071990967
10391,0.28635114431381226
10392,0.29832738637924194
10393,0.2761586904525757
10394,0.3204317092895508
10395,0.2603943347930908
10396,0.24681822955608368
10397,0.2595502734184265
10398,0.2462678700685501
10399,0.24285028874874115
10400,0.24285028874874115
10401,0.24191056191921234
10402,0.2288786619901657
10403,0.24790312349796295
10404,0.31003594398498535
10405,0.2576395273208618
10406,0.29810136556625366
10407,0.24159827828407288
10408,0.2725631594657898
10409,0.29682379961013794
10410,0.30914801359176636
10411,0.30914801359176636
10412,0.25438743829727173
10413,0.2781871557235718
10414,0.2781871557235718
10415,0.30228936672210693
10416,0.2819986343383789
10417,0.2819986343383789
10418,0.270253449678421
10419,0.28742095828056335
10420,0.28742095828056335
10421,0.30510759353637695
10422,0.2712118923664093
10423,0.2712118923664093
10424,0.3047521114349365
10425,0.27472710609436035
10426,0.27472710609436035
10427,0.22182653844356537
10428,0.28468701243400574
10429,0.28468701243400574
10430,0.28186723589897156
10431,0.28186723589897156
10432,0.24974338710308075
10433,0.24974338710308075
10434,0.27744346857070923
10435,0.27744346857070923
10436,0.28633517026901245
10437,0.28633517026901245
10438,0.28528809547424316
10439,0.28528809547424316
10440,0.289467990398407
10441,0.289467990398407
10442,0.2725658416748047
10443,0.2725658416748047
10444,0.26480913162231445
10445,0.26480913162231445
10446,0.2638932466506958
10447,0.2638932466506958
10448,0.28939270973205566
10449,0.28939270973205566
10450,0.29085594415664673
10451,0.29085594415664673
10452,0.2732682228088379
10453,0.2732682228088379
10454,0.3025515079498291
10455,0.3025515079498291
10456,0.273080050945282
10457,0.273080050945282
10458,0.24582768976688385
10459,0.2834736704826355
10460,0.2989610433578491
10461,0.2989610433578491
10462,0.27977854013442993
10463,0.27768704295158386
10464,0.27635085582733154
10465,0.27765989303588867
10466,0.27765989303588867
10467,0.2965303659439087
10468,0.2965303659439087
10469,0.2605263888835907
10470,0.2387731969356537
10471,0.2387731969356537
10472,0.27987876534461975
10473,0.27987876534461975
10474,0.2740136384963989
10475,0.2740136384963989
10476,0.2770253121852875
10477,0.2770253121852875
10478,0.25748950242996216
10479,0.25748950242996216
10480,0.27386415004730225
10481,0.24569015204906464
10482,0.22765026986598969
10483,0.29622989892959595
10484,0.29622989892959595
10485,0.2570658326148987
10486,0.2570658326148987
10487,0.2641249895095825
10488,0.28436079621315
10489,0.28436079621315
10490,0.2910822033882141
10491,0.24863384664058685
10492,0.24863384664058685
10493,0.2780914306640625
10494,0.2780914306640625
10495,0.2875368893146515
10496,0.2875368893146515
10497,0.2423579841852188
10498,0.26701366901397705
10499,0.26701366901397705
10500,0.2758054733276367
10501,0.27103379368782043
10502,0.25234898924827576
10503,0.24066780507564545
10504,0.25990498065948486
10505,0.2348906546831131
10506,0.3030897378921509
10507,0.23823100328445435
10508,0.2567064166069031
10509,0.25414156913757324
10510,0.23641754686832428
10511,0.2266424298286438
10512,0.23472784459590912
10513,0.23466677963733673
10514,0.2559221386909485
10515,0.2559221386909485
10516,0.24724559485912323
10517,0.2912061810493469
10518,0.2912061810493469
10519,0.25838756561279297
10520,0.2706173062324524
10521,0.2706173062324524
10522,0.2134721726179123
10523,0.2717176079750061
10524,0.2717176079750061
10525,0.29069000482559204
10526,0.29069000482559204
10527,0.24330566823482513
10528,0.25963807106018066
10529,0.2718959450721741
10530,0.27248984575271606
10531,0.27248984575271606
10532,0.27429091930389404
10533,0.27429091930389404
10534,0.288840115070343
10535,0.288840115070343
10536,0.2930322289466858
10537,0.2844575047492981
10538,0.2686002850532532
10539,0.2888054847717285
10540,0.3527478575706482
10541,0.2609204649925232
10542,0.2609204649925232
10543,0.28168022632598877
10544,0.28168022632598877
10545,0.22383464872837067
10546,0.290077269077301
10547,0.2265150398015976
10548,0.2787284255027771
10549,0.27255183458328247
10550,0.25130581855773926
10551,0.2798561453819275
10552,0.2798561453819275
10553,0.27516189217567444
10554,0.27647823095321655
10555,0.27647823095321655
10556,0.24991805851459503
10557,0.25074753165245056
10558,0.24946808815002441
10559,0.29141467809677124
10560,0.29141467809677124
10561,0.25655341148376465
10562,0.26193851232528687
10563,0.24653109908103943
10564,0.2680106461048126
10565,0.27718913555145264
10566,0.27718913555145264
10567,0.30243706703186035
10568,0.26161056756973267
10569,0.27479076385498047
10570,0.27919334173202515
10571,0.2661968469619751
10572,0.2661968469619751
10573,0.2892097532749176
10574,0.2962731719017029
10575,0.30477362871170044
10576,0.2620704770088196
10577,0.24564464390277863
10578,0.26530569791793823
10579,0.24546533823013306
10580,0.24546533823013306
10581,0.23926188051700592
10582,0.2586250901222229
10583,0.2586250901222229
10584,0.27336281538009644
10585,0.27336281538009644
10586,0.2908802628517151
10587,0.2872058153152466
10588,0.27907854318618774
10589,0.27907854318618774
10590,0.2793400287628174
10591,0.2793400287628174
10592,0.25758954882621765
10593,0.28083622455596924
10594,0.30870234966278076
10595,0.30870234966278076
10596,0.28871384263038635
10597,0.28871384263038635
10598,0.24585600197315216
10599,0.24585600197315216
10600,0.24275606870651245
10601,0.24275606870651245
10602,0.2624446749687195
10603,0.26958101987838745
10604,0.2531224489212036
10605,0.2531224489212036
10606,0.27135658264160156
10607,0.27840691804885864
10608,0.27840691804885864
10609,0.26054033637046814
10610,0.26054033637046814
10611,0.24950547516345978
10612,0.24875403940677643
10613,0.2619580626487732
10614,0.2961670756340027
10615,0.23109357059001923
10616,0.31490635871887207
10617,0.2647673487663269
10618,0.24301312863826752
10619,0.3235657215118408
10620,0.2539999485015869
10621,0.24115915596485138
10622,0.25220125913619995
10623,0.2413468360900879
10624,0.23330529034137726
10625,0.26283949613571167
10626,0.2746801972389221
10627,0.2588883936405182
10628,0.3054666519165039
10629,0.31516528129577637
10630,0.3452143669128418
10631,0.26277363300323486
10632,0.2315785139799118
10633,0.257266640663147
10634,0.29109394550323486
10635,0.29716575145721436
10636,0.25934284925460815
10637,0.2181038111448288
10638,0.26003530621528625
10639,0.2447177916765213
10640,0.24333679676055908
10641,0.27100467681884766
10642,0.27100467681884766
10643,0.2722265124320984
10644,0.2722265124320984
10645,0.2921505570411682
10646,0.31159621477127075
10647,0.28490108251571655
10648,0.2731720805168152
10649,0.29716598987579346
10650,0.29716598987579346
10651,0.23052312433719635
10652,0.2444150596857071
10653,0.2644326090812683
10654,0.3132246732711792
10655,0.23840291798114777
10656,0.28592145442962646
10657,0.28592145442962646
10658,0.32372087240219116
10659,0.29839009046554565
10660,0.26718008518218994
10661,0.26718008518218994
10662,0.2762414813041687
10663,0.2762414813041687
10664,0.29185938835144043
10665,0.287533164024353
10666,0.288066565990448
10667,0.30447906255722046
10668,0.25439637899398804
10669,0.26064640283584595
10670,0.27690398693084717
10671,0.27690398693084717
10672,0.2797563672065735
10673,0.2676723599433899
10674,0.31091541051864624
10675,0.259387344121933
10676,0.259387344121933
10677,0.2698379158973694
10678,0.2698379158973694
10679,0.26246699690818787
10680,0.26246699690818787
10681,0.27168238162994385
10682,0.25545915961265564
10683,0.25545915961265564
10684,0.2538859248161316
10685,0.2538859248161316
10686,0.25358259677886963
10687,0.25358259677886963
10688,0.2549212574958801
10689,0.2549212574958801
10690,0.2579745650291443
10691,0.2579745650291443
10692,0.29230737686157227
10693,0.2936331629753113
10694,0.2933136224746704
10695,0.2933136224746704
10696,0.3118157982826233
10697,0.23494289815425873
10698,0.2502708435058594
10699,0.2471287101507187
10700,0.24563775956630707
10701,0.21985706686973572
10702,0.26477566361427307
10703,0.3189723491668701
10704,0.3189723491668701
10705,0.2473360151052475
10706,0.25198423862457275
10707,0.2989794611930847
10708,0.2948012948036194
10709,0.2948012948036194
10710,0.27521687746047974
10711,0.27521687746047974
10712,0.24794957041740417
10713,0.19621269404888153
10714,0.2227817326784134
10715,0.2311665266752243
10716,0.30035173892974854
10717,0.30035173892974854
10718,0.2893284559249878
10719,0.2893284559249878
10720,0.2906376123428345
10721,0.2906376123428345
10722,0.26941585540771484
10723,0.26941585540771484
10724,0.25499045848846436
10725,0.25499045848846436
10726,0.26108092069625854
10727,0.26108092069625854
10728,0.29718512296676636
10729,0.3002476692199707
10730,0.2696646451950073
10731,0.2696646451950073
10732,0.26922595500946045
10733,0.26922595500946045
10734,0.2568325400352478
10735,0.2568325400352478
10736,0.2928122878074646
10737,0.2928122878074646
10738,0.2983575463294983
10739,0.2983575463294983
10740,0.30912667512893677
10741,0.30912667512893677
10742,0.3149588704109192
10743,0.3149588704109192
10744,0.3009600043296814
10745,0.3009600043296814
10746,0.3118669390678406
10747,0.3118669390678406
10748,0.29318130016326904
10749,0.29318130016326904
10750,0.27313870191574097
10751,0.2579002380371094
10752,0.2579002380371094
10753,0.35505837202072144
10754,0.2625562846660614
10755,0.27288883924484253
10756,0.27288883924484253
10757,0.2726987600326538
10758,0.2726987600326538
10759,0.27893179655075073
10760,0.27893179655075073
10761,0.24210862815380096
10762,0.24210862815380096
10763,0.2554481625556946
10764,0.2554481625556946
10765,0.26071691513061523
10766,0.26071691513061523
10767,0.27507463097572327
10768,0.27507463097572327
10769,0.30766940116882324
10770,0.2785765528678894
10771,0.2517848014831543
10772,0.2517848014831543
10773,0.25803080201148987
10774,0.25803080201148987
10775,0.25646740198135376
10776,0.25646740198135376
10777,0.2357594519853592
10778,0.23488730192184448
10779,0.2738227844238281
10780,0.2738227844238281
10781,0.2630026638507843
10782,0.2630026638507843
10783,0.2430916279554367
10784,0.25370079278945923
10785,0.2950069308280945
10786,0.2950069308280945
10787,0.25028514862060547
10788,0.2677714228630066
10789,0.2677714228630066
10790,0.28782397508621216
10791,0.28782397508621216
10792,0.25503605604171753
10793,0.2633969187736511
10794,0.23417748510837555
10795,0.2584879398345947
10796,0.2584879398345947
10797,0.29715245962142944
10798,0.29715245962142944
10799,0.2674264907836914
10800,0.2798228859901428
10801,0.2798228859901428
10802,0.26759135723114014
10803,0.26759135723114014
10804,0.23540176451206207
10805,0.23540176451206207
10806,0.2770366072654724
10807,0.2770366072654724
10808,0.2642902731895447
10809,0.2832571268081665
10810,0.2832571268081665
10811,0.2980460524559021
10812,0.2980460524559021
10813,0.30609267950057983
10814,0.3037814497947693
10815,0.2876550555229187
10816,0.25820237398147583
10817,0.23103438317775726
10818,0.2527012228965759
10819,0.25577086210250854
10820,0.24121536314487457
10821,0.24121536314487457
10822,0.26800113916397095
10823,0.35141468048095703
10824,0.2729399800300598
10825,0.2729399800300598
10826,0.27556079626083374
10827,0.27214527130126953
10828,0.2908095717430115
10829,0.37200695276260376
10830,0.2626456022262573
10831,0.27757298946380615
10832,0.33742696046829224
10833,0.3415455222129822
10834,0.3499324321746826
10835,0.2952035069465637
10836,0.2952035069465637
10837,0.2879599630832672
10838,0.253281831741333
10839,0.253281831741333
10840,0.298403799533844
10841,0.2721467614173889
10842,0.2721467614173889
10843,0.2545599043369293
10844,0.22792385518550873
10845,0.27959752082824707
10846,0.27959752082824707
10847,0.22037898004055023
10848,0.27435341477394104
10849,0.22254578769207
10850,0.23876480758190155
10851,0.2818271517753601
10852,0.2818271517753601
10853,0.3008387088775635
10854,0.28741538524627686
10855,0.28740477561950684
10856,0.2615380883216858
10857,0.2737656533718109
10858,0.24503841996192932
10859,0.3204503059387207
10860,0.2603068947792053
10861,0.28182339668273926
10862,0.28065577149391174
10863,0.26034581661224365
10864,0.2678167223930359
10865,0.2775123715400696
10866,0.2843400835990906
10867,0.2843400835990906
10868,0.2735430896282196
10869,0.2735430896282196
10870,0.3468538522720337
10871,0.26091325283050537
10872,0.2906588912010193
10873,0.286185622215271
10874,0.286185622215271
10875,0.29048651456832886
10876,0.29048651456832886
10877,0.3223971128463745
10878,0.28739964962005615
10879,0.2910735607147217
10880,0.2910735607147217
10881,0.2906695604324341
10882,0.2906695604324341
10883,0.2821519374847412
10884,0.23445001244544983
10885,0.26920390129089355
10886,0.24447938799858093
10887,0.24447938799858093
10888,0.2695178687572479
10889,0.2695178687572479
10890,0.2465236335992813
10891,0.2831242084503174
10892,0.3250524401664734
10893,0.2654394507408142
10894,0.24745818972587585
10895,0.24745818972587585
10896,0.2530313730239868
10897,0.26116710901260376
10898,0.28608447313308716
10899,0.3435021638870239
10900,0.3350589871406555
10901,0.2685483396053314
10902,0.2641827464103699
10903,0.2721744775772095
10904,0.2636431157588959
10905,0.24248142540454865
10906,0.24248142540454865
10907,0.22836260497570038
10908,0.24799297749996185
10909,0.2473371922969818
10910,0.2473371922969818
10911,0.24201515316963196
10912,0.25309133529663086
10913,0.2731531858444214
10914,0.2593679428100586
10915,0.2736818194389343
10916,0.30919981002807617
10917,0.3394553065299988
10918,0.2490927129983902
10919,0.25604546070098877
10920,0.27342426776885986
10921,0.2775469422340393
10922,0.2514355182647705
10923,0.3256834149360657
10924,0.2594778537750244
10925,0.2545943260192871
10926,0.3273242712020874
10927,0.3175298571586609
10928,0.2907969355583191
10929,0.2825954556465149
10930,0.2825954556465149
10931,0.28135615587234497
10932,0.28135615587234497
10933,0.23219513893127441
10934,0.28974443674087524
10935,0.28974443674087524
10936,0.24222154915332794
10937,0.24222154915332794
10938,0.26127171516418457
10939,0.26127171516418457
10940,0.2474966049194336
10941,0.24584676325321198
10942,0.24584676325321198
10943,0.3323143720626831
10944,0.3296058177947998
10945,0.32270753383636475
10946,0.2842804789543152
10947,0.2704818546772003
10948,0.2799763083457947
10949,0.2949289083480835
10950,0.26206862926483154
10951,0.2924262285232544
10952,0.2926662564277649
10953,0.3244689106941223
10954,0.22683030366897583
10955,0.22683030366897583
10956,0.30225294828414917
10957,0.23991666734218597
10958,0.27161192893981934
10959,0.25146061182022095
10960,0.2610408663749695
10961,0.25886741280555725
10962,0.25886741280555725
10963,0.2504265308380127
10964,0.24469955265522003
10965,0.2616288661956787
10966,0.24322761595249176
10967,0.24322761595249176
10968,0.31686514616012573
10969,0.2709575295448303
10970,0.30330127477645874
10971,0.3151775002479553
10972,0.24219977855682373
10973,0.25327739119529724
10974,0.25327739119529724
10975,0.2167564481496811
10976,0.28543221950531006
10977,0.28543221950531006
10978,0.2976101040840149
10979,0.2887333333492279
10980,0.31725531816482544
10981,0.2604157626628876
10982,0.2456391453742981
10983,0.2438783496618271
10984,0.2945513129234314
10985,0.23698671162128448
10986,0.24512821435928345
10987,0.24569782614707947
10988,0.28041499853134155
10989,0.262967050075531
10990,0.3077194094657898
10991,0.2726901173591614
10992,0.2720869183540344
10993,0.27310293912887573
10994,0.25390952825546265
10995,0.23308522999286652
10996,0.2682594656944275
10997,0.2513245940208435
10998,0.29609906673431396
10999,0.23026783764362335
11000,0.26376646757125854
11001,0.3049638271331787
11002,0.3097872734069824
11003,0.2077307254076004
11004,0.2690187692642212
11005,0.24765415489673615
11006,0.28036653995513916
11007,0.24030296504497528
11008,0.25864118337631226
11009,0.2949787378311157
11010,0.2949787378311157
11011,0.3010762333869934
11012,0.3010762333869934
11013,0.28147414326667786
11014,0.28147414326667786
11015,0.24652321636676788
11016,0.2879629135131836
11017,0.2879629135131836
11018,0.29042303562164307
11019,0.26071256399154663
11020,0.2833627760410309
11021,0.2833627760410309
11022,0.2970978021621704
11023,0.2887038588523865
11024,0.27936869859695435
11025,0.26380300521850586
11026,0.2958042621612549
11027,0.25314438343048096
11028,0.23155052959918976
11029,0.23155052959918976
11030,0.3045101761817932
11031,0.25021374225616455
11032,0.25021374225616455
11033,0.2599777579307556
11034,0.26010221242904663
11035,0.21033771336078644
11036,0.21033771336078644
11037,0.24792596697807312
11038,0.24792596697807312
11039,0.26227861642837524
11040,0.26227861642837524
11041,0.24993281066417694
11042,0.24993281066417694
11043,0.18667633831501007
11044,0.2651088237762451
11045,0.239695206284523
11046,0.239695206284523
11047,0.2561042904853821
11048,0.2561042904853821
11049,0.24661441147327423
11050,0.2580088973045349
11051,0.2580088973045349
11052,0.2508366107940674
11053,0.2508366107940674
11054,0.23955726623535156
11055,0.23725637793540955
11056,0.253930926322937
11057,0.19527989625930786
11058,0.24703647196292877
11059,0.2524123191833496
11060,0.2524123191833496
11061,0.2529671788215637
11062,0.2529671788215637
11063,0.24998517334461212
11064,0.24998517334461212
11065,0.24169057607650757
11066,0.24462534487247467
11067,0.23797599971294403
11068,0.23797599971294403
11069,0.22526441514492035
11070,0.22526441514492035
11071,0.23107026517391205
11072,0.2426161915063858
11073,0.23465798795223236
11074,0.22309839725494385
11075,0.25371256470680237
11076,0.24466143548488617
11077,0.24573883414268494
11078,0.21983051300048828
11079,0.2609047293663025
11080,0.24302463233470917
11081,0.23764999210834503
11082,0.22349552810192108
11083,0.2988845705986023
11084,0.26876771450042725
11085,0.2816920876502991
11086,0.27946561574935913
11087,0.30352556705474854
11088,0.22859667241573334
11089,0.2790110111236572
11090,0.3107612729072571
11091,0.3107612729072571
11092,0.25430041551589966
11093,0.27380624413490295
11094,0.27380624413490295
11095,0.2441936880350113
11096,0.26491621136665344
11097,0.24109382927417755
11098,0.21380439400672913
11099,0.23780278861522675
11100,0.23780278861522675
11101,0.2368793934583664
11102,0.25893014669418335
11103,0.2650240659713745
11104,0.2740558087825775
11105,0.2019626647233963
11106,0.26621538400650024
11107,0.284221887588501
11108,0.284221887588501
11109,0.28680455684661865
11110,0.2861427962779999
11111,0.2861427962779999
11112,0.27286386489868164
11113,0.2267753928899765
11114,0.27474796772003174
11115,0.2668033242225647
11116,0.31101953983306885
11117,0.27330273389816284
11118,0.2763497829437256
11119,0.22047092020511627
11120,0.26649850606918335
11121,0.26050126552581787
11122,0.26050126552581787
11123,0.2674664855003357
11124,0.27736181020736694
11125,0.26039794087409973
11126,0.3098055124282837
11127,0.2820698618888855
11128,0.2752574384212494
11129,0.2556414008140564
11130,0.2501848638057709
11131,0.26414954662323
11132,0.25691360235214233
11133,0.2945200204849243
11134,0.2722327709197998
11135,0.2271212637424469
11136,0.2271212637424469
11137,0.2812170088291168
11138,0.2812170088291168
11139,0.20770643651485443
11140,0.2945670485496521
11141,0.2945670485496521
11142,0.2552160620689392
11143,0.26072627305984497
11144,0.2977532148361206
11145,0.2977532148361206
11146,0.2864843010902405
11147,0.24455071985721588
11148,0.24455071985721588
11149,0.23830042779445648
11150,0.23979313671588898
11151,0.26664912700653076
11152,0.26664912700653076
11153,0.2686039209365845
11154,0.2686039209365845
11155,0.22048981487751007
11156,0.22048981487751007
11157,0.1866818070411682
11158,0.20013685524463654
11159,0.1945246160030365
11160,0.19574563205242157
11161,0.29020386934280396
11162,0.29020386934280396
11163,0.2473217099905014
11164,0.26097553968429565
11165,0.26097553968429565
11166,0.23974700272083282
11167,0.24391336739063263
11168,0.26299992203712463
11169,0.26299992203712463
11170,0.2748616933822632
11171,0.24074310064315796
11172,0.24074310064315796
11173,0.25170671939849854
11174,0.19797229766845703
11175,0.1598755568265915
11176,0.30897802114486694
11177,0.2435774803161621
11178,0.178445965051651
11179,0.2617940306663513
11180,0.300568163394928
11181,0.300568163394928
11182,0.25115033984184265
11183,0.25115033984184265
11184,0.29170387983322144
11185,0.32125699520111084
11186,0.2708265781402588
11187,0.24262097477912903
11188,0.2869114577770233
11189,0.2864225506782532
11190,0.2603260278701782
11191,0.2610488533973694
11192,0.2610488533973694
11193,0.2327549010515213
11194,0.27443981170654297
11195,0.2719777226448059
11196,0.2814437747001648
11197,0.2814437747001648
11198,0.25743967294692993
11199,0.25743967294692993
11200,0.27265265583992004
11201,0.27265265583992004
11202,0.3028489947319031
11203,0.3028489947319031
11204,0.23468689620494843
11205,0.2862750291824341
11206,0.2862750291824341
11207,0.29581737518310547
11208,0.29581737518310547
11209,0.30760884284973145
11210,0.2571585774421692
11211,0.2571585774421692
11212,0.22549520432949066
11213,0.26719874143600464
11214,0.21935145556926727
11215,0.21935145556926727
11216,0.253598153591156
11217,0.22503714263439178
11218,0.236891970038414
11219,0.2097214162349701
11220,0.27242356538772583
11221,0.27242356538772583
11222,0.31507205963134766
11223,0.2026226967573166
11224,0.2731305956840515
11225,0.283777117729187
11226,0.283777117729187
11227,0.2639869451522827
11228,0.2437841147184372
11229,0.2375176101922989
11230,0.27461153268814087
11231,0.22103506326675415
11232,0.22103506326675415
11233,0.18369413912296295
11234,0.284244567155838
11235,0.27751076221466064
11236,0.27541717886924744
11237,0.2766701579093933
11238,0.2763797640800476
11239,0.2763797640800476
11240,0.24239544570446014
11241,0.2542198896408081
11242,0.2378738671541214
11243,0.2734423875808716
11244,0.2504934072494507
11245,0.27132540941238403
11246,0.28684937953948975
11247,0.24865373969078064
11248,0.2652727961540222
11249,0.2652727961540222
11250,0.2085336148738861
11251,0.24063532054424286
11252,0.26317623257637024
11253,0.2881748676300049
11254,0.22731412947177887
11255,0.2646222710609436
11256,0.2611592411994934
11257,0.2313108742237091
11258,0.2620164752006531
11259,0.27964848279953003
11260,0.27964848279953003
11261,0.21865056455135345
11262,0.27715998888015747
11263,0.27715998888015747
11264,0.27024561166763306
11265,0.2381705939769745
11266,0.2381705939769745
11267,0.27230072021484375
11268,0.28165775537490845
11269,0.28165775537490845
11270,0.30302178859710693
11271,0.28202223777770996
11272,0.28202223777770996
11273,0.2716854512691498
11274,0.3014156222343445
11275,0.3014156222343445
11276,0.24558964371681213
11277,0.29366135597229004
11278,0.29366135597229004
11279,0.2877386808395386
11280,0.2877386808395386
11281,0.25772470235824585
11282,0.25772470235824585
11283,0.2598448097705841
11284,0.2598448097705841
11285,0.2811395525932312
11286,0.2811395525932312
11287,0.27719175815582275
11288,0.27719175815582275
11289,0.2759803533554077
11290,0.2759803533554077
11291,0.26172345876693726
11292,0.26172345876693726
11293,0.26411962509155273
11294,0.26411962509155273
11295,0.22786299884319305
11296,0.22786299884319305
11297,0.2921333312988281
11298,0.2921333312988281
11299,0.2822307050228119
11300,0.2822307050228119
11301,0.2627188563346863
11302,0.2627188563346863
11303,0.2797173857688904
11304,0.2797173857688904
11305,0.29061460494995117
11306,0.29061460494995117
11307,0.22890911996364594
11308,0.2689213454723358
11309,0.2728568911552429
11310,0.2728568911552429
11311,0.266414612531662
11312,0.26473039388656616
11313,0.26375100016593933
11314,0.2819903492927551
11315,0.2819903492927551
11316,0.26208436489105225
11317,0.26208436489105225
11318,0.2698867917060852
11319,0.28148794174194336
11320,0.28148794174194336
11321,0.2871413230895996
11322,0.2871413230895996
11323,0.23972363770008087
11324,0.23972363770008087
11325,0.28312942385673523
11326,0.28312942385673523
11327,0.3032264709472656
11328,0.3032264709472656
11329,0.25784075260162354
11330,0.2263331264257431
11331,0.22972165048122406
11332,0.2647936940193176
11333,0.2647936940193176
11334,0.2685963809490204
11335,0.2685963809490204
11336,0.30203884840011597
11337,0.2837098240852356
11338,0.2837098240852356
11339,0.2672443389892578
11340,0.28527289628982544
11341,0.28527289628982544
11342,0.2384413331747055
11343,0.2384413331747055
11344,0.28078144788742065
11345,0.28078144788742065
11346,0.2539580464363098
11347,0.28620412945747375
11348,0.28620412945747375
11349,0.3041682243347168
11350,0.28202030062675476
11351,0.2189100980758667
11352,0.2536693215370178
11353,0.29278022050857544
11354,0.2665734887123108
11355,0.2757952809333801
11356,0.2359977513551712
11357,0.26403671503067017
11358,0.2634924054145813
11359,0.2539275884628296
11360,0.28309327363967896
11361,0.24993516504764557
11362,0.2502099871635437
11363,0.27263349294662476
11364,0.27263349294662476
11365,0.27737829089164734
11366,0.26479482650756836
11367,0.26479482650756836
11368,0.2829170525074005
11369,0.31781989336013794
11370,0.31781989336013794
11371,0.20549456775188446
11372,0.25438427925109863
11373,0.25438427925109863
11374,0.3288477063179016
11375,0.3288477063179016
11376,0.2733963131904602
11377,0.27274221181869507
11378,0.27165931463241577
11379,0.2503461241722107
11380,0.2503461241722107
11381,0.29462921619415283
11382,0.29462921619415283
11383,0.26654839515686035
11384,0.26654839515686035
11385,0.2633618712425232
11386,0.23461246490478516
11387,0.2826669216156006
11388,0.2622045874595642
11389,0.33205074071884155
11390,0.28218063712120056
11391,0.28218063712120056
11392,0.3040508031845093
11393,0.3040508031845093
11394,0.2888979911804199
11395,0.2744300365447998
11396,0.24147365987300873
11397,0.2585824131965637
11398,0.2645922899246216
11399,0.28002458810806274
11400,0.3107123374938965
11401,0.3107123374938965
11402,0.23005270957946777
11403,0.2802191972732544
11404,0.2802191972732544
11405,0.22804675996303558
11406,0.2504027485847473
11407,0.27102530002593994
11408,0.28254246711730957
11409,0.28254246711730957
11410,0.27449363470077515
11411,0.307097852230072
11412,0.24421238899230957
11413,0.24719899892807007
11414,0.254234254360199
11415,0.254234254360199
11416,0.2753297686576843
11417,0.28773289918899536
11418,0.2838224768638611
11419,0.2328004390001297
11420,0.2707365155220032
11421,0.2707365155220032
11422,0.2610167860984802
11423,0.28625813126564026
11424,0.2952467203140259
11425,0.2988995313644409
11426,0.26190638542175293
11427,0.28445982933044434
11428,0.27424585819244385
11429,0.27424585819244385
11430,0.21165813505649567
11431,0.27960842847824097
11432,0.27960842847824097
11433,0.2919257879257202
11434,0.2919257879257202
11435,0.2590647339820862
11436,0.2677353024482727
11437,0.2809593677520752
11438,0.2809593677520752
11439,0.27709364891052246
11440,0.27709364891052246
11441,0.2352263182401657
11442,0.2674058675765991
11443,0.2831351161003113
11444,0.2831351161003113
11445,0.2657132148742676
11446,0.2657132148742676
11447,0.2646346986293793
11448,0.2646346986293793
11449,0.2779216170310974
11450,0.2779216170310974
11451,0.24099640548229218
11452,0.2481241673231125
11453,0.2318747192621231
11454,0.2318747192621231
11455,0.26511150598526
11456,0.268432080745697
11457,0.268432080745697
11458,0.26364147663116455
11459,0.26364147663116455
11460,0.2372693121433258
11461,0.23704780638217926
11462,0.24835723638534546
11463,0.2883151173591614
11464,0.19161471724510193
11465,0.26895713806152344
11466,0.24282589554786682
11467,0.2337198406457901
11468,0.2826886773109436
11469,0.27083784341812134
11470,0.2707003951072693
11471,0.2511349320411682
11472,0.2470938116312027
11473,0.26657426357269287
11474,0.2611505389213562
11475,0.2700217366218567
11476,0.249034583568573
11477,0.2716222405433655
11478,0.2753053605556488
11479,0.31237882375717163
11480,0.24505019187927246
11481,0.2541543245315552
11482,0.24253372848033905
11483,0.3296945095062256
11484,0.26765358448028564
11485,0.26185858249664307
11486,0.22489599883556366
11487,0.2651941776275635
11488,0.25366199016571045
11489,0.2729085087776184
11490,0.2508544325828552
11491,0.2508544325828552
11492,0.27954530715942383
11493,0.27954530715942383
11494,0.26715201139450073
11495,0.27155888080596924
11496,0.29830849170684814
11497,0.2920612692832947
11498,0.28060823678970337
11499,0.28060823678970337
11500,0.21087899804115295
11501,0.22097809612751007
11502,0.29969102144241333
11503,0.2571200132369995
11504,0.24137334525585175
11505,0.29084664583206177
11506,0.29084664583206177
11507,0.29441720247268677
11508,0.2646856904029846
11509,0.29451483488082886
11510,0.29451483488082886
11511,0.2846139073371887
11512,0.2846139073371887
11513,0.2928130030632019
11514,0.28791487216949463
11515,0.2428704798221588
11516,0.2889363765716553
11517,0.28627490997314453
11518,0.2788410782814026
11519,0.293146014213562
11520,0.293146014213562
11521,0.2563401460647583
11522,0.2765079140663147
11523,0.25815948843955994
11524,0.26460134983062744
11525,0.26460134983062744
11526,0.2772212028503418
11527,0.2772212028503418
11528,0.2396519035100937
11529,0.2396519035100937
11530,0.28032737970352173
11531,0.2647639513015747
11532,0.2647639513015747
11533,0.2652953267097473
11534,0.2652953267097473
11535,0.2634184956550598
11536,0.2634184956550598
11537,0.27295631170272827
11538,0.27295631170272827
11539,0.2844043970108032
11540,0.2844043970108032
11541,0.29978376626968384
11542,0.3054618239402771
11543,0.26096171140670776
11544,0.26096171140670776
11545,0.28741735219955444
11546,0.21407507359981537
11547,0.23774291574954987
11548,0.22322334349155426
11549,0.23579303920269012
11550,0.2090165764093399
11551,0.2425311803817749
11552,0.30051863193511963
11553,0.30051863193511963
11554,0.23671191930770874
11555,0.2391531765460968
11556,0.2557119131088257
11557,0.27288520336151123
11558,0.27288520336151123
11559,0.31596505641937256
11560,0.31596505641937256
11561,0.21361325681209564
11562,0.15608179569244385
11563,0.18165749311447144
11564,0.18858814239501953
11565,0.2613610029220581
11566,0.2613610029220581
11567,0.2721858322620392
11568,0.2721858322620392
11569,0.274689257144928
11570,0.274689257144928
11571,0.29260343313217163
11572,0.29260343313217163
11573,0.26099345088005066
11574,0.26099345088005066
11575,0.28241997957229614
11576,0.28241997957229614
11577,0.26082122325897217
11578,0.26159971952438354
11579,0.2501254081726074
11580,0.2501254081726074
11581,0.24198152124881744
11582,0.24198152124881744
11583,0.2521396279335022
11584,0.2521396279335022
11585,0.28772956132888794
11586,0.28772956132888794
11587,0.3029504418373108
11588,0.3029504418373108
11589,0.2799259126186371
11590,0.2799259126186371
11591,0.27563929557800293
11592,0.27563929557800293
11593,0.295127809047699
11594,0.295127809047699
11595,0.2780179977416992
11596,0.2780179977416992
11597,0.2614772617816925
11598,0.2614772617816925
11599,0.2595289945602417
11600,0.28424298763275146
11601,0.28424298763275146
11602,0.3378283381462097
11603,0.28511881828308105
11604,0.28574031591415405
11605,0.28574031591415405
11606,0.2894248366355896
11607,0.2894248366355896
11608,0.28301453590393066
11609,0.28301453590393066
11610,0.2739563584327698
11611,0.2739563584327698
11612,0.2812596559524536
11613,0.2812596559524536
11614,0.30526095628738403
11615,0.30526095628738403
11616,0.26710712909698486
11617,0.26710712909698486
11618,0.2808399796485901
11619,0.2640417814254761
11620,0.26103413105010986
11621,0.26103413105010986
11622,0.28069373965263367
11623,0.28069373965263367
11624,0.2749221920967102
11625,0.2749221920967102
11626,0.205359548330307
11627,0.19157768785953522
11628,0.24463923275470734
11629,0.24463923275470734
11630,0.3130257725715637
11631,0.3130257725715637
11632,0.2442544847726822
11633,0.24049998819828033
11634,0.27135640382766724
11635,0.27135640382766724
11636,0.2413134127855301
11637,0.27945756912231445
11638,0.27945756912231445
11639,0.2728070020675659
11640,0.2728070020675659
11641,0.22673268616199493
11642,0.23943789303302765
11643,0.2834283113479614
11644,0.2808833122253418
11645,0.2808833122253418
11646,0.31556832790374756
11647,0.31556832790374756
11648,0.2965758442878723
11649,0.27337753772735596
11650,0.27337753772735596
11651,0.2904559373855591
11652,0.2904559373855591
11653,0.28489089012145996
11654,0.28489089012145996
11655,0.27517831325531006
11656,0.27517831325531006
11657,0.24105440080165863
11658,0.2916877865791321
11659,0.2916877865791321
11660,0.2636278569698334
11661,0.2636278569698334
11662,0.3100442886352539
11663,0.30734866857528687
11664,0.2596076726913452
11665,0.2584061026573181
11666,0.25863754749298096
11667,0.2577236294746399
11668,0.24168062210083008
11669,0.26785603165626526
11670,0.26785603165626526
11671,0.27953118085861206
11672,0.32854247093200684
11673,0.27969950437545776
11674,0.27969950437545776
11675,0.2611871063709259
11676,0.25923460721969604
11677,0.26798364520072937
11678,0.37511444091796875
11679,0.2401094287633896
11680,0.25200435519218445
11681,0.29394179582595825
11682,0.3030705451965332
11683,0.3251368999481201
11684,0.2722160220146179
11685,0.2722160220146179
11686,0.29955482482910156
11687,0.2888938784599304
11688,0.2888938784599304
11689,0.27593523263931274
11690,0.2790175974369049
11691,0.2790175974369049
11692,0.24112163484096527
11693,0.26455867290496826
11694,0.26271307468414307
11695,0.26271307468414307
11696,0.19830270111560822
11697,0.2549731135368347
11698,0.2394530326128006
11699,0.2538357973098755
11700,0.3036012649536133
11701,0.3036012649536133
11702,0.2540094256401062
11703,0.26843130588531494
11704,0.27432072162628174
11705,0.27926740050315857
11706,0.2581523656845093
11707,0.29973942041397095
11708,0.28893452882766724
11709,0.29069116711616516
11710,0.2840850353240967
11711,0.3068268895149231
11712,0.2441035956144333
11713,0.2901173233985901
11714,0.23301123082637787
11715,0.2863883972167969
11716,0.2863883972167969
11717,0.2798852324485779
11718,0.2798852324485779
11719,0.31682974100112915
11720,0.23188568651676178
11721,0.2733479142189026
11722,0.27716493606567383
11723,0.27716493606567383
11724,0.29039233922958374
11725,0.29039233922958374
11726,0.29954397678375244
11727,0.27654731273651123
11728,0.28298452496528625
11729,0.28298452496528625
11730,0.2894439101219177
11731,0.2894439101219177
11732,0.24209457635879517
11733,0.2670663893222809
11734,0.24899184703826904
11735,0.2646065950393677
11736,0.2646065950393677
11737,0.26821112632751465
11738,0.26821112632751465
11739,0.2034912258386612
11740,0.2775447368621826
11741,0.28379517793655396
11742,0.2471151500940323
11743,0.28309106826782227
11744,0.28309106826782227
11745,0.2964022755622864
11746,0.2762880325317383
11747,0.27148520946502686
11748,0.3075079321861267
11749,0.290576696395874
11750,0.2501773238182068
11751,0.30136412382125854
11752,0.2594757080078125
11753,0.3027340769767761
11754,0.2684067189693451
11755,0.2684067189693451
11756,0.25279170274734497
11757,0.2753892242908478
11758,0.2814134359359741
11759,0.2814134359359741
11760,0.26169002056121826
11761,0.2964234948158264
11762,0.3405391573905945
11763,0.2520345151424408
11764,0.2429220825433731
11765,0.2628437280654907
11766,0.2982664704322815
11767,0.26803332567214966
11768,0.27578938007354736
11769,0.2774779796600342
11770,0.2552427351474762
11771,0.2618909478187561
11772,0.2934389114379883
11773,0.2539288401603699
11774,0.22201360762119293
11775,0.2846391499042511
11776,0.2831079363822937
11777,0.2358376681804657
11778,0.2965291142463684
11779,0.2965291142463684
11780,0.2903673052787781
11781,0.2903673052787781
11782,0.254912793636322
11783,0.2985249161720276
11784,0.2985249161720276
11785,0.29078495502471924
11786,0.29078495502471924
11787,0.2960452437400818
11788,0.2960452437400818
11789,0.27264684438705444
11790,0.2630884051322937
11791,0.2630884051322937
11792,0.2875412106513977
11793,0.28635096549987793
11794,0.28272050619125366
11795,0.26239389181137085
11796,0.31507015228271484
11797,0.2414829581975937
11798,0.2663356065750122
11799,0.2836219072341919
11800,0.29701411724090576
11801,0.2963745594024658
11802,0.3300817012786865
11803,0.2312241494655609
11804,0.2312241494655609
11805,0.26991260051727295
11806,0.24987374246120453
11807,0.26541370153427124
11808,0.2481827288866043
11809,0.29702478647232056
11810,0.3127567172050476
11811,0.3127567172050476
11812,0.20527173578739166
11813,0.2673262357711792
11814,0.26537442207336426
11815,0.2782447934150696
11816,0.2782447934150696
11817,0.2681659460067749
11818,0.2973686456680298
11819,0.31189167499542236
11820,0.31204068660736084
11821,0.2586619257926941
11822,0.2613244652748108
11823,0.2613244652748108
11824,0.22270084917545319
11825,0.2684060335159302
11826,0.2684060335159302
11827,0.26843011379241943
11828,0.2630133330821991
11829,0.26317787170410156
11830,0.2759428322315216
11831,0.25005948543548584
11832,0.2893602252006531
11833,0.2591637969017029
11834,0.20416738092899323
11835,0.24309997260570526
11836,0.21364930272102356
11837,0.26991206407546997
11838,0.2988088130950928
11839,0.3269551992416382
11840,0.32562583684921265
11841,0.2977900505065918
11842,0.2989457845687866
11843,0.2820497453212738
11844,0.21428550779819489
11845,0.29163604974746704
11846,0.25746774673461914
11847,0.33169227838516235
11848,0.22969703376293182
11849,0.23453639447689056
11850,0.2786671221256256
11851,0.28268635272979736
11852,0.2506219148635864
11853,0.23914431035518646
11854,0.24308107793331146
11855,0.2633281350135803
11856,0.24826748669147491
11857,0.2438410222530365
11858,0.2819922864437103
11859,0.2819922864437103
11860,0.27506861090660095
11861,0.27506861090660095
11862,0.2381172776222229
11863,0.2381172776222229
11864,0.28483057022094727
11865,0.25194621086120605
11866,0.25194621086120605
11867,0.27446919679641724
11868,0.24234913289546967
11869,0.24651385843753815
11870,0.24651385843753815
11871,0.28915470838546753
11872,0.28507477045059204
11873,0.24456985294818878
11874,0.2608916759490967
11875,0.2822599709033966
11876,0.27293601632118225
11877,0.27580106258392334
11878,0.27580106258392334
11879,0.2695137858390808
11880,0.246767058968544
11881,0.246767058968544
11882,0.2841135263442993
11883,0.2839633524417877
11884,0.21596595644950867
11885,0.21596595644950867
