,TC
0,0.21080318093299866
1,0.26436612010002136
2,0.21379049122333527
3,0.17088334262371063
4,0.18505045771598816
5,0.20647571980953217
6,0.1797875314950943
7,0.19785624742507935
8,0.21425433456897736
9,0.2175959199666977
10,0.22156153619289398
11,0.23083649575710297
12,0.2675052881240845
13,0.37629783153533936
14,0.1751377433538437
15,0.20304693281650543
16,0.1725768744945526
17,0.23028068244457245
18,0.21343739330768585
19,0.1836896687746048
20,0.23049940168857574
21,0.17686259746551514
22,0.2025763839483261
23,0.16656355559825897
24,0.16486413776874542
25,0.23220764100551605
26,0.24002216756343842
27,0.19580920040607452
28,0.26013290882110596
29,0.19780771434307098
30,0.2775527238845825
31,0.24848110973834991
32,0.26388484239578247
33,0.1972709447145462
34,0.2246759831905365
35,0.21644355356693268
36,0.2429744005203247
37,0.11988869309425354
38,0.19564107060432434
39,0.2089083045721054
40,0.2497771829366684
41,0.3307963013648987
42,0.21273963153362274
43,0.2497778683900833
44,0.17123724520206451
45,0.24345652759075165
46,0.3411668539047241
47,0.2096683233976364
48,0.20169343054294586
49,0.30617427825927734
50,-inf
51,0.22225788235664368
52,0.12351011484861374
53,0.28011128306388855
54,0.26849037408828735
55,0.2427794635295868
56,0.22666111588478088
57,0.20297767221927643
58,0.19976811110973358
59,0.3210875391960144
60,0.2346470206975937
61,0.2197616547346115
62,0.22119349241256714
63,0.2871705889701843
64,0.17440450191497803
65,0.19977499544620514
66,0.1419018805027008
67,0.2467649132013321
68,0.23049874603748322
69,0.21408133208751678
70,0.15570664405822754
71,0.13391751050949097
72,0.20475168526172638
73,0.25055813789367676
74,0.23611311614513397
75,0.287280797958374
76,0.22800475358963013
77,0.2264687865972519
78,0.2624267637729645
79,0.28265663981437683
80,0.22676359117031097
81,0.24879573285579681
82,0.18879882991313934
83,0.3733764886856079
84,0.27603060007095337
85,0.2405402511358261
86,0.24186517298221588
87,0.22690556943416595
88,0.24082063138484955
89,0.24087373912334442
90,0.24087373912334442
91,0.24082063138484955
92,0.2293073982000351
93,0.2293073982000351
94,0.24862085282802582
95,0.2485986053943634
96,0.2485986053943634
97,0.24862085282802582
98,0.22939909994602203
99,0.2296794205904007
100,0.2296794205904007
101,0.22939909994602203
102,0.21780018508434296
103,0.22086244821548462
104,0.22086244821548462
105,0.21780018508434296
106,0.24484053254127502
107,0.24484053254127502
108,0.2471741884946823
109,0.24243305623531342
110,0.24243305623531342
111,0.2471741884946823
112,0.21773572266101837
113,0.22040127217769623
114,0.22040127217769623
115,0.21773572266101837
116,0.2293190360069275
117,0.22948558628559113
118,0.22948558628559113
119,0.2293190360069275
120,0.2473248988389969
121,0.2473248988389969
122,0.2448289841413498
123,0.2448289841413498
124,0.2636265754699707
125,0.2630506157875061
126,0.2630506157875061
127,0.2636265754699707
128,0.23636256158351898
129,0.23715142905712128
130,0.23715142905712128
131,0.23636256158351898
132,0.2278575301170349
133,0.22810235619544983
134,0.22810235619544983
135,0.2278575301170349
136,0.2698212265968323
137,0.2698212265968323
138,0.23787038028240204
139,0.23787038028240204
140,0.2415180504322052
141,0.2415180504322052
142,0.21380196511745453
143,0.211242213845253
144,0.211242213845253
145,0.21380196511745453
146,0.2456585019826889
147,0.2456585019826889
148,0.2392619103193283
149,0.2383870780467987
150,0.2383870780467987
151,0.2392619103193283
152,0.2387901246547699
153,0.2387901246547699
154,0.22692584991455078
155,0.22692584991455078
156,0.20117346942424774
157,0.19835428893566132
158,0.19835428893566132
159,0.20117346942424774
160,0.23442034423351288
161,0.23442034423351288
162,0.2236865609884262
163,0.22332029044628143
164,0.22332029044628143
165,0.2236865609884262
166,0.22534911334514618
167,0.22534911334514618
168,0.1691756546497345
169,0.1739516705274582
170,0.1739516705274582
171,0.1691756546497345
172,0.2411593347787857
173,0.2411593347787857
174,0.22028620541095734
175,0.2193133533000946
176,0.2193133533000946
177,0.22028620541095734
178,0.22251348197460175
179,0.22251348197460175
180,0.16110876202583313
181,0.16373974084854126
182,0.16373974084854126
183,0.16110876202583313
184,0.24139578640460968
185,0.24139578640460968
186,0.21538136899471283
187,0.21529404819011688
188,0.21529404819011688
189,0.21538136899471283
190,0.2152988314628601
191,0.2152988314628601
192,0.19603504240512848
193,0.20051075518131256
194,0.20051075518131256
195,0.19603504240512848
196,0.20931632816791534
197,0.20581437647342682
198,0.20581437647342682
199,0.20931632816791534
200,0.21435686945915222
201,0.2143748551607132
202,0.2143748551607132
203,0.21435686945915222
204,0.17835600674152374
205,0.17835398018360138
206,0.17835398018360138
207,0.17835600674152374
208,0.1956361085176468
209,0.1956361085176468
210,0.1856869012117386
211,0.19060279428958893
212,0.19060279428958893
213,0.1856869012117386
214,0.2039535790681839
215,0.20401360094547272
216,0.20401360094547272
217,0.2039535790681839
218,0.22231216728687286
219,0.22222988307476044
220,0.22222988307476044
221,0.22231216728687286
222,0.19294780492782593
223,0.19369272887706757
224,0.19369272887706757
225,0.19294780492782593
226,0.22226490080356598
227,0.22227878868579865
228,0.22227878868579865
229,0.22226490080356598
230,0.19415880739688873
231,0.19614870846271515
232,0.19614870846271515
233,0.19415880739688873
234,0.21549934148788452
235,0.21549934148788452
236,0.21326275169849396
237,0.21407517790794373
238,0.21407517790794373
239,0.21326275169849396
240,0.16119889914989471
241,0.16180142760276794
242,0.16180142760276794
243,0.16119889914989471
244,0.18563182651996613
245,0.18592113256454468
246,0.18592113256454468
247,0.18563182651996613
248,0.18534620106220245
249,0.19071102142333984
250,0.19071102142333984
251,0.18534620106220245
252,0.2306833267211914
253,0.2306833267211914
254,0.2539371848106384
255,0.2541784644126892
256,0.2541784644126892
257,0.2539371848106384
258,0.2068071812391281
259,0.2068071812391281
260,0.2580680847167969
261,0.26003092527389526
262,0.26003092527389526
263,0.2580680847167969
264,0.19802014529705048
265,0.19830547273159027
266,0.19830547273159027
267,0.19802014529705048
268,0.19723255932331085
269,0.19632913172245026
270,0.19632913172245026
271,0.19723255932331085
272,0.20687581598758698
273,0.20688001811504364
274,0.20688001811504364
275,0.20687581598758698
276,0.1497226357460022
277,0.14982888102531433
278,0.14982888102531433
279,0.1497226357460022
280,0.22326941788196564
281,0.22360670566558838
282,0.22360670566558838
283,0.22326941788196564
284,0.2590559720993042
285,0.2646394968032837
286,0.2646394968032837
287,0.2590559720993042
288,0.2099216729402542
289,0.20993970334529877
290,0.20993970334529877
291,0.2099216729402542
292,0.21546591818332672
293,0.21475665271282196
294,0.21475665271282196
295,0.21546591818332672
296,0.18082807958126068
297,0.180832639336586
298,0.180832639336586
299,0.18082807958126068
300,0.18700546026229858
301,0.18741768598556519
302,0.18741768598556519
303,0.18700546026229858
304,0.21533054113388062
305,0.21635182201862335
306,0.21635182201862335
307,0.21533054113388062
308,0.2231685221195221
309,0.2231685221195221
310,0.22348526120185852
311,0.2243393361568451
312,0.2243393361568451
313,0.22348526120185852
314,0.2317415326833725
315,0.23175309598445892
316,0.23175309598445892
317,0.2317415326833725
318,0.21479244530200958
319,0.21477632224559784
320,0.21477632224559784
321,0.21479244530200958
322,0.20106692612171173
323,0.1965530663728714
324,0.1965530663728714
325,0.20106692612171173
326,0.20947296917438507
327,0.20947296917438507
328,0.22377412021160126
329,0.2235867828130722
330,0.2235867828130722
331,0.22377412021160126
332,0.22998793423175812
333,0.22998793423175812
334,0.23423202335834503
335,0.2345741242170334
336,0.2345741242170334
337,0.23423202335834503
338,0.18689389526844025
339,0.183831587433815
340,0.183831587433815
341,0.18689389526844025
342,0.23850570619106293
343,0.23850570619106293
344,0.22617940604686737
345,0.22600774466991425
346,0.22600774466991425
347,0.22617940604686737
348,0.22322377562522888
349,0.22322377562522888
350,0.24346189200878143
351,0.24223223328590393
352,0.24223223328590393
353,0.24346189200878143
354,0.2416807860136032
355,0.23987911641597748
356,0.23987911641597748
357,0.2416807860136032
358,0.2638578414916992
359,0.26384520530700684
360,0.26384520530700684
361,0.2638578414916992
362,0.20725108683109283
363,0.20723406970500946
364,0.20723406970500946
365,0.20725108683109283
366,0.22183431684970856
367,0.22183431684970856
368,0.22831986844539642
369,0.23250390589237213
370,0.23250390589237213
371,0.22831986844539642
372,0.24537742137908936
373,0.24539299309253693
374,0.24539299309253693
375,0.24537742137908936
376,0.2581019997596741
377,0.2581169605255127
378,0.2581169605255127
379,0.2581019997596741
380,0.23721005022525787
381,0.23657944798469543
382,0.23657944798469543
383,0.23721005022525787
384,0.2507484555244446
385,0.25076740980148315
386,0.25076740980148315
387,0.2507484555244446
388,0.2230914682149887
389,0.2254357486963272
390,0.2254357486963272
391,0.2230914682149887
392,0.23681196570396423
393,0.23681196570396423
394,0.26747462153434753
395,0.26752084493637085
396,0.26752084493637085
397,0.26747462153434753
398,0.20430053770542145
399,0.19899986684322357
400,0.19899986684322357
401,0.20430053770542145
402,0.22556377947330475
403,0.22556282579898834
404,0.22556282579898834
405,0.22556377947330475
406,0.23242464661598206
407,0.23166394233703613
408,0.23166394233703613
409,0.23242464661598206
410,0.24983453750610352
411,0.24983453750610352
412,0.2932279109954834
413,0.2932208776473999
414,0.2932208776473999
415,0.2932279109954834
416,0.26431477069854736
417,0.26431477069854736
418,0.3014156222343445
419,0.30257344245910645
420,0.30257344245910645
421,0.3014156222343445
422,0.23435929417610168
423,0.23468728363513947
424,0.23468728363513947
425,0.23435929417610168
426,0.25265955924987793
427,0.25314390659332275
428,0.25314390659332275
429,0.25265955924987793
430,0.23616892099380493
431,0.23616944253444672
432,0.23616944253444672
433,0.23616892099380493
434,0.17745143175125122
435,0.17754462361335754
436,0.17754462361335754
437,0.17745143175125122
438,0.2550904154777527
439,0.25636976957321167
440,0.25636976957321167
441,0.2550904154777527
442,0.3153800368309021
443,0.3110593557357788
444,0.3110593557357788
445,0.3153800368309021
446,0.2536236047744751
447,0.2536236047744751
448,0.2335365265607834
449,0.23356369137763977
450,0.23356369137763977
451,0.2335365265607834
452,0.24622611701488495
453,0.24649693071842194
454,0.24649693071842194
455,0.24622611701488495
456,0.20726539194583893
457,0.20726142823696136
458,0.20726142823696136
459,0.20726539194583893
460,0.22353863716125488
461,0.22377227246761322
462,0.22377227246761322
463,0.22353863716125488
464,0.2579495906829834
465,0.2598412036895752
466,0.2598412036895752
467,0.2579495906829834
468,0.24882671236991882
469,0.24882671236991882
470,0.26140522956848145
471,0.26161468029022217
472,0.26161468029022217
473,0.26140522956848145
474,0.267789363861084
475,0.26780903339385986
476,0.26780903339385986
477,0.267789363861084
478,0.2520235776901245
479,0.25321513414382935
480,0.25321513414382935
481,0.2520235776901245
482,0.2273406833410263
483,0.22790879011154175
484,0.22790879011154175
485,0.2273406833410263
486,0.25634366273880005
487,0.25634366273880005
488,0.2041257917881012
489,0.20536424219608307
490,0.20536424219608307
491,0.2041257917881012
492,0.1819281429052353
493,0.18194162845611572
494,0.18194162845611572
495,0.1819281429052353
496,0.19693128764629364
497,0.19693128764629364
498,0.1890765130519867
499,0.19066189229488373
500,0.19066189229488373
501,0.1890765130519867
502,0.2105742245912552
503,0.21058225631713867
504,0.21058225631713867
505,0.2105742245912552
506,0.19665734469890594
507,0.19620878994464874
508,0.19620878994464874
509,0.19665734469890594
510,0.18643714487552643
511,0.18561267852783203
512,0.18561267852783203
513,0.18643714487552643
514,0.21522070467472076
515,0.21522070467472076
516,0.21068690717220306
517,0.2112891674041748
518,0.2112891674041748
519,0.21068690717220306
520,0.15247616171836853
521,0.1537693589925766
522,0.1537693589925766
523,0.15247616171836853
524,0.19170399010181427
525,0.1919838935136795
526,0.1919838935136795
527,0.19170399010181427
528,0.22417907416820526
529,0.22417907416820526
530,0.26542723178863525
531,0.26504313945770264
532,0.26504313945770264
533,0.26542723178863525
534,0.19802427291870117
535,0.19802427291870117
536,0.2051006555557251
537,0.2049587368965149
538,0.2049587368965149
539,0.2051006555557251
540,0.21382039785385132
541,0.21389363706111908
542,0.21389363706111908
543,0.21382039785385132
544,0.19379694759845734
545,0.1941094994544983
546,0.1941094994544983
547,0.19379694759845734
548,0.22650103271007538
549,0.22650103271007538
550,0.22273235023021698
551,0.2256004959344864
552,0.2256004959344864
553,0.22273235023021698
554,0.20141391456127167
555,0.20141391456127167
556,0.22690175473690033
557,0.22957833111286163
558,0.22957833111286163
559,0.22690175473690033
560,0.2000027447938919
561,0.19991831481456757
562,0.19991831481456757
563,0.2000027447938919
564,0.2186400145292282
565,0.2186400145292282
566,0.21289846301078796
567,0.215499147772789
568,0.215499147772789
569,0.21289846301078796
570,0.24057430028915405
571,0.2405068427324295
572,0.2405068427324295
573,0.24057430028915405
574,0.22960658371448517
575,0.2301885485649109
576,0.2301885485649109
577,0.22960658371448517
578,0.2141948789358139
579,0.21205848455429077
580,0.21205848455429077
581,0.2141948789358139
582,0.22870059311389923
583,0.22870059311389923
584,0.24534428119659424
585,0.24532738327980042
586,0.24532738327980042
587,0.24534428119659424
588,0.1875120848417282
589,0.18722684681415558
590,0.18722684681415558
591,0.1875120848417282
592,0.21833963692188263
593,0.21868105232715607
594,0.21868105232715607
595,0.21833963692188263
596,0.24611057341098785
597,0.24611057341098785
598,0.28793734312057495
599,0.2872927486896515
600,0.2872927486896515
601,0.28793734312057495
602,0.2381521314382553
603,0.2381521314382553
604,0.23611435294151306
605,0.23259110748767853
606,0.23259110748767853
607,0.23611435294151306
608,0.2335406392812729
609,0.23329244554042816
610,0.23329244554042816
611,0.2335406392812729
612,0.21072353422641754
613,0.21108661592006683
614,0.21108661592006683
615,0.21072353422641754
616,0.24174363911151886
617,0.24174363911151886
618,0.24786384403705597
619,0.24852024018764496
620,0.24852024018764496
621,0.24786384403705597
622,0.24352332949638367
623,0.24352332949638367
624,0.22498901188373566
625,0.22498901188373566
626,0.23171333968639374
627,0.22845232486724854
628,0.22845232486724854
629,0.23171333968639374
630,0.16797664761543274
631,0.1723119467496872
632,0.1723119467496872
633,0.16797664761543274
634,0.23490853607654572
635,0.23490853607654572
636,0.21782808005809784
637,0.2184883952140808
638,0.2184883952140808
639,0.21782808005809784
640,0.2171269953250885
641,0.2171269953250885
642,0.20990009605884552
643,0.20990009605884552
644,0.17319847643375397
645,0.17146514356136322
646,0.17146514356136322
647,0.17319847643375397
648,0.22712759673595428
649,0.22712759673595428
650,0.21262995898723602
651,0.2126881629228592
652,0.2126881629228592
653,0.21262995898723602
654,0.206006720662117
655,0.206006720662117
656,0.2274533361196518
657,0.2274533361196518
658,0.22421875596046448
659,0.22468893229961395
660,0.22468893229961395
661,0.22421875596046448
662,0.22937463223934174
663,0.22937463223934174
664,0.205505833029747
665,0.20614458620548248
666,0.20614458620548248
667,0.205505833029747
668,0.2398165762424469
669,0.2398165762424469
670,0.21819715201854706
671,0.21863242983818054
672,0.21863242983818054
673,0.21819715201854706
674,0.21572528779506683
675,0.21618859469890594
676,0.21618859469890594
677,0.21572528779506683
678,0.21334050595760345
679,0.21334050595760345
680,0.21794100105762482
681,0.2150772511959076
682,0.2150772511959076
683,0.21794100105762482
684,0.2518162727355957
685,0.2518097758293152
686,0.2518097758293152
687,0.2518162727355957
688,0.21758301556110382
689,0.21700753271579742
690,0.21700753271579742
691,0.21758301556110382
692,0.20292283594608307
693,0.20503993332386017
694,0.20503993332386017
695,0.20292283594608307
696,0.2394535392522812
697,0.2394535392522812
698,0.23606425523757935
699,0.23462150990962982
700,0.23462150990962982
701,0.23606425523757935
702,0.19671088457107544
703,0.19769127666950226
704,0.19769127666950226
705,0.19671088457107544
706,0.2206106334924698
707,0.2207927405834198
708,0.2207927405834198
709,0.2206106334924698
710,0.24226145446300507
711,0.24226145446300507
712,0.2317371666431427
713,0.2317371666431427
714,0.25900280475616455
715,0.2591957747936249
716,0.2591957747936249
717,0.25900280475616455
718,0.23259665071964264
719,0.23289303481578827
720,0.23289303481578827
721,0.23259665071964264
722,0.2214900404214859
723,0.22170443832874298
724,0.22170443832874298
725,0.2214900404214859
726,0.2584546208381653
727,0.2584546208381653
728,0.2515258193016052
729,0.25261741876602173
730,0.25261741876602173
731,0.2515258193016052
732,0.22983981668949127
733,0.22983981668949127
734,0.2214774489402771
735,0.2214774489402771
736,0.1714419573545456
737,0.16676904261112213
738,0.16676904261112213
739,0.1714419573545456
740,0.24780413508415222
741,0.24780413508415222
742,0.20421402156352997
743,0.20387408137321472
744,0.20387408137321472
745,0.20421402156352997
746,0.2254631668329239
747,0.2254631668329239
748,0.2192503958940506
749,0.22000010311603546
750,0.22000010311603546
751,0.2192503958940506
752,0.23182685673236847
753,0.23182685673236847
754,0.22954033315181732
755,0.23145778477191925
756,0.23145778477191925
757,0.22954033315181732
758,0.17721624672412872
759,0.1770922839641571
760,0.1770922839641571
761,0.17721624672412872
762,0.24654418230056763
763,0.24654418230056763
764,0.2230202704668045
765,0.2230202704668045
766,0.23170606791973114
767,0.23093022406101227
768,0.23093022406101227
769,0.23170606791973114
770,0.2312358319759369
771,0.2312358319759369
772,0.2244882434606552
773,0.2244882434606552
774,0.21811164915561676
775,0.21811164915561676
776,0.20932923257350922
777,0.2101043462753296
778,0.2101043462753296
779,0.20932923257350922
780,0.22896473109722137
781,0.22896473109722137
782,0.2270910143852234
783,0.22305895388126373
784,0.22305895388126373
785,0.2270910143852234
786,0.18272161483764648
787,0.18581396341323853
788,0.18581396341323853
789,0.18272161483764648
790,0.2392735779285431
791,0.2392735779285431
792,0.22348709404468536
793,0.22348709404468536
794,0.22440145909786224
795,0.2254660278558731
796,0.2254660278558731
797,0.22440145909786224
798,0.21767598390579224
799,0.21866090595722198
800,0.21866090595722198
801,0.21767598390579224
802,0.2427489012479782
803,0.2427489012479782
804,0.2189703732728958
805,0.2189703732728958
806,0.24949006736278534
807,0.2525416612625122
808,0.2525416612625122
809,0.24949006736278534
810,0.2207326889038086
811,0.22062434256076813
812,0.22062434256076813
813,0.2207326889038086
814,0.23143912851810455
815,0.23143912851810455
816,0.25488173961639404
817,0.24605941772460938
818,0.24605941772460938
819,0.25488173961639404
820,0.25504979491233826
821,0.2550591826438904
822,0.2550591826438904
823,0.25504979491233826
824,0.2426651567220688
825,0.2468118816614151
826,0.2468118816614151
827,0.2426651567220688
828,0.2517207860946655
829,0.2546653747558594
830,0.2546653747558594
831,0.2517207860946655
832,0.23699946701526642
833,0.23699946701526642
834,0.2631152272224426
835,0.26993924379348755
836,0.26993924379348755
837,0.2631152272224426
838,0.1888202577829361
839,0.19061696529388428
840,0.19061696529388428
841,0.1888202577829361
842,0.23228596150875092
843,0.2341480702161789
844,0.2341480702161789
845,0.23228596150875092
846,0.2495335191488266
847,0.2495335191488266
848,0.3034552335739136
849,0.30168092250823975
850,0.30168092250823975
851,0.3034552335739136
852,0.2573704123497009
853,0.2573704123497009
854,0.21957163512706757
855,0.2165878266096115
856,0.2165878266096115
857,0.21957163512706757
858,0.2564772367477417
859,0.2563217878341675
860,0.2563217878341675
861,0.2564772367477417
862,0.2314642071723938
863,0.2301659733057022
864,0.2301659733057022
865,0.2314642071723938
866,0.24102526903152466
867,0.24102526903152466
868,0.2804780602455139
869,0.2803661823272705
870,0.2803661823272705
871,0.2804780602455139
872,0.25956955552101135
873,0.25956955552101135
874,0.20766818523406982
875,0.20424474775791168
876,0.20424474775791168
877,0.20766818523406982
878,0.20598982274532318
879,0.20598982274532318
880,0.19947104156017303
881,0.19946740567684174
882,0.19946740567684174
883,0.19947104156017303
884,0.19612522423267365
885,0.19781194627285004
886,0.19781194627285004
887,0.19612522423267365
888,0.19367553293704987
889,0.19731925427913666
890,0.19731925427913666
891,0.19367553293704987
892,0.22034664452075958
893,0.22034664452075958
894,0.21846655011177063
895,0.21509282290935516
896,0.21509282290935516
897,0.21846655011177063
898,0.17022009193897247
899,0.17276225984096527
900,0.17276225984096527
901,0.17022009193897247
902,0.19249100983142853
903,0.19265849888324738
904,0.19265849888324738
905,0.19249100983142853
906,0.22994883358478546
907,0.22994883358478546
908,0.21293559670448303
909,0.21293559670448303
910,0.20117895305156708
911,0.20238715410232544
912,0.20238715410232544
913,0.20117895305156708
914,0.21451006829738617
915,0.2161821573972702
916,0.2161821573972702
917,0.21451006829738617
918,0.22303269803524017
919,0.22303269803524017
920,0.20735226571559906
921,0.20735226571559906
922,0.23633594810962677
923,0.23404058814048767
924,0.23404058814048767
925,0.23633594810962677
926,0.23107872903347015
927,0.22945602238178253
928,0.22945602238178253
929,0.23107872903347015
930,0.2598000764846802
931,0.2597995400428772
932,0.2597995400428772
933,0.2598000764846802
934,0.20285625755786896
935,0.20284609496593475
936,0.20284609496593475
937,0.20285625755786896
938,0.21133381128311157
939,0.21133381128311157
940,0.20848502218723297
941,0.2146318405866623
942,0.2146318405866623
943,0.20848502218723297
944,0.19930388033390045
945,0.19664934277534485
946,0.19664934277534485
947,0.19930388033390045
948,0.23855434358119965
949,0.23858241736888885
950,0.23858241736888885
951,0.23855434358119965
952,0.22071155905723572
953,0.21715521812438965
954,0.21715521812438965
955,0.22071155905723572
956,0.24604478478431702
957,0.24602530896663666
958,0.24602530896663666
959,0.24604478478431702
960,0.21380724012851715
961,0.21380217373371124
962,0.21380217373371124
963,0.21380724012851715
964,0.24560636281967163
965,0.2456200271844864
966,0.2456200271844864
967,0.24560636281967163
968,0.2077435702085495
969,0.2088848501443863
970,0.2088848501443863
971,0.2077435702085495
972,0.2370065450668335
973,0.2370065450668335
974,0.2463046908378601
975,0.2488483488559723
976,0.2488483488559723
977,0.2463046908378601
978,0.20002210140228271
979,0.1924365907907486
980,0.1924365907907486
981,0.20002210140228271
982,0.21936975419521332
983,0.2192772775888443
984,0.2192772775888443
985,0.21936975419521332
986,0.20138517022132874
987,0.2060132622718811
988,0.2060132622718811
989,0.20138517022132874
990,0.24814246594905853
991,0.24814246594905853
992,0.28112053871154785
993,0.2808709740638733
994,0.2808709740638733
995,0.28112053871154785
996,0.2548893690109253
997,0.2548893690109253
998,0.21676750481128693
999,0.2161334902048111
1000,0.2161334902048111
1001,0.21676750481128693
1002,0.23854704201221466
1003,0.23848570883274078
1004,0.23848570883274078
1005,0.23854704201221466
1006,0.2864443063735962
1007,0.28898757696151733
1008,0.28898757696151733
1009,0.2864443063735962
1010,0.22783266007900238
1011,0.228077694773674
1012,0.228077694773674
1013,0.22783266007900238
1014,0.24270784854888916
1015,0.24429462850093842
1016,0.24429462850093842
1017,0.24270784854888916
1018,0.2555326223373413
1019,0.2578215003013611
1020,0.2578215003013611
1021,0.2555326223373413
1022,0.2307363599538803
1023,0.23073454201221466
1024,0.23073454201221466
1025,0.2307363599538803
1026,0.16664408147335052
1027,0.16671966016292572
1028,0.16671966016292572
1029,0.16664408147335052
1030,0.2561084032058716
1031,0.2561084032058716
1032,0.24377216398715973
1033,0.24515046179294586
1034,0.24515046179294586
1035,0.24377216398715973
1036,0.21204598248004913
1037,0.2120802402496338
1038,0.2120802402496338
1039,0.21204598248004913
1040,0.2932915687561035
1041,0.2951435446739197
1042,0.2951435446739197
1043,0.2932915687561035
1044,0.24876180291175842
1045,0.24876180291175842
1046,0.2267148792743683
1047,0.22673408687114716
1048,0.22673408687114716
1049,0.2267148792743683
1050,0.22871409356594086
1051,0.2282751202583313
1052,0.2282751202583313
1053,0.22871409356594086
1054,0.2541491985321045
1055,0.2546290159225464
1056,0.2546290159225464
1057,0.2541491985321045
1058,0.20147156715393066
1059,0.20147739350795746
1060,0.20147739350795746
1061,0.20147156715393066
1062,0.20880571007728577
1063,0.20888130366802216
1064,0.20888130366802216
1065,0.20880571007728577
1066,0.19712968170642853
1067,0.19969935715198517
1068,0.19969935715198517
1069,0.19712968170642853
1070,0.24397143721580505
1071,0.24995794892311096
1072,0.24995794892311096
1073,0.24397143721580505
1074,0.2337559312582016
1075,0.23404859006404877
1076,0.23404859006404877
1077,0.2337559312582016
1078,0.19172216951847076
1079,0.19047880172729492
1080,0.19047880172729492
1081,0.19172216951847076
1082,0.2476649433374405
1083,0.24614913761615753
1084,0.24614913761615753
1085,0.2476649433374405
1086,0.25145405530929565
1087,0.25145405530929565
1088,0.24491502344608307
1089,0.24598310887813568
1090,0.24598310887813568
1091,0.24491502344608307
1092,0.2326359897851944
1093,0.2326359897851944
1094,0.2630370855331421
1095,0.26303088665008545
1096,0.26303088665008545
1097,0.2630370855331421
1098,0.2455664724111557
1099,0.24659284949302673
1100,0.24659284949302673
1101,0.2455664724111557
1102,0.23567897081375122
1103,0.23320366442203522
1104,0.23320366442203522
1105,0.23567897081375122
1106,0.235195592045784
1107,0.23507757484912872
1108,0.23507757484912872
1109,0.235195592045784
1110,0.23318612575531006
1111,0.23318612575531006
1112,0.16402611136436462
1113,0.16402611136436462
1114,0.15524083375930786
1115,0.15676254034042358
1116,0.15676254034042358
1117,0.15524083375930786
1118,0.18712131679058075
1119,0.18712131679058075
1120,0.16455310583114624
1121,0.1682041734457016
1122,0.1682041734457016
1123,0.16455310583114624
1124,0.14265605807304382
1125,0.14306584000587463
1126,0.14306584000587463
1127,0.14265605807304382
1128,0.21617256104946136
1129,0.21617256104946136
1130,0.15717196464538574
1131,0.15717196464538574
1132,0.17621050775051117
1133,0.17498324811458588
1134,0.17498324811458588
1135,0.17621050775051117
1136,0.2028573602437973
1137,0.2028573602437973
1138,0.1721244901418686
1139,0.1721244901418686
1140,0.20885680615901947
1141,0.2104501575231552
1142,0.2104501575231552
1143,0.20885680615901947
1144,0.22735030949115753
1145,0.22735030949115753
1146,0.234453484416008
1147,0.23499970138072968
1148,0.23499970138072968
1149,0.234453484416008
1150,0.18820145726203918
1151,0.18614543974399567
1152,0.18614543974399567
1153,0.18820145726203918
1154,0.2300388067960739
1155,0.2300388067960739
1156,0.22160612046718597
1157,0.22258971631526947
1158,0.22258971631526947
1159,0.22160612046718597
1160,0.23670881986618042
1161,0.23670881986618042
1162,0.21715888381004333
1163,0.21715888381004333
1164,0.23495765030384064
1165,0.23495765030384064
1166,0.19474084675312042
1167,0.19480936229228973
1168,0.19480936229228973
1169,0.19474084675312042
1170,0.2424674928188324
1171,0.2424674928188324
1172,0.23236091434955597
1173,0.23272381722927094
1174,0.23272381722927094
1175,0.23236091434955597
1176,0.2383149266242981
1177,0.2383149266242981
1178,0.2608533799648285
1179,0.25666821002960205
1180,0.25666821002960205
1181,0.2608533799648285
1182,0.2661738395690918
1183,0.26339221000671387
1184,0.26339221000671387
1185,0.2661738395690918
1186,0.2948680520057678
1187,0.29483717679977417
1188,0.29483717679977417
1189,0.2948680520057678
1190,0.23112104833126068
1191,0.23110197484493256
1192,0.23110197484493256
1193,0.23112104833126068
1194,0.24236030876636505
1195,0.24236030876636505
1196,0.23327778279781342
1197,0.23470474779605865
1198,0.23470474779605865
1199,0.23327778279781342
1200,0.27607840299606323
1201,0.276086688041687
1202,0.276086688041687
1203,0.27607840299606323
1204,0.2885470390319824
1205,0.2885321378707886
1206,0.2885321378707886
1207,0.2885470390319824
1208,0.2570628523826599
1209,0.25658273696899414
1210,0.25658273696899414
1211,0.2570628523826599
1212,0.27974963188171387
1213,0.2797955274581909
1214,0.2797955274581909
1215,0.27974963188171387
1216,0.22881633043289185
1217,0.2312365621328354
1218,0.2312365621328354
1219,0.22881633043289185
1220,0.24789480865001678
1221,0.24789480865001678
1222,0.25512146949768066
1223,0.2612934112548828
1224,0.2612934112548828
1225,0.25512146949768066
1226,0.19905784726142883
1227,0.19023849070072174
1228,0.19023849070072174
1229,0.19905784726142883
1230,0.25940340757369995
1231,0.25950467586517334
1232,0.25950467586517334
1233,0.25940340757369995
1234,0.22132927179336548
1235,0.21975558996200562
1236,0.21975558996200562
1237,0.22132927179336548
1238,0.25842583179473877
1239,0.25842583179473877
1240,0.3289487361907959
1241,0.32859259843826294
1242,0.32859259843826294
1243,0.3289487361907959
1244,0.24959690868854523
1245,0.24959690868854523
1246,0.34089088439941406
1247,0.34317344427108765
1248,0.34317344427108765
1249,0.34089088439941406
1250,0.263641357421875
1251,0.2638585567474365
1252,0.2638585567474365
1253,0.263641357421875
1254,0.2590370178222656
1255,0.2606821060180664
1256,0.2606821060180664
1257,0.2590370178222656
1258,0.2584341764450073
1259,0.2584291994571686
1260,0.2584291994571686
1261,0.2584341764450073
1262,0.19494931399822235
1263,0.19506387412548065
1264,0.19506387412548065
1265,0.19494931399822235
1266,0.2836877107620239
1267,0.2880812883377075
1268,0.2880812883377075
1269,0.2836877107620239
1270,0.3149682283401489
1271,0.30599677562713623
1272,0.30599677562713623
1273,0.3149682283401489
1274,0.2574155330657959
1275,0.2499396950006485
1276,0.24996303021907806
1277,0.24996303021907806
1278,0.2499396950006485
1279,0.24844370782375336
1280,0.2486690729856491
1281,0.2486690729856491
1282,0.24844370782375336
1283,0.22645516693592072
1284,0.226450577378273
1285,0.226450577378273
1286,0.22645516693592072
1287,0.25259843468666077
1288,0.25279784202575684
1289,0.25279784202575684
1290,0.25259843468666077
1291,0.2712569236755371
1292,0.27250969409942627
1293,0.27250969409942627
1294,0.2712569236755371
1295,0.2618005871772766
1296,0.2618005871772766
1297,0.29381805658340454
1298,0.2950704097747803
1299,0.2950704097747803
1300,0.29381805658340454
1301,0.30544769763946533
1302,0.3054589033126831
1303,0.3054589033126831
1304,0.30544769763946533
1305,0.2820565402507782
1306,0.2834656834602356
1307,0.2834656834602356
1308,0.2820565402507782
1309,0.22567245364189148
1310,0.22570736706256866
1311,0.22570736706256866
1312,0.22567245364189148
1313,0.26351597905158997
1314,0.26351597905158997
1315,0.20427380502223969
1316,0.2048112452030182
1317,0.2048112452030182
1318,0.20427380502223969
1319,0.21110887825489044
1320,0.21110887825489044
1321,0.20176810026168823
1322,0.20312444865703583
1323,0.20312444865703583
1324,0.20176810026168823
1325,0.1728353202342987
1326,0.16849280893802643
1327,0.16849280893802643
1328,0.1728353202342987
1329,0.227859228849411
1330,0.227859228849411
1331,0.1990138739347458
1332,0.2001790851354599
1333,0.2001790851354599
1334,0.1990138739347458
1335,0.2094617336988449
1336,0.2094617336988449
1337,0.24153169989585876
1338,0.2394469529390335
1339,0.2394469529390335
1340,0.24153169989585876
1341,0.2270824909210205
1342,0.2270824909210205
1343,0.232177272439003
1344,0.23202268779277802
1345,0.23202268779277802
1346,0.232177272439003
1347,0.2230682075023651
1348,0.22652088105678558
1349,0.22652088105678558
1350,0.2230682075023651
1351,0.23340554535388947
1352,0.23340554535388947
1353,0.23766593635082245
1354,0.23890940845012665
1355,0.23890940845012665
1356,0.23766593635082245
1357,0.1868792623281479
1358,0.18574264645576477
1359,0.18574264645576477
1360,0.1868792623281479
1361,0.2473440319299698
1362,0.2473440319299698
1363,0.23034203052520752
1364,0.23034203052520752
1365,0.22439619898796082
1366,0.22443266212940216
1367,0.22443266212940216
1368,0.22439619898796082
1369,0.2306700199842453
1370,0.23068851232528687
1371,0.23068851232528687
1372,0.2306700199842453
1373,0.2448258250951767
1374,0.2448258250951767
1375,0.2295425683259964
1376,0.2295425683259964
1377,0.23033034801483154
1378,0.22974006831645966
1379,0.22974006831645966
1380,0.23033034801483154
1381,0.21064285933971405
1382,0.21064285933971405
1383,0.21682870388031006
1384,0.2172004133462906
1385,0.2172004133462906
1386,0.21682870388031006
1387,0.20920449495315552
1388,0.20555196702480316
1389,0.20555196702480316
1390,0.20920449495315552
1391,0.2226387858390808
1392,0.2226387858390808
1393,0.22982250154018402
1394,0.23050083220005035
1395,0.23050083220005035
1396,0.22982250154018402
1397,0.18510802090168
1398,0.18649835884571075
1399,0.18649835884571075
1400,0.18510802090168
1401,0.23684145510196686
1402,0.23684145510196686
1403,0.23222516477108002
1404,0.23222516477108002
1405,0.24177373945713043
1406,0.24152153730392456
1407,0.24152153730392456
1408,0.24177373945713043
1409,0.22307848930358887
1410,0.22333961725234985
1411,0.22333961725234985
1412,0.22307848930358887
1413,0.245563805103302
1414,0.245563805103302
1415,0.22222888469696045
1416,0.22222888469696045
1417,0.22002629935741425
1418,0.22002629935741425
1419,0.1967177838087082
1420,0.2030651718378067
1421,0.2030651718378067
1422,0.1967177838087082
1423,0.23413988947868347
1424,0.23413988947868347
1425,0.23219971358776093
1426,0.23100636899471283
1427,0.23100636899471283
1428,0.23219971358776093
1429,0.2376963049173355
1430,0.2376963049173355
1431,0.2119317501783371
1432,0.21315601468086243
1433,0.21315601468086243
1434,0.2119317501783371
1435,0.2433391809463501
1436,0.2433391809463501
1437,0.2449880987405777
1438,0.24468770623207092
1439,0.24468770623207092
1440,0.2449880987405777
1441,0.2504340410232544
1442,0.2504340410232544
1443,0.23088745772838593
1444,0.22773124277591705
1445,0.22773124277591705
1446,0.23088745772838593
1447,0.2543712556362152
1448,0.2543712556362152
1449,0.25444668531417847
1450,0.25421932339668274
1451,0.25421932339668274
1452,0.25444668531417847
1453,0.25374823808670044
1454,0.25374823808670044
1455,0.23182110488414764
1456,0.23182110488414764
1457,0.240999236702919
1458,0.2408122718334198
1459,0.2408122718334198
1460,0.240999236702919
1461,0.24917005002498627
1462,0.24917005002498627
1463,0.2607577443122864
1464,0.2636352777481079
1465,0.2636352777481079
1466,0.2607577443122864
1467,0.2170787900686264
1468,0.21521756052970886
1469,0.21521756052970886
1470,0.2170787900686264
1471,0.2539903521537781
1472,0.2539903521537781
1473,0.2644665241241455
1474,0.2644665241241455
1475,0.26596951484680176
1476,0.2662649154663086
1477,0.2662649154663086
1478,0.26596951484680176
1479,0.24917089939117432
1480,0.24929267168045044
1481,0.24929267168045044
1482,0.24917089939117432
1483,0.2656153440475464
1484,0.2656153440475464
1485,0.2483423501253128
1486,0.2483423501253128
1487,0.21481238305568695
1488,0.21481238305568695
1489,0.16932757198810577
1490,0.16135385632514954
1491,0.16135385632514954
1492,0.16932757198810577
1493,0.22691944241523743
1494,0.22691944241523743
1495,0.21750731766223907
1496,0.21627505123615265
1497,0.21627505123615265
1498,0.21750731766223907
1499,0.20965616405010223
1500,0.20965616405010223
1501,0.24285225570201874
1502,0.24285225570201874
1503,0.24047988653182983
1504,0.2406984120607376
1505,0.2406984120607376
1506,0.24047988653182983
1507,0.2389657348394394
1508,0.2389657348394394
1509,0.2361975461244583
1510,0.23838403820991516
1511,0.23838403820991516
1512,0.2361975461244583
1513,0.19437040388584137
1514,0.1927441507577896
1515,0.1927441507577896
1516,0.19437040388584137
1517,0.24916426837444305
1518,0.24916426837444305
1519,0.22667784988880157
1520,0.22667784988880157
1521,0.23980478942394257
1522,0.23928509652614594
1523,0.23928509652614594
1524,0.23980478942394257
1525,0.2287348061800003
1526,0.2287348061800003
1527,0.24040891230106354
1528,0.24040891230106354
1529,0.22551892697811127
1530,0.22607390582561493
1531,0.22607390582561493
1532,0.22551892697811127
1533,0.24039067327976227
1534,0.23750340938568115
1535,0.23750340938568115
1536,0.24039067327976227
1537,0.248509481549263
1538,0.24853076040744781
1539,0.24853076040744781
1540,0.248509481549263
1541,0.18971319496631622
1542,0.18976524472236633
1543,0.18976524472236633
1544,0.18971319496631622
1545,0.20545823872089386
1546,0.20545823872089386
1547,0.20571671426296234
1548,0.20924155414104462
1549,0.20924155414104462
1550,0.20571671426296234
1551,0.19586792588233948
1552,0.19401928782463074
1553,0.19401928782463074
1554,0.19586792588233948
1555,0.222112238407135
1556,0.2221590131521225
1557,0.2221590131521225
1558,0.222112238407135
1559,0.21402205526828766
1560,0.21319542825222015
1561,0.21319542825222015
1562,0.21402205526828766
1563,0.23631449043750763
1564,0.2363283336162567
1565,0.2363283336162567
1566,0.23631449043750763
1567,0.2127038687467575
1568,0.21288451552391052
1569,0.21288451552391052
1570,0.2127038687467575
1571,0.2344007045030594
1572,0.23444736003875732
1573,0.23444736003875732
1574,0.2344007045030594
1575,0.2028575986623764
1576,0.203398659825325
1577,0.203398659825325
1578,0.2028575986623764
1579,0.22578434646129608
1580,0.22578434646129608
1581,0.23301061987876892
1582,0.23806828260421753
1583,0.23806828260421753
1584,0.23301061987876892
1585,0.18128743767738342
1586,0.1785251498222351
1587,0.1785251498222351
1588,0.18128743767738342
1589,0.20429323613643646
1590,0.2045103758573532
1591,0.2045103758573532
1592,0.20429323613643646
1593,0.19998766481876373
1594,0.20272468030452728
1595,0.20272468030452728
1596,0.19998766481876373
1597,0.23839010298252106
1598,0.23839010298252106
1599,0.2840076684951782
1600,0.2835943102836609
1601,0.2835943102836609
1602,0.2840076684951782
1603,0.2353639155626297
1604,0.2353639155626297
1605,0.194597989320755
1606,0.19683857262134552
1607,0.19683857262134552
1608,0.194597989320755
1609,0.23429356515407562
1610,0.23727773129940033
1611,0.23727773129940033
1612,0.23429356515407562
1613,0.28379887342453003
1614,0.28701603412628174
1615,0.28701603412628174
1616,0.28379887342453003
1617,0.22206073999404907
1618,0.2227262258529663
1619,0.2227262258529663
1620,0.22206073999404907
1621,0.2395675927400589
1622,0.2404671609401703
1623,0.2404671609401703
1624,0.2395675927400589
1625,0.26128849387168884
1626,0.2604316473007202
1627,0.2604316473007202
1628,0.26128849387168884
1629,0.21664230525493622
1630,0.2166467010974884
1631,0.2166467010974884
1632,0.21664230525493622
1633,0.16836462914943695
1634,0.16845068335533142
1635,0.16845068335533142
1636,0.16836462914943695
1637,0.25572657585144043
1638,0.25572657585144043
1639,0.24634233117103577
1640,0.2488972395658493
1641,0.2488972395658493
1642,0.24634233117103577
1643,0.20517513155937195
1644,0.2052225023508072
1645,0.2052225023508072
1646,0.20517513155937195
1647,0.30728381872177124
1648,0.30817925930023193
1649,0.30817925930023193
1650,0.30728381872177124
1651,0.24167896807193756
1652,0.24167896807193756
1653,0.21910563111305237
1654,0.21911568939685822
1655,0.21911568939685822
1656,0.21910563111305237
1657,0.21917977929115295
1658,0.21944968402385712
1659,0.21944968402385712
1660,0.21917977929115295
1661,0.25345146656036377
1662,0.25702965259552
1663,0.25702965259552
1664,0.25345146656036377
1665,0.19074489176273346
1666,0.19076158106327057
1667,0.19076158106327057
1668,0.19074489176273346
1669,0.20223140716552734
1670,0.20245598256587982
1671,0.20245598256587982
1672,0.20223140716552734
1673,0.1754763126373291
1674,0.17710401117801666
1675,0.17710401117801666
1676,0.1754763126373291
1677,0.24677841365337372
1678,0.2481175661087036
1679,0.2481175661087036
1680,0.24677841365337372
1681,0.2287784069776535
1682,0.22906680405139923
1683,0.22906680405139923
1684,0.2287784069776535
1685,0.16978691518306732
1686,0.17045791447162628
1687,0.17045791447162628
1688,0.16978691518306732
1689,0.2392207831144333
1690,0.23692624270915985
1691,0.23692624270915985
1692,0.2392207831144333
1693,0.24824859201908112
1694,0.24824859201908112
1695,0.2530619502067566
1696,0.2574106454849243
1697,0.2574106454849243
1698,0.2530619502067566
1699,0.2294972985982895
1700,0.2294972985982895
1701,0.25405046343803406
1702,0.254102498292923
1703,0.254102498292923
1704,0.25405046343803406
1705,0.23881228268146515
1706,0.24007757008075714
1707,0.24007757008075714
1708,0.23881228268146515
1709,0.23214800655841827
1710,0.22666190564632416
1711,0.22666190564632416
1712,0.23214800655841827
1713,0.23025615513324738
1714,0.23006215691566467
1715,0.23006215691566467
1716,0.23025615513324738
1717,0.22457490861415863
1718,0.22457490861415863
1719,0.22502633929252625
1720,0.22448544204235077
1721,0.22448544204235077
1722,0.22502633929252625
1723,0.2336510568857193
1724,0.2336510568857193
1725,0.24717813730239868
1726,0.24693655967712402
1727,0.24693655967712402
1728,0.24717813730239868
1729,0.19929347932338715
1730,0.20051057636737823
1731,0.20051057636737823
1732,0.19929347932338715
1733,0.24362976849079132
1734,0.24362976849079132
1735,0.23281054198741913
1736,0.23344461619853973
1737,0.23344461619853973
1738,0.23281054198741913
1739,0.24437730014324188
1740,0.24437730014324188
1741,0.23281243443489075
1742,0.23281243443489075
1743,0.22092045843601227
1744,0.22092045843601227
1745,0.20279017090797424
1746,0.19884105026721954
1747,0.19884105026721954
1748,0.20279017090797424
1749,0.2327020913362503
1750,0.2327020913362503
1751,0.22427676618099213
1752,0.22381265461444855
1753,0.22381265461444855
1754,0.22427676618099213
1755,0.21151378750801086
1756,0.21035003662109375
1757,0.21035003662109375
1758,0.21151378750801086
1759,0.1996685415506363
1760,0.1996685415506363
1761,0.21308381855487823
1762,0.21267370879650116
1763,0.21267370879650116
1764,0.21308381855487823
1765,0.20687510073184967
1766,0.20873308181762695
1767,0.20873308181762695
1768,0.20687510073184967
1769,0.22159968316555023
1770,0.22159968316555023
1771,0.23286499083042145
1772,0.23365290462970734
1773,0.23365290462970734
1774,0.23286499083042145
1775,0.1798664778470993
1776,0.17904455959796906
1777,0.17904455959796906
1778,0.1798664778470993
1779,0.2321791797876358
1780,0.2321791797876358
1781,0.2259170562028885
1782,0.2259170562028885
1783,0.23812441527843475
1784,0.2384839504957199
1785,0.2384839504957199
1786,0.23812441527843475
1787,0.2303580790758133
1788,0.23047910630702972
1789,0.23047910630702972
1790,0.2303580790758133
1791,0.24203641712665558
1792,0.24203641712665558
1793,0.23009558022022247
1794,0.23009558022022247
1795,0.28573882579803467
1796,0.28573882579803467
1797,0.25258272886276245
1798,0.25174587965011597
1799,0.25174587965011597
1800,0.25258272886276245
1801,0.2793068587779999
1802,0.2793068587779999
1803,0.30611878633499146
1804,0.306069552898407
1805,0.306069552898407
1806,0.30611878633499146
1807,0.3056250214576721
1808,0.3056250214576721
1809,0.24304510653018951
1810,0.24304510653018951
1811,0.20388492941856384
1812,0.2041493058204651
1813,0.2041493058204651
1814,0.20388492941856384
1815,0.21896503865718842
1816,0.21896503865718842
1817,0.21789328753948212
1818,0.2181323915719986
1819,0.2181323915719986
1820,0.21789328753948212
1821,0.1650141328573227
1822,0.1625877022743225
1823,0.1625877022743225
1824,0.1650141328573227
1825,0.2221694439649582
1826,0.2221694439649582
1827,0.213058739900589
1828,0.21369114518165588
1829,0.21369114518165588
1830,0.213058739900589
1831,0.19928531348705292
1832,0.19928531348705292
1833,0.24306391179561615
1834,0.24306391179561615
1835,0.22146327793598175
1836,0.22146327793598175
1837,0.1784764677286148
1838,0.18365643918514252
1839,0.18365643918514252
1840,0.1784764677286148
1841,0.2382461279630661
1842,0.2382461279630661
1843,0.21843622624874115
1844,0.21749311685562134
1845,0.21749311685562134
1846,0.21843622624874115
1847,0.21852251887321472
1848,0.21852251887321472
1849,0.2138134390115738
1850,0.2135189026594162
1851,0.2135189026594162
1852,0.2138134390115738
1853,0.23269276320934296
1854,0.23269276320934296
1855,0.21597842872142792
1856,0.2142658680677414
1857,0.2142658680677414
1858,0.21597842872142792
1859,0.16449835896492004
1860,0.16924062371253967
1861,0.16924062371253967
1862,0.16449835896492004
1863,0.24771659076213837
1864,0.24771659076213837
1865,0.229762002825737
1866,0.23038284480571747
1867,0.23038284480571747
1868,0.229762002825737
1869,0.2212401032447815
1870,0.2212401032447815
1871,0.24645574390888214
1872,0.24793101847171783
1873,0.24793101847171783
1874,0.24645574390888214
1875,0.22851692140102386
1876,0.22851692140102386
1877,0.23538003861904144
1878,0.23535418510437012
1879,0.23535418510437012
1880,0.23538003861904144
1881,0.23537577688694
1882,0.23588250577449799
1883,0.23588250577449799
1884,0.23537577688694
1885,0.2239028364419937
1886,0.2248668223619461
1887,0.2248668223619461
1888,0.2239028364419937
1889,0.23433010280132294
1890,0.23433010280132294
1891,0.2355959266424179
1892,0.23883751034736633
1893,0.23883751034736633
1894,0.2355959266424179
1895,0.19141393899917603
1896,0.18772809207439423
1897,0.18772809207439423
1898,0.19141393899917603
1899,0.2282620519399643
1900,0.22831587493419647
1901,0.22831587493419647
1902,0.2282620519399643
1903,0.24838759005069733
1904,0.24838759005069733
1905,0.23680590093135834
1906,0.23680590093135834
1907,0.21222318708896637
1908,0.21208320558071136
1909,0.21208320558071136
1910,0.21222318708896637
1911,0.23338322341442108
1912,0.2317453771829605
1913,0.2317453771829605
1914,0.23338322341442108
1915,0.2326304167509079
1916,0.2326304167509079
1917,0.23949864506721497
1918,0.23949864506721497
1919,0.2165692150592804
1920,0.2165692150592804
1921,0.17208321392536163
1922,0.16809996962547302
1923,0.16809996962547302
1924,0.17208321392536163
1925,0.22532100975513458
1926,0.22532100975513458
1927,0.21755127608776093
1928,0.21424947679042816
1929,0.21424947679042816
1930,0.21755127608776093
1931,0.22389546036720276
1932,0.22389546036720276
1933,0.17101629078388214
1934,0.1788962483406067
1935,0.1788962483406067
1936,0.17101629078388214
1937,0.23651020228862762
1938,0.23651020228862762
1939,0.22116298973560333
1940,0.2183927595615387
1941,0.2183927595615387
1942,0.22116298973560333
1943,0.21362753212451935
1944,0.21362753212451935
1945,0.21235759556293488
1946,0.21251024305820465
1947,0.21251024305820465
1948,0.21235759556293488
1949,0.2209595888853073
1950,0.2209595888853073
1951,0.22083337604999542
1952,0.2223789244890213
1953,0.2223789244890213
1954,0.22083337604999542
1955,0.1692422479391098
1956,0.16937845945358276
1957,0.16937845945358276
1958,0.1692422479391098
1959,0.23414216935634613
1960,0.23414216935634613
1961,0.21026934683322906
1962,0.21026934683322906
1963,0.21686114370822906
1964,0.2167845517396927
1965,0.2167845517396927
1966,0.21686114370822906
1967,0.21838873624801636
1968,0.21838873624801636
1969,0.21035993099212646
1970,0.21035993099212646
1971,0.25520217418670654
1972,0.25520217418670654
1973,0.21150930225849152
1974,0.20947472751140594
1975,0.20947472751140594
1976,0.21150930225849152
1977,0.26206672191619873
1978,0.26206672191619873
1979,0.25756800174713135
1980,0.25716590881347656
1981,0.25716590881347656
1982,0.25756800174713135
1983,0.26102668046951294
1984,0.26102668046951294
1985,0.2460320144891739
1986,0.2460320144891739
1987,0.2377985566854477
1988,0.23688209056854248
1989,0.23688209056854248
1990,0.2377985566854477
1991,0.21869182586669922
1992,0.21869182586669922
1993,0.22045163810253143
1994,0.2203366905450821
1995,0.2203366905450821
1996,0.22045163810253143
1997,0.22571153938770294
1998,0.22571153938770294
1999,0.2218828946352005
2000,0.22264496982097626
2001,0.22264496982097626
2002,0.2218828946352005
2003,0.23132595419883728
2004,0.23132595419883728
2005,0.2228405475616455
2006,0.22495941817760468
2007,0.22495941817760468
2008,0.2228405475616455
2009,0.1805161088705063
2010,0.17971979081630707
2011,0.17971979081630707
2012,0.1805161088705063
2013,0.246476411819458
2014,0.246476411819458
2015,0.21148614585399628
2016,0.21148614585399628
2017,0.226371631026268
2018,0.22562097012996674
2019,0.22562097012996674
2020,0.226371631026268
2021,0.22586877644062042
2022,0.22586877644062042
2023,0.22340962290763855
2024,0.22340962290763855
2025,0.21150602400302887
2026,0.21034756302833557
2027,0.21034756302833557
2028,0.21150602400302887
2029,0.20466892421245575
2030,0.20466892421245575
2031,0.20625929534435272
2032,0.20623663067817688
2033,0.20623663067817688
2034,0.20625929534435272
2035,0.1999398022890091
2036,0.20056964457035065
2037,0.20056964457035065
2038,0.1999398022890091
2039,0.18980373442173004
2040,0.19401656091213226
2041,0.19401656091213226
2042,0.18980373442173004
2043,0.2158062607049942
2044,0.2158062607049942
2045,0.2025269865989685
2046,0.20261959731578827
2047,0.20261959731578827
2048,0.2025269865989685
2049,0.1679118424654007
2050,0.16394922137260437
2051,0.16394922137260437
2052,0.1679118424654007
2053,0.19711141288280487
2054,0.19722382724285126
2055,0.19722382724285126
2056,0.19711141288280487
2057,0.23563963174819946
2058,0.23563963174819946
2059,0.2031634896993637
2060,0.2031634896993637
2061,0.19753116369247437
2062,0.1989370584487915
2063,0.1989370584487915
2064,0.19753116369247437
2065,0.2005944699048996
2066,0.20042987167835236
2067,0.20042987167835236
2068,0.2005944699048996
2069,0.21790854632854462
2070,0.21790854632854462
2071,0.20542457699775696
2072,0.20542457699775696
2073,0.23790355026721954
2074,0.24088579416275024
2075,0.24088579416275024
2076,0.23790355026721954
2077,0.19322989881038666
2078,0.19305235147476196
2079,0.19305235147476196
2080,0.19322989881038666
2081,0.21389417350292206
2082,0.21389417350292206
2083,0.21698665618896484
2084,0.22162024676799774
2085,0.22162024676799774
2086,0.21698665618896484
2087,0.22932879626750946
2088,0.22909103333950043
2089,0.22909103333950043
2090,0.22932879626750946
2091,0.2281210571527481
2092,0.2299875169992447
2093,0.2299875169992447
2094,0.2281210571527481
2095,0.21142737567424774
2096,0.21193234622478485
2097,0.21193234622478485
2098,0.21142737567424774
2099,0.2245716154575348
2100,0.2245716154575348
2101,0.24747079610824585
2102,0.24813289940357208
2103,0.24813289940357208
2104,0.24747079610824585
2105,0.2037249654531479
2106,0.20410804450511932
2107,0.20410804450511932
2108,0.2037249654531479
2109,0.21509386599063873
2110,0.21573880314826965
2111,0.21573880314826965
2112,0.21509386599063873
2113,0.23864834010601044
2114,0.23864834010601044
2115,0.2895771265029907
2116,0.29061079025268555
2117,0.29061079025268555
2118,0.2895771265029907
2119,0.24902385473251343
2120,0.24902385473251343
2121,0.2439437061548233
2122,0.2428165078163147
2123,0.2428165078163147
2124,0.2439437061548233
2125,0.23194146156311035
2126,0.22979433834552765
2127,0.22979433834552765
2128,0.23194146156311035
2129,0.20720456540584564
2130,0.20768234133720398
2131,0.20768234133720398
2132,0.20720456540584564
2133,0.24820628762245178
2134,0.24820628762245178
2135,0.27457529306411743
2136,0.27084973454475403
2137,0.27084973454475403
2138,0.27457529306411743
2139,0.23969130218029022
2140,0.23969130218029022
2141,0.22318525612354279
2142,0.22318525612354279
2143,0.22925646603107452
2144,0.22878171503543854
2145,0.22878171503543854
2146,0.22925646603107452
2147,0.23940269649028778
2148,0.23940269649028778
2149,0.19280403852462769
2150,0.1901932656764984
2151,0.1901932656764984
2152,0.19280403852462769
2153,0.25063157081604004
2154,0.25063157081604004
2155,0.23693197965621948
2156,0.2367410510778427
2157,0.2367410510778427
2158,0.23693197965621948
2159,0.23474393784999847
2160,0.23474393784999847
2161,0.21494661271572113
2162,0.21494661271572113
2163,0.18123963475227356
2164,0.18085579574108124
2165,0.18085579574108124
2166,0.18123963475227356
2167,0.2281956523656845
2168,0.2281956523656845
2169,0.22048836946487427
2170,0.21985667943954468
2171,0.21985667943954468
2172,0.22048836946487427
2173,0.20147065818309784
2174,0.20147065818309784
2175,0.20386691391468048
2176,0.20395059883594513
2177,0.20395059883594513
2178,0.20386691391468048
2179,0.2194671779870987
2180,0.2194671779870987
2181,0.21458643674850464
2182,0.21660001575946808
2183,0.21660001575946808
2184,0.21458643674850464
2185,0.167321115732193
2186,0.16261887550354004
2187,0.16261887550354004
2188,0.167321115732193
2189,0.2380886673927307
2190,0.2380886673927307
2191,0.20659451186656952
2192,0.20659451186656952
2193,0.21462637186050415
2194,0.2141886204481125
2195,0.2141886204481125
2196,0.21462637186050415
2197,0.2213147133588791
2198,0.2213147133588791
2199,0.21273906528949738
2200,0.21273906528949738
2201,0.21253927052021027
2202,0.21253927052021027
2203,0.20385974645614624
2204,0.2037384957075119
2205,0.2037384957075119
2206,0.20385974645614624
2207,0.18891607224941254
2208,0.18891607224941254
2209,0.18960578739643097
2210,0.19282831251621246
2211,0.19282831251621246
2212,0.18960578739643097
2213,0.20348964631557465
2214,0.20348964631557465
2215,0.20030725002288818
2216,0.1992548257112503
2217,0.1992548257112503
2218,0.20030725002288818
2219,0.15550300478935242
2220,0.1459467113018036
2221,0.1459467113018036
2222,0.15550300478935242
2223,0.22099453210830688
2224,0.22099453210830688
2225,0.19374807178974152
2226,0.19374807178974152
2227,0.18085412681102753
2228,0.17917761206626892
2229,0.17917761206626892
2230,0.18085412681102753
2231,0.2035384178161621
2232,0.20224331319332123
2233,0.20224331319332123
2234,0.2035384178161621
2235,0.202920064330101
2236,0.202920064330101
2237,0.18620486557483673
2238,0.18620486557483673
2239,0.2130885124206543
2240,0.2130885124206543
2241,0.21062766015529633
2242,0.210187628865242
2243,0.210187628865242
2244,0.21062766015529633
2245,0.22716420888900757
2246,0.22946149110794067
2247,0.22946149110794067
2248,0.22716420888900757
2249,0.22686117887496948
2250,0.22685275971889496
2251,0.22685275971889496
2252,0.22686117887496948
2253,0.21900856494903564
2254,0.21900856494903564
2255,0.2237369865179062
2256,0.22373957931995392
2257,0.22373957931995392
2258,0.2237369865179062
2259,0.258941113948822
2260,0.25895577669143677
2261,0.25895577669143677
2262,0.258941113948822
2263,0.22787435352802277
2264,0.22736656665802002
2265,0.22736656665802002
2266,0.22787435352802277
2267,0.22182555496692657
2268,0.2205151468515396
2269,0.2205151468515396
2270,0.22182555496692657
2271,0.23930664360523224
2272,0.23930664360523224
2273,0.25922250747680664
2274,0.26052266359329224
2275,0.26052266359329224
2276,0.25922250747680664
2277,0.1823052167892456
2278,0.1828211396932602
2279,0.1828211396932602
2280,0.1823052167892456
2281,0.22923250496387482
2282,0.22951020300388336
2283,0.22951020300388336
2284,0.22923250496387482
2285,0.2511214017868042
2286,0.2511214017868042
2287,0.3013913035392761
2288,0.30094635486602783
2289,0.30094635486602783
2290,0.3013913035392761
2291,0.2469611018896103
2292,0.2469611018896103
2293,0.24532140791416168
2294,0.24760983884334564
2295,0.24760983884334564
2296,0.24532140791416168
2297,0.2495395392179489
2298,0.2502825856208801
2299,0.2502825856208801
2300,0.2495395392179489
2301,0.22676335275173187
2302,0.22711005806922913
2303,0.22711005806922913
2304,0.22676335275173187
2305,0.2555968761444092
2306,0.2555968761444092
2307,0.26266220211982727
2308,0.2611704468727112
2309,0.2611704468727112
2310,0.26266220211982727
2311,0.23587967455387115
2312,0.23587967455387115
2313,0.21910984814167023
2314,0.21870441734790802
2315,0.21870441734790802
2316,0.21910984814167023
2317,0.21652038395404816
2318,0.215077206492424
2319,0.215077206492424
2320,0.21652038395404816
2321,0.24901878833770752
2322,0.24895943701267242
2323,0.24895943701267242
2324,0.24901878833770752
2325,0.1975405514240265
2326,0.19750241935253143
2327,0.19750241935253143
2328,0.1975405514240265
2329,0.2118561863899231
2330,0.2118561863899231
2331,0.19988368451595306
2332,0.2013855278491974
2333,0.2013855278491974
2334,0.19988368451595306
2335,0.23567168414592743
2336,0.23569484055042267
2337,0.23569484055042267
2338,0.23567168414592743
2339,0.24414904415607452
2340,0.24422180652618408
2341,0.24422180652618408
2342,0.24414904415607452
2343,0.2148524969816208
2344,0.21429510414600372
2345,0.21429510414600372
2346,0.2148524969816208
2347,0.24153141677379608
2348,0.24158410727977753
2349,0.24158410727977753
2350,0.24153141677379608
2351,0.20217488706111908
2352,0.2020244002342224
2353,0.2020244002342224
2354,0.20217488706111908
2355,0.2281845062971115
2356,0.2281845062971115
2357,0.22837115824222565
2358,0.2304505705833435
2359,0.2304505705833435
2360,0.22837115824222565
2361,0.1812533587217331
2362,0.1812831312417984
2363,0.1812831312417984
2364,0.1812533587217331
2365,0.21037651598453522
2366,0.21054452657699585
2367,0.21054452657699585
2368,0.21037651598453522
2369,0.2088242620229721
2370,0.21072877943515778
2371,0.21072877943515778
2372,0.2088242620229721
2373,0.2417621910572052
2374,0.2417621910572052
2375,0.2744615077972412
2376,0.2744072675704956
2377,0.2744072675704956
2378,0.2744615077972412
2379,0.22422641515731812
2380,0.22422641515731812
2381,0.2819139361381531
2382,0.28304821252822876
2383,0.28304821252822876
2384,0.2819139361381531
2385,0.2118530124425888
2386,0.21210990846157074
2387,0.21210990846157074
2388,0.2118530124425888
2389,0.2340414971113205
2390,0.2346869558095932
2391,0.2346869558095932
2392,0.2340414971113205
2393,0.22800685465335846
2394,0.2280091941356659
2395,0.2280091941356659
2396,0.22800685465335846
2397,0.1689171940088272
2398,0.16899140179157257
2399,0.16899140179157257
2400,0.1689171940088272
2401,0.23452669382095337
2402,0.2341410368680954
2403,0.2341410368680954
2404,0.23452669382095337
2405,0.28954219818115234
2406,0.28673043847084045
2407,0.28673043847084045
2408,0.28954219818115234
2409,0.23699744045734406
2410,0.23699744045734406
2411,0.22173471748828888
2412,0.2217562198638916
2413,0.2217562198638916
2414,0.22173471748828888
2415,0.22331656515598297
2416,0.22288645803928375
2417,0.22288645803928375
2418,0.22331656515598297
2419,0.19937391579151154
2420,0.19936469197273254
2421,0.19936469197273254
2422,0.19937391579151154
2423,0.20630843937397003
2424,0.2065960317850113
2425,0.2065960317850113
2426,0.20630843937397003
2427,0.2309667319059372
2428,0.23248760402202606
2429,0.23248760402202606
2430,0.2309667319059372
2431,0.246253103017807
2432,0.246253103017807
2433,0.23671485483646393
2434,0.2350807636976242
2435,0.2350807636976242
2436,0.23671485483646393
2437,0.26110225915908813
2438,0.2611157298088074
2439,0.2611157298088074
2440,0.26110225915908813
2441,0.22799377143383026
2442,0.2282331883907318
2443,0.2282331883907318
2444,0.22799377143383026
2445,0.23425833880901337
2446,0.23428377509117126
2447,0.23428377509117126
2448,0.23425833880901337
2449,0.22836999595165253
2450,0.22836999595165253
2451,0.22454310953617096
2452,0.22454310953617096
2453,0.19012291729450226
2454,0.18841782212257385
2455,0.18841782212257385
2456,0.19012291729450226
2457,0.2421143800020218
2458,0.2421143800020218
2459,0.2239672839641571
2460,0.22335036098957062
2461,0.22335036098957062
2462,0.2239672839641571
2463,0.22922785580158234
2464,0.22922785580158234
2465,0.19864079356193542
2466,0.20093479752540588
2467,0.20093479752540588
2468,0.19864079356193542
2469,0.2129102200269699
2470,0.2129102200269699
2471,0.21296821534633636
2472,0.21033847332000732
2473,0.21033847332000732
2474,0.21296821534633636
2475,0.1659623682498932
2476,0.16446328163146973
2477,0.16446328163146973
2478,0.1659623682498932
2479,0.22316361963748932
2480,0.22316361963748932
2481,0.20960207283496857
2482,0.2088586837053299
2483,0.2088586837053299
2484,0.20960207283496857
2485,0.2057162970304489
2486,0.2057162970304489
2487,0.22301557660102844
2488,0.22301557660102844
2489,0.17297998070716858
2490,0.17233578860759735
2491,0.17233578860759735
2492,0.17297998070716858
2493,0.23014603555202484
2494,0.23014603555202484
2495,0.22185760736465454
2496,0.2220129817724228
2497,0.2220129817724228
2498,0.22185760736465454
2499,0.2095624953508377
2500,0.2095624953508377
2501,0.1900910586118698
2502,0.18964485824108124
2503,0.18964485824108124
2504,0.1900910586118698
2505,0.2081051915884018
2506,0.2081051915884018
2507,0.2163875550031662
2508,0.21972686052322388
2509,0.21972686052322388
2510,0.2163875550031662
2511,0.15859030187129974
2512,0.15942974388599396
2513,0.15942974388599396
2514,0.15859030187129974
2515,0.22906352579593658
2516,0.22906352579593658
2517,0.20510418713092804
2518,0.20550070703029633
2519,0.20550070703029633
2520,0.20510418713092804
2521,0.19616906344890594
2522,0.19616906344890594
2523,0.2572035789489746
2524,0.2563926577568054
2525,0.2563926577568054
2526,0.2572035789489746
2527,0.24420452117919922
2528,0.24420452117919922
2529,0.23180535435676575
2530,0.23999951779842377
2531,0.23999951779842377
2532,0.23180535435676575
2533,0.2614777088165283
2534,0.26145732402801514
2535,0.26145732402801514
2536,0.2614777088165283
2537,0.23882333934307098
2538,0.23949094116687775
2539,0.23949094116687775
2540,0.23882333934307098
2541,0.24420927464962006
2542,0.24542050063610077
2543,0.24542050063610077
2544,0.24420927464962006
2545,0.2487451434135437
2546,0.2487451434135437
2547,0.26224231719970703
2548,0.26635652780532837
2549,0.26635652780532837
2550,0.26224231719970703
2551,0.20736923813819885
2552,0.20483191311359406
2553,0.20483191311359406
2554,0.20736923813819885
2555,0.2420361489057541
2556,0.24226613342761993
2557,0.24226613342761993
2558,0.2420361489057541
2559,0.25874173641204834
2560,0.25874173641204834
2561,0.25595614314079285
2562,0.25595614314079285
2563,0.23618485033512115
2564,0.23720239102840424
2565,0.23720239102840424
2566,0.23618485033512115
2567,0.24621419608592987
2568,0.24591472744941711
2569,0.24591472744941711
2570,0.24621419608592987
2571,0.22746436297893524
2572,0.22771751880645752
2573,0.22771751880645752
2574,0.22746436297893524
2575,0.26103049516677856
2576,0.26103049516677856
2577,0.27481555938720703
2578,0.2738087773323059
2579,0.2738087773323059
2580,0.27481555938720703
2581,0.2505427598953247
2582,0.2505427598953247
2583,0.2308478057384491
2584,0.2308478057384491
2585,0.23202328383922577
2586,0.23208163678646088
2587,0.23208163678646088
2588,0.23202328383922577
2589,0.21981333196163177
2590,0.21981333196163177
2591,0.1696520298719406
2592,0.1722424328327179
2593,0.1722424328327179
2594,0.1696520298719406
2595,0.22591261565685272
2596,0.22591261565685272
2597,0.21680854260921478
2598,0.21688634157180786
2599,0.21688634157180786
2600,0.21680854260921478
2601,0.20255745947360992
2602,0.20255745947360992
2603,0.23185887932777405
2604,0.23185887932777405
2605,0.18887494504451752
2606,0.18829023838043213
2607,0.18829023838043213
2608,0.18887494504451752
2609,0.2405746579170227
2610,0.2405746579170227
2611,0.23173542320728302
2612,0.23120205104351044
2613,0.23120205104351044
2614,0.23173542320728302
2615,0.2272096425294876
2616,0.2272096425294876
2617,0.22041472792625427
2618,0.22041472792625427
2619,0.1852784901857376
2620,0.18397821485996246
2621,0.18397821485996246
2622,0.1852784901857376
2623,0.23529386520385742
2624,0.23529386520385742
2625,0.21287982165813446
2626,0.2126435488462448
2627,0.2126435488462448
2628,0.21287982165813446
2629,0.21272596716880798
2630,0.21272596716880798
2631,0.2429206222295761
2632,0.2429206222295761
2633,0.22594712674617767
2634,0.22553694248199463
2635,0.22553694248199463
2636,0.22594712674617767
2637,0.24664027988910675
2638,0.24664027988910675
2639,0.2357902079820633
2640,0.23587681353092194
2641,0.23587681353092194
2642,0.2357902079820633
2643,0.20596016943454742
2644,0.20668286085128784
2645,0.20668286085128784
2646,0.20596016943454742
2647,0.2164054661989212
2648,0.2164054661989212
2649,0.21813549101352692
2650,0.22510650753974915
2651,0.22510650753974915
2652,0.21813549101352692
2653,0.16949735581874847
2654,0.16891084611415863
2655,0.16891084611415863
2656,0.16949735581874847
2657,0.23290996253490448
2658,0.23290996253490448
2659,0.214039608836174
2660,0.2130696028470993
2661,0.2130696028470993
2662,0.214039608836174
2663,0.23231926560401917
2664,0.23231926560401917
2665,0.21827518939971924
2666,0.21827518939971924
2667,0.21997864544391632
2668,0.21974612772464752
2669,0.21974612772464752
2670,0.21997864544391632
2671,0.22805248200893402
2672,0.22805248200893402
2673,0.22939786314964294
2674,0.2304992973804474
2675,0.2304992973804474
2676,0.22939786314964294
2677,0.1859682947397232
2678,0.18119297921657562
2679,0.18119297921657562
2680,0.1859682947397232
2681,0.2376886010169983
2682,0.2376886010169983
2683,0.2238774299621582
2684,0.2236984819173813
2685,0.2236984819173813
2686,0.2238774299621582
2687,0.2201145440340042
2688,0.2201145440340042
2689,0.2319636046886444
2690,0.2319636046886444
2691,0.1653933823108673
2692,0.16382856667041779
2693,0.16382856667041779
2694,0.1653933823108673
2695,0.2403877079486847
2696,0.2403877079486847
2697,0.22431430220603943
2698,0.2239236980676651
2699,0.2239236980676651
2700,0.22431430220603943
2701,0.23709599673748016
2702,0.23709599673748016
2703,0.2372179478406906
2704,0.23700401186943054
2705,0.23700401186943054
2706,0.2372179478406906
2707,0.2372431606054306
2708,0.2372431606054306
2709,0.21949483454227448
2710,0.21670712530612946
2711,0.21670712530612946
2712,0.21949483454227448
2713,0.23808972537517548
2714,0.23808972537517548
2715,0.23840852081775665
2716,0.23795291781425476
2717,0.23795291781425476
2718,0.23840852081775665
2719,0.232904314994812
2720,0.232904314994812
2721,0.19065964221954346
2722,0.18831561505794525
2723,0.18831561505794525
2724,0.19065964221954346
2725,0.2388286590576172
2726,0.2388286590576172
2727,0.2332097440958023
2728,0.23281465470790863
2729,0.23281465470790863
2730,0.2332097440958023
2731,0.22626356780529022
2732,0.22626356780529022
2733,0.22013945877552032
2734,0.22013945877552032
2735,0.22830168902873993
2736,0.2284562736749649
2737,0.2284562736749649
2738,0.22830168902873993
2739,0.23538123071193695
2740,0.23538123071193695
2741,0.2553430497646332
2742,0.25131285190582275
2743,0.25131285190582275
2744,0.2553430497646332
2745,0.20799492299556732
2746,0.20825614035129547
2747,0.20825614035129547
2748,0.20799492299556732
2749,0.2446528673171997
2750,0.2446528673171997
2751,0.2536318302154541
2752,0.2536318302154541
2753,0.254541277885437
2754,0.25289708375930786
2755,0.25289708375930786
2756,0.254541277885437
2757,0.2336302250623703
2758,0.2348157912492752
2759,0.2348157912492752
2760,0.2336302250623703
2761,0.24866856634616852
2762,0.24866856634616852
2763,0.23623985052108765
2764,0.23623985052108765
2765,0.18428929150104523
2766,0.18328985571861267
2767,0.18328985571861267
2768,0.18428929150104523
2769,0.17728431522846222
2770,0.17728431522846222
2771,0.2006775289773941
2772,0.20069052278995514
2773,0.20069052278995514
2774,0.2006775289773941
2775,0.17283089458942413
2776,0.17308242619037628
2777,0.17308242619037628
2778,0.17283089458942413
2779,0.17197749018669128
2780,0.17461903393268585
2781,0.17461903393268585
2782,0.17197749018669128
2783,0.20110638439655304
2784,0.20110638439655304
2785,0.19527865946292877
2786,0.1930878907442093
2787,0.1930878907442093
2788,0.19527865946292877
2789,0.15923555195331573
2790,0.15809950232505798
2791,0.15809950232505798
2792,0.15923555195331573
2793,0.17133747041225433
2794,0.17142121493816376
2795,0.17142121493816376
2796,0.17133747041225433
2797,0.2205299735069275
2798,0.2205299735069275
2799,0.1876116394996643
2800,0.1876116394996643
2801,0.20473407208919525
2802,0.2058173567056656
2803,0.2058173567056656
2804,0.20473407208919525
2805,0.19201193749904633
2806,0.19160310924053192
2807,0.19160310924053192
2808,0.19201193749904633
2809,0.22622846066951752
2810,0.22622846066951752
2811,0.19029578566551208
2812,0.19029578566551208
2813,0.18046824634075165
2814,0.17870618402957916
2815,0.17870618402957916
2816,0.18046824634075165
2817,0.17432118952274323
2818,0.17432118952274323
2819,0.17612899839878082
2820,0.17612625658512115
2821,0.17612625658512115
2822,0.17612899839878082
2823,0.17080405354499817
2824,0.173272967338562
2825,0.173272967338562
2826,0.17080405354499817
2827,0.18836840987205505
2828,0.18836840987205505
2829,0.1747058480978012
2830,0.17697113752365112
2831,0.17697113752365112
2832,0.1747058480978012
2833,0.16511166095733643
2834,0.15863797068595886
2835,0.15863797068595886
2836,0.16511166095733643
2837,0.21004827320575714
2838,0.21004827320575714
2839,0.1762385219335556
2840,0.1762385219335556
2841,0.1877313107252121
2842,0.18822425603866577
2843,0.18822425603866577
2844,0.1877313107252121
2845,0.17996414005756378
2846,0.17975853383541107
2847,0.17975853383541107
2848,0.17996414005756378
2849,0.20376716554164886
2850,0.20376716554164886
2851,0.1931719034910202
2852,0.1931719034910202
2853,0.23138275742530823
2854,0.23138275742530823
2855,0.18927128612995148
2856,0.18782396614551544
2857,0.18782396614551544
2858,0.18927128612995148
2859,0.24697397649288177
2860,0.24697397649288177
2861,0.23448272049427032
2862,0.23412078619003296
2863,0.23412078619003296
2864,0.23448272049427032
2865,0.23545897006988525
2866,0.23545897006988525
2867,0.25302642583847046
2868,0.25302642583847046
2869,0.2552560269832611
2870,0.2556495666503906
2871,0.2556495666503906
2872,0.2552560269832611
2873,0.23970474302768707
2874,0.23970474302768707
2875,0.24005548655986786
2876,0.23975451290607452
2877,0.23975451290607452
2878,0.24005548655986786
2879,0.18734146654605865
2880,0.18734146654605865
2881,0.19094116985797882
2882,0.19164544343948364
2883,0.19164544343948364
2884,0.19094116985797882
2885,0.20094968378543854
2886,0.20094968378543854
2887,0.20072796940803528
2888,0.20457415282726288
2889,0.20457415282726288
2890,0.20072796940803528
2891,0.14636893570423126
2892,0.15028133988380432
2893,0.15028133988380432
2894,0.14636893570423126
2895,0.2183060497045517
2896,0.2183060497045517
2897,0.185944601893425
2898,0.185944601893425
2899,0.1919807642698288
2900,0.19360889494419098
2901,0.19360889494419098
2902,0.1919807642698288
2903,0.20054252445697784
2904,0.19984950125217438
2905,0.19984950125217438
2906,0.20054252445697784
2907,0.21529649198055267
2908,0.21529649198055267
2909,0.19750593602657318
2910,0.19750593602657318
2911,0.19271935522556305
2912,0.19354476034641266
2913,0.19354476034641266
2914,0.19271935522556305
2915,0.1871291548013687
2916,0.1871291548013687
2917,0.16869430243968964
2918,0.1760966032743454
2919,0.1760966032743454
2920,0.16869430243968964
2921,0.19508139789104462
2922,0.19509999454021454
2923,0.19509999454021454
2924,0.19508139789104462
2925,0.1851782500743866
2926,0.18601447343826294
2927,0.18601447343826294
2928,0.1851782500743866
2929,0.17829987406730652
2930,0.17679527401924133
2931,0.17679527401924133
2932,0.17829987406730652
2933,0.20688016712665558
2934,0.20688016712665558
2935,0.186758890748024
2936,0.1905575841665268
2937,0.1905575841665268
2938,0.186758890748024
2939,0.15077383816242218
2940,0.1521301567554474
2941,0.1521301567554474
2942,0.15077383816242218
2943,0.18433456122875214
2944,0.18438640236854553
2945,0.18438640236854553
2946,0.18433456122875214
2947,0.23021231591701508
2948,0.23021231591701508
2949,0.2490263432264328
2950,0.24894274771213531
2951,0.24894274771213531
2952,0.2490263432264328
2953,0.18044817447662354
2954,0.18044817447662354
2955,0.18462635576725006
2956,0.18661518394947052
2957,0.18661518394947052
2958,0.18462635576725006
2959,0.1884668618440628
2960,0.18920044600963593
2961,0.18920044600963593
2962,0.1884668618440628
2963,0.17535006999969482
2964,0.17550766468048096
2965,0.17550766468048096
2966,0.17535006999969482
2967,0.2071429044008255
2968,0.2071429044008255
2969,0.21712936460971832
2970,0.21863748133182526
2971,0.21863748133182526
2972,0.21712936460971832
2973,0.1942864954471588
2974,0.1942864954471588
2975,0.17854343354701996
2976,0.1796017736196518
2977,0.1796017736196518
2978,0.17854343354701996
2979,0.17730505764484406
2980,0.1790623664855957
2981,0.1790623664855957
2982,0.17730505764484406
2983,0.2353181540966034
2984,0.23537127673625946
2985,0.23537127673625946
2986,0.2353181540966034
2987,0.18150214850902557
2988,0.18149173259735107
2989,0.18149173259735107
2990,0.18150214850902557
2991,0.17961497604846954
2992,0.17961497604846954
2993,0.16813750565052032
2994,0.17041181027889252
2995,0.17041181027889252
2996,0.16813750565052032
2997,0.21084843575954437
2998,0.21075935661792755
2999,0.21075935661792755
3000,0.21084843575954437
3001,0.1808786541223526
3002,0.18122293055057526
3003,0.18122293055057526
3004,0.1808786541223526
3005,0.2198413759469986
3006,0.21982412040233612
3007,0.21982412040233612
3008,0.2198413759469986
3009,0.17310751974582672
3010,0.1743505746126175
3011,0.1743505746126175
3012,0.17310751974582672
3013,0.20086468756198883
3014,0.20086468756198883
3015,0.20201924443244934
3016,0.20026059448719025
3017,0.20026059448719025
3018,0.20201924443244934
3019,0.14174631237983704
3020,0.1396259367465973
3021,0.1396259367465973
3022,0.14174631237983704
3023,0.1831250786781311
3024,0.1830754578113556
3025,0.1830754578113556
3026,0.1831250786781311
3027,0.1689569056034088
3028,0.16764822602272034
3029,0.16764822602272034
3030,0.1689569056034088
3031,0.22095437347888947
3032,0.22095437347888947
3033,0.2508031129837036
3034,0.2509222626686096
3035,0.2509222626686096
3036,0.2508031129837036
3037,0.18168200552463531
3038,0.18168200552463531
3039,0.25070804357528687
3040,0.24885855615139008
3041,0.24885855615139008
3042,0.25070804357528687
3043,0.17975468933582306
3044,0.17958320677280426
3045,0.17958320677280426
3046,0.17975468933582306
3047,0.19028903543949127
3048,0.191995307803154
3049,0.191995307803154
3050,0.19028903543949127
3051,0.21021753549575806
3052,0.21021899580955505
3053,0.21021899580955505
3054,0.21021753549575806
3055,0.14843805134296417
3056,0.14843258261680603
3057,0.14843258261680603
3058,0.14843805134296417
3059,0.19843611121177673
3060,0.19925160706043243
3061,0.19925160706043243
3062,0.19843611121177673
3063,0.20383840799331665
3064,0.20378859341144562
3065,0.20378859341144562
3066,0.20383840799331665
3067,0.2064148485660553
3068,0.20642858743667603
3069,0.20642858743667603
3070,0.2064148485660553
3071,0.18100622296333313
3072,0.18090735375881195
3073,0.18090735375881195
3074,0.18100622296333313
3075,0.18727056682109833
3076,0.18893644213676453
3077,0.18893644213676453
3078,0.18727056682109833
3079,0.20926879346370697
3080,0.20926879346370697
3081,0.19708161056041718
3082,0.19663597643375397
3083,0.19663597643375397
3084,0.19708161056041718
3085,0.22650212049484253
3086,0.22644461691379547
3087,0.22644461691379547
3088,0.22650212049484253
3089,0.19205544888973236
3090,0.19212885200977325
3091,0.19212885200977325
3092,0.19205544888973236
3093,0.16266348958015442
3094,0.1625511646270752
3095,0.1625511646270752
3096,0.16266348958015442
3097,0.19743038713932037
3098,0.19743038713932037
3099,0.2272644191980362
3100,0.2273932546377182
3101,0.2273932546377182
3102,0.2272644191980362
3103,0.2321077436208725
3104,0.2321077436208725
3105,0.22622235119342804
3106,0.22796912491321564
3107,0.22796912491321564
3108,0.22622235119342804
3109,0.21400631964206696
3110,0.20727168023586273
3111,0.20727168023586273
3112,0.21400631964206696
3113,0.24890342354774475
3114,0.24890342354774475
3115,0.22135712206363678
3116,0.22099094092845917
3117,0.22099094092845917
3118,0.22135712206363678
3119,0.23722206056118011
3120,0.23722206056118011
3121,0.16421478986740112
3122,0.16251489520072937
3123,0.16251489520072937
3124,0.16421478986740112
3125,0.16501834988594055
3126,0.16501834988594055
3127,0.1620674729347229
3128,0.16194242238998413
3129,0.16194242238998413
3130,0.1620674729347229
3131,0.15169204771518707
3132,0.15133792161941528
3133,0.15133792161941528
3134,0.15169204771518707
3135,0.17888058722019196
3136,0.17888058722019196
3137,0.15717199444770813
3138,0.15858685970306396
3139,0.15858685970306396
3140,0.15717199444770813
3141,0.14254248142242432
3142,0.14186832308769226
3143,0.14186832308769226
3144,0.14254248142242432
3145,0.19971270859241486
3146,0.19971270859241486
3147,0.14598144590854645
3148,0.14598144590854645
3149,0.16649116575717926
3150,0.1680872142314911
3151,0.1680872142314911
3152,0.16649116575717926
3153,0.16269707679748535
3154,0.16251283884048462
3155,0.16251283884048462
3156,0.16269707679748535
3157,0.1933785229921341
3158,0.1933785229921341
3159,0.1749924272298813
3160,0.1749924272298813
3161,0.2139003425836563
3162,0.2139003425836563
3163,0.209107905626297
3164,0.2103211134672165
3165,0.2103211134672165
3166,0.209107905626297
3167,0.22275905311107635
3168,0.22275905311107635
3169,0.21461546421051025
3170,0.2135259360074997
3171,0.2135259360074997
3172,0.21461546421051025
3173,0.22875599563121796
3174,0.22797361016273499
3175,0.22797361016273499
3176,0.22875599563121796
3177,0.23276369273662567
3178,0.23276369273662567
3179,0.24478308856487274
3180,0.24500231444835663
3181,0.24500231444835663
3182,0.24478308856487274
3183,0.18523602187633514
3184,0.18478578329086304
3185,0.18478578329086304
3186,0.18523602187633514
3187,0.24396921694278717
3188,0.24396921694278717
3189,0.23648980259895325
3190,0.23648980259895325
3191,0.23783928155899048
3192,0.23866112530231476
3193,0.23866112530231476
3194,0.23783928155899048
3195,0.2501145601272583
3196,0.2501145601272583
3197,0.22581253945827484
3198,0.22581253945827484
3199,0.23431873321533203
3200,0.23431873321533203
3201,0.23097045719623566
3202,0.2306043654680252
3203,0.2306043654680252
3204,0.23097045719623566
3205,0.23104159533977509
3206,0.23049210011959076
3207,0.23049210011959076
3208,0.23104159533977509
3209,0.23640821874141693
3210,0.23514945805072784
3211,0.23514945805072784
3212,0.23640821874141693
3213,0.24522440135478973
3214,0.24514591693878174
3215,0.24514591693878174
3216,0.24522440135478973
3217,0.19456139206886292
3218,0.1944657415151596
3219,0.1944657415151596
3220,0.19456139206886292
3221,0.20793090760707855
3222,0.20793090760707855
3223,0.21370013058185577
3224,0.21777842938899994
3225,0.21777842938899994
3226,0.21370013058185577
3227,0.22770445048809052
3228,0.2276514172554016
3229,0.2276514172554016
3230,0.22770445048809052
3231,0.24675826728343964
3232,0.2467079609632492
3233,0.2467079609632492
3234,0.24675826728343964
3235,0.21898913383483887
3236,0.21943427622318268
3237,0.21943427622318268
3238,0.21898913383483887
3239,0.240912064909935
3240,0.24090875685214996
3241,0.24090875685214996
3242,0.240912064909935
3243,0.20570559799671173
3244,0.2062547653913498
3245,0.2062547653913498
3246,0.20570559799671173
3247,0.22694213688373566
3248,0.22694213688373566
3249,0.23825590312480927
3250,0.24363674223423004
3251,0.24363674223423004
3252,0.23825590312480927
3253,0.18932637572288513
3254,0.1851358413696289
3255,0.1851358413696289
3256,0.18932637572288513
3257,0.20901337265968323
3258,0.20905371010303497
3259,0.20905371010303497
3260,0.20901337265968323
3261,0.20071633160114288
3262,0.20240645110607147
3263,0.20240645110607147
3264,0.20071633160114288
3265,0.238236665725708
3266,0.238236665725708
3267,0.2882142663002014
3268,0.2881240248680115
3269,0.2881240248680115
3270,0.2882142663002014
3271,0.23598992824554443
3272,0.23598992824554443
3273,0.29179370403289795
3274,0.29306769371032715
3275,0.29306769371032715
3276,0.29179370403289795
3277,0.2231145054101944
3278,0.22401642799377441
3279,0.22401642799377441
3280,0.2231145054101944
3281,0.2358924299478531
3282,0.23721516132354736
3283,0.23721516132354736
3284,0.2358924299478531
3285,0.22238554060459137
3286,0.222378209233284
3287,0.222378209233284
3288,0.22238554060459137
3289,0.16787539422512054
3290,0.16793318092823029
3291,0.16793318092823029
3292,0.16787539422512054
3293,0.2539021372795105
3294,0.2574115991592407
3295,0.2574115991592407
3296,0.2539021372795105
3297,0.29850107431411743
3298,0.29671376943588257
3299,0.29671376943588257
3300,0.29850107431411743
3301,0.22174030542373657
3302,0.22173351049423218
3303,0.22173351049423218
3304,0.22174030542373657
3305,0.22998489439487457
3306,0.2293722927570343
3307,0.2293722927570343
3308,0.22998489439487457
3309,0.19383010268211365
3310,0.19381572306156158
3311,0.19381572306156158
3312,0.19383010268211365
3313,0.20364068448543549
3314,0.20386652648448944
3315,0.20386652648448944
3316,0.20364068448543549
3317,0.24915774166584015
3318,0.24962686002254486
3319,0.24962686002254486
3320,0.24915774166584015
3321,0.24129371345043182
3322,0.24129371345043182
3323,0.2552124857902527
3324,0.25491464138031006
3325,0.25491464138031006
3326,0.2552124857902527
3327,0.2576757073402405
3328,0.25767815113067627
3329,0.25767815113067627
3330,0.2576757073402405
3331,0.24356012046337128
3332,0.24543757736682892
3333,0.24543757736682892
3334,0.24356012046337128
3335,0.23044751584529877
3336,0.22409074008464813
3337,0.22409074008464813
3338,0.23044751584529877
3339,0.22714054584503174
3340,0.22714054584503174
3341,0.23527586460113525
3342,0.23527586460113525
3343,0.19942857325077057
3344,0.19588182866573334
3345,0.19588182866573334
3346,0.19942857325077057
3347,0.24313287436962128
3348,0.24313287436962128
3349,0.23351474106311798
3350,0.23346646130084991
3351,0.23346646130084991
3352,0.23351474106311798
3353,0.21586568653583527
3354,0.21586568653583527
3355,0.19827736914157867
3356,0.19337882101535797
3357,0.19337882101535797
3358,0.19827736914157867
3359,0.23240476846694946
3360,0.23240476846694946
3361,0.215372696518898
3362,0.21499580144882202
3363,0.21499580144882202
3364,0.215372696518898
3365,0.14623257517814636
3366,0.14623257517814636
3367,0.13415077328681946
3368,0.13442403078079224
3369,0.13442403078079224
3370,0.13415077328681946
3371,0.16088314354419708
3372,0.16088314354419708
3373,0.14514005184173584
3374,0.150438129901886
3375,0.150438129901886
3376,0.14514005184173584
3377,0.10638648271560669
3378,0.11065308749675751
3379,0.11065308749675751
3380,0.10638648271560669
3381,0.19601483643054962
3382,0.19601483643054962
3383,0.12285282462835312
3384,0.12285282462835312
3385,0.1593877077102661
3386,0.15800589323043823
3387,0.15800589323043823
3388,0.1593877077102661
3389,0.18118199706077576
3390,0.18118199706077576
3391,0.1466301828622818
3392,0.1466301828622818
3393,0.24712000787258148
3394,0.24712000787258148
3395,0.1808093637228012
3396,0.17677348852157593
3397,0.17677348852157593
3398,0.1808093637228012
3399,0.25254255533218384
3400,0.25254255533218384
3401,0.24948625266551971
3402,0.24824972450733185
3403,0.24824972450733185
3404,0.24948625266551971
3405,0.23916038870811462
3406,0.23916038870811462
3407,0.19221128523349762
3408,0.19221128523349762
3409,0.17596444487571716
3410,0.17658498883247375
3411,0.17658498883247375
3412,0.17596444487571716
3413,0.21036221086978912
3414,0.21036221086978912
3415,0.20011058449745178
3416,0.20382539927959442
3417,0.20382539927959442
3418,0.20011058449745178
3419,0.16358137130737305
3420,0.1594567447900772
3421,0.1594567447900772
3422,0.16358137130737305
3423,0.22592423856258392
3424,0.22592423856258392
3425,0.20302130281925201
3426,0.20302130281925201
3427,0.19305561482906342
3428,0.19494356215000153
3429,0.19494356215000153
3430,0.19305561482906342
3431,0.20738185942173004
3432,0.2068905532360077
3433,0.2068905532360077
3434,0.20738185942173004
3435,0.22833582758903503
3436,0.22833582758903503
3437,0.1907469481229782
3438,0.1907469481229782
3439,0.22005943953990936
3440,0.2189698964357376
3441,0.2189698964357376
3442,0.22005943953990936
3443,0.2091512531042099
3444,0.2091512531042099
3445,0.20821382105350494
3446,0.20849008858203888
3447,0.20849008858203888
3448,0.20821382105350494
3449,0.25241944193840027
3450,0.2524023950099945
3451,0.2524023950099945
3452,0.25241944193840027
3453,0.218829944729805
3454,0.21853972971439362
3455,0.21853972971439362
3456,0.218829944729805
3457,0.20523478090763092
3458,0.20608274638652802
3459,0.20608274638652802
3460,0.20523478090763092
3461,0.2300778478384018
3462,0.2300778478384018
3463,0.2476464956998825
3464,0.2486017495393753
3465,0.2486017495393753
3466,0.2476464956998825
3467,0.1873466521501541
3468,0.1859998255968094
3469,0.1859998255968094
3470,0.1873466521501541
3471,0.223778635263443
3472,0.22383417189121246
3473,0.22383417189121246
3474,0.223778635263443
3475,0.24043138325214386
3476,0.24043138325214386
3477,0.23738887906074524
3478,0.23738887906074524
3479,0.250624418258667
3480,0.2517620921134949
3481,0.2517620921134949
3482,0.250624418258667
3483,0.2356855720281601
3484,0.23602944612503052
3485,0.23602944612503052
3486,0.2356855720281601
3487,0.2208898663520813
3488,0.22106970846652985
3489,0.22106970846652985
3490,0.2208898663520813
3491,0.24714252352714539
3492,0.24714252352714539
3493,0.22836080193519592
3494,0.22836080193519592
3495,0.2263951450586319
3496,0.2263951450586319
3497,0.18743737041950226
3498,0.18743737041950226
3499,0.22909052670001984
3500,0.22866691648960114
3501,0.22866691648960114
3502,0.22909052670001984
3503,0.21819616854190826
3504,0.21810071170330048
3505,0.21810071170330048
3506,0.21819616854190826
3507,0.21863943338394165
3508,0.21863943338394165
3509,0.2117030769586563
3510,0.21116696298122406
3511,0.21116696298122406
3512,0.2117030769586563
3513,0.25152331590652466
3514,0.25148478150367737
3515,0.25148478150367737
3516,0.25152331590652466
3517,0.2215387374162674
3518,0.2212594449520111
3519,0.2212594449520111
3520,0.2215387374162674
3521,0.21850305795669556
3522,0.21819843351840973
3523,0.21819843351840973
3524,0.21850305795669556
3525,0.23881679773330688
3526,0.23881679773330688
3527,0.23767174780368805
3528,0.23742522299289703
3529,0.23742522299289703
3530,0.23767174780368805
3531,0.17967084050178528
3532,0.17774826288223267
3533,0.17774826288223267
3534,0.17967084050178528
3535,0.22478190064430237
3536,0.2248976230621338
3537,0.2248976230621338
3538,0.22478190064430237
3539,0.2502180337905884
3540,0.2502180337905884
3541,0.2862333059310913
3542,0.2859216332435608
3543,0.2859216332435608
3544,0.2862333059310913
3545,0.2282082587480545
3546,0.2282082587480545
3547,0.2241874486207962
3548,0.22560496628284454
3549,0.22560496628284454
3550,0.2241874486207962
3551,0.23851625621318817
3552,0.23809900879859924
3553,0.23809900879859924
3554,0.23851625621318817
3555,0.21988129615783691
3556,0.22016076743602753
3557,0.22016076743602753
3558,0.21988129615783691
3559,0.2494603544473648
3560,0.2494603544473648
3561,0.25492650270462036
3562,0.251234769821167
3563,0.251234769821167
3564,0.25492650270462036
3565,0.2294529527425766
3566,0.2294529527425766
3567,0.18552686274051666
3568,0.18552686274051666
3569,0.18044139444828033
3570,0.18048086762428284
3571,0.18048086762428284
3572,0.18044139444828033
3573,0.19947202503681183
3574,0.19947202503681183
3575,0.19682399928569794
3576,0.19638492166996002
3577,0.19638492166996002
3578,0.19682399928569794
3579,0.15745946764945984
3580,0.15415865182876587
3581,0.15415865182876587
3582,0.15745946764945984
3583,0.2200503796339035
3584,0.2200503796339035
3585,0.178322896361351
3586,0.178322896361351
3587,0.1877754181623459
3588,0.18715403974056244
3589,0.18715403974056244
3590,0.1877754181623459
3591,0.2154555767774582
3592,0.2154555767774582
3593,0.18321330845355988
3594,0.18321330845355988
3595,0.2248915135860443
3596,0.22377929091453552
3597,0.22377929091453552
3598,0.2248915135860443
3599,0.21059389412403107
3600,0.21059389412403107
3601,0.20993487536907196
3602,0.2102438062429428
3603,0.2102438062429428
3604,0.20993487536907196
3605,0.24078555405139923
3606,0.24079184234142303
3607,0.24079184234142303
3608,0.24078555405139923
3609,0.2154594212770462
3610,0.2152819186449051
3611,0.2152819186449051
3612,0.2154594212770462
3613,0.20977909862995148
3614,0.2115851491689682
3615,0.2115851491689682
3616,0.20977909862995148
3617,0.23033122718334198
3618,0.23033122718334198
3619,0.24514253437519073
3620,0.24489407241344452
3621,0.24489407241344452
3622,0.24514253437519073
3623,0.19205500185489655
3624,0.18958725035190582
3625,0.18958725035190582
3626,0.19205500185489655
3627,0.2148982733488083
3628,0.21501976251602173
3629,0.21501976251602173
3630,0.2148982733488083
3631,0.24104604125022888
3632,0.24104604125022888
3633,0.24255803227424622
3634,0.24255803227424622
3635,0.2346552461385727
3636,0.23520542681217194
3637,0.23520542681217194
3638,0.2346552461385727
3639,0.23478181660175323
3640,0.23477353155612946
3641,0.23477353155612946
3642,0.23478181660175323
3643,0.2173488438129425
3644,0.21751777827739716
3645,0.21751777827739716
3646,0.2173488438129425
3647,0.23980586230754852
3648,0.23980586230754852
3649,0.23999308049678802
3650,0.24113382399082184
3651,0.24113382399082184
3652,0.23999308049678802
3653,0.22664597630500793
3654,0.22664597630500793
3655,0.23254355788230896
3656,0.23144297301769257
3657,0.23144297301769257
3658,0.23254355788230896
3659,0.21414902806282043
3660,0.21410031616687775
3661,0.21410031616687775
3662,0.21414902806282043
3663,0.21748490631580353
3664,0.21748490631580353
3665,0.21087096631526947
3666,0.21085675060749054
3667,0.21085675060749054
3668,0.21087096631526947
3669,0.24194951355457306
3670,0.24196173250675201
3671,0.24196173250675201
3672,0.24194951355457306
3673,0.21347278356552124
3674,0.21346645057201385
3675,0.21346645057201385
3676,0.21347278356552124
3677,0.20505161583423615
3678,0.20644451677799225
3679,0.20644451677799225
3680,0.20505161583423615
3681,0.23630210757255554
3682,0.23630210757255554
3683,0.23496823012828827
3684,0.2358352541923523
3685,0.2358352541923523
3686,0.23496823012828827
3687,0.1959851235151291
3688,0.1958141177892685
3689,0.1958141177892685
3690,0.1959851235151291
3691,0.22456954419612885
3692,0.2246919423341751
3693,0.2246919423341751
3694,0.22456954419612885
3695,0.24540536105632782
3696,0.24540536105632782
3697,0.2862643301486969
3698,0.2857549488544464
3699,0.2857549488544464
3700,0.2862643301486969
3701,0.23664866387844086
3702,0.23664866387844086
3703,0.24737800657749176
3704,0.24882261455059052
3705,0.24882261455059052
3706,0.24737800657749176
3707,0.22814927995204926
3708,0.22793708741664886
3709,0.22793708741664886
3710,0.22814927995204926
3711,0.21320682764053345
3712,0.21343906223773956
3713,0.21343906223773956
3714,0.21320682764053345
3715,0.2523239552974701
3716,0.2523239552974701
3717,0.24457623064517975
3718,0.24802224338054657
3719,0.24802224338054657
3720,0.24457623064517975
3721,0.22987669706344604
3722,0.22987669706344604
3723,0.24623961746692657
3724,0.25059813261032104
3725,0.25059813261032104
3726,0.24623961746692657
3727,0.2517305016517639
3728,0.25087833404541016
3729,0.25087833404541016
3730,0.2517305016517639
3731,0.280248761177063
3732,0.2802749276161194
3733,0.2802749276161194
3734,0.280248761177063
3735,0.23031897842884064
3736,0.2302221655845642
3737,0.2302221655845642
3738,0.23031897842884064
3739,0.24049554765224457
3740,0.24049554765224457
3741,0.22694887220859528
3742,0.23155051469802856
3743,0.23155051469802856
3744,0.22694887220859528
3745,0.27122169733047485
3746,0.2712211310863495
3747,0.2712211310863495
3748,0.27122169733047485
3749,0.2233632206916809
3750,0.22144678235054016
3751,0.22144678235054016
3752,0.2233632206916809
3753,0.2811761498451233
3754,0.2813766598701477
3755,0.2813766598701477
3756,0.2811761498451233
3757,0.23199687898159027
3758,0.23273690044879913
3759,0.23273690044879913
3760,0.23199687898159027
3761,0.2828027009963989
3762,0.2828335165977478
3763,0.2828335165977478
3764,0.2828027009963989
3765,0.23769457638263702
3766,0.2351551502943039
3767,0.2351551502943039
3768,0.23769457638263702
3769,0.24322561919689178
3770,0.24322561919689178
3771,0.24815061688423157
3772,0.24857765436172485
3773,0.24857765436172485
3774,0.24815061688423157
3775,0.17930375039577484
3776,0.18564316630363464
3777,0.18564316630363464
3778,0.17930375039577484
3779,0.24130380153656006
3780,0.24171093106269836
3781,0.24171093106269836
3782,0.24130380153656006
3783,0.2207479029893875
3784,0.22772882878780365
3785,0.22772882878780365
3786,0.2207479029893875
3787,0.25738680362701416
3788,0.25738680362701416
3789,0.3213709592819214
3790,0.31963688135147095
3791,0.31963688135147095
3792,0.3213709592819214
3793,0.23364509642124176
3794,0.23364509642124176
3795,0.22055546939373016
3796,0.2264890819787979
3797,0.2264890819787979
3798,0.22055546939373016
3799,0.23503904044628143
3800,0.23660463094711304
3801,0.23660463094711304
3802,0.23503904044628143
3803,0.3209807276725769
3804,0.32040464878082275
3805,0.32040464878082275
3806,0.3209807276725769
3807,0.24525971710681915
3808,0.24490560591220856
3809,0.24490560591220856
3810,0.24525971710681915
3811,0.2240021526813507
3812,0.22380760312080383
3813,0.22380760312080383
3814,0.2240021526813507
3815,0.2844439744949341
3816,0.28013327717781067
3817,0.28013327717781067
3818,0.2844439744949341
3819,0.2573961317539215
3820,0.2574077844619751
3821,0.2574077844619751
3822,0.2573961317539215
3823,0.18419356644153595
3824,0.1842075139284134
3825,0.1842075139284134
3826,0.18419356644153595
3827,0.27865296602249146
3828,0.2756068706512451
3829,0.2756068706512451
3830,0.27865296602249146
3831,0.2368844449520111
3832,0.23697106540203094
3833,0.23697106540203094
3834,0.2368844449520111
3835,0.27229970693588257
3836,0.275557279586792
3837,0.275557279586792
3838,0.27229970693588257
3839,0.24827785789966583
3840,0.24827785789966583
3841,0.2527732253074646
3842,0.25280362367630005
3843,0.25280362367630005
3844,0.2527732253074646
3845,0.24190403521060944
3846,0.2418770045042038
3847,0.2418770045042038
3848,0.24190403521060944
3849,0.2697477638721466
3850,0.27196037769317627
3851,0.27196037769317627
3852,0.2697477638721466
3853,0.2300126850605011
3854,0.23000939190387726
3855,0.23000939190387726
3856,0.2300126850605011
3857,0.22856543958187103
3858,0.2291567474603653
3859,0.2291567474603653
3860,0.22856543958187103
3861,0.1691952794790268
3862,0.1675996482372284
3863,0.1675996482372284
3864,0.1691952794790268
3865,0.24695448577404022
3866,0.2495175451040268
3867,0.2495175451040268
3868,0.24695448577404022
3869,0.24159197509288788
3870,0.2414882928133011
3871,0.2414882928133011
3872,0.24159197509288788
3873,0.16103555262088776
3874,0.16206690669059753
3875,0.16206690669059753
3876,0.16103555262088776
3877,0.2681986391544342
3878,0.27167657017707825
3879,0.27167657017707825
3880,0.2681986391544342
3881,0.24391639232635498
3882,0.24391639232635498
3883,0.2746427655220032
3884,0.2735264301300049
3885,0.2735264301300049
3886,0.2746427655220032
3887,0.2660225033760071
3888,0.2660225033760071
3889,0.28950071334838867
3890,0.28954237699508667
3891,0.28954237699508667
3892,0.28950071334838867
3893,0.25519055128097534
3894,0.255155086517334
3895,0.255155086517334
3896,0.25519055128097534
3897,0.21911363303661346
3898,0.21877476572990417
3899,0.21877476572990417
3900,0.21911363303661346
3901,0.2607547342777252
3902,0.2606090307235718
3903,0.2606090307235718
3904,0.2607547342777252
3905,0.24617306888103485
3906,0.24617306888103485
3907,0.22347316145896912
3908,0.22347316145896912
3909,0.20863965153694153
3910,0.20863965153694153
3911,0.22731909155845642
3912,0.226821169257164
3913,0.226821169257164
3914,0.22731909155845642
3915,0.22938819229602814
3916,0.22938819229602814
3917,0.24121582508087158
3918,0.24256779253482819
3919,0.24256779253482819
3920,0.24121582508087158
3921,0.19634313881397247
3922,0.19115005433559418
3923,0.19115005433559418
3924,0.19634313881397247
3925,0.24090908467769623
3926,0.24090908467769623
3927,0.23976854979991913
3928,0.23976854979991913
3929,0.24929718673229218
3930,0.24982522428035736
3931,0.24982522428035736
3932,0.24929718673229218
3933,0.22570231556892395
3934,0.22577115893363953
3935,0.22577115893363953
3936,0.22570231556892395
3937,0.25165653228759766
3938,0.25165653228759766
3939,0.2329128384590149
3940,0.2329128384590149
3941,0.23103855550289154
3942,0.23103855550289154
3943,0.18040721118450165
3944,0.1787942349910736
3945,0.1787942349910736
3946,0.18040721118450165
3947,0.24605220556259155
3948,0.24605220556259155
3949,0.22552698850631714
3950,0.2248433381319046
3951,0.2248433381319046
3952,0.22552698850631714
3953,0.22522254288196564
3954,0.22498701512813568
3955,0.22498701512813568
3956,0.22522254288196564
3957,0.23335658013820648
3958,0.23335658013820648
3959,0.23261718451976776
3960,0.23034711182117462
3961,0.23034711182117462
3962,0.23261718451976776
3963,0.1860838383436203
3964,0.18728989362716675
3965,0.18728989362716675
3966,0.1860838383436203
3967,0.23940585553646088
3968,0.23940585553646088
3969,0.2181106060743332
3970,0.2181106060743332
3971,0.22597457468509674
3972,0.22641338407993317
3973,0.22641338407993317
3974,0.22597457468509674
3975,0.244980588555336
3976,0.244980588555336
3977,0.23315688967704773
3978,0.23315688967704773
3979,0.2012713998556137
3980,0.2012713998556137
3981,0.19309528172016144
3982,0.19293420016765594
3983,0.19293420016765594
3984,0.19309528172016144
3985,0.23480646312236786
3986,0.23480646312236786
3987,0.24469169974327087
3988,0.24469169974327087
3989,0.23262307047843933
3990,0.23256029188632965
3991,0.23256029188632965
3992,0.23262307047843933
3993,0.2270164042711258
3994,0.22788263857364655
3995,0.22788263857364655
3996,0.2270164042711258
3997,0.22446297109127045
3998,0.22446297109127045
3999,0.23410136997699738
4000,0.2341204136610031
4001,0.2341204136610031
4002,0.23410136997699738
4003,0.22504179179668427
4004,0.2249324768781662
4005,0.2249324768781662
4006,0.22504179179668427
4007,0.21404336392879486
4008,0.21720869839191437
4009,0.21720869839191437
4010,0.21404336392879486
4011,0.23331068456172943
4012,0.23331068456172943
4013,0.23595406115055084
4014,0.23353362083435059
4015,0.23353362083435059
4016,0.23595406115055084
4017,0.16779568791389465
4018,0.17107607424259186
4019,0.17107607424259186
4020,0.16779568791389465
4021,0.21878816187381744
4022,0.21894259750843048
4023,0.21894259750843048
4024,0.21878816187381744
4025,0.24550123512744904
4026,0.24550123512744904
4027,0.21943454444408417
4028,0.21943454444408417
4029,0.21127717196941376
4030,0.21262508630752563
4031,0.21262508630752563
4032,0.21127717196941376
4033,0.22595475614070892
4034,0.22589559853076935
4035,0.22589559853076935
4036,0.22595475614070892
4037,0.22456158697605133
4038,0.22456158697605133
4039,0.22205327451229095
4040,0.22205327451229095
4041,0.23595532774925232
4042,0.23595532774925232
4043,0.2324199080467224
4044,0.23298849165439606
4045,0.23298849165439606
4046,0.2324199080467224
4047,0.21039830148220062
4048,0.21039830148220062
4049,0.17526467144489288
4050,0.1693071722984314
4051,0.1693071722984314
4052,0.17526467144489288
4053,0.2285778522491455
4054,0.2285778522491455
4055,0.19864360988140106
4056,0.19842666387557983
4057,0.19842666387557983
4058,0.19864360988140106
4059,0.20407505333423615
4060,0.20407505333423615
4061,0.22186394035816193
4062,0.22186394035816193
4063,0.2273714393377304
4064,0.22762973606586456
4065,0.22762973606586456
4066,0.2273714393377304
4067,0.23539282381534576
4068,0.23539282381534576
4069,0.23781244456768036
4070,0.2414490431547165
4071,0.2414490431547165
4072,0.23781244456768036
4073,0.20401646196842194
4074,0.19888485968112946
4075,0.19888485968112946
4076,0.20401646196842194
4077,0.23852278292179108
4078,0.23852278292179108
4079,0.23869197070598602
4080,0.23869197070598602
4081,0.22162865102291107
4082,0.2228613644838333
4083,0.2228613644838333
4084,0.22162865102291107
4085,0.23107007145881653
4086,0.23030462861061096
4087,0.23030462861061096
4088,0.23107007145881653
4089,0.25189730525016785
4090,0.25189730525016785
4091,0.2233516275882721
4092,0.2233516275882721
4093,0.2207510769367218
4094,0.2207510769367218
4095,0.1864635944366455
4096,0.18419836461544037
4097,0.18419836461544037
4098,0.1864635944366455
4099,0.23197020590305328
4100,0.23197020590305328
4101,0.22667871415615082
4102,0.22632190585136414
4103,0.22632190585136414
4104,0.22667871415615082
4105,0.24521517753601074
4106,0.24521517753601074
4107,0.19011078774929047
4108,0.1902770847082138
4109,0.1902770847082138
4110,0.19011078774929047
4111,0.25102347135543823
4112,0.25102347135543823
4113,0.24375846982002258
4114,0.24288110435009003
4115,0.24288110435009003
4116,0.24375846982002258
4117,0.24174150824546814
4118,0.24174150824546814
4119,0.2217211276292801
4120,0.2217211276292801
4121,0.16850025951862335
4122,0.1681058406829834
4123,0.1681058406829834
4124,0.16850025951862335
4125,0.2290857434272766
4126,0.2290857434272766
4127,0.2206650823354721
4128,0.21996165812015533
4129,0.21996165812015533
4130,0.2206650823354721
4131,0.193272665143013
4132,0.193272665143013
4133,0.1300176978111267
4134,0.13330629467964172
4135,0.13330629467964172
4136,0.1300176978111267
4137,0.21984215080738068
4138,0.21984215080738068
4139,0.18303023278713226
4140,0.18227161467075348
4141,0.18227161467075348
4142,0.18303023278713226
4143,0.17852438986301422
4144,0.17852438986301422
4145,-inf
4146,-inf
4147,-inf
4148,-inf
4149,-inf
4150,-inf
4151,-inf
4152,-inf
4153,-inf
4154,-inf
4155,-inf
4156,-inf
4157,-inf
4158,-inf
4159,0.24628950655460358
4160,0.24628950655460358
4161,0.2273985594511032
4162,0.22230152785778046
4163,0.22230152785778046
4164,0.2273985594511032
4165,0.25397419929504395
4166,0.25397419929504395
4167,0.24855342507362366
4168,0.2482331246137619
4169,0.2482331246137619
4170,0.24855342507362366
4171,0.25373363494873047
4172,0.25373363494873047
4173,0.1906590312719345
4174,0.18827606737613678
4175,0.18827606737613678
4176,0.1906590312719345
4177,0.18786250054836273
4178,0.18786250054836273
4179,0.19420604407787323
4180,0.19418801367282867
4181,0.19418801367282867
4182,0.19420604407787323
4183,0.1819465607404709
4184,0.1824617236852646
4185,0.1824617236852646
4186,0.1819465607404709
4187,0.17551715672016144
4188,0.18035802245140076
4189,0.18035802245140076
4190,0.17551715672016144
4191,0.19843672215938568
4192,0.19843672215938568
4193,0.19941602647304535
4194,0.19749540090560913
4195,0.19749540090560913
4196,0.19941602647304535
4197,0.1457931101322174
4198,0.14606113731861115
4199,0.14606113731861115
4200,0.1457931101322174
4201,0.17284239828586578
4202,0.17293782532215118
4203,0.17293782532215118
4204,0.17284239828586578
4205,0.2208808809518814
4206,0.2208808809518814
4207,0.18451380729675293
4208,0.18451380729675293
4209,0.1819658726453781
4210,0.18325765430927277
4211,0.18325765430927277
4212,0.1819658726453781
4213,0.19139471650123596
4214,0.19132013618946075
4215,0.19132013618946075
4216,0.19139471650123596
4217,0.21809022128582
4218,0.21809022128582
4219,0.18154191970825195
4220,0.18154191970825195
4221,0.24382264912128448
4222,0.24340178072452545
4223,0.24340178072452545
4224,0.24382264912128448
4225,0.24259747564792633
4226,0.24259747564792633
4227,0.2641242742538452
4228,0.2674643397331238
4229,0.2674643397331238
4230,0.2641242742538452
4231,0.20342209935188293
4232,0.2002151608467102
4233,0.2002151608467102
4234,0.20342209935188293
4235,0.25238651037216187
4236,0.25238651037216187
4237,0.25467449426651
4238,0.2545006573200226
4239,0.2545006573200226
4240,0.25467449426651
4241,0.26144939661026
4242,0.26144939661026
4243,0.25487321615219116
4244,0.25487321615219116
4245,0.21534143388271332
4246,0.21511386334896088
4247,0.21511386334896088
4248,0.21534143388271332
4249,0.21710987389087677
4250,0.215382382273674
4251,0.215382382273674
4252,0.21710987389087677
4253,0.21732427179813385
4254,0.2165285050868988
4255,0.2165285050868988
4256,0.21732427179813385
4257,0.17119397222995758
4258,0.17099402844905853
4259,0.17099402844905853
4260,0.17119397222995758
4261,0.1941782534122467
4262,0.1941782534122467
4263,0.19313408434391022
4264,0.18703214824199677
4265,0.18703214824199677
4266,0.19313408434391022
4267,0.19989077746868134
4268,0.19960980117321014
4269,0.19960980117321014
4270,0.19989077746868134
4271,0.22063048183918
4272,0.22121301293373108
4273,0.22121301293373108
4274,0.22063048183918
4275,0.19222292304039001
4276,0.1956760138273239
4277,0.1956760138273239
4278,0.19222292304039001
4279,0.21428994834423065
4280,0.21412350237369537
4281,0.21412350237369537
4282,0.21428994834423065
4283,0.21291890740394592
4284,0.20706574618816376
4285,0.20706574618816376
4286,0.21291890740394592
4287,0.2099781185388565
4288,0.2099781185388565
4289,0.21360178291797638
4290,0.2139555811882019
4291,0.2139555811882019
4292,0.21360178291797638
4293,0.169234499335289
4294,0.17447488009929657
4295,0.17447488009929657
4296,0.169234499335289
4297,0.18510527908802032
4298,0.1874391883611679
4299,0.1874391883611679
4300,0.18510527908802032
4301,0.20079807937145233
4302,0.21343116462230682
4303,0.21343116462230682
4304,0.20079807937145233
4305,0.23182149231433868
4306,0.23182149231433868
4307,0.2505417466163635
4308,0.24834229052066803
4309,0.24834229052066803
4310,0.2505417466163635
4311,0.1987484097480774
4312,0.1987484097480774
4313,0.2611958980560303
4314,0.2613145709037781
4315,0.2613145709037781
4316,0.2611958980560303
4317,0.1958714872598648
4318,0.19825489819049835
4319,0.19825489819049835
4320,0.1958714872598648
4321,0.20732247829437256
4322,0.2101678103208542
4323,0.2101678103208542
4324,0.20732247829437256
4325,0.19948147237300873
4326,0.19923974573612213
4327,0.19923974573612213
4328,0.19948147237300873
4329,0.15149763226509094
4330,0.1519509106874466
4331,0.1519509106874466
4332,0.15149763226509094
4333,0.22881931066513062
4334,0.22555403411388397
4335,0.22555403411388397
4336,0.22881931066513062
4337,0.2695886492729187
4338,0.2614896893501282
4339,0.2614896893501282
4340,0.2695886492729187
4341,0.21980100870132446
4342,0.21980100870132446
4343,0.20075805485248566
4344,0.20051802694797516
4345,0.20051802694797516
4346,0.20075805485248566
4347,0.20712332427501678
4348,0.20679421722888947
4349,0.20679421722888947
4350,0.20712332427501678
4351,0.17286059260368347
4352,0.17261703312397003
4353,0.17261703312397003
4354,0.17286059260368347
4355,0.18251673877239227
4356,0.18285691738128662
4357,0.18285691738128662
4358,0.18251673877239227
4359,0.2086726874113083
4360,0.20781804621219635
4361,0.20781804621219635
4362,0.2086726874113083
4363,0.22978724539279938
4364,0.22978724539279938
4365,0.22638322412967682
4366,0.2373967170715332
4367,0.2373967170715332
4368,0.22638322412967682
4369,0.2217990607023239
4370,0.22133925557136536
4371,0.22133925557136536
4372,0.2217990607023239
4373,0.21885070204734802
4374,0.21713922917842865
4375,0.21713922917842865
4376,0.21885070204734802
4377,0.20224320888519287
4378,0.2036777287721634
4379,0.2036777287721634
4380,0.20224320888519287
4381,0.20335759222507477
4382,0.20335759222507477
4383,0.20612509548664093
4384,0.20612509548664093
4385,0.20536386966705322
4386,0.20970970392227173
4387,0.20970970392227173
4388,0.20536386966705322
4389,0.19962714612483978
4390,0.19962714612483978
4391,0.1775393933057785
4392,0.1815119981765747
4393,0.1815119981765747
4394,0.1775393933057785
4395,0.2137799859046936
4396,0.2137286216020584
4397,0.2137286216020584
4398,0.2137799859046936
4399,0.1950412541627884
4400,0.19543878734111786
4401,0.19543878734111786
4402,0.1950412541627884
4403,0.1928776651620865
4404,0.18835900723934174
4405,0.18835900723934174
4406,0.1928776651620865
4407,0.20511142909526825
4408,0.20511142909526825
4409,0.21476154029369354
4410,0.21446597576141357
4411,0.21446597576141357
4412,0.21476154029369354
4413,0.16590777039527893
4414,0.1669987142086029
4415,0.1669987142086029
4416,0.16590777039527893
4417,0.20049645006656647
4418,0.2007124274969101
4419,0.2007124274969101
4420,0.20049645006656647
4421,0.22985537350177765
4422,0.22985537350177765
4423,0.262797474861145
4424,0.2629350423812866
4425,0.2629350423812866
4426,0.262797474861145
4427,0.2121637910604477
4428,0.2121637910604477
4429,0.20215316116809845
4430,0.2007335126399994
4431,0.2007335126399994
4432,0.20215316116809845
4433,0.20864291489124298
4434,0.20788699388504028
4435,0.20788699388504028
4436,0.20864291489124298
4437,0.18834219872951508
4438,0.18866263329982758
4439,0.18866263329982758
4440,0.18834219872951508
4441,0.21810010075569153
4442,0.21810010075569153
4443,0.22922101616859436
4444,0.22547544538974762
4445,0.22547544538974762
4446,0.22922101616859436
4447,0.20593741536140442
4448,0.20593741536140442
4449,0.21964131295681
4450,0.21964131295681
4451,0.22102566063404083
4452,0.22058700025081635
4453,0.22058700025081635
4454,0.22102566063404083
4455,0.21106848120689392
4456,0.21106848120689392
4457,0.20596057176589966
4458,0.20515598356723785
4459,0.20515598356723785
4460,0.20596057176589966
4461,0.22389599680900574
4462,0.22389599680900574
4463,0.21702034771442413
4464,0.21675609052181244
4465,0.21675609052181244
4466,0.21702034771442413
4467,0.2240636646747589
4468,0.2240636646747589
4469,0.1774681806564331
4470,0.17476773262023926
4471,0.17476773262023926
4472,0.1774681806564331
4473,0.23462124168872833
4474,0.23462124168872833
4475,0.21939091384410858
4476,0.21966786682605743
4477,0.21966786682605743
4478,0.21939091384410858
4479,0.21208856999874115
4480,0.21208856999874115
4481,0.2035561054944992
4482,0.2035561054944992
4483,0.2053980827331543
4484,0.20478257536888123
4485,0.20478257536888123
4486,0.2053980827331543
4487,0.21427564322948456
4488,0.21427564322948456
4489,0.2098047286272049
4490,0.20857442915439606
4491,0.20857442915439606
4492,0.2098047286272049
4493,0.2341974824666977
4494,0.2341974824666977
4495,0.20721463859081268
4496,0.2088325321674347
4497,0.2088325321674347
4498,0.20721463859081268
4499,0.23938171565532684
4500,0.23938171565532684
4501,0.2252243012189865
4502,0.22581084072589874
4503,0.22581084072589874
4504,0.2252243012189865
4505,0.2091982066631317
4506,0.2091982066631317
4507,0.1928289532661438
4508,0.19350387156009674
4509,0.19350387156009674
4510,0.1928289532661438
4511,0.2303573042154312
4512,0.2303573042154312
4513,0.19935154914855957
4514,0.19941416382789612
4515,0.19941416382789612
4516,0.19935154914855957
4517,0.19829629361629486
4518,0.19829629361629486
4519,0.19153639674186707
4520,0.19153639674186707
4521,0.1964920163154602
4522,0.1970803141593933
4523,0.1970803141593933
4524,0.1964920163154602
4525,0.209167942404747
4526,0.209167942404747
4527,0.2136671245098114
4528,0.21663416922092438
4529,0.21663416922092438
4530,0.2136671245098114
4531,0.16449463367462158
4532,0.162711039185524
4533,0.162711039185524
4534,0.16449463367462158
4535,0.22934626042842865
4536,0.22934626042842865
4537,0.20677679777145386
4538,0.20677679777145386
4539,0.20952196419239044
4540,0.2092275172472
4541,0.2092275172472
4542,0.20952196419239044
4543,0.21934841573238373
4544,0.21934841573238373
4545,0.20494844019412994
4546,0.20494844019412994
4547,0.22255228459835052
4548,0.22130893170833588
4549,0.22130893170833588
4550,0.22255228459835052
4551,0.21843892335891724
4552,0.21843892335891724
4553,0.22015275061130524
4554,0.22014711797237396
4555,0.22014711797237396
4556,0.22015275061130524
4557,0.20811104774475098
4558,0.209030419588089
4559,0.209030419588089
4560,0.20811104774475098
4561,0.20304401218891144
4562,0.20527690649032593
4563,0.20527690649032593
4564,0.20304401218891144
4565,0.22918002307415009
4566,0.22918002307415009
4567,0.2276763767004013
4568,0.22326718270778656
4569,0.22326718270778656
4570,0.2276763767004013
4571,0.1807498186826706
4572,0.18359974026679993
4573,0.18359974026679993
4574,0.1807498186826706
4575,0.20788010954856873
4576,0.20801681280136108
4577,0.20801681280136108
4578,0.20788010954856873
4579,0.23938412964344025
4580,0.23938412964344025
4581,0.2258029580116272
4582,0.2258029580116272
4583,0.22426515817642212
4584,0.22553209960460663
4585,0.22553209960460663
4586,0.22426515817642212
4587,0.21792130172252655
4588,0.21911826729774475
4589,0.21911826729774475
4590,0.21792130172252655
4591,0.2431674599647522
4592,0.2431674599647522
4593,0.21911059319972992
4594,0.21911059319972992
4595,0.22981606423854828
4596,0.22981606423854828
4597,0.19919870793819427
4598,0.1971883773803711
4599,0.1971883773803711
4600,0.19919870793819427
4601,0.2337646633386612
4602,0.2337646633386612
4603,0.22702623903751373
4604,0.22755929827690125
4605,0.22755929827690125
4606,0.22702623903751373
4607,0.22238726913928986
4608,0.22238726913928986
4609,0.23185545206069946
4610,0.23381294310092926
4611,0.23381294310092926
4612,0.23185545206069946
4613,0.21681345999240875
4614,0.21681345999240875
4615,0.2192797213792801
4616,0.21971677243709564
4617,0.21971677243709564
4618,0.2192797213792801
4619,0.21028678119182587
4620,0.2094440907239914
4621,0.2094440907239914
4622,0.21028678119182587
4623,0.23780027031898499
4624,0.23780027031898499
4625,0.24303263425827026
4626,0.24340462684631348
4627,0.24340462684631348
4628,0.24303263425827026
4629,0.1960042268037796
4630,0.19891943037509918
4631,0.19891943037509918
4632,0.1960042268037796
4633,0.24516960978507996
4634,0.24516960978507996
4635,0.24185986816883087
4636,0.24185986816883087
4637,0.249020516872406
4638,0.2483428716659546
4639,0.2483428716659546
4640,0.249020516872406
4641,0.2369215041399002
4642,0.2370218187570572
4643,0.2370218187570572
4644,0.2369215041399002
4645,0.2552970051765442
4646,0.2552970051765442
4647,0.23155851662158966
4648,0.23155851662158966
4649,0.24333660304546356
4650,0.2463112473487854
4651,0.2463112473487854
4652,0.24333660304546356
4653,0.21843154728412628
4654,0.21846036612987518
4655,0.21846036612987518
4656,0.21843154728412628
4657,0.2297053039073944
4658,0.2297053039073944
4659,0.22479842603206635
4660,0.2250613272190094
4661,0.2250613272190094
4662,0.22479842603206635
4663,0.25033146142959595
4664,0.2503194808959961
4665,0.2503194808959961
4666,0.25033146142959595
4667,0.24426396191120148
4668,0.24390895664691925
4669,0.24390895664691925
4670,0.24426396191120148
4671,0.22352223098278046
4672,0.22084011137485504
4673,0.22084011137485504
4674,0.22352223098278046
4675,0.23665867745876312
4676,0.23665867745876312
4677,0.26143786311149597
4678,0.26039594411849976
4679,0.26039594411849976
4680,0.26143786311149597
4681,0.19706781208515167
4682,0.1983340084552765
4683,0.1983340084552765
4684,0.19706781208515167
4685,0.23537634313106537
4686,0.23572906851768494
4687,0.23572906851768494
4688,0.23537634313106537
4689,0.2230723351240158
4690,0.2297360599040985
4691,0.2297360599040985
4692,0.2230723351240158
4693,0.24885722994804382
4694,0.24885722994804382
4695,0.30478763580322266
4696,0.3042975068092346
4697,0.3042975068092346
4698,0.30478763580322266
4699,0.26177236437797546
4700,0.26177236437797546
4701,0.23555360734462738
4702,0.23547585308551788
4703,0.23547585308551788
4704,0.23555360734462738
4705,0.2456977665424347
4706,0.24512922763824463
4707,0.24512922763824463
4708,0.2456977665424347
4709,0.2453567087650299
4710,0.2453623265028
4711,0.2453623265028
4712,0.2453567087650299
4713,0.18255986273288727
4714,0.18264992535114288
4715,0.18264992535114288
4716,0.18255986273288727
4717,0.24694253504276276
4718,0.24705900251865387
4719,0.24705900251865387
4720,0.24694253504276276
4721,0.23557601869106293
4722,0.2359858602285385
4723,0.2359858602285385
4724,0.23557601869106293
4725,0.25116944313049316
4726,0.25116944313049316
4727,0.27067238092422485
4728,0.27389734983444214
4729,0.27389734983444214
4730,0.27067238092422485
4731,0.23369742929935455
4732,0.2329585999250412
4733,0.2329585999250412
4734,0.23369742929935455
4735,0.2417118400335312
4736,0.2417118400335312
4737,0.21735893189907074
4738,0.21735893189907074
4739,0.1629309058189392
4740,0.16421477496623993
4741,0.16421477496623993
4742,0.1629309058189392
4743,0.23253248631954193
4744,0.23253248631954193
4745,0.2059299349784851
4746,0.2048637419939041
4747,0.2048637419939041
4748,0.2059299349784851
4749,0.20942814648151398
4750,0.20942814648151398
4751,0.2171296626329422
4752,0.2171296626329422
4753,0.17862236499786377
4754,0.17366661131381989
4755,0.17366661131381989
4756,0.17862236499786377
4757,0.2310316413640976
4758,0.2310316413640976
4759,0.2191825658082962
4760,0.21863730251789093
4761,0.21863730251789093
4762,0.2191825658082962
4763,0.2080065757036209
4764,0.2080065757036209
4765,0.2093021720647812
4766,0.2093021720647812
4767,0.21293239295482635
4768,0.21140272915363312
4769,0.21140272915363312
4770,0.21293239295482635
4771,0.2391916960477829
4772,0.2391916960477829
4773,0.23758341372013092
4774,0.23742224276065826
4775,0.23742224276065826
4776,0.23758341372013092
4777,0.2046835571527481
4778,0.20660726726055145
4779,0.20660726726055145
4780,0.2046835571527481
4781,0.24430300295352936
4782,0.24430300295352936
4783,0.23262836039066315
4784,0.23293471336364746
4785,0.23293471336364746
4786,0.23262836039066315
4787,0.2321452647447586
4788,0.2321452647447586
4789,0.2063133716583252
4790,0.20771490037441254
4791,0.198089137673378
4792,0.198089137673378
4793,0.2080431431531906
4794,0.20827315747737885
4795,0.20827315747737885
4796,0.2080431431531906
4797,0.20014794170856476
4798,0.19477404654026031
4799,0.19477404654026031
4800,0.21240688860416412
4801,0.21240688860416412
4802,0.2168186455965042
4803,0.22265245020389557
4804,0.22265245020389557
4805,0.2168186455965042
4806,0.16965042054653168
4807,0.17100077867507935
4808,0.17100077867507935
4809,0.16965042054653168
4810,0.22737006843090057
4811,0.22737006843090057
4812,0.21055401861667633
4813,0.21055401861667633
4814,0.20781295001506805
4815,0.21330036222934723
4816,0.21330036222934723
4817,0.20781295001506805
4818,0.21746741235256195
4819,0.21749760210514069
4820,0.21749760210514069
4821,0.21746741235256195
4822,0.22052662074565887
4823,0.22052662074565887
4824,0.21824602782726288
4825,0.21824602782726288
4826,0.22307820618152618
4827,0.22307820618152618
4828,0.21736842393875122
4829,0.21681678295135498
4830,0.21681678295135498
4831,0.21736842393875122
4832,0.23255841434001923
4833,0.23255841434001923
4834,0.20217011868953705
4835,0.20622143149375916
4836,0.20622143149375916
4837,0.20217011868953705
4838,0.24234706163406372
4839,0.24234706163406372
4840,0.2384691685438156
4841,0.23786629736423492
4842,0.23786629736423492
4843,0.2384691685438156
4844,-inf
4845,-inf
4846,0.2319776713848114
4847,0.2319776713848114
4848,0.18519122898578644
4849,0.19101400673389435
4850,0.19101400673389435
4851,0.18519122898578644
4852,0.24592308700084686
4853,0.24592308700084686
4854,0.2308776080608368
4855,0.2307639867067337
4856,0.2307639867067337
4857,0.2308776080608368
4858,0.23197589814662933
4859,0.23197589814662933
4860,0.24798665940761566
4861,0.2477760761976242
4862,0.2477760761976242
4863,0.24798665940761566
4864,0.23269931972026825
4865,0.23269931972026825
4866,0.24260567128658295
4867,0.2425996959209442
4868,0.2425996959209442
4869,0.24260567128658295
4870,0.2350413054227829
4871,0.2352912873029709
4872,0.2352912873029709
4873,0.2350413054227829
4874,0.22303755581378937
4875,0.22357691824436188
4876,0.22357691824436188
4877,0.22303755581378937
4878,0.24472568929195404
4879,0.24472568929195404
4880,0.2523598074913025
4881,0.249674454331398
4882,0.249674454331398
4883,0.2523598074913025
4884,0.21127192676067352
4885,0.21139322221279144
4886,0.21139322221279144
4887,0.21127192676067352
4888,0.22880464792251587
4889,0.22889050841331482
4890,0.22889050841331482
4891,0.22880464792251587
4892,0.24896548688411713
4893,0.24896548688411713
4894,0.25264084339141846
4895,0.25264084339141846
4896,0.25964152812957764
4897,0.25928694009780884
4898,0.25928694009780884
4899,0.25964152812957764
4900,0.23917807638645172
4901,0.2395762950181961
4902,0.2395762950181961
4903,0.23917807638645172
4904,0.2645975649356842
4905,0.2645975649356842
4906,0.2421865314245224
4907,0.2421865314245224
4908,0.21890376508235931
4909,0.21695399284362793
4910,0.21695399284362793
4911,0.21890376508235931
4912,0.21319352090358734
4913,0.2132231891155243
4914,0.2132231891155243
4915,0.21319352090358734
4916,0.2065049111843109
4917,0.2065049111843109
4918,0.20433296263217926
4919,0.20442374050617218
4920,0.20442374050617218
4921,0.20433296263217926
4922,0.24634702503681183
4923,0.24637244641780853
4924,0.24637244641780853
4925,0.24634702503681183
4926,0.21530143916606903
4927,0.2148493081331253
4928,0.2148493081331253
4929,0.21530143916606903
4930,0.20155814290046692
4931,0.2027312070131302
4932,0.2027312070131302
4933,0.20155814290046692
4934,0.23018690943717957
4935,0.23018690943717957
4936,0.2411172091960907
4937,0.24130119383335114
4938,0.24130119383335114
4939,0.2411172091960907
4940,0.18707174062728882
4941,0.1859050989151001
4942,0.1859050989151001
4943,0.18707174062728882
4944,0.2151295691728592
4945,0.21528184413909912
4946,0.21528184413909912
4947,0.2151295691728592
4948,0.20896077156066895
4949,0.20552413165569305
4950,0.20552413165569305
4951,0.20896077156066895
4952,0.24293111264705658
4953,0.24293111264705658
4954,0.29627013206481934
4955,0.29622703790664673
4956,0.29622703790664673
4957,0.29627013206481934
4958,0.23538683354854584
4959,0.23538683354854584
4960,0.2247593104839325
4961,0.22491005063056946
4962,0.22491005063056946
4963,0.2247593104839325
4964,0.2557409405708313
4965,0.2562723755836487
4966,0.2562723755836487
4967,0.2557409405708313
4968,0.2377535104751587
4969,0.2377592772245407
4970,0.2377592772245407
4971,0.2377535104751587
4972,0.17119033634662628
4973,0.1712687462568283
4974,0.1712687462568283
4975,0.17119033634662628
4976,0.22807453572750092
4977,0.22834724187850952
4978,0.22834724187850952
4979,0.22807453572750092
4980,0.21595418453216553
4981,0.21621303260326385
4982,0.21621303260326385
4983,0.21595418453216553
4984,0.24917031824588776
4985,0.24917031824588776
4986,0.2451377660036087
4987,0.24949701130390167
4988,0.24949701130390167
4989,0.2451377660036087
4990,0.23105774819850922
4991,0.23167769610881805
4992,0.23167769610881805
4993,0.23105774819850922
4994,0.22772689163684845
4995,0.22772689163684845
4996,-inf
4997,-inf
4998,-inf
4999,-inf
5000,-inf
5001,-inf
5002,-inf
5003,-inf
5004,-inf
5005,-inf
5006,-inf
5007,-inf
5008,0.22775878012180328
5009,0.22775878012180328
5010,0.20197957754135132
5011,0.1946602314710617
5012,0.1946602314710617
5013,0.20197957754135132
5014,0.2409919947385788
5015,0.2409919947385788
5016,0.2326149195432663
5017,0.23186616599559784
5018,0.23186616599559784
5019,0.2326149195432663
5020,0.20077741146087646
5021,0.20077741146087646
5022,0.19920261204242706
5023,0.1988690048456192
5024,0.1988690048456192
5025,0.19920261204242706
5026,0.21074482798576355
5027,0.21074482798576355
5028,0.2221679538488388
5029,0.22217018902301788
5030,0.22217018902301788
5031,0.2221679538488388
5032,0.1667182743549347
5033,0.16665293276309967
5034,0.16665293276309967
5035,0.1667182743549347
5036,0.2267943173646927
5037,0.2267943173646927
5038,0.21501000225543976
5039,0.21501000225543976
5040,0.21236397325992584
5041,0.21278154850006104
5042,0.21278154850006104
5043,0.21236397325992584
5044,0.22111070156097412
5045,0.22111070156097412
5046,0.20215629041194916
5047,0.20215629041194916
5048,0.21299494802951813
5049,0.21549400687217712
5050,0.21549400687217712
5051,0.21299494802951813
5052,0.22522707283496857
5053,0.22806783020496368
5054,0.22806783020496368
5055,0.22522707283496857
5056,0.2576856017112732
5057,0.2576751708984375
5058,0.2576751708984375
5059,0.2576856017112732
5060,0.3373023271560669
5061,0.33700060844421387
5062,0.33700060844421387
5063,0.3373023271560669
5064,0.20250917971134186
5065,0.20255421102046967
5066,0.20255421102046967
5067,0.20250917971134186
5068,0.21151894330978394
5069,0.21151894330978394
5070,0.17170973122119904
5071,0.17149783670902252
5072,0.17149783670902252
5073,0.17170973122119904
5074,0.23313695192337036
5075,0.23313695192337036
5076,0.22274461388587952
5077,0.21892626583576202
5078,0.21892626583576202
5079,0.22274461388587952
5080,0.21107469499111176
5081,0.2064637839794159
5082,0.2064637839794159
5083,0.21107469499111176
5084,0.2329050749540329
5085,0.233942911028862
5086,0.233942911028862
5087,0.2329050749540329
5088,0.18512429296970367
5089,0.1892850250005722
5090,0.1892850250005722
5091,0.18512429296970367
5092,0.17343775928020477
5093,0.1729801744222641
5094,0.1729801744222641
5095,0.17343775928020477
5096,0.2441117912530899
5097,0.24410851299762726
5098,0.24410851299762726
5099,0.2441117912530899
5100,0.2050376832485199
5101,0.20621107518672943
5102,0.20621107518672943
5103,0.2050376832485199
5104,0.25950753688812256
5105,0.2595130503177643
5106,0.2595130503177643
5107,0.25950753688812256
5108,0.21241267025470734
5109,0.21312497556209564
5110,0.21312497556209564
5111,0.21241267025470734
5112,0.2708923816680908
5113,0.27089399099349976
5114,0.27089399099349976
5115,0.2708923816680908
5116,0.2525864243507385
5117,0.25258708000183105
5118,0.25258708000183105
5119,0.2525864243507385
5120,0.20623718202114105
5121,0.20612837374210358
5122,0.20612837374210358
5123,0.20623718202114105
5124,0.22753748297691345
5125,0.22753748297691345
5126,0.21413986384868622
5127,0.2139015793800354
5128,0.2139015793800354
5129,0.21413986384868622
5130,0.24174271523952484
5131,0.24279899895191193
5132,0.24279899895191193
5133,0.24174271523952484
5134,0.16624297201633453
5135,0.1786179095506668
5136,0.1786179095506668
5137,0.16624297201633453
5138,0.21334262192249298
5139,0.21321789920330048
5140,0.21321789920330048
5141,0.21334262192249298
5142,0.20169663429260254
5143,0.20227479934692383
5144,0.20227479934692383
5145,0.20169663429260254
5146,0.24192877113819122
5147,0.24192877113819122
5148,0.2985542416572571
5149,0.2990506887435913
5150,0.2990506887435913
5151,0.2985542416572571
5152,0.24248532950878143
5153,0.24248532950878143
5154,0.2034226804971695
5155,0.19937555491924286
5156,0.19937555491924286
5157,0.2034226804971695
5158,0.23296423256397247
5159,0.2292252779006958
5160,0.2292252779006958
5161,0.23296423256397247
5162,0.30823814868927
5163,0.3073688745498657
5164,0.3073688745498657
5165,0.30823814868927
5166,0.2226976901292801
5167,0.22244028747081757
5168,0.22244028747081757
5169,0.2226976901292801
5170,0.22600169479846954
5171,0.22509680688381195
5172,0.22509680688381195
5173,0.22600169479846954
5174,0.27146291732788086
5175,0.272305965423584
5176,0.272305965423584
5177,0.27146291732788086
5178,-inf
5179,-inf
5180,-inf
5181,-inf
5182,0.23945476114749908
5183,0.23947153985500336
5184,0.23947153985500336
5185,0.23945476114749908
5186,0.15611273050308228
5187,0.15600638091564178
5188,0.15600638091564178
5189,0.15611273050308228
5190,0.26693254709243774
5191,0.26693254709243774
5192,0.2508452534675598
5193,0.24907824397087097
5194,0.24907824397087097
5195,0.2508452534675598
5196,0.23150016367435455
5197,0.23150016367435455
5198,0.20993316173553467
5199,0.20993316173553467
5200,0.22402788698673248
5201,0.2239924818277359
5202,0.2239924818277359
5203,0.22402788698673248
5204,0.30556368827819824
5205,0.30684202909469604
5206,0.30684202909469604
5207,0.30556368827819824
5208,0.23242446780204773
5209,0.23242446780204773
5210,0.23453441262245178
5211,0.23454242944717407
5212,0.23454242944717407
5213,0.23453441262245178
5214,0.23124374449253082
5215,0.23136861622333527
5216,0.23136861622333527
5217,0.23124374449253082
5218,0.2595944404602051
5219,0.26037347316741943
5220,0.26037347316741943
5221,0.2595944404602051
5222,0.19965428113937378
5223,0.1996629387140274
5224,0.1996629387140274
5225,0.19965428113937378
5226,0.21678048372268677
5227,0.21646474301815033
5228,0.21646474301815033
5229,0.21678048372268677
5230,0.16185833513736725
5231,0.15865640342235565
5232,0.15865640342235565
5233,0.16185833513736725
5234,0.24442081153392792
5235,0.23723603785037994
5236,0.23723603785037994
5237,0.24442081153392792
5238,0.2321675568819046
5239,0.23187659680843353
5240,0.23187659680843353
5241,0.2321675568819046
5242,0.22064216434955597
5243,0.22065414488315582
5244,0.22065414488315582
5245,0.22064216434955597
5246,0.19808027148246765
5247,0.1917404979467392
5248,0.1917404979467392
5249,0.19808027148246765
5250,0.15368372201919556
5251,0.15514859557151794
5252,0.15514859557151794
5253,0.15368372201919556
5254,0.2126835435628891
5255,0.21269454061985016
5256,0.21269454061985016
5257,0.2126835435628891
5258,0.24544887244701385
5259,0.24534116685390472
5260,0.24534116685390472
5261,0.24544887244701385
5262,0.2467747926712036
5263,0.2467747926712036
5264,0.2597154974937439
5265,0.2559797167778015
5266,0.2559797167778015
5267,0.2597154974937439
5268,0.23139828443527222
5269,0.23139828443527222
5270,0.23107118904590607
5271,0.23107118904590607
5272,0.25389933586120605
5273,0.25389933586120605
5274,0.26952433586120605
5275,0.2695450186729431
5276,0.2695450186729431
5277,0.26952433586120605
5278,0.24136094748973846
5279,0.2400580793619156
5280,0.2400580793619156
5281,0.24136094748973846
5282,0.21520277857780457
5283,0.2161892056465149
5284,0.2161892056465149
5285,0.21520277857780457
5286,0.33189618587493896
5287,0.3329414129257202
5288,0.3329414129257202
5289,0.33189618587493896
5290,0.24475505948066711
5291,0.24485443532466888
5292,0.24485443532466888
5293,0.24475505948066711
5294,0.22896762192249298
5295,0.22896762192249298
5296,0.18579934537410736
5297,0.18547198176383972
5298,0.18547198176383972
5299,0.18579934537410736
5300,0.20560644567012787
5301,0.20560644567012787
5302,0.1785406619310379
5303,0.18084369599819183
5304,0.18084369599819183
5305,0.1785406619310379
5306,0.16066884994506836
5307,0.15470938384532928
5308,0.15470938384532928
5309,0.16066884994506836
5310,0.22639642655849457
5311,0.22639642655849457
5312,0.19075660407543182
5313,0.19046424329280853
5314,0.19046424329280853
5315,0.19075660407543182
5316,0.19095109403133392
5317,0.19095109403133392
5318,0.23601248860359192
5319,0.235883429646492
5320,0.235883429646492
5321,0.23601248860359192
5322,0.224185049533844
5323,0.224185049533844
5324,0.23514322936534882
5325,0.23514054715633392
5326,0.23514054715633392
5327,0.23514322936534882
5328,0.22429737448692322
5329,0.224406898021698
5330,0.224406898021698
5331,0.22429737448692322
5332,0.21019749343395233
5333,0.21177010238170624
5334,0.21177010238170624
5335,0.21019749343395233
5336,0.23652657866477966
5337,0.23652657866477966
5338,0.2393353283405304
5339,0.2370462268590927
5340,0.2370462268590927
5341,0.2393353283405304
5342,0.19745659828186035
5343,0.1986810714006424
5344,0.1986810714006424
5345,0.19745659828186035
5346,0.21940778195858002
5347,0.21949152648448944
5348,0.21949152648448944
5349,0.21940778195858002
5350,0.24268418550491333
5351,0.24268418550491333
5352,0.2375350147485733
5353,0.2375350147485733
5354,0.24840258061885834
5355,0.24846313893795013
5356,0.24846313893795013
5357,0.24840258061885834
5358,0.2287866771221161
5359,0.22947223484516144
5360,0.22947223484516144
5361,0.2287866771221161
5362,0.2537446618080139
5363,0.2537446618080139
5364,0.2324666678905487
5365,0.2324666678905487
5366,0.24410776793956757
5367,0.24410776793956757
5368,0.20186284184455872
5369,0.20253412425518036
5370,0.20253412425518036
5371,0.20186284184455872
5372,0.2522839903831482
5373,0.2522839903831482
5374,0.24829186499118805
5375,0.24829553067684174
5376,0.24829553067684174
5377,0.24829186499118805
5378,0.24176812171936035
5379,0.24176812171936035
5380,0.21644249558448792
5381,0.21644249558448792
5382,0.23167575895786285
5383,0.23328588902950287
5384,0.23328588902950287
5385,0.23167575895786285
5386,0.19209398329257965
5387,0.1892138421535492
5388,0.1892138421535492
5389,0.19209398329257965
5390,0.23108145594596863
5391,0.23108145594596863
5392,0.22527264058589935
5393,0.22514675557613373
5394,0.22514675557613373
5395,0.22527264058589935
5396,0.23056812584400177
5397,0.23056812584400177
5398,0.21730263531208038
5399,0.2072536051273346
5400,0.2072536051273346
5401,0.21730263531208038
5402,0.20402072370052338
5403,0.19167225062847137
5404,0.19167225062847137
5405,0.20402072370052338
5406,0.2298077642917633
5407,0.22958345711231232
5408,0.22958345711231232
5409,0.2298077642917633
5410,0.18080922961235046
5411,0.18088094890117645
5412,0.18088094890117645
5413,0.18080922961235046
5414,0.20054347813129425
5415,0.20054347813129425
5416,0.1910562962293625
5417,0.19510214030742645
5418,0.19510214030742645
5419,0.1910562962293625
5420,0.20451335608959198
5421,0.20481055974960327
5422,0.20481055974960327
5423,0.20451335608959198
5424,0.21849425137043
5425,0.21933570504188538
5426,0.21933570504188538
5427,0.21849425137043
5428,0.19914869964122772
5429,0.20063723623752594
5430,0.20063723623752594
5431,0.19914869964122772
5432,0.21958722174167633
5433,0.21968142688274384
5434,0.21968142688274384
5435,0.21958722174167633
5436,0.20604614913463593
5437,0.2096441090106964
5438,0.2096441090106964
5439,0.20604614913463593
5440,0.2138998657464981
5441,0.2138998657464981
5442,0.230556920170784
5443,0.23602521419525146
5444,0.23602521419525146
5445,0.230556920170784
5446,0.1668313890695572
5447,0.17244189977645874
5448,0.17244189977645874
5449,0.1668313890695572
5450,0.18675117194652557
5451,0.18826130032539368
5452,0.18826130032539368
5453,0.18675117194652557
5454,0.2130059450864792
5455,0.21524164080619812
5456,0.21524164080619812
5457,0.2130059450864792
5458,0.23532767593860626
5459,0.23532767593860626
5460,0.24897710978984833
5461,0.24550390243530273
5462,0.24550390243530273
5463,0.24897710978984833
5464,0.22182588279247284
5465,0.22182588279247284
5466,0.19611236453056335
5467,0.18824215233325958
5468,0.18824215233325958
5469,0.19611236453056335
5470,0.21113120019435883
5471,0.2119566947221756
5472,0.2119566947221756
5473,0.21113120019435883
5474,0.2486933320760727
5475,0.2553090453147888
5476,0.2553090453147888
5477,0.2486933320760727
5478,0.1911158561706543
5479,0.1933734267950058
5480,0.1933734267950058
5481,0.1911158561706543
5482,0.19866688549518585
5483,0.19984987378120422
5484,0.19984987378120422
5485,0.19866688549518585
5486,0.23079806566238403
5487,0.23040825128555298
5488,0.23040825128555298
5489,0.23079806566238403
5490,0.20440854132175446
5491,0.20432931184768677
5492,0.20432931184768677
5493,0.20440854132175446
5494,0.1500852406024933
5495,0.14984162151813507
5496,0.14984162151813507
5497,0.1500852406024933
5498,0.2166193574666977
5499,0.22659015655517578
5500,0.22659015655517578
5501,0.2166193574666977
5502,0.2650224268436432
5503,0.2527061700820923
5504,0.2527061700820923
5505,0.2650224268436432
5506,0.2130444049835205
5507,0.2130444049835205
5508,0.21075581014156342
5509,0.21086861193180084
5510,0.21086861193180084
5511,0.21075581014156342
5512,0.2207585573196411
5513,0.21963851153850555
5514,0.21963851153850555
5515,0.2207585573196411
5516,0.22165760397911072
5517,0.217903271317482
5518,0.217903271317482
5519,0.22165760397911072
5520,0.18408958613872528
5521,0.18411538004875183
5522,0.18411538004875183
5523,0.18408958613872528
5524,0.18616989254951477
5525,0.1866767257452011
5526,0.1866767257452011
5527,0.18616989254951477
5528,0.16469578444957733
5529,0.16544216871261597
5530,0.16544216871261597
5531,0.16469578444957733
5532,0.2084183543920517
5533,0.2109382003545761
5534,0.2109382003545761
5535,0.2084183543920517
5536,0.16330915689468384
5537,0.1593104600906372
5538,0.1593104600906372
5539,0.16330915689468384
5540,0.22387070953845978
5541,0.21955136954784393
5542,0.21955136954784393
5543,0.22387070953845978
5544,0.2316286414861679
5545,0.2316286414861679
5546,0.2105729579925537
5547,0.22087499499320984
5548,0.22087499499320984
5549,0.2105729579925537
5550,0.20530511438846588
5551,0.20530511438846588
5552,0.22821778059005737
5553,0.22832389175891876
5554,0.22832389175891876
5555,0.22821778059005737
5556,0.21345758438110352
5557,0.21391746401786804
5558,0.21391746401786804
5559,0.21345758438110352
5560,0.20954780280590057
5561,0.217488631606102
5562,0.217488631606102
5563,0.20954780280590057
5564,0.206048384308815
5565,0.206048384308815
5566,0.2241748422384262
5567,0.22481247782707214
5568,0.22481247782707214
5569,0.2241748422384262
5570,0.2334364801645279
5571,0.2334364801645279
5572,0.23191428184509277
5573,0.23456667363643646
5574,0.23456667363643646
5575,0.23191428184509277
5576,0.19303815066814423
5577,0.19090457260608673
5578,0.19090457260608673
5579,0.19303815066814423
5580,0.24767033755779266
5581,0.24767033755779266
5582,0.2303915172815323
5583,0.22907227277755737
5584,0.22907227277755737
5585,0.2303915172815323
5586,0.23180916905403137
5587,0.23180916905403137
5588,0.23442567884922028
5589,0.23542793095111847
5590,0.23542793095111847
5591,0.23442567884922028
5592,0.21839305758476257
5593,0.21839305758476257
5594,0.22716990113258362
5595,0.2271486073732376
5596,0.2271486073732376
5597,0.22716990113258362
5598,0.21535871922969818
5599,0.21628595888614655
5600,0.21628595888614655
5601,0.21535871922969818
5602,0.207741841673851
5603,0.20636571943759918
5604,0.20636571943759918
5605,0.207741841673851
5606,0.22622758150100708
5607,0.22622758150100708
5608,0.21502266824245453
5609,0.21781352162361145
5610,0.21781352162361145
5611,0.21502266824245453
5612,0.19062073528766632
5613,0.1874099224805832
5614,0.1874099224805832
5615,0.19062073528766632
5616,0.21882514655590057
5617,0.21885119378566742
5618,0.21885119378566742
5619,0.21882514655590057
5620,0.24330106377601624
5621,0.24330106377601624
5622,0.21020372211933136
5623,0.21020372211933136
5624,0.2028317004442215
5625,0.20426039397716522
5626,0.20426039397716522
5627,0.2028317004442215
5628,0.2132304459810257
5629,0.21247459948062897
5630,0.21247459948062897
5631,0.2132304459810257
5632,0.21849887073040009
5633,0.21849887073040009
5634,0.2282303124666214
5635,0.2282303124666214
5636,0.21376700699329376
5637,0.21376700699329376
5638,0.16109994053840637
5639,0.1596924066543579
5640,0.1596924066543579
5641,0.16109994053840637
5642,0.23254229128360748
5643,0.23254229128360748
5644,0.20243443548679352
5645,0.20245586335659027
5646,0.20245586335659027
5647,0.20243443548679352
5648,0.21314504742622375
5649,0.21314504742622375
5650,0.2419365644454956
5651,0.2419365644454956
5652,0.21910206973552704
5653,0.22104884684085846
5654,0.22104884684085846
5655,0.21910206973552704
5656,0.2530364394187927
5657,0.2530364394187927
5658,0.25220656394958496
5659,0.2504289746284485
5660,0.2504289746284485
5661,0.25220656394958496
5662,0.23555761575698853
5663,0.23555761575698853
5664,0.23749326169490814
5665,0.23859144747257233
5666,0.23859144747257233
5667,0.23749326169490814
5668,0.2455456256866455
5669,0.2455456256866455
5670,0.2209838330745697
5671,0.2217463105916977
5672,0.2217463105916977
5673,0.2209838330745697
5674,0.24593928456306458
5675,0.24593928456306458
5676,0.24194113910198212
5677,0.2422189563512802
5678,0.2422189563512802
5679,0.24194113910198212
5680,0.2220660001039505
5681,0.22092363238334656
5682,0.22092363238334656
5683,0.2220660001039505
5684,0.2081897109746933
5685,0.2081897109746933
5686,0.2154112607240677
5687,0.21600861847400665
5688,0.21600861847400665
5689,0.2154112607240677
5690,0.20649902522563934
5691,0.20638327300548553
5692,0.20638327300548553
5693,0.20649902522563934
5694,0.23279549181461334
5695,0.23279549181461334
5696,0.24015913903713226
5697,0.23932360112667084
5698,0.23932360112667084
5699,0.24015913903713226
5700,0.16765646636486053
5701,0.16631700098514557
5702,0.16631700098514557
5703,0.16765646636486053
5704,0.245724156498909
5705,0.245724156498909
5706,0.22188997268676758
5707,0.22188997268676758
5708,0.22771529853343964
5709,0.22575916349887848
5710,0.22575916349887848
5711,0.22771529853343964
5712,0.23520506918430328
5713,0.2347208708524704
5714,0.2347208708524704
5715,0.23520506918430328
5716,0.24710528552532196
5717,0.24710528552532196
5718,0.22564586997032166
5719,0.22564586997032166
5720,0.1994389146566391
5721,0.20017290115356445
5722,0.20017290115356445
5723,0.1994389146566391
5724,0.21494321525096893
5725,0.21494321525096893
5726,0.21588897705078125
5727,0.222866490483284
5728,0.222866490483284
5729,0.21588897705078125
5730,0.1855909675359726
5731,0.1812482327222824
5732,0.1812482327222824
5733,0.1855909675359726
5734,0.23174059391021729
5735,0.23174059391021729
5736,0.210662379860878
5737,0.20919516682624817
5738,0.20919516682624817
5739,0.210662379860878
5740,0.23781003057956696
5741,0.23781003057956696
5742,0.21257953345775604
5743,0.21257953345775604
5744,0.23496705293655396
5745,0.23496705293655396
5746,0.17865316569805145
5747,0.17702582478523254
5748,0.17702582478523254
5749,0.17865316569805145
5750,0.24820689857006073
5751,0.24820689857006073
5752,0.24190126359462738
5753,0.24221085011959076
5754,0.24221085011959076
5755,0.24190126359462738
5756,0.2130807489156723
5757,0.2130807489156723
5758,0.222591832280159
5759,0.222591832280159
5760,0.18543726205825806
5761,0.18454407155513763
5762,0.18454407155513763
5763,0.18543726205825806
5764,0.23506900668144226
5765,0.23506900668144226
5766,0.22373779118061066
5767,0.2232196182012558
5768,0.2232196182012558
5769,0.22373779118061066
5770,0.23175965249538422
5771,0.23175965249538422
5772,0.20057500898838043
5773,0.20314885675907135
5774,0.20314885675907135
5775,0.20057500898838043
5776,0.24299784004688263
5777,0.24299784004688263
5778,0.2306610494852066
5779,0.22953520715236664
5780,0.22953520715236664
5781,0.2306610494852066
5782,0.23776771128177643
5783,0.23776771128177643
5784,0.23954026401042938
5785,0.23948991298675537
5786,0.23948991298675537
5787,0.23954026401042938
5788,0.23775240778923035
5789,0.23775240778923035
5790,0.2299228310585022
5791,0.23274482786655426
5792,0.23274482786655426
5793,0.2299228310585022
5794,0.19529300928115845
5795,0.1927579790353775
5796,0.1927579790353775
5797,0.19529300928115845
5798,0.24658319354057312
5799,0.24658319354057312
5800,0.22476504743099213
5801,0.22476504743099213
5802,0.23449917137622833
5803,0.23364515602588654
5804,0.23364515602588654
5805,0.23449917137622833
5806,0.22662614285945892
5807,0.22662614285945892
5808,0.2436068207025528
5809,0.2436068207025528
5810,0.1960880011320114
5811,0.1960880011320114
5812,0.1862170249223709
5813,0.18765117228031158
5814,0.18765117228031158
5815,0.1862170249223709
5816,0.21764272451400757
5817,0.21625830233097076
5818,0.21625830233097076
5819,0.21764272451400757
5820,0.22944484651088715
5821,0.2278103530406952
5822,0.2278103530406952
5823,0.22944484651088715
5824,0.19211004674434662
5825,0.1920928806066513
5826,0.1920928806066513
5827,0.19211004674434662
5828,0.21011775732040405
5829,0.21011775732040405
5830,0.18733538687229156
5831,0.19164960086345673
5832,0.19164960086345673
5833,0.18733538687229156
5834,0.23131002485752106
5835,0.23136509954929352
5836,0.23136509954929352
5837,0.23131002485752106
5838,0.20277917385101318
5839,0.2031538188457489
5840,0.2031538188457489
5841,0.20277917385101318
5842,0.20503990352153778
5843,0.20326180756092072
5844,0.20326180756092072
5845,0.20503990352153778
5846,0.21653006970882416
5847,0.21653006970882416
5848,0.2023855447769165
5849,0.20693935453891754
5850,0.20693935453891754
5851,0.2023855447769165
5852,0.14851075410842896
5853,0.1477632224559784
5854,0.1477632224559784
5855,0.14851075410842896
5856,0.20466847717761993
5857,0.20510362088680267
5858,0.20510362088680267
5859,0.20466847717761993
5860,0.1951204538345337
5861,0.20097890496253967
5862,0.20097890496253967
5863,0.1951204538345337
5864,0.23475106060504913
5865,0.23475106060504913
5866,0.2956199645996094
5867,0.2948569059371948
5868,0.2948569059371948
5869,0.2956199645996094
5870,0.19181407988071442
5871,0.19181407988071442
5872,0.21591651439666748
5873,0.21614375710487366
5874,0.21614375710487366
5875,0.21591651439666748
5876,0.19640140235424042
5877,0.19868524372577667
5878,0.19868524372577667
5879,0.19640140235424042
5880,0.22193221747875214
5881,0.2219388782978058
5882,0.2219388782978058
5883,0.22193221747875214
5884,0.1593232899904251
5885,0.15924130380153656
5886,0.15924130380153656
5887,0.1593232899904251
5888,0.2427135854959488
5889,0.24548481404781342
5890,0.24548481404781342
5891,0.2427135854959488
5892,0.2057473510503769
5893,0.20601387321949005
5894,0.20601387321949005
5895,0.2057473510503769
5896,0.1940113753080368
5897,0.19421875476837158
5898,0.19421875476837158
5899,0.1940113753080368
5900,0.2223631888628006
5901,0.2223631888628006
5902,0.2531871497631073
5903,0.2542550563812256
5904,0.2542550563812256
5905,0.2531871497631073
5906,0.23846134543418884
5907,0.2387036681175232
5908,0.2387036681175232
5909,0.23846134543418884
5910,0.19464759528636932
5911,0.19497840106487274
5912,0.19497840106487274
5913,0.19464759528636932
5914,0.2189282923936844
5915,0.2189282923936844
5916,0.2061827927827835
5917,0.20713527500629425
5918,0.20713527500629425
5919,0.2061827927827835
5920,0.18570519983768463
5921,0.18575575947761536
5922,0.18575575947761536
5923,0.18570519983768463
5924,0.19726969301700592
5925,0.19726969301700592
5926,0.18447363376617432
5927,0.188646137714386
5928,0.188646137714386
5929,0.18447363376617432
5930,0.2173824906349182
5931,0.21741385757923126
5932,0.21741385757923126
5933,0.2173824906349182
5934,0.19552390277385712
5935,0.19629020988941193
5936,0.19629020988941193
5937,0.19552390277385712
5938,0.19047115743160248
5939,0.19271564483642578
5940,0.19271564483642578
5941,0.19047115743160248
5942,0.21766097843647003
5943,0.21766097843647003
5944,0.21960552036762238
5945,0.22095368802547455
5946,0.22095368802547455
5947,0.21960552036762238
5948,0.16811992228031158
5949,0.16792060434818268
5950,0.16792060434818268
5951,0.16811992228031158
5952,0.1928987354040146
5953,0.1932878941297531
5954,0.1932878941297531
5955,0.1928987354040146
5956,0.1927461475133896
5957,0.1996479332447052
5958,0.1996479332447052
5959,0.1927461475133896
5960,0.23589389026165009
5961,0.23589389026165009
5962,0.2600611448287964
5963,0.2598985433578491
5964,0.2598985433578491
5965,0.2600611448287964
5966,0.2149789184331894
5967,0.2149789184331894
5968,0.20319907367229462
5969,0.2037343978881836
5970,0.2037343978881836
5971,0.20319907367229462
5972,0.21345414221286774
5973,0.2139505296945572
5974,0.2139505296945572
5975,0.21345414221286774
5976,0.21275201439857483
5977,0.21274879574775696
5978,0.21274879574775696
5979,0.21275201439857483
5980,0.14747092127799988
5981,0.1475839614868164
5982,0.1475839614868164
5983,0.14747092127799988
5984,0.2114449441432953
5985,0.21162347495555878
5986,0.21162347495555878
5987,0.2114449441432953
5988,0.1956789791584015
5989,0.1961420327425003
5990,0.1961420327425003
5991,0.1956789791584015
5992,0.2300717681646347
5993,0.2300717681646347
5994,0.22383621335029602
5995,0.2266400307416916
5996,0.2266400307416916
5997,0.22383621335029602
5998,0.21141503751277924
5999,0.20702727138996124
6000,0.20702727138996124
6001,0.21141503751277924
6002,0.218119278550148
6003,0.218119278550148
6004,0.21781693398952484
6005,0.21686851978302002
6006,0.21686851978302002
6007,0.21781693398952484
6008,0.21270973980426788
6009,0.2125910222530365
6010,0.2125910222530365
6011,0.21270973980426788
6012,0.25227856636047363
6013,0.25225579738616943
6014,0.25225579738616943
6015,0.25227856636047363
6016,0.2062506079673767
6017,0.20631922781467438
6018,0.20631922781467438
6019,0.2062506079673767
6020,0.21101582050323486
6021,0.21101582050323486
6022,0.1974581927061081
6023,0.198647603392601
6024,0.198647603392601
6025,0.1974581927061081
6026,0.24344897270202637
6027,0.24348700046539307
6028,0.24348700046539307
6029,0.24344897270202637
6030,0.21070118248462677
6031,0.2104690670967102
6032,0.2104690670967102
6033,0.21070118248462677
6034,0.2019425332546234
6035,0.19649355113506317
6036,0.19649355113506317
6037,0.2019425332546234
6038,0.22979269921779633
6039,0.22979269921779633
6040,0.21961219608783722
6041,0.21976140141487122
6042,0.21976140141487122
6043,0.21961219608783722
6044,0.15535688400268555
6045,0.15943437814712524
6046,0.15943437814712524
6047,0.15535688400268555
6048,0.22137467563152313
6049,0.22186103463172913
6050,0.22186103463172913
6051,0.22137467563152313
6052,0.20539820194244385
6053,0.20920580625534058
6054,0.20920580625534058
6055,0.20539820194244385
6056,0.24972285330295563
6057,0.24972285330295563
6058,0.27978426218032837
6059,0.27921062707901
6060,0.27921062707901
6061,0.27978426218032837
6062,0.206758514046669
6063,0.206758514046669
6064,0.21482588350772858
6065,0.21467073261737823
6066,0.21467073261737823
6067,0.21482588350772858
6068,0.2064068764448166
6069,0.20431408286094666
6070,0.20431408286094666
6071,0.2064068764448166
6072,0.2346021682024002
6073,0.234639972448349
6074,0.234639972448349
6075,0.2346021682024002
6076,0.17364543676376343
6077,0.17359468340873718
6078,0.17359468340873718
6079,0.17364543676376343
6080,0.23631860315799713
6081,0.23515585064888
6082,0.23515585064888
6083,0.23631860315799713
6084,0.22335343062877655
6085,0.22423049807548523
6086,0.22423049807548523
6087,0.22335343062877655
6088,0.21435020864009857
6089,0.21494492888450623
6090,0.21494492888450623
6091,0.21435020864009857
6092,0.2239120900630951
6093,0.22626452147960663
6094,0.22626452147960663
6095,0.2239120900630951
6096,0.23236502707004547
6097,0.23236502707004547
6098,0.23523648083209991
6099,0.23762314021587372
6100,0.23762314021587372
6101,0.23523648083209991
6102,0.2283071130514145
6103,0.22799299657344818
6104,0.22799299657344818
6105,0.2283071130514145
6106,0.1897522658109665
6107,0.18971075117588043
6108,0.18971075117588043
6109,0.1897522658109665
6110,0.22491443157196045
6111,0.22491443157196045
6112,0.22474737465381622
6113,0.22474737465381622
6114,0.18445496261119843
6115,0.18530882894992828
6116,0.18530882894992828
6117,0.18445496261119843
6118,0.23457755148410797
6119,0.23457755148410797
6120,0.2234993726015091
6121,0.22317175567150116
6122,0.22317175567150116
6123,0.2234993726015091
6124,0.2079402655363083
6125,0.2079402655363083
6126,0.2283995896577835
6127,0.22908638417720795
6128,0.22908638417720795
6129,0.2283995896577835
6130,0.23382015526294708
6131,0.23382015526294708
6132,0.24044498801231384
6133,0.2400614619255066
6134,0.2400614619255066
6135,0.24044498801231384
6136,0.18793794512748718
6137,0.18762831389904022
6138,0.18762831389904022
6139,0.18793794512748718
6140,0.23916558921337128
6141,0.23916558921337128
6142,0.23563136160373688
6143,0.23646457493305206
6144,0.23646457493305206
6145,0.23563136160373688
6146,0.22416283190250397
6147,0.22416283190250397
6148,0.20418913662433624
6149,0.20008639991283417
6150,0.20008639991283417
6151,0.20418913662433624
6152,0.20117828249931335
6153,0.20117828249931335
6154,0.23519892990589142
6155,0.23526829481124878
6156,0.23526829481124878
6157,0.23519892990589142
6158,0.20722992718219757
6159,0.20899876952171326
6160,0.20899876952171326
6161,0.20722992718219757
6162,0.19611559808254242
6163,0.19855982065200806
6164,0.19855982065200806
6165,0.19611559808254242
6166,0.22553923726081848
6167,0.22553923726081848
6168,0.22008538246154785
6169,0.2284170240163803
6170,0.2284170240163803
6171,0.22008538246154785
6172,0.1794801652431488
6173,0.17213840782642365
6174,0.17213840782642365
6175,0.1794801652431488
6176,0.20886732637882233
6177,0.20917393267154694
6178,0.20917393267154694
6179,0.20886732637882233
6180,0.23463308811187744
6181,0.23463308811187744
6182,0.225491002202034
6183,0.225491002202034
6184,0.23345719277858734
6185,0.23955585062503815
6186,0.23955585062503815
6187,0.23345719277858734
6188,0.22315990924835205
6189,0.22411052882671356
6190,0.22411052882671356
6191,0.22315990924835205
6192,0.23954124748706818
6193,0.23954124748706818
6194,0.21530002355575562
6195,0.21530002355575562
6196,0.22486618161201477
6197,0.22486618161201477
6198,0.2256668210029602
6199,0.22540736198425293
6200,0.22540736198425293
6201,0.2256668210029602
6202,0.23193733394145966
6203,0.23193733394145966
6204,0.22107098996639252
6205,0.22225461900234222
6206,0.22225461900234222
6207,0.22107098996639252
6208,0.19204296171665192
6209,0.18759742379188538
6210,0.18759742379188538
6211,0.19204296171665192
6212,0.24698759615421295
6213,0.24698759615421295
6214,0.21444979310035706
6215,0.21444979310035706
6216,0.2232057899236679
6217,0.2229878306388855
6218,0.2229878306388855
6219,0.2232057899236679
6220,0.2249784916639328
6221,0.2249784916639328
6222,0.23114241659641266
6223,0.23114241659641266
6224,0.23732991516590118
6225,0.23732991516590118
6226,0.24397443234920502
6227,0.24445085227489471
6228,0.24445085227489471
6229,0.24397443234920502
6230,0.2400609701871872
6231,0.2400609701871872
6232,0.23745763301849365
6233,0.23968924582004547
6234,0.23968924582004547
6235,0.23745763301849365
6236,0.20306308567523956
6237,0.2009637951850891
6238,0.2009637951850891
6239,0.20306308567523956
6240,0.24894917011260986
6241,0.24894917011260986
6242,0.24174727499485016
6243,0.24101443588733673
6244,0.24101443588733673
6245,0.24174727499485016
6246,0.24208037555217743
6247,0.24208037555217743
6248,0.21294842660427094
6249,0.2112046331167221
6250,0.2112046331167221
6251,0.21294842660427094
6252,0.20677728950977325
6253,0.20679603517055511
6254,0.20679603517055511
6255,0.20677728950977325
6256,0.2659716010093689
6257,0.26598137617111206
6258,0.26598137617111206
6259,0.2659716010093689
6260,0.21342934668064117
6261,0.21348361670970917
6262,0.21348361670970917
6263,0.21342934668064117
6264,0.20211105048656464
6265,0.20211105048656464
6266,0.20015127956867218
6267,0.20012463629245758
6268,0.20012463629245758
6269,0.20015127956867218
6270,0.24743635952472687
6271,0.24743755161762238
6272,0.24743755161762238
6273,0.24743635952472687
6274,0.2504453659057617
6275,0.250442236661911
6276,0.250442236661911
6277,0.2504453659057617
6278,0.21102429926395416
6279,0.21063853800296783
6280,0.21063853800296783
6281,0.21102429926395416
6282,0.2523733377456665
6283,0.25242114067077637
6284,0.25242114067077637
6285,0.2523733377456665
6286,0.19518586993217468
6287,0.197421133518219
6288,0.197421133518219
6289,0.19518586993217468
6290,0.2260275036096573
6291,0.2260275036096573
6292,0.2420748621225357
6293,0.24273212254047394
6294,0.24273212254047394
6295,0.2420748621225357
6296,0.17419695854187012
6297,0.17030413448810577
6298,0.17030413448810577
6299,0.17419695854187012
6300,0.2171599566936493
6301,0.21722380816936493
6302,0.21722380816936493
6303,0.2171599566936493
6304,0.1833830177783966
6305,0.18614010512828827
6306,0.18614010512828827
6307,0.1833830177783966
6308,0.23756271600723267
6309,0.23756271600723267
6310,0.2753410339355469
6311,0.27514195442199707
6312,0.27514195442199707
6313,0.2753410339355469
6314,0.22899982333183289
6315,0.22899982333183289
6316,0.2791264057159424
6317,0.28058165311813354
6318,0.28058165311813354
6319,0.2791264057159424
6320,0.22007055580615997
6321,0.22062323987483978
6322,0.22062323987483978
6323,0.22007055580615997
6324,0.24073131382465363
6325,0.24179711937904358
6326,0.24179711937904358
6327,0.24073131382465363
6328,0.24449177086353302
6329,0.24582763016223907
6330,0.24582763016223907
6331,0.24449177086353302
6332,0.23405496776103973
6333,0.23407450318336487
6334,0.23407450318336487
6335,0.23405496776103973
6336,0.17226089537143707
6337,0.17232148349285126
6338,0.17232148349285126
6339,0.17226089537143707
6340,0.22985431551933289
6341,0.23223662376403809
6342,0.23223662376403809
6343,0.22985431551933289
6344,0.2488471120595932
6345,0.2477497011423111
6346,0.2477497011423111
6347,0.2488471120595932
6348,0.2263948619365692
6349,0.2263948619365692
6350,0.22471563518047333
6351,0.22478939592838287
6352,0.22478939592838287
6353,0.22471563518047333
6354,0.23237226903438568
6355,0.23267696797847748
6356,0.23267696797847748
6357,0.23237226903438568
6358,0.23766502737998962
6359,0.23693451285362244
6360,0.23693451285362244
6361,0.23766502737998962
6362,0.20777130126953125
6363,0.20777182281017303
6364,0.20777182281017303
6365,0.20777130126953125
6366,0.21270520985126495
6367,0.2128065973520279
6368,0.2128065973520279
6369,0.21270520985126495
6370,0.16790027916431427
6371,0.16907775402069092
6372,0.16907775402069092
6373,0.16790027916431427
6374,0.2222980111837387
6375,0.22170130908489227
6376,0.22170130908489227
6377,0.2222980111837387
6378,0.16323119401931763
6379,0.16218063235282898
6380,0.16218063235282898
6381,0.16323119401931763
6382,0.2400551289319992
6383,0.2400551289319992
6384,0.2275715321302414
6385,0.23043666779994965
6386,0.23043666779994965
6387,0.2275715321302414
6388,0.26686879992485046
6389,0.26690128445625305
6390,0.26690128445625305
6391,0.26686879992485046
6392,0.22668588161468506
6393,0.22869159281253815
6394,0.22869159281253815
6395,0.22668588161468506
6396,0.2055421620607376
6397,0.20027001202106476
6398,0.20027001202106476
6399,0.2055421620607376
6400,0.22273029386997223
6401,0.22273029386997223
6402,0.217858225107193
6403,0.217858225107193
6404,0.24115943908691406
6405,0.24115943908691406
6406,0.1973615437746048
6407,0.19876129925251007
6408,0.19876129925251007
6409,0.1973615437746048
6410,0.2425132840871811
6411,0.2425132840871811
6412,0.24137051403522491
6413,0.24127770960330963
6414,0.24127770960330963
6415,0.24137051403522491
6416,0.23386473953723907
6417,0.23386473953723907
6418,0.2285032421350479
6419,0.2285032421350479
6420,0.18508373200893402
6421,0.19085021317005157
6422,0.19085021317005157
6423,0.18508373200893402
6424,0.24199187755584717
6425,0.24199187755584717
6426,0.2270837277173996
6427,0.22545082867145538
6428,0.22545082867145538
6429,0.2270837277173996
6430,0.22368638217449188
6431,0.22368638217449188
6432,0.21396149694919586
6433,0.21396149694919586
6434,0.21242600679397583
6435,0.21188177168369293
6436,0.21188177168369293
6437,0.21242600679397583
6438,0.23790204524993896
6439,0.23790204524993896
6440,0.212672159075737
6441,0.20987963676452637
6442,0.20987963676452637
6443,0.212672159075737
6444,0.23955625295639038
6445,0.23955625295639038
6446,0.23103417456150055
6447,0.23065285384655
6448,0.23065285384655
6449,0.23103417456150055
6450,0.22752268612384796
6451,0.22752268612384796
6452,0.19296185672283173
6453,0.19964998960494995
6454,0.19964998960494995
6455,0.19296185672283173
6456,0.1802656203508377
6457,0.1802656203508377
6458,0.16475772857666016
6459,0.17007295787334442
6460,0.17007295787334442
6461,0.16475772857666016
6462,0.19045446813106537
6463,0.19027024507522583
6464,0.19027024507522583
6465,0.19045446813106537
6466,0.18194814026355743
6467,0.18367330729961395
6468,0.18367330729961395
6469,0.18194814026355743
6470,0.17715699970722198
6471,0.17651070654392242
6472,0.17651070654392242
6473,0.17715699970722198
6474,0.19428324699401855
6475,0.19428324699401855
6476,0.19251979887485504
6477,0.19718527793884277
6478,0.19718527793884277
6479,0.19251979887485504
6480,0.14703011512756348
6481,0.16024599969387054
6482,0.16024599969387054
6483,0.14703011512756348
6484,0.17132684588432312
6485,0.17285872995853424
6486,0.17285872995853424
6487,0.17132684588432312
6488,0.22044430673122406
6489,0.22044430673122406
6490,0.1860216110944748
6491,0.1860216110944748
6492,0.179299995303154
6493,0.18246732652187347
6494,0.18246732652187347
6495,0.179299995303154
6496,0.19477607309818268
6497,0.19112461805343628
6498,0.19112461805343628
6499,0.19477607309818268
6500,0.1672281175851822
6501,0.16778464615345
6502,0.16778464615345
6503,0.1672281175851822
6504,0.218797504901886
6505,0.218797504901886
6506,0.21216899156570435
6507,0.22085700929164886
6508,0.22085700929164886
6509,0.21216899156570435
6510,0.1884099394083023
6511,0.1884099394083023
6512,0.228465735912323
6513,0.228465735912323
6514,0.202427938580513
6515,0.2052033245563507
6516,0.2052033245563507
6517,0.202427938580513
6518,0.24401499330997467
6519,0.24401499330997467
6520,0.22644761204719543
6521,0.22669623792171478
6522,0.22669623792171478
6523,0.22644761204719543
6524,0.2371297925710678
6525,0.2371297925710678
6526,0.2343546599149704
6527,0.2343546599149704
6528,0.20297926664352417
6529,0.20083259046077728
6530,0.20083259046077728
6531,0.20297926664352417
6532,0.24774004518985748
6533,0.24774004518985748
6534,0.23091483116149902
6535,0.2298751324415207
6536,0.2298751324415207
6537,0.23091483116149902
6538,0.23377734422683716
6539,0.23377734422683716
6540,0.23331210017204285
6541,0.23331210017204285
6542,0.20397509634494781
6543,0.2010103166103363
6544,0.2010103166103363
6545,0.20397509634494781
6546,0.24635161459445953
6547,0.24635161459445953
6548,0.23078127205371857
6549,0.23047049343585968
6550,0.23047049343585968
6551,0.23078127205371857
6552,0.22870726883411407
6553,0.22870726883411407
6554,0.2282283455133438
6555,0.2282283455133438
6556,0.18640677630901337
6557,0.18804563581943512
6558,0.18804563581943512
6559,0.18640677630901337
6560,0.24036818742752075
6561,0.24036818742752075
6562,0.22428670525550842
6563,0.22360961139202118
6564,0.22360961139202118
6565,0.22428670525550842
6566,0.22356928884983063
6567,0.22356928884983063
6568,-inf
6569,-inf
6570,-inf
6571,-inf
6572,-inf
6573,-inf
6574,0.24537712335586548
6575,0.24371351301670074
6576,0.24371351301670074
6577,0.24537712335586548
6578,0.218915656208992
6579,0.218915656208992
6580,0.23399947583675385
6581,0.23390640318393707
6582,0.23390640318393707
6583,0.23399947583675385
6584,0.22799532115459442
6585,0.22875191271305084
6586,0.22875191271305084
6587,0.22799532115459442
6588,0.2177315503358841
6589,0.21898077428340912
6590,0.21898077428340912
6591,0.2177315503358841
6592,0.2372496873140335
6593,0.2372496873140335
6594,0.2424100786447525
6595,0.24717023968696594
6596,0.24717023968696594
6597,0.2424100786447525
6598,0.20465458929538727
6599,0.1979566365480423
6600,0.1979566365480423
6601,0.20465458929538727
6602,0.22425879538059235
6603,0.22422392666339874
6604,0.22422392666339874
6605,0.22425879538059235
6606,0.24313582479953766
6607,0.24313582479953766
6608,0.2477775663137436
6609,0.2477775663137436
6610,0.2404693216085434
6611,0.24207325279712677
6612,0.24207325279712677
6613,0.2404693216085434
6614,0.23667757213115692
6615,0.2360674887895584
6616,0.2360674887895584
6617,0.23667757213115692
6618,0.25347962975502014
6619,0.25347962975502014
6620,0.23345260322093964
6621,0.23345260322093964
6622,0.2326945662498474
6623,0.2326945662498474
6624,0.22283855080604553
6625,0.22283855080604553
6626,0.23011557757854462
6627,0.2294161170721054
6628,0.2294161170721054
6629,0.23011557757854462
6630,0.2133074253797531
6631,0.2133074253797531
6632,0.22353141009807587
6633,0.223476842045784
6634,0.223476842045784
6635,0.22353141009807587
6636,0.2125493735074997
6637,0.2129739671945572
6638,0.2129739671945572
6639,0.2125493735074997
6640,0.20593805611133575
6641,0.20443357527256012
6642,0.20443357527256012
6643,0.20593805611133575
6644,0.22953948378562927
6645,0.22953948378562927
6646,0.23479647934436798
6647,0.23931632936000824
6648,0.23931632936000824
6649,0.23479647934436798
6650,0.1883562058210373
6651,0.18355028331279755
6652,0.18355028331279755
6653,0.1883562058210373
6654,0.21500365436077118
6655,0.2149590402841568
6656,0.2149590402841568
6657,0.21500365436077118
6658,0.23871983587741852
6659,0.23871983587741852
6660,0.2390434294939041
6661,0.2390434294939041
6662,0.23072108626365662
6663,0.23195050656795502
6664,0.23195050656795502
6665,0.23072108626365662
6666,0.22863082587718964
6667,0.2277398556470871
6668,0.2277398556470871
6669,0.22863082587718964
6670,0.21162447333335876
6671,0.21167223155498505
6672,0.21167223155498505
6673,0.21162447333335876
6674,0.24273188412189484
6675,0.24273188412189484
6676,0.22044913470745087
6677,0.22044913470745087
6678,0.25425589084625244
6679,0.25425589084625244
6680,0.2172311395406723
6681,0.21478451788425446
6682,0.21478451788425446
6683,0.2172311395406723
6684,0.25630855560302734
6685,0.25630855560302734
6686,0.25628387928009033
6687,0.2561359405517578
6688,0.2561359405517578
6689,0.25628387928009033
6690,0.2597494125366211
6691,0.2597494125366211
6692,0.2206891030073166
6693,0.2206891030073166
6694,0.17617720365524292
6695,0.17793847620487213
6696,0.17793847620487213
6697,0.17617720365524292
6698,0.23948027193546295
6699,0.23948027193546295
6700,0.21465080976486206
6701,0.2145390659570694
6702,0.2145390659570694
6703,0.21465080976486206
6704,0.2131326049566269
6705,0.2131326049566269
6706,0.24476051330566406
6707,0.24476051330566406
6708,0.2519332766532898
6709,0.25170743465423584
6710,0.25170743465423584
6711,0.2519332766532898
6712,0.2539125382900238
6713,0.2539125382900238
6714,0.2600973844528198
6715,0.261096715927124
6716,0.261096715927124
6717,0.2600973844528198
6718,0.20555390417575836
6719,0.20437023043632507
6720,0.20437023043632507
6721,0.20555390417575836
6722,0.2614660859107971
6723,0.2614660859107971
6724,0.254941463470459
6725,0.254941463470459
6726,0.2573976516723633
6727,0.2572067379951477
6728,0.2572067379951477
6729,0.2573976516723633
6730,0.25201135873794556
6731,0.25201135873794556
6732,0.25241580605506897
6733,0.25241580605506897
6734,0.22208844125270844
6735,0.22208844125270844
6736,0.22652383148670197
6737,0.22652383148670197
6738,0.22579871118068695
6739,0.22503845393657684
6740,0.22503845393657684
6741,0.22579871118068695
6742,0.22557885944843292
6743,0.22557885944843292
6744,0.2242731899023056
6745,0.2247249186038971
6746,0.2247249186038971
6747,0.2242731899023056
6748,0.22311654686927795
6749,0.22311654686927795
6750,0.2251615971326828
6751,0.2250903695821762
6752,0.2250903695821762
6753,0.2251615971326828
6754,0.22842024266719818
6755,0.22842024266719818
6756,0.21964208781719208
6757,0.22029702365398407
6758,0.22029702365398407
6759,0.21964208781719208
6760,0.17815907299518585
6761,0.17599613964557648
6762,0.17599613964557648
6763,0.17815907299518585
6764,0.24427612125873566
6765,0.24427612125873566
6766,0.20754912495613098
6767,0.20754912495613098
6768,0.22219149768352509
6769,0.22145353257656097
6770,0.22145353257656097
6771,0.22219149768352509
6772,0.22564561665058136
6773,0.22564561665058136
6774,0.22821713984012604
6775,0.22821713984012604
6776,0.21253560483455658
6777,0.21341891586780548
6778,0.21341891586780548
6779,0.21253560483455658
6780,0.22684790194034576
6781,0.22684790194034576
6782,0.24634306132793427
6783,0.24444794654846191
6784,0.24444794654846191
6785,0.24634306132793427
6786,0.20755113661289215
6787,0.21140512824058533
6788,0.21140512824058533
6789,0.20755113661289215
6790,0.23685696721076965
6791,0.23685696721076965
6792,0.2294023483991623
6793,0.23043109476566315
6794,0.23043109476566315
6795,0.2294023483991623
6796,0.24508465826511383
6797,0.24508465826511383
6798,0.22505928575992584
6799,0.22505928575992584
6800,0.22536884248256683
6801,0.22536884248256683
6802,0.22741545736789703
6803,0.22492478787899017
6804,0.22492478787899017
6805,0.22741545736789703
6806,0.22048278152942657
6807,0.22048278152942657
6808,0.22948633134365082
6809,0.22961197793483734
6810,0.22961197793483734
6811,0.22948633134365082
6812,0.23427705466747284
6813,0.23427705466747284
6814,0.2557092308998108
6815,0.2593054175376892
6816,0.2593054175376892
6817,0.2557092308998108
6818,0.2067829966545105
6819,0.2033386081457138
6820,0.2033386081457138
6821,0.2067829966545105
6822,0.24649076163768768
6823,0.24649076163768768
6824,0.25137680768966675
6825,0.25137680768966675
6826,0.25160425901412964
6827,0.2521926760673523
6828,0.2521926760673523
6829,0.25160425901412964
6830,0.23738253116607666
6831,0.23731078207492828
6832,0.23731078207492828
6833,0.23738253116607666
6834,0.2533312737941742
6835,0.2533312737941742
6836,0.24014805257320404
6837,0.24014805257320404
6838,0.22156193852424622
6839,0.22152237594127655
6840,0.22152237594127655
6841,0.22156193852424622
6842,0.23061148822307587
6843,0.23061148822307587
6844,0.23431579768657684
6845,0.2329462170600891
6846,0.2329462170600891
6847,0.23431579768657684
6848,0.18334348499774933
6849,0.18415403366088867
6850,0.18415403366088867
6851,0.18334348499774933
6852,0.23810644447803497
6853,0.23810644447803497
6854,0.22615478932857513
6855,0.2262468785047531
6856,0.2262468785047531
6857,0.22615478932857513
6858,0.21903906762599945
6859,0.21903906762599945
6860,-inf
6861,-inf
6862,-inf
6863,-inf
6864,-inf
6865,-inf
6866,0.2174432873725891
6867,0.2174432873725891
6868,0.19721560180187225
6869,0.1923937350511551
6870,0.1923937350511551
6871,0.19721560180187225
6872,0.2324748933315277
6873,0.2324748933315277
6874,0.21628214418888092
6875,0.21627847850322723
6876,0.21627847850322723
6877,0.21628214418888092
6878,0.22073334455490112
6879,0.22073334455490112
6880,0.1921745240688324
6881,0.19977344572544098
6882,0.19977344572544098
6883,0.1921745240688324
6884,0.23586907982826233
6885,0.23586907982826233
6886,0.22604957222938538
6887,0.2258537858724594
6888,0.2258537858724594
6889,0.22604957222938538
6890,0.227796733379364
6891,0.227796733379364
6892,0.2151586264371872
6893,0.21544693410396576
6894,0.21544693410396576
6895,0.2151586264371872
6896,0.21638648211956024
6897,0.21301430463790894
6898,0.21301430463790894
6899,0.21638648211956024
6900,0.24417929351329803
6901,0.2440897673368454
6902,0.2440897673368454
6903,0.24417929351329803
6904,0.31752538681030273
6905,0.3186734914779663
6906,0.3186734914779663
6907,0.31752538681030273
6908,0.18480096757411957
6909,0.18475307524204254
6910,0.18475307524204254
6911,0.18480096757411957
6912,0.20872245728969574
6913,0.20872245728969574
6914,0.17102228105068207
6915,0.17319083213806152
6916,0.17319083213806152
6917,0.17102228105068207
6918,0.22512371838092804
6919,0.22512371838092804
6920,0.2096942514181137
6921,0.21541093289852142
6922,0.21541093289852142
6923,0.2096942514181137
6924,0.18955715000629425
6925,0.19159355759620667
6926,0.19159355759620667
6927,0.18955715000629425
6928,0.17557696998119354
6929,0.17443564534187317
6930,0.17443564534187317
6931,0.17557696998119354
6932,0.2312188446521759
6933,0.2312166839838028
6934,0.2312166839838028
6935,0.2312188446521759
6936,0.1978573501110077
6937,0.19592653214931488
6938,0.19592653214931488
6939,0.1978573501110077
6940,0.24312664568424225
6941,0.2432103306055069
6942,0.2432103306055069
6943,0.24312664568424225
6944,0.20656070113182068
6945,0.2065640240907669
6946,0.2065640240907669
6947,0.20656070113182068
6948,0.25539809465408325
6949,0.2554124593734741
6950,0.2554124593734741
6951,0.25539809465408325
6952,0.23647339642047882
6953,0.23648643493652344
6954,0.23648643493652344
6955,0.23647339642047882
6956,0.19339987635612488
6957,0.19491466879844666
6958,0.19491466879844666
6959,0.19339987635612488
6960,0.22512565553188324
6961,0.22512565553188324
6962,0.20495156943798065
6963,0.20797322690486908
6964,0.20797322690486908
6965,0.20495156943798065
6966,0.22341369092464447
6967,0.22546564042568207
6968,0.22546564042568207
6969,0.22341369092464447
6970,0.16277116537094116
6971,0.16112250089645386
6972,0.16112250089645386
6973,0.16277116537094116
6974,0.2055586576461792
6975,0.2058103084564209
6976,0.2058103084564209
6977,0.2055586576461792
6978,0.19539512693881989
6979,0.19904451072216034
6980,0.19904451072216034
6981,0.19539512693881989
6982,0.24277536571025848
6983,0.24277536571025848
6984,0.2783614993095398
6985,0.27772486209869385
6986,0.27772486209869385
6987,0.2783614993095398
6988,0.21403928101062775
6989,0.21403928101062775
6990,0.18839190900325775
6991,0.19031870365142822
6992,0.19031870365142822
6993,0.18839190900325775
6994,0.22166965901851654
6995,0.22393657267093658
6996,0.22393657267093658
6997,0.22166965901851654
6998,0.287949800491333
6999,0.29056885838508606
7000,0.29056885838508606
7001,0.287949800491333
7002,0.20827046036720276
7003,0.20861904323101044
7004,0.20861904323101044
7005,0.20827046036720276
7006,0.22188985347747803
7007,0.22376582026481628
7008,0.22376582026481628
7009,0.22188985347747803
7010,0.2620740532875061
7011,0.2587634325027466
7012,0.2587634325027466
7013,0.2620740532875061
7014,-inf
7015,-inf
7016,-inf
7017,-inf
7018,0.22202597558498383
7019,0.2220166176557541
7020,0.2220166176557541
7021,0.22202597558498383
7022,0.1570504754781723
7023,0.15718922019004822
7024,0.15718922019004822
7025,0.1570504754781723
7026,0.2566700875759125
7027,0.2566700875759125
7028,0.23444853723049164
7029,0.23831413686275482
7030,0.23831413686275482
7031,0.23444853723049164
7032,0.22024019062519073
7033,0.22024019062519073
7034,0.204497829079628
7035,0.20456339418888092
7036,0.20456339418888092
7037,0.204497829079628
7038,0.2885177731513977
7039,0.2842862010002136
7040,0.2842862010002136
7041,0.2885177731513977
7042,0.227994903922081
7043,0.227994903922081
7044,0.21525974571704865
7045,0.21529124677181244
7046,0.21529124677181244
7047,0.21525974571704865
7048,0.21673500537872314
7049,0.21621109545230865
7050,0.21621109545230865
7051,0.21673500537872314
7052,0.2490023523569107
7053,0.25033217668533325
7054,0.25033217668533325
7055,0.2490023523569107
7056,0.1871410608291626
7057,0.18713749945163727
7058,0.18713749945163727
7059,0.1871410608291626
7060,0.20048639178276062
7061,0.20109502971172333
7062,0.20109502971172333
7063,0.20048639178276062
7064,0.16331687569618225
7065,0.16422492265701294
7066,0.16422492265701294
7067,0.16331687569618225
7068,0.23058782517910004
7069,0.2320466786623001
7070,0.2320466786623001
7071,0.23058782517910004
7072,0.21853460371494293
7073,0.2188730239868164
7074,0.2188730239868164
7075,0.21853460371494293
7076,0.2097914069890976
7077,0.20979930460453033
7078,0.20979930460453033
7079,0.2097914069890976
7080,0.1703675240278244
7081,0.17566709220409393
7082,0.17566709220409393
7083,0.1703675240278244
7084,0.15760572254657745
7085,0.1570686399936676
7086,0.1570686399936676
7087,0.15760572254657745
7088,0.20499880611896515
7089,0.20501120388507843
7090,0.20501120388507843
7091,0.20499880611896515
7092,0.2306700050830841
7093,0.23103664815425873
7094,0.23103664815425873
7095,0.2306700050830841
7096,0.23901155591011047
7097,0.23901155591011047
7098,0.23113445937633514
7099,0.2363003045320511
7100,0.2363003045320511
7101,0.23113445937633514
7102,0.22311405837535858
7103,0.22311405837535858
7104,0.24405868351459503
7105,0.24405868351459503
7106,0.25649821758270264
7107,0.2564780116081238
7108,0.2564780116081238
7109,0.25649821758270264
7110,0.2262052297592163
7111,0.22650881111621857
7112,0.22650881111621857
7113,0.2262052297592163
7114,0.22080890834331512
7115,0.21709634363651276
7116,0.21709634363651276
7117,0.22080890834331512
7118,0.3185354471206665
7119,0.3183943033218384
7120,0.3183943033218384
7121,0.3185354471206665
7122,0.2295835018157959
7123,0.22902104258537292
7124,0.22902104258537292
7125,0.2295835018157959
7126,0.22059182822704315
7127,0.22059182822704315
7128,0.23361684381961823
7129,0.23180539906024933
7130,0.23180539906024933
7131,0.23361684381961823
7132,0.21551768481731415
7133,0.2155037820339203
7134,0.2155037820339203
7135,0.21551768481731415
7136,0.21501600742340088
7137,0.21501600742340088
7138,0.20975054800510406
7139,0.21187783777713776
7140,0.21187783777713776
7141,0.20975054800510406
7142,0.24228675663471222
7143,0.2422793060541153
7144,0.2422793060541153
7145,0.24228675663471222
7146,0.21524351835250854
7147,0.21525391936302185
7148,0.21525391936302185
7149,0.21524351835250854
7150,0.20838655531406403
7151,0.20824210345745087
7152,0.20824210345745087
7153,0.20838655531406403
7154,0.23851744830608368
7155,0.23851744830608368
7156,0.23973284661769867
7157,0.2424304038286209
7158,0.2424304038286209
7159,0.23973284661769867
7160,0.20055890083312988
7161,0.19792692363262177
7162,0.19792692363262177
7163,0.20055890083312988
7164,0.2209835946559906
7165,0.2210514098405838
7166,0.2210514098405838
7167,0.2209835946559906
7168,0.24662967026233673
7169,0.24662967026233673
7170,0.28410816192626953
7171,0.28401511907577515
7172,0.28401511907577515
7173,0.28410816192626953
7174,0.2409040480852127
7175,0.2409040480852127
7176,0.2499300092458725
7177,0.2504117488861084
7178,0.2504117488861084
7179,0.2499300092458725
7180,0.22967098653316498
7181,0.2296546846628189
7182,0.2296546846628189
7183,0.22967098653316498
7184,0.213008850812912
7185,0.21317602694034576
7186,0.21317602694034576
7187,0.213008850812912
7188,0.25201690196990967
7189,0.25201690196990967
7190,0.24413476884365082
7191,0.24553294479846954
7192,0.24553294479846954
7193,0.24413476884365082
7194,0.23344792425632477
7195,0.23344792425632477
7196,0.2318093627691269
7197,0.2318093627691269
7198,0.2427859902381897
7199,0.24267692863941193
7200,0.24267692863941193
7201,0.2427859902381897
7202,0.24249736964702606
7203,0.24249736964702606
7204,0.24084633588790894
7205,0.24456362426280975
7206,0.24456362426280975
7207,0.24084633588790894
7208,0.21512876451015472
7209,0.20865003764629364
7210,0.20865003764629364
7211,0.21512876451015472
7212,0.2546823024749756
7213,0.2546823024749756
7214,0.24156172573566437
7215,0.24156172573566437
7216,0.23778392374515533
7217,0.23733989894390106
7218,0.23733989894390106
7219,0.23778392374515533
7220,0.2396286278963089
7221,0.2396286278963089
7222,0.24708200991153717
7223,0.24708200991153717
7224,0.2436879724264145
7225,0.24060755968093872
7226,0.24060755968093872
7227,0.2436879724264145
7228,0.23317588865756989
7229,0.23317588865756989
7230,0.24394799768924713
7231,0.24394123256206512
7232,0.24394123256206512
7233,0.24394799768924713
7234,0.23433412611484528
7235,0.23534181714057922
7236,0.23534181714057922
7237,0.23433412611484528
7238,0.21561777591705322
7239,0.2173643261194229
7240,0.2173643261194229
7241,0.21561777591705322
7242,0.24194137752056122
7243,0.24194137752056122
7244,0.24395599961280823
7245,0.243539497256279
7246,0.243539497256279
7247,0.24395599961280823
7248,0.19816410541534424
7249,0.19711589813232422
7250,0.19711589813232422
7251,0.19816410541534424
7252,0.22988399863243103
7253,0.2300606667995453
7254,0.2300606667995453
7255,0.22988399863243103
7256,0.2477656453847885
7257,0.2477656453847885
7258,0.2514098286628723
7259,0.2514098286628723
7260,0.2403404861688614
7261,0.24153359234333038
7262,0.24153359234333038
7263,0.2403404861688614
7264,0.23814666271209717
7265,0.2384376972913742
7266,0.2384376972913742
7267,0.23814666271209717
7268,0.25248801708221436
7269,0.25248801708221436
7270,0.23651795089244843
7271,0.23651795089244843
7272,0.1990990787744522
7273,0.19975586235523224
7274,0.19975586235523224
7275,0.1990990787744522
7276,0.20986013114452362
7277,0.20986013114452362
7278,0.22151660919189453
7279,0.22169004380702972
7280,0.22169004380702972
7281,0.22151660919189453
7282,0.1668432503938675
7283,0.16626612842082977
7284,0.16626612842082977
7285,0.1668432503938675
7286,0.22660298645496368
7287,0.22660298645496368
7288,0.21283532679080963
7289,0.21227870881557465
7290,0.21227870881557465
7291,0.21283532679080963
7292,0.21141482889652252
7293,0.21141482889652252
7294,0.23529396951198578
7295,0.23570770025253296
7296,0.23570770025253296
7297,0.23529396951198578
7298,0.23524688184261322
7299,0.23524688184261322
7300,0.2529028654098511
7301,0.2497340589761734
7302,0.2497340589761734
7303,0.2529028654098511
7304,0.1851687878370285
7305,0.18767179548740387
7306,0.18767179548740387
7307,0.1851687878370285
7308,0.23984886705875397
7309,0.23984886705875397
7310,0.23823903501033783
7311,0.23854951560497284
7312,0.23854951560497284
7313,0.23823903501033783
7314,0.22456316649913788
7315,0.22456316649913788
7316,0.22540819644927979
7317,0.22540819644927979
7318,0.2385243922472
7319,0.23850111663341522
7320,0.23850111663341522
7321,0.2385243922472
7322,0.2375219613313675
7323,0.2375219613313675
7324,0.25823450088500977
7325,0.2589103579521179
7326,0.2589103579521179
7327,0.25823450088500977
7328,0.2226061224937439
7329,0.21347032487392426
7330,0.21347032487392426
7331,0.2226061224937439
7332,0.24849897623062134
7333,0.24849897623062134
7334,0.25895851850509644
7335,0.25895851850509644
7336,0.25696825981140137
7337,0.25761133432388306
7338,0.25761133432388306
7339,0.25696825981140137
7340,0.23873873054981232
7341,0.23853261768817902
7342,0.23853261768817902
7343,0.23873873054981232
7344,0.26049625873565674
7345,0.26049625873565674
7346,0.24829240143299103
7347,0.24829240143299103
7348,0.23347140848636627
7349,0.23347140848636627
7350,0.18155287206172943
7351,0.1811583787202835
7352,0.1811583787202835
7353,0.18155287206172943
7354,0.24226529896259308
7355,0.24226529896259308
7356,0.22516126930713654
7357,0.22541487216949463
7358,0.22541487216949463
7359,0.22516126930713654
7360,0.2300860434770584
7361,0.2300860434770584
7362,0.2141718715429306
7363,0.2141718715429306
7364,0.16942311823368073
7365,0.16650991141796112
7366,0.16650991141796112
7367,0.16942311823368073
7368,0.22876927256584167
7369,0.22876927256584167
7370,0.2102290689945221
7371,0.20980487763881683
7372,0.20980487763881683
7373,0.2102290689945221
7374,0.20730681717395782
7375,0.20730681717395782
7376,0.2618003487586975
7377,0.2618003487586975
7378,0.22969983518123627
7379,0.22969983518123627
7380,0.23230783641338348
7381,0.23224546015262604
7382,0.23224546015262604
7383,0.23230783641338348
7384,0.19929997622966766
7385,0.19923481345176697
7386,0.19923481345176697
7387,0.19929997622966766
7388,0.17581593990325928
7389,0.17581593990325928
7390,0.19053849577903748
7391,0.19030052423477173
7392,0.19030052423477173
7393,0.19053849577903748
7394,0.17996907234191895
7395,0.18171997368335724
7396,0.18171997368335724
7397,0.17996907234191895
7398,0.17834532260894775
7399,0.17828787863254547
7400,0.17828787863254547
7401,0.17834532260894775
7402,0.1937927007675171
7403,0.1937927007675171
7404,0.1992509514093399
7405,0.19892628490924835
7406,0.19892628490924835
7407,0.1992509514093399
7408,0.1665201038122177
7409,0.16711874306201935
7410,0.16711874306201935
7411,0.1665201038122177
7412,0.16831474006175995
7413,0.16886942088603973
7414,0.16886942088603973
7415,0.16831474006175995
7416,0.21969477832317352
7417,0.21969477832317352
7418,0.1890474259853363
7419,0.1890474259853363
7420,0.19118563830852509
7421,0.19112850725650787
7422,0.19112850725650787
7423,0.19118563830852509
7424,0.1922699213027954
7425,0.19008900225162506
7426,0.19008900225162506
7427,0.1922699213027954
7428,0.2156105488538742
7429,0.2156105488538742
7430,0.19901569187641144
7431,0.19901569187641144
7432,0.20899589359760284
7433,0.20806583762168884
7434,0.20806583762168884
7435,0.20899589359760284
7436,0.1900426298379898
7437,0.1900426298379898
7438,0.21264775097370148
7439,0.2126775085926056
7440,0.2126775085926056
7441,0.21264775097370148
7442,0.1956481784582138
7443,0.19540882110595703
7444,0.19540882110595703
7445,0.1956481784582138
7446,0.18142378330230713
7447,0.18254564702510834
7448,0.18254564702510834
7449,0.18142378330230713
7450,0.20560602843761444
7451,0.20560602843761444
7452,0.2065594345331192
7453,0.2051912099123001
7454,0.2051912099123001
7455,0.2065594345331192
7456,0.1769772619009018
7457,0.17259599268436432
7458,0.17259599268436432
7459,0.1769772619009018
7460,0.19890303909778595
7461,0.1990385800600052
7462,0.1990385800600052
7463,0.19890303909778595
7464,0.21928168833255768
7465,0.21928168833255768
7466,0.1982337385416031
7467,0.1982337385416031
7468,0.2073768526315689
7469,0.2070600837469101
7470,0.2070600837469101
7471,0.2073768526315689
7472,0.20112137496471405
7473,0.20134250819683075
7474,0.20134250819683075
7475,0.20112137496471405
7476,0.19621779024600983
7477,0.1964332014322281
7478,0.1964332014322281
7479,0.19621779024600983
7480,0.2238149642944336
7481,0.2238149642944336
7482,0.20152463018894196
7483,0.20152463018894196
7484,0.22419193387031555
7485,0.22419193387031555
7486,0.2548734247684479
7487,0.2528872489929199
7488,0.2528872489929199
7489,0.2548734247684479
7490,0.26296496391296387
7491,0.262481153011322
7492,0.262481153011322
7493,0.26296496391296387
7494,0.2885960340499878
7495,0.28856828808784485
7496,0.28856828808784485
7497,0.2885960340499878
7498,0.221655935049057
7499,0.22167272865772247
7500,0.22167272865772247
7501,0.221655935049057
7502,0.22816018760204315
7503,0.22816018760204315
7504,0.22928063571453094
7505,0.2308126538991928
7506,0.2308126538991928
7507,0.22928063571453094
7508,0.21287716925144196
7509,0.21079210937023163
7510,0.21079210937023163
7511,0.21287716925144196
7512,0.2619696855545044
7513,0.2619733214378357
7514,0.2619733214378357
7515,0.2619696855545044
7516,0.24073559045791626
7517,0.23549577593803406
7518,0.23549577593803406
7519,0.24073559045791626
7520,0.27386605739593506
7521,0.2739192843437195
7522,0.2739192843437195
7523,0.27386605739593506
7524,0.24858903884887695
7525,0.24781517684459686
7526,0.24781517684459686
7527,0.24858903884887695
7528,0.26981890201568604
7529,0.2698633074760437
7530,0.2698633074760437
7531,0.26981890201568604
7532,0.22239717841148376
7533,0.22406962513923645
7534,0.22406962513923645
7535,0.22239717841148376
7536,0.24653330445289612
7537,0.24653330445289612
7538,0.2645590901374817
7539,0.26876288652420044
7540,0.26876288652420044
7541,0.2645590901374817
7542,0.21992596983909607
7543,0.21570353209972382
7544,0.21570353209972382
7545,0.21992596983909607
7546,0.2374146431684494
7547,0.2375761717557907
7548,0.2375761717557907
7549,0.2374146431684494
7550,0.23029348254203796
7551,0.228987917304039
7552,0.228987917304039
7553,0.23029348254203796
7554,0.25453317165374756
7555,0.25453317165374756
7556,0.32235080003738403
7557,0.32197946310043335
7558,0.32197946310043335
7559,0.32235080003738403
7560,0.2678077816963196
7561,0.2678077816963196
7562,0.23018787801265717
7563,0.23013554513454437
7564,0.23013554513454437
7565,0.23018787801265717
7566,0.25999706983566284
7567,0.26150545477867126
7568,0.26150545477867126
7569,0.25999706983566284
7570,0.32079094648361206
7571,0.3208865523338318
7572,0.3208865523338318
7573,0.32079094648361206
7574,0.24766333401203156
7575,0.24768854677677155
7576,0.24768854677677155
7577,0.24766333401203156
7578,0.28062427043914795
7579,0.28103864192962646
7580,0.28103864192962646
7581,0.28062427043914795
7582,0.29770851135253906
7583,0.29871147871017456
7584,0.29871147871017456
7585,0.29770851135253906
7586,0.2536274194717407
7587,0.25363799929618835
7588,0.25363799929618835
7589,0.2536274194717407
7590,0.19547732174396515
7591,0.19557125866413116
7592,0.19557125866413116
7593,0.19547732174396515
7594,0.2789456844329834
7595,0.2789456844329834
7596,0.2713351845741272
7597,0.27257347106933594
7598,0.27257347106933594
7599,0.2713351845741272
7600,0.2340763360261917
7601,0.2341170459985733
7602,0.2341170459985733
7603,0.2340763360261917
7604,0.3389226794242859
7605,0.33733052015304565
7606,0.33733052015304565
7607,0.3389226794242859
7608,0.27326351404190063
7609,0.27326351404190063
7610,0.24559538066387177
7611,0.24561066925525665
7612,0.24561066925525665
7613,0.24559538066387177
7614,0.248994842171669
7615,0.24926991760730743
7616,0.24926991760730743
7617,0.248994842171669
7618,0.29084646701812744
7619,0.29069292545318604
7620,0.29069292545318604
7621,0.29084646701812744
7622,0.22010624408721924
7623,0.2201172262430191
7624,0.2201172262430191
7625,0.22010624408721924
7626,0.24004410207271576
7627,0.24023829400539398
7628,0.24023829400539398
7629,0.24004410207271576
7630,0.1945025622844696
7631,0.1955898404121399
7632,0.1955898404121399
7633,0.1945025622844696
7634,0.2696266770362854
7635,0.2706614136695862
7636,0.2706614136695862
7637,0.2696266770362854
7638,0.25940173864364624
7639,0.25952887535095215
7640,0.25952887535095215
7641,0.25940173864364624
7642,0.18723569810390472
7643,0.18744723498821259
7644,0.18744723498821259
7645,0.18723569810390472
7646,0.2646059989929199
7647,0.2645426392555237
7648,0.2645426392555237
7649,0.2646059989929199
7650,0.26977211236953735
7651,0.26977211236953735
7652,0.2808324694633484
7653,0.283099889755249
7654,0.283099889755249
7655,0.2808324694633484
7656,0.26172953844070435
7657,0.26172953844070435
7658,0.2933683395385742
7659,0.2933667302131653
7660,0.2933667302131653
7661,0.2933683395385742
7662,0.2669748067855835
7663,0.2673400640487671
7664,0.2673400640487671
7665,0.2669748067855835
7666,0.2493177354335785
7667,0.2501847743988037
7668,0.2501847743988037
7669,0.2493177354335785
7670,0.2573002576828003
7671,0.2571831941604614
7672,0.2571831941604614
7673,0.2573002576828003
7674,0.25709617137908936
7675,0.25709617137908936
7676,0.19502852857112885
7677,0.19502852857112885
7678,0.189373180270195
7679,0.18902914226055145
7680,0.18902914226055145
7681,0.189373180270195
7682,0.2083139270544052
7683,0.2083139270544052
7684,0.1731380671262741
7685,0.1749708652496338
7686,0.1749708652496338
7687,0.1731380671262741
7688,0.14800092577934265
7689,0.14291466772556305
7690,0.14291466772556305
7691,0.14800092577934265
7692,0.23038198053836823
7693,0.23038198053836823
7694,0.16506049036979675
7695,0.16506049036979675
7696,0.19028116762638092
7697,0.18997156620025635
7698,0.18997156620025635
7699,0.19028116762638092
7700,0.19370786845684052
7701,0.19370786845684052
7702,0.18736957013607025
7703,0.18736957013607025
7704,0.24125893414020538
7705,0.23654504120349884
7706,0.23654504120349884
7707,0.24125893414020538
7708,0.19617880880832672
7709,0.19604523479938507
7710,0.19604523479938507
7711,0.19617880880832672
7712,0.22451217472553253
7713,0.22451217472553253
7714,0.21972601115703583
7715,0.22025509178638458
7716,0.22025509178638458
7717,0.21972601115703583
7718,0.23480695486068726
7719,0.23473484814167023
7720,0.23473484814167023
7721,0.23480695486068726
7722,0.2324015498161316
7723,0.2337741106748581
7724,0.2337741106748581
7725,0.2324015498161316
7726,0.21909119188785553
7727,0.21741999685764313
7728,0.21741999685764313
7729,0.21909119188785553
7730,0.22532901167869568
7731,0.22532901167869568
7732,0.24581076204776764
7733,0.25031837821006775
7734,0.25031837821006775
7735,0.24581076204776764
7736,0.18086132407188416
7737,0.18226267397403717
7738,0.18226267397403717
7739,0.18086132407188416
7740,0.22267507016658783
7741,0.2246154248714447
7742,0.2246154248714447
7743,0.22267507016658783
7744,0.23860390484333038
7745,0.23860390484333038
7746,0.2872183918952942
7747,0.2863626480102539
7748,0.2863626480102539
7749,0.2872183918952942
7750,0.23774906992912292
7751,0.23774906992912292
7752,0.22329212725162506
7753,0.22355914115905762
7754,0.22355914115905762
7755,0.22329212725162506
7756,0.2343517690896988
7757,0.23158860206604004
7758,0.23158860206604004
7759,0.2343517690896988
7760,0.22100497782230377
7761,0.2220793515443802
7762,0.2220793515443802
7763,0.22100497782230377
7764,0.2360302209854126
7765,0.2360302209854126
7766,0.2572873830795288
7767,0.2664721608161926
7768,0.2664721608161926
7769,0.2572873830795288
7770,0.23920650780200958
7771,0.23920650780200958
7772,0.22437845170497894
7773,0.22437845170497894
7774,0.22046561539173126
7775,0.2204175889492035
7776,0.2204175889492035
7777,0.22046561539173126
7778,0.2179538756608963
7779,0.2179538756608963
7780,0.2289971262216568
7781,0.23027051985263824
7782,0.23027051985263824
7783,0.2289971262216568
7784,0.23187223076820374
7785,0.23187223076820374
7786,0.2520451545715332
7787,0.2530205249786377
7788,0.2530205249786377
7789,0.2520451545715332
7790,0.1999056488275528
7791,0.21076834201812744
7792,0.21076834201812744
7793,0.1999056488275528
7794,0.2442488968372345
7795,0.2442488968372345
7796,0.2539783716201782
7797,0.2539783716201782
7798,0.22351844608783722
7799,0.2279403954744339
7800,0.2279403954744339
7801,0.22351844608783722
7802,0.24024756252765656
7803,0.23833444714546204
7804,0.23833444714546204
7805,0.24024756252765656
7806,0.23973725736141205
7807,0.23973725736141205
7808,0.24143663048744202
7809,0.24143663048744202
7810,0.23269498348236084
7811,0.23269498348236084
7812,0.23803351819515228
7813,0.2374955266714096
7814,0.2374955266714096
7815,0.23803351819515228
7816,0.1997414380311966
7817,0.20120130479335785
7818,0.20120130479335785
7819,0.1997414380311966
7820,0.22256092727184296
7821,0.22256092727184296
7822,0.220035120844841
7823,0.216836079955101
7824,0.216836079955101
7825,0.220035120844841
7826,0.1716458946466446
7827,0.17098931968212128
7828,0.17098931968212128
7829,0.1716458946466446
7830,0.23761482536792755
7831,0.23761482536792755
7832,0.21500296890735626
7833,0.2146698534488678
7834,0.2146698534488678
7835,0.21500296890735626
7836,0.21175511181354523
7837,0.21175511181354523
7838,0.23585151135921478
7839,0.23585151135921478
7840,0.24802161753177643
7841,0.24769961833953857
7842,0.24769961833953857
7843,0.24802161753177643
7844,0.23987551033496857
7845,0.23987551033496857
7846,0.2661862373352051
7847,0.2671125531196594
7848,0.2671125531196594
7849,0.2661862373352051
7850,0.2104092687368393
7851,0.21149955689907074
7852,0.21149955689907074
7853,0.2104092687368393
7854,0.24943818151950836
7855,0.24943818151950836
7856,0.2644810080528259
7857,0.2644810080528259
7858,0.25444942712783813
7859,0.2539088726043701
7860,0.2539088726043701
7861,0.25444942712783813
7862,0.24965713918209076
7863,0.24955199658870697
7864,0.24955199658870697
7865,0.24965713918209076
7866,0.25331491231918335
7867,0.25331491231918335
7868,0.2546589970588684
7869,0.2546589970588684
7870,0.21924225986003876
7871,0.21924225986003876
7872,0.21708332002162933
7873,0.21633192896842957
7874,0.21633192896842957
7875,0.21708332002162933
7876,0.1886959820985794
7877,0.18702082335948944
7878,0.18702082335948944
7879,0.1886959820985794
7880,0.20301438868045807
7881,0.20161740481853485
7882,0.20161740481853485
7883,0.20301438868045807
7884,0.200982466340065
7885,0.20096330344676971
7886,0.20096330344676971
7887,0.200982466340065
7888,0.1552591770887375
7889,0.1552099585533142
7890,0.1552099585533142
7891,0.1552591770887375
7892,0.17316298186779022
7893,0.17316298186779022
7894,0.16734950244426727
7895,0.16986718773841858
7896,0.16986718773841858
7897,0.16734950244426727
7898,0.18752779066562653
7899,0.18753103911876678
7900,0.18753103911876678
7901,0.18752779066562653
7902,0.2058519423007965
7903,0.20586203038692474
7904,0.20586203038692474
7905,0.2058519423007965
7906,0.16512548923492432
7907,0.16504532098770142
7908,0.16504532098770142
7909,0.16512548923492432
7910,0.20739011466503143
7911,0.20738427340984344
7912,0.20738427340984344
7913,0.20739011466503143
7914,0.17531202733516693
7915,0.17756898701190948
7916,0.17756898701190948
7917,0.17531202733516693
7918,0.19178415834903717
7919,0.19178415834903717
7920,0.1905820220708847
7921,0.19116398692131042
7922,0.19116398692131042
7923,0.1905820220708847
7924,0.16505779325962067
7925,0.15913820266723633
7926,0.15913820266723633
7927,0.16505779325962067
7928,0.16587436199188232
7929,0.16595610976219177
7930,0.16595610976219177
7931,0.16587436199188232
7932,0.17135721445083618
7933,0.17203198373317719
7934,0.17203198373317719
7935,0.17135721445083618
7936,0.2199387401342392
7937,0.2199387401342392
7938,0.24221999943256378
7939,0.24216338992118835
7940,0.24216338992118835
7941,0.24221999943256378
7942,0.18806390464305878
7943,0.18806390464305878
7944,0.24588315188884735
7945,0.24721361696720123
7946,0.24721361696720123
7947,0.24588315188884735
7948,0.17734362185001373
7949,0.17777208983898163
7950,0.17777208983898163
7951,0.17734362185001373
7952,0.19002355635166168
7953,0.1914985626935959
7954,0.1914985626935959
7955,0.19002355635166168
7956,0.19020608067512512
7957,0.1901969462633133
7958,0.1901969462633133
7959,0.19020608067512512
7960,0.1370149552822113
7961,0.13708709180355072
7962,0.13708709180355072
7963,0.1370149552822113
7964,0.20299260318279266
7965,0.2056286633014679
7966,0.2056286633014679
7967,0.20299260318279266
7968,0.24435581266880035
7969,0.24160422384738922
7970,0.24160422384738922
7971,0.24435581266880035
7972,0.19312986731529236
7973,0.1931084543466568
7974,0.1931084543466568
7975,0.19312986731529236
7976,0.18735748529434204
7977,0.1867721527814865
7978,0.1867721527814865
7979,0.18735748529434204
7980,0.16281181573867798
7981,0.16280707716941833
7982,0.16280707716941833
7983,0.16281181573867798
7984,0.16628748178482056
7985,0.16637547314167023
7986,0.16637547314167023
7987,0.16628748178482056
7988,0.1911657601594925
7989,0.1921059936285019
7990,0.1921059936285019
7991,0.1911657601594925
7992,0.21816138923168182
7993,0.21816138923168182
7994,0.21330447494983673
7995,0.21576346457004547
7996,0.21576346457004547
7997,0.21330447494983673
7998,0.21120180189609528
7999,0.211175337433815
8000,0.211175337433815
8001,0.21120180189609528
8002,0.19366411864757538
8003,0.19441674649715424
8004,0.19441674649715424
8005,0.19366411864757538
8006,0.19063659012317657
8007,0.18912632763385773
8008,0.18912632763385773
8009,0.19063659012317657
8010,0.18547311425209045
8011,0.18547311425209045
8012,0.21862731873989105
8013,0.21862731873989105
8014,0.22418169677257538
8015,0.22383764386177063
8016,0.22383764386177063
8017,0.22418169677257538
8018,0.1953783631324768
8019,0.19489695131778717
8020,0.19489695131778717
8021,0.1953783631324768
8022,0.20273949205875397
8023,0.2017948180437088
8024,0.2017948180437088
8025,0.20273949205875397
8026,0.2504214644432068
8027,0.2503851652145386
8028,0.2503851652145386
8029,0.2504214644432068
8030,0.19399885833263397
8031,0.19400908052921295
8032,0.19400908052921295
8033,0.19399885833263397
8034,0.19137553870677948
8035,0.19137553870677948
8036,0.2039126306772232
8037,0.2039126306772232
8038,0.20399780571460724
8039,0.20718152821063995
8040,0.20718152821063995
8041,0.20399780571460724
8042,0.1827617734670639
8043,0.1785428822040558
8044,0.1785428822040558
8045,0.1827617734670639
8046,0.17706836760044098
8047,0.1774987131357193
8048,0.1774987131357193
8049,0.17706836760044098
8050,0.23063652217388153
8051,0.23070509731769562
8052,0.23070509731769562
8053,0.23063652217388153
8054,0.18632085621356964
8055,0.185113325715065
8056,0.185113325715065
8057,0.18632085621356964
8058,0.2328917533159256
8059,0.23295722901821136
8060,0.23295722901821136
8061,0.2328917533159256
8062,0.19387589395046234
8063,0.1933133751153946
8064,0.1933133751153946
8065,0.19387589395046234
8066,0.2377232164144516
8067,0.23776762187480927
8068,0.23776762187480927
8069,0.2377232164144516
8070,0.1786704957485199
8071,0.18017621338367462
8072,0.18017621338367462
8073,0.1786704957485199
8074,0.21128857135772705
8075,0.21128857135772705
8076,0.19246536493301392
8077,0.19281251728534698
8078,0.19281251728534698
8079,0.19246536493301392
8080,0.21758781373500824
8081,0.21427038311958313
8082,0.21427038311958313
8083,0.21758781373500824
8084,0.16153176128864288
8085,0.16491931676864624
8086,0.16491931676864624
8087,0.16153176128864288
8088,0.19062629342079163
8089,0.1909106820821762
8090,0.1909106820821762
8091,0.19062629342079163
8092,0.18298055231571198
8093,0.17772884666919708
8094,0.17772884666919708
8095,0.18298055231571198
8096,0.22584928572177887
8097,0.22584928572177887
8098,0.2692755162715912
8099,0.26902565360069275
8100,0.26902565360069275
8101,0.2692755162715912
8102,0.19857601821422577
8103,0.19857601821422577
8104,0.17249733209609985
8105,0.17162828147411346
8106,0.17162828147411346
8107,0.17249733209609985
8108,0.20164664089679718
8109,0.20336581766605377
8110,0.20336581766605377
8111,0.20164664089679718
8112,0.2670094966888428
8113,0.267164945602417
8114,0.267164945602417
8115,0.2670094966888428
8116,0.20031465590000153
8117,0.20015917718410492
8118,0.20015917718410492
8119,0.20031465590000153
8120,0.2130783498287201
8121,0.2106034755706787
8122,0.2106034755706787
8123,0.2130783498287201
8124,0.2276635468006134
8125,0.22816693782806396
8126,0.22816693782806396
8127,0.2276635468006134
8128,-inf
8129,-inf
8130,-inf
8131,-inf
8132,0.22083771228790283
8133,0.2208281308412552
8134,0.2208281308412552
8135,0.22083771228790283
8136,0.16265171766281128
8137,0.16272178292274475
8138,0.16272178292274475
8139,0.16265171766281128
8140,0.2345975786447525
8141,0.2345975786447525
8142,0.21918082237243652
8143,0.21820254623889923
8144,0.21820254623889923
8145,0.21918082237243652
8146,0.20368637144565582
8147,0.20377635955810547
8148,0.20377635955810547
8149,0.20368637144565582
8150,0.24548082053661346
8151,0.2391354739665985
8152,0.2391354739665985
8153,0.24548082053661346
8154,0.20755033195018768
8155,0.20755033195018768
8156,0.2169903963804245
8157,0.2170562744140625
8158,0.2170562744140625
8159,0.2169903963804245
8160,0.2140350192785263
8161,0.21540643274784088
8162,0.21540643274784088
8163,0.2140350192785263
8164,0.21577146649360657
8165,0.21285033226013184
8166,0.21285033226013184
8167,0.21577146649360657
8168,0.19633525609970093
8169,0.19632652401924133
8170,0.19632652401924133
8171,0.19633525609970093
8172,0.19155533611774445
8173,0.19190631806850433
8174,0.19190631806850433
8175,0.19155533611774445
8176,0.15157726407051086
8177,0.15090782940387726
8178,0.15090782940387726
8179,0.15157726407051086
8180,0.20426931977272034
8181,0.20093421638011932
8182,0.20093421638011932
8183,0.20426931977272034
8184,0.20703057944774628
8185,0.2069617211818695
8186,0.2069617211818695
8187,0.20703057944774628
8188,0.2116744965314865
8189,0.21166211366653442
8190,0.21166211366653442
8191,0.2116744965314865
8192,0.1558527946472168
8193,0.15587840974330902
8194,0.15587840974330902
8195,0.1558527946472168
8196,0.1464434266090393
8197,0.1470457911491394
8198,0.1470457911491394
8199,0.1464434266090393
8200,0.2196153849363327
8201,0.2203259915113449
8202,0.2203259915113449
8203,0.2196153849363327
8204,0.2223278433084488
8205,0.2223278433084488
8206,0.21715131402015686
8207,0.22032345831394196
8208,0.22032345831394196
8209,0.21715131402015686
8210,0.21389058232307434
8211,0.21389058232307434
8212,0.2453703135251999
8213,0.24539874494075775
8214,0.24539874494075775
8215,0.2453703135251999
8216,0.20958200097084045
8217,0.21033774316310883
8218,0.21033774316310883
8219,0.20958200097084045
8220,0.18086881935596466
8221,0.18484842777252197
8222,0.18484842777252197
8223,0.18086881935596466
8224,0.22144831717014313
8225,0.2215297669172287
8226,0.2215297669172287
8227,0.22144831717014313
8228,0.20766733586788177
8229,0.20766733586788177
8230,0.23325468599796295
8231,0.23325468599796295
8232,0.2521894574165344
8233,0.2521894574165344
8234,0.21216660737991333
8235,0.2128673940896988
8236,0.2128673940896988
8237,0.21216660737991333
8238,0.25780898332595825
8239,0.25780898332595825
8240,0.26062989234924316
8241,0.2604305148124695
8242,0.2604305148124695
8243,0.26062989234924316
8244,0.22149769961833954
8245,0.22149769961833954
8246,0.19009418785572052
8247,0.18879513442516327
8248,0.18879513442516327
8249,0.19009418785572052
8250,0.23539526760578156
8251,0.23539526760578156
8252,0.22580429911613464
8253,0.22529833018779755
8254,0.22529833018779755
8255,0.22580429911613464
8256,0.21252451837062836
8257,0.21252451837062836
8258,0.2258211225271225
8259,0.22603444755077362
8260,0.22603444755077362
8261,0.2258211225271225
8262,0.22734148800373077
8263,0.22734148800373077
8264,0.23828278481960297
8265,0.24242578446865082
8266,0.24242578446865082
8267,0.23828278481960297
8268,0.1865973025560379
8269,0.19302020967006683
8270,0.19302020967006683
8271,0.1865973025560379
8272,0.2402559369802475
8273,0.2402559369802475
8274,0.22837099432945251
8275,0.22837099432945251
8276,0.23607024550437927
8277,0.24002383649349213
8278,0.24002383649349213
8279,0.23607024550437927
8280,0.23011182248592377
8281,0.22892864048480988
8282,0.22892864048480988
8283,0.23011182248592377
8284,0.24761861562728882
8285,0.24761861562728882
8286,0.23580211400985718
8287,0.23580211400985718
8288,0.2395593822002411
8289,0.23989586532115936
8290,0.23989586532115936
8291,0.2395593822002411
8292,0.21108360588550568
8293,0.21108360588550568
8294,0.2377339005470276
8295,0.23778121173381805
8296,0.23778121173381805
8297,0.2377339005470276
8298,0.22765375673770905
8299,0.22888758778572083
8300,0.22888758778572083
8301,0.22765375673770905
8302,0.21173140406608582
8303,0.21657796204090118
8304,0.21657796204090118
8305,0.21173140406608582
8306,0.2295258641242981
8307,0.2295258641242981
8308,0.24596534669399261
8309,0.2514098882675171
8310,0.2514098882675171
8311,0.24596534669399261
8312,0.18884220719337463
8313,0.19237054884433746
8314,0.19237054884433746
8315,0.18884220719337463
8316,0.22587759792804718
8317,0.22682808339595795
8318,0.22682808339595795
8319,0.22587759792804718
8320,0.2442799061536789
8321,0.2442799061536789
8322,0.2381816804409027
8323,0.2381816804409027
8324,0.24256490170955658
8325,0.24787043035030365
8326,0.24787043035030365
8327,0.24256490170955658
8328,0.23409293591976166
8329,0.2342955321073532
8330,0.2342955321073532
8331,0.23409293591976166
8332,0.2528190612792969
8333,0.2528190612792969
8334,0.23165778815746307
8335,0.23165778815746307
8336,0.22363461554050446
8337,0.22398503124713898
8338,0.22398503124713898
8339,0.22363461554050446
8340,0.22890539467334747
8341,0.22890539467334747
8342,0.22221533954143524
8343,0.22517751157283783
8344,0.22517751157283783
8345,0.22221533954143524
8346,0.19773270189762115
8347,0.1924707144498825
8348,0.1924707144498825
8349,0.19773270189762115
8350,0.2429836243391037
8351,0.2429836243391037
8352,0.2232763022184372
8353,0.22302766144275665
8354,0.22302766144275665
8355,0.2232763022184372
8356,0.22305099666118622
8357,0.22305099666118622
8358,0.2369605153799057
8359,0.23534215986728668
8360,0.23534215986728668
8361,0.2369605153799057
8362,0.21728648245334625
8363,0.21728648245334625
8364,0.2512069344520569
8365,0.25120389461517334
8366,0.25120389461517334
8367,0.2512069344520569
8368,0.23989124596118927
8369,0.23919440805912018
8370,0.23919440805912018
8371,0.23989124596118927
8372,0.22208420932292938
8373,0.22361189126968384
8374,0.22361189126968384
8375,0.22208420932292938
8376,0.23526552319526672
8377,0.23526552319526672
8378,0.25794336199760437
8379,0.259376585483551
8380,0.259376585483551
8381,0.25794336199760437
8382,0.20224012434482574
8383,0.1998346596956253
8384,0.1998346596956253
8385,0.20224012434482574
8386,0.2324361950159073
8387,0.23242013156414032
8388,0.23242013156414032
8389,0.2324361950159073
8390,0.24545621871948242
8391,0.24545621871948242
8392,0.254982054233551
8393,0.254982054233551
8394,0.24881519377231598
8395,0.24973230063915253
8396,0.24973230063915253
8397,0.24881519377231598
8398,0.24390627443790436
8399,0.24371333420276642
8400,0.24371333420276642
8401,0.24390627443790436
8402,0.2529001832008362
8403,0.2529001832008362
8404,0.2531546354293823
8405,0.2531546354293823
8406,0.22949852049350739
8407,0.22832156717777252
8408,0.22832156717777252
8409,0.22949852049350739
8410,0.198368638753891
8411,0.19833894073963165
8412,0.19833894073963165
8413,0.198368638753891
8414,0.21834240853786469
8415,0.21834240853786469
8416,0.21497930586338043
8417,0.21763713657855988
8418,0.21763713657855988
8419,0.21497930586338043
8420,0.22898557782173157
8421,0.22895829379558563
8422,0.22895829379558563
8423,0.22898557782173157
8424,0.22000443935394287
8425,0.221278116106987
8426,0.221278116106987
8427,0.22000443935394287
8428,0.21097798645496368
8429,0.21285586059093475
8430,0.21285586059093475
8431,0.21097798645496368
8432,0.2299633026123047
8433,0.2299633026123047
8434,0.2513744831085205
8435,0.25137344002723694
8436,0.25137344002723694
8437,0.2513744831085205
8438,0.19342078268527985
8439,0.19119544327259064
8440,0.19119544327259064
8441,0.19342078268527985
8442,0.2175045758485794
8443,0.2176586389541626
8444,0.2176586389541626
8445,0.2175045758485794
8446,0.24368885159492493
8447,0.24368885159492493
8448,0.2761520743370056
8449,0.2759231925010681
8450,0.2759231925010681
8451,0.2761520743370056
8452,0.24514199793338776
8453,0.24514199793338776
8454,0.23285390436649323
8455,0.2336769700050354
8456,0.2336769700050354
8457,0.23285390436649323
8458,0.23245926201343536
8459,0.2327127903699875
8460,0.2327127903699875
8461,0.23245926201343536
8462,0.2102651298046112
8463,0.21061424911022186
8464,0.21061424911022186
8465,0.2102651298046112
8466,0.23828737437725067
8467,0.23828737437725067
8468,0.24427726864814758
8469,0.24932576715946198
8470,0.24932576715946198
8471,0.24427726864814758
8472,0.2387101799249649
8473,0.2387101799249649
8474,0.25150537490844727
8475,0.2498171478509903
8476,0.2498171478509903
8477,0.25150537490844727
8478,0.23209047317504883
8479,0.23209047317504883
8480,0.2553946375846863
8481,0.2554124593734741
8482,0.2554124593734741
8483,0.2553946375846863
8484,0.24083295464515686
8485,0.24031634628772736
8486,0.24031634628772736
8487,0.24083295464515686
8488,0.22183853387832642
8489,0.2233279049396515
8490,0.2233279049396515
8491,0.22183853387832642
8492,0.24689866602420807
8493,0.24689866602420807
8494,0.2590266764163971
8495,0.2599918246269226
8496,0.2599918246269226
8497,0.2590266764163971
8498,0.2117430418729782
8499,0.2098103016614914
8500,0.2098103016614914
8501,0.2117430418729782
8502,0.23894165456295013
8503,0.23909251391887665
8504,0.23909251391887665
8505,0.23894165456295013
8506,0.2530415654182434
8507,0.2530415654182434
8508,0.2633321285247803
8509,0.2633321285247803
8510,0.25916677713394165
8511,0.25985223054885864
8512,0.25985223054885864
8513,0.25916677713394165
8514,0.24707169830799103
8515,0.2466801553964615
8516,0.2466801553964615
8517,0.24707169830799103
8518,0.2620316743850708
8519,0.2620316743850708
8520,0.24606375396251678
8521,0.24606375396251678
8522,0.16562259197235107
8523,0.16562259197235107
8524,0.1620136946439743
8525,0.15979039669036865
8526,0.15979039669036865
8527,0.1620136946439743
8528,0.18079335987567902
8529,0.18079335987567902
8530,0.15318310260772705
8531,0.15324869751930237
8532,0.15324869751930237
8533,0.15318310260772705
8534,0.21819113194942474
8535,0.21819113194942474
8536,0.21486520767211914
8537,0.2156371921300888
8538,0.2156371921300888
8539,0.21486520767211914
8540,0.22011025249958038
8541,0.22011025249958038
8542,0.2112840712070465
8543,0.2109873741865158
8544,0.2109873741865158
8545,0.2112840712070465
8546,0.17768043279647827
8547,0.17613688111305237
8548,0.17613688111305237
8549,0.17768043279647827
8550,0.23536084592342377
8551,0.23536084592342377
8552,0.20813439786434174
8553,0.20813439786434174
8554,0.2091483473777771
8555,0.21058684587478638
8556,0.21058684587478638
8557,0.2091483473777771
8558,0.21810279786586761
8559,0.21810279786586761
8560,0.21299493312835693
8561,0.21299493312835693
8562,0.20715750753879547
8563,0.20715750753879547
8564,0.2166789323091507
8565,0.21612310409545898
8566,0.21612310409545898
8567,0.2166789323091507
8568,0.22006797790527344
8569,0.22006797790527344
8570,0.22289301455020905
8571,0.2208881378173828
8572,0.2208881378173828
8573,0.22289301455020905
8574,0.16814376413822174
8575,0.17026250064373016
8576,0.17026250064373016
8577,0.16814376413822174
8578,0.23560009896755219
8579,0.23560009896755219
8580,0.20276863873004913
8581,0.20276863873004913
8582,0.22092433273792267
8583,0.22159437835216522
8584,0.22159437835216522
8585,0.22092433273792267
8586,0.2309717983007431
8587,0.2309717983007431
8588,0.2217998504638672
8589,0.2217998504638672
8590,0.2207557111978531
8591,0.22107653319835663
8592,0.22107653319835663
8593,0.2207557111978531
8594,0.23941074311733246
8595,0.23995234072208405
8596,0.23995234072208405
8597,0.23941074311733246
8598,0.24623139202594757
8599,0.2462298423051834
8600,0.2462298423051834
8601,0.24623139202594757
8602,0.19935257732868195
8603,0.1993245631456375
8604,0.1993245631456375
8605,0.19935257732868195
8606,0.21393537521362305
8607,0.21393537521362305
8608,0.23469233512878418
8609,0.23469233512878418
8610,0.20972009003162384
8611,0.20677749812602997
8612,0.20677749812602997
8613,0.20972009003162384
8614,0.1949302703142166
8615,0.19622278213500977
8616,0.19622278213500977
8617,0.1949302703142166
8618,0.23186391592025757
8619,0.23185856640338898
8620,0.23185856640338898
8621,0.23186391592025757
8622,0.20859606564044952
8623,0.2146618813276291
8624,0.2146618813276291
8625,0.20859606564044952
8626,0.23803095519542694
8627,0.23804554343223572
8628,0.23804554343223572
8629,0.23803095519542694
8630,0.20881088078022003
8631,0.20928455889225006
8632,0.20928455889225006
8633,0.20881088078022003
8634,0.24184806644916534
8635,0.24186094105243683
8636,0.24186094105243683
8637,0.24184806644916534
8638,0.19810552895069122
8639,0.20191675424575806
8640,0.20191675424575806
8641,0.19810552895069122
8642,0.23307174444198608
8643,0.23307174444198608
8644,0.22984440624713898
8645,0.22567935287952423
8646,0.22567935287952423
8647,0.22984440624713898
8648,0.18546120822429657
8649,0.18614642322063446
8650,0.18614642322063446
8651,0.18546120822429657
8652,0.20835129916667938
8653,0.20852719247341156
8654,0.20852719247341156
8655,0.20835129916667938
8656,0.21317295730113983
8657,0.20969556272029877
8658,0.20969556272029877
8659,0.21317295730113983
8660,0.24029986560344696
8661,0.24029986560344696
8662,0.28326714038848877
8663,0.28221678733825684
8664,0.28221678733825684
8665,0.28326714038848877
8666,0.2272872030735016
8667,0.2272872030735016
8668,0.1989917904138565
8669,0.19857145845890045
8670,0.19857145845890045
8671,0.1989917904138565
8672,0.2195403128862381
8673,0.218549445271492
8674,0.218549445271492
8675,0.2195403128862381
8676,0.28148317337036133
8677,0.2819214463233948
8678,0.2819214463233948
8679,0.28148317337036133
8680,0.21438153088092804
8681,0.21424086391925812
8682,0.21424086391925812
8683,0.21438153088092804
8684,0.23862867057323456
8685,0.23830802738666534
8686,0.23830802738666534
8687,0.23862867057323456
8688,0.2560330629348755
8689,0.256442129611969
8690,0.256442129611969
8691,0.2560330629348755
8692,0.22937758266925812
8693,0.22937050461769104
8694,0.22937050461769104
8695,0.22937758266925812
8696,0.17192843556404114
8697,0.17201529443264008
8698,0.17201529443264008
8699,0.17192843556404114
8700,0.24458129703998566
8701,0.24458129703998566
8702,0.2407243251800537
8703,0.2399841994047165
8704,0.2399841994047165
8705,0.2407243251800537
8706,0.20898009836673737
8707,0.2090090662240982
8708,0.2090090662240982
8709,0.20898009836673737
8710,0.2994866371154785
8711,0.29195767641067505
8712,0.29195767641067505
8713,0.2994866371154785
8714,0.24862168729305267
8715,0.24862168729305267
8716,0.22415991127490997
8717,0.22419844567775726
8718,0.22419844567775726
8719,0.22415991127490997
8720,0.21994630992412567
8721,0.2207198590040207
8722,0.2207198590040207
8723,0.21994630992412567
8724,0.23877385258674622
8725,0.23786355555057526
8726,0.23786355555057526
8727,0.23877385258674622
8728,0.20094288885593414
8729,0.20093616843223572
8730,0.20093616843223572
8731,0.20094288885593414
8732,0.20492728054523468
8733,0.2052203267812729
8734,0.2052203267812729
8735,0.20492728054523468
8736,0.17603357136249542
8737,0.1758296936750412
8738,0.1758296936750412
8739,0.17603357136249542
8740,0.23295949399471283
8741,0.2294694185256958
8742,0.2294694185256958
8743,0.23295949399471283
8744,0.2224176526069641
8745,0.22245563566684723
8746,0.22245563566684723
8747,0.2224176526069641
8748,0.18551510572433472
8749,0.18509835004806519
8750,0.18509835004806519
8751,0.18551510572433472
8752,0.17239846289157867
8753,0.1736644208431244
8754,0.1736644208431244
8755,0.17239846289157867
8756,0.233871191740036
8757,0.23401306569576263
8758,0.23401306569576263
8759,0.233871191740036
8760,0.24915443360805511
8761,0.24915443360805511
8762,0.24043218791484833
8763,0.24706073105335236
8764,0.24706073105335236
8765,0.24043218791484833
8766,0.2342701554298401
8767,0.2342701554298401
8768,0.2536911368370056
8769,0.2536943256855011
8770,0.2536943256855011
8771,0.2536911368370056
8772,0.2330559641122818
8773,0.2326051890850067
8774,0.2326051890850067
8775,0.2330559641122818
8776,0.23476989567279816
8777,0.23600785434246063
8778,0.23600785434246063
8779,0.23476989567279816
8780,0.23762528598308563
8781,0.2374168485403061
8782,0.2374168485403061
8783,0.23762528598308563
8784,0.21983082592487335
8785,0.21983082592487335
8786,0.22206436097621918
8787,0.22016681730747223
8788,0.22016681730747223
8789,0.22206436097621918
8790,0.19986160099506378
8791,0.19986160099506378
8792,0.21875007450580597
8793,0.2187284380197525
8794,0.2187284380197525
8795,0.21875007450580597
8796,0.20936603844165802
8797,0.20924171805381775
8798,0.20924171805381775
8799,0.20936603844165802
8800,0.2053104043006897
8801,0.20936039090156555
8802,0.20936039090156555
8803,0.2053104043006897
8804,0.22174058854579926
8805,0.22174058854579926
8806,0.23314052820205688
8807,0.23437939584255219
8808,0.23437939584255219
8809,0.23314052820205688
8810,0.19299723207950592
8811,0.18729667365550995
8812,0.18729667365550995
8813,0.19299723207950592
8814,0.20624811947345734
8815,0.20619142055511475
8816,0.20619142055511475
8817,0.20624811947345734
8818,0.23854632675647736
8819,0.23854632675647736
8820,0.23296190798282623
8821,0.23296190798282623
8822,0.23399581015110016
8823,0.23449836671352386
8824,0.23449836671352386
8825,0.23399581015110016
8826,0.21995064616203308
8827,0.21942272782325745
8828,0.21942272782325745
8829,0.21995064616203308
8830,0.24622826278209686
8831,0.24622826278209686
8832,0.22117450833320618
8833,0.22117450833320618
8834,0.22103704512119293
8835,0.22103704512119293
8836,0.21399013698101044
8837,0.213816836476326
8838,0.213816836476326
8839,0.21399013698101044
8840,0.22030070424079895
8841,0.22030070424079895
8842,0.16963326930999756
8843,0.16762743890285492
8844,0.16762743890285492
8845,0.16963326930999756
8846,0.24069081246852875
8847,0.24069081246852875
8848,0.20496691763401031
8849,0.2049703449010849
8850,0.2049703449010849
8851,0.20496691763401031
8852,0.1849743127822876
8853,0.18438498675823212
8854,0.18438498675823212
8855,0.1849743127822876
8856,0.19050143659114838
8857,0.19050143659114838
8858,0.2001146823167801
8859,0.20009130239486694
8860,0.20009130239486694
8861,0.2001146823167801
8862,0.1792958527803421
8863,0.1805654615163803
8864,0.1805654615163803
8865,0.1792958527803421
8866,0.18122760951519012
8867,0.1862964779138565
8868,0.1862964779138565
8869,0.18122760951519012
8870,0.19846336543560028
8871,0.19846336543560028
8872,0.19476772844791412
8873,0.19667290151119232
8874,0.19667290151119232
8875,0.19476772844791412
8876,0.14834515750408173
8877,0.1471625566482544
8878,0.1471625566482544
8879,0.14834515750408173
8880,0.173490509390831
8881,0.1737668365240097
8882,0.1737668365240097
8883,0.173490509390831
8884,0.22059567272663116
8885,0.22059567272663116
8886,0.18486155569553375
8887,0.18486155569553375
8888,0.1782180517911911
8889,0.17698080837726593
8890,0.17698080837726593
8891,0.1782180517911911
8892,0.1982487589120865
8893,0.19893480837345123
8894,0.19893480837345123
8895,0.1982487589120865
8896,0.21207576990127563
8897,0.21207576990127563
8898,0.19050918519496918
8899,0.19050918519496918
8900,0.20645929872989655
8901,0.20645929872989655
8902,0.1589205265045166
8903,0.15856404602527618
8904,0.15856404602527618
8905,0.1589205265045166
8906,0.22214633226394653
8907,0.22214633226394653
8908,0.2098759561777115
8909,0.20772716403007507
8910,0.20772716403007507
8911,0.2098759561777115
8912,0.2033773958683014
8913,0.2033773958683014
8914,0.23655042052268982
8915,0.23851019144058228
8916,0.23851019144058228
8917,0.23655042052268982
8918,0.21285860240459442
8919,0.21285860240459442
8920,0.2425554245710373
8921,0.24253661930561066
8922,0.24253661930561066
8923,0.2425554245710373
8924,0.23254570364952087
8925,0.23268599808216095
8926,0.23268599808216095
8927,0.23254570364952087
8928,0.216594859957695
8929,0.21262793242931366
8930,0.21262793242931366
8931,0.216594859957695
8932,0.23417894542217255
8933,0.23417894542217255
8934,0.24578222632408142
8935,0.24715344607830048
8936,0.24715344607830048
8937,0.24578222632408142
8938,0.1919887661933899
8939,0.19334249198436737
8940,0.19334249198436737
8941,0.1919887661933899
8942,0.23133496940135956
8943,0.23216287791728973
8944,0.23216287791728973
8945,0.23133496940135956
8946,0.24564532935619354
8947,0.24564532935619354
8948,0.24389244616031647
8949,0.24389244616031647
8950,0.24157118797302246
8951,0.24259136617183685
8952,0.24259136617183685
8953,0.24157118797302246
8954,0.23370370268821716
8955,0.23393116891384125
8956,0.23393116891384125
8957,0.23370370268821716
8958,0.2508009076118469
8959,0.2508009076118469
8960,0.24418717622756958
8961,0.24418717622756958
8962,0.24144123494625092
8963,0.24144123494625092
8964,0.24179744720458984
8965,0.2422122359275818
8966,0.2422122359275818
8967,0.24179744720458984
8968,0.2146349400281906
8969,0.2146349400281906
8970,0.21212273836135864
8971,0.21260221302509308
8972,0.21260221302509308
8973,0.21212273836135864
8974,0.22917364537715912
8975,0.22917364537715912
8976,0.23256532847881317
8977,0.23282641172409058
8978,0.23282641172409058
8979,0.23256532847881317
8980,0.2410353273153305
8981,0.2410353273153305
8982,0.2391328364610672
8983,0.239481583237648
8984,0.239481583237648
8985,0.2391328364610672
8986,0.20298147201538086
8987,0.20237328112125397
8988,0.20237328112125397
8989,0.20298147201538086
8990,0.2502925992012024
8991,0.2502925992012024
8992,0.24718362092971802
8993,0.24718362092971802
8994,0.24458996951580048
8995,0.24599935114383698
8996,0.24599935114383698
8997,0.24458996951580048
8998,0.24101988971233368
8999,0.24037553369998932
9000,0.24037553369998932
9001,0.24101988971233368
9002,0.25550076365470886
9003,0.25550076365470886
9004,0.23992501199245453
9005,0.23992501199245453
9006,0.22161871194839478
9007,0.221656933426857
9008,0.221656933426857
9009,0.22161871194839478
9010,0.22615747153759003
9011,0.22615747153759003
9012,0.23438172042369843
9013,0.23559103906154633
9014,0.23559103906154633
9015,0.23438172042369843
9016,0.17489902675151825
9017,0.1728910207748413
9018,0.1728910207748413
9019,0.17489902675151825
9020,0.2352367788553238
9021,0.2352367788553238
9022,0.22478725016117096
9023,0.22553445398807526
9024,0.22553445398807526
9025,0.22478725016117096
9026,0.21408914029598236
9027,0.21408914029598236
9028,0.2004464715719223
9029,0.2004464715719223
9030,0.19238261878490448
9031,0.19194002449512482
9032,0.19194002449512482
9033,0.19238261878490448
9034,0.21441900730133057
9035,0.21441900730133057
9036,0.21786735951900482
9037,0.21770142018795013
9038,0.21770142018795013
9039,0.21786735951900482
9040,0.15186554193496704
9041,0.15109862387180328
9042,0.15109862387180328
9043,0.15186554193496704
9044,0.22802390158176422
9045,0.22802390158176422
9046,0.2153366655111313
9047,0.21509842574596405
9048,0.21509842574596405
9049,0.2153366655111313
9050,0.21102549135684967
9051,0.21102549135684967
9052,0.2437325119972229
9053,0.2437325119972229
9054,0.21084721386432648
9055,0.20769400894641876
9056,0.20769400894641876
9057,0.21084721386432648
9058,0.25224044919013977
9059,0.25224044919013977
9060,0.2542557716369629
9061,0.25414592027664185
9062,0.25414592027664185
9063,0.2542557716369629
9064,0.25546640157699585
9065,0.25546640157699585
9066,0.15718021988868713
9067,0.1574280560016632
9068,0.1574280560016632
9069,0.15718021988868713
9070,0.17572839558124542
9071,0.17572839558124542
9072,0.1606122851371765
9073,0.1636529266834259
9074,0.1636529266834259
9075,0.1606122851371765
9076,0.14694568514823914
9077,0.1528576761484146
9078,0.1528576761484146
9079,0.14694568514823914
9080,0.19811685383319855
9081,0.19811685383319855
9082,0.1603054255247116
9083,0.15944340825080872
9084,0.15944340825080872
9085,0.1603054255247116
9086,0.196794793009758
9087,0.196794793009758
9088,0.17218925058841705
9089,0.17218925058841705
9090,0.2137909084558487
9091,0.2135746031999588
9092,0.2135746031999588
9093,0.2137909084558487
9094,0.2088993936777115
9095,0.2088993936777115
9096,0.21647672355175018
9097,0.21591678261756897
9098,0.21591678261756897
9099,0.21647672355175018
9100,0.20468255877494812
9101,0.2052769809961319
9102,0.2052769809961319
9103,0.20468255877494812
9104,0.21438319981098175
9105,0.21438319981098175
9106,0.23457086086273193
9107,0.23334884643554688
9108,0.23334884643554688
9109,0.23457086086273193
9110,0.17910565435886383
9111,0.18056808412075043
9112,0.18056808412075043
9113,0.17910565435886383
9114,0.22950376570224762
9115,0.22950376570224762
9116,0.2199283242225647
9117,0.2199283242225647
9118,0.2239130288362503
9119,0.22037415206432343
9120,0.22037415206432343
9121,0.2239130288362503
9122,0.22855159640312195
9123,0.229551762342453
9124,0.229551762342453
9125,0.22855159640312195
9126,0.22069881856441498
9127,0.22069881856441498
9128,0.22379286587238312
9129,0.22379286587238312
9130,0.20693372189998627
9131,0.20724928379058838
9132,0.20724928379058838
9133,0.20693372189998627
9134,0.21797224879264832
9135,0.21797224879264832
9136,0.2053009271621704
9137,0.20770570635795593
9138,0.20770570635795593
9139,0.2053009271621704
9140,0.17176546156406403
9141,0.17007222771644592
9142,0.17007222771644592
9143,0.17176546156406403
9144,0.2372669130563736
9145,0.2372669130563736
9146,0.21249188482761383
9147,0.21192876994609833
9148,0.21192876994609833
9149,0.21249188482761383
9150,0.2081650346517563
9151,0.2081650346517563
9152,0.22408528625965118
9153,0.22408528625965118
9154,0.2184467613697052
9155,0.21903760731220245
9156,0.21903760731220245
9157,0.2184467613697052
9158,0.23082774877548218
9159,0.23082774877548218
9160,0.22081385552883148
9161,0.2239627242088318
9162,0.2239627242088318
9163,0.22081385552883148
9164,0.18658152222633362
9165,0.18121224641799927
9166,0.18121224641799927
9167,0.18658152222633362
9168,0.24640369415283203
9169,0.24640369415283203
9170,0.21433453261852264
9171,0.21433453261852264
9172,0.22739724814891815
9173,0.22680306434631348
9174,0.22680306434631348
9175,0.22739724814891815
9176,0.22213135659694672
9177,0.22213135659694672
9178,0.2259635478258133
9179,0.2259635478258133
9180,0.1939190924167633
9181,0.1939190924167633
9182,0.19633854925632477
9183,0.19427655637264252
9184,0.19427655637264252
9185,0.19633854925632477
9186,0.1676972210407257
9187,0.1725149303674698
9188,0.1725149303674698
9189,0.1676972210407257
9190,0.20349161326885223
9191,0.20349161326885223
9192,0.1813206821680069
9193,0.18213455379009247
9194,0.18213455379009247
9195,0.1813206821680069
9196,0.18650725483894348
9197,0.18650725483894348
9198,0.19437213242053986
9199,0.1923079639673233
9200,0.1923079639673233
9201,0.19437213242053986
9202,0.19874082505702972
9203,0.1984511762857437
9204,0.1984511762857437
9205,0.19874082505702972
9206,0.21731270849704742
9207,0.21732424199581146
9208,0.21732424199581146
9209,0.21731270849704742
9210,0.16219715774059296
9211,0.16220849752426147
9212,0.16220849752426147
9213,0.16219715774059296
9214,0.17431001365184784
9215,0.17431001365184784
9216,0.19249144196510315
9217,0.19249144196510315
9218,0.17550764977931976
9219,0.1790149062871933
9220,0.1790149062871933
9221,0.17550764977931976
9222,0.16788114607334137
9223,0.16516833007335663
9224,0.16516833007335663
9225,0.16788114607334137
9226,0.20234806835651398
9227,0.2023596614599228
9228,0.2023596614599228
9229,0.20234806835651398
9230,0.18122360110282898
9231,0.17958728969097137
9232,0.17958728969097137
9233,0.18122360110282898
9234,0.21328938007354736
9235,0.21333342790603638
9236,0.21333342790603638
9237,0.21328938007354736
9238,0.17753122746944427
9239,0.17726533114910126
9240,0.17726533114910126
9241,0.17753122746944427
9242,0.2108079046010971
9243,0.21080268919467926
9244,0.21080268919467926
9245,0.2108079046010971
9246,0.16877777874469757
9247,0.1704126000404358
9248,0.1704126000404358
9249,0.16877777874469757
9250,0.19394075870513916
9251,0.19394075870513916
9252,0.1909852772951126
9253,0.18881060183048248
9254,0.18881060183048248
9255,0.1909852772951126
9256,0.1629631519317627
9257,0.15327441692352295
9258,0.15327441692352295
9259,0.1629631519317627
9260,0.18120302259922028
9261,0.18131215870380402
9262,0.18131215870380402
9263,0.18120302259922028
9264,0.16450589895248413
9265,0.16739769279956818
9266,0.16739769279956818
9267,0.16450589895248413
9268,0.2144453078508377
9269,0.2144453078508377
9270,0.2506524920463562
9271,0.2503824830055237
9272,0.2503824830055237
9273,0.2506524920463562
9274,0.18345452845096588
9275,0.18345452845096588
9276,0.17024289071559906
9277,0.171405628323555
9278,0.171405628323555
9279,0.17024289071559906
9280,0.1982414275407791
9281,0.197848841547966
9282,0.197848841547966
9283,0.1982414275407791
9284,0.24769790470600128
9285,0.24882851541042328
9286,0.24882851541042328
9287,0.24769790470600128
9288,0.1976144164800644
9289,0.19787909090518951
9290,0.19787909090518951
9291,0.1976144164800644
9292,0.20210780203342438
9293,0.2019122987985611
9294,0.2019122987985611
9295,0.20210780203342438
9296,0.21641401946544647
9297,0.21608220040798187
9298,0.21608220040798187
9299,0.21641401946544647
9300,0.190149188041687
9301,0.19015228748321533
9302,0.19015228748321533
9303,0.190149188041687
9304,0.15067677199840546
9305,0.15077413618564606
9306,0.15077413618564606
9307,0.15067677199840546
9308,0.22028036415576935
9309,0.22028036415576935
9310,0.21226240694522858
9311,0.21401815116405487
9312,0.21401815116405487
9313,0.21226240694522858
9314,0.18074536323547363
9315,0.18079257011413574
9316,0.18079257011413574
9317,0.18074536323547363
9318,0.24656455218791962
9319,0.2462405264377594
9320,0.2462405264377594
9321,0.24656455218791962
9322,0.19573445618152618
9323,0.19573445618152618
9324,0.19576586782932281
9325,0.1957998126745224
9326,0.1957998126745224
9327,0.19576586782932281
9328,0.18943317234516144
9329,0.18988533318042755
9330,0.18988533318042755
9331,0.18943317234516144
9332,0.21318484842777252
9333,0.21422268450260162
9334,0.21422268450260162
9335,0.21318484842777252
9336,0.16253072023391724
9337,0.16254356503486633
9338,0.16254356503486633
9339,0.16253072023391724
9340,0.17506633698940277
9341,0.17536011338233948
9342,0.17536011338233948
9343,0.17506633698940277
9344,0.1633816957473755
9345,0.166610449552536
9346,0.166610449552536
9347,0.1633816957473755
9348,0.20182983577251434
9349,0.2075791209936142
9350,0.2075791209936142
9351,0.20182983577251434
9352,0.19833293557167053
9353,0.19836197793483734
9354,0.19836197793483734
9355,0.19833293557167053
9356,0.1709737330675125
9357,0.17475447058677673
9358,0.17475447058677673
9359,0.1709737330675125
9360,0.16156142950057983
9361,0.1603165715932846
9362,0.1603165715932846
9363,0.16156142950057983
9364,0.21088086068630219
9365,0.21033523976802826
9366,0.21033523976802826
9367,0.21088086068630219
9368,0.2119942456483841
9369,0.2119942456483841
9370,0.21003292500972748
9371,0.21035189926624298
9372,0.21035189926624298
9373,0.21003292500972748
9374,0.202223539352417
9375,0.202223539352417
9376,0.21653518080711365
9377,0.21655070781707764
9378,0.21655070781707764
9379,0.21653518080711365
9380,0.20883072912693024
9381,0.2099548727273941
9382,0.2099548727273941
9383,0.20883072912693024
9384,0.1989247351884842
9385,0.1952156275510788
9386,0.1952156275510788
9387,0.1989247351884842
9388,0.20327481627464294
9389,0.20318041741847992
9390,0.20318041741847992
9391,0.20327481627464294
9392,0.19320137798786163
9393,0.19320137798786163
9394,0.22907836735248566
9395,0.22920675575733185
9396,0.22920675575733185
9397,0.22907836735248566
9398,0.22883321344852448
9399,0.23082178831100464
9400,0.23082178831100464
9401,0.22883321344852448
9402,0.2551935315132141
9403,0.255119264125824
9404,0.255119264125824
9405,0.2551935315132141
9406,0.20460456609725952
9407,0.20453192293643951
9408,0.20453192293643951
9409,0.20460456609725952
9410,0.21209222078323364
9411,0.21209222078323364
9412,0.20484758913516998
9413,0.2066049426794052
9414,0.2066049426794052
9415,0.20484758913516998
9416,0.20001696050167084
9417,0.19795627892017365
9418,0.19795627892017365
9419,0.20001696050167084
9420,0.24305595457553864
9421,0.24307529628276825
9422,0.24307529628276825
9423,0.24305595457553864
9424,0.2151722013950348
9425,0.21593992412090302
9426,0.21593992412090302
9427,0.2151722013950348
9428,0.2539403438568115
9429,0.25396013259887695
9430,0.25396013259887695
9431,0.2539403438568115
9432,0.21188734471797943
9433,0.21391746401786804
9434,0.21391746401786804
9435,0.21188734471797943
9436,0.24971066415309906
9437,0.24974052608013153
9438,0.24974052608013153
9439,0.24971066415309906
9440,0.20695440471172333
9441,0.20894281566143036
9442,0.20894281566143036
9443,0.20695440471172333
9444,0.22994877398014069
9445,0.22994877398014069
9446,0.24336864054203033
9447,0.2469402253627777
9448,0.2469402253627777
9449,0.24336864054203033
9450,0.1826467663049698
9451,0.18228688836097717
9452,0.18228688836097717
9453,0.1826467663049698
9454,0.2098720222711563
9455,0.2105492204427719
9456,0.2105492204427719
9457,0.2098720222711563
9458,0.21422089636325836
9459,0.21622680127620697
9460,0.21622680127620697
9461,0.21422089636325836
9462,0.24626600742340088
9463,0.24626600742340088
9464,0.2917632460594177
9465,0.2927889823913574
9466,0.2927889823913574
9467,0.2917632460594177
9468,0.2399796098470688
9469,0.2399796098470688
9470,0.1924278289079666
9471,0.19759854674339294
9472,0.19759854674339294
9473,0.1924278289079666
9474,0.23428906500339508
9475,0.23607879877090454
9476,0.23607879877090454
9477,0.23428906500339508
9478,0.30359089374542236
9479,0.30249911546707153
9480,0.30249911546707153
9481,0.30359089374542236
9482,0.2233622521162033
9483,0.2233780473470688
9484,0.2233780473470688
9485,0.2233622521162033
9486,0.230110302567482
9487,0.2298247367143631
9488,0.2298247367143631
9489,0.230110302567482
9490,0.2690403461456299
9491,0.26161569356918335
9492,0.26161569356918335
9493,0.2690403461456299
9494,0.23052118718624115
9495,0.23053289949893951
9496,0.23053289949893951
9497,0.23052118718624115
9498,0.16665194928646088
9499,0.16699805855751038
9500,0.16699805855751038
9501,0.16665194928646088
9502,0.2607468366622925
9503,0.2607468366622925
9504,0.2552748918533325
9505,0.2532315254211426
9506,0.2532315254211426
9507,0.2552748918533325
9508,0.21593095362186432
9509,0.21596838533878326
9510,0.21596838533878326
9511,0.21593095362186432
9512,0.2921421527862549
9513,0.30063360929489136
9514,0.30063360929489136
9515,0.2921421527862549
9516,0.2409379631280899
9517,0.2409379631280899
9518,0.22950546443462372
9519,0.2294968217611313
9520,0.2294968217611313
9521,0.22950546443462372
9522,0.23451833426952362
9523,0.23268906772136688
9524,0.23268906772136688
9525,0.23451833426952362
9526,0.2560657262802124
9527,0.2593401074409485
9528,0.2593401074409485
9529,0.2560657262802124
9530,0.2050478160381317
9531,0.2050521820783615
9532,0.2050521820783615
9533,0.2050478160381317
9534,0.20650343596935272
9535,0.20746950805187225
9536,0.20746950805187225
9537,0.20650343596935272
9538,0.18844181299209595
9539,0.1892712265253067
9540,0.1892712265253067
9541,0.18844181299209595
9542,0.23893122375011444
9543,0.2422381490468979
9544,0.2422381490468979
9545,0.23893122375011444
9546,0.22857533395290375
9547,0.22931437194347382
9548,0.22931437194347382
9549,0.22857533395290375
9550,0.1833523064851761
9551,0.18169362843036652
9552,0.18169362843036652
9553,0.1833523064851761
9554,0.24878180027008057
9555,0.2526768445968628
9556,0.2526768445968628
9557,0.24878180027008057
9558,0.24361605942249298
9559,0.24361605942249298
9560,0.2535277009010315
9561,0.25092053413391113
9562,0.25092053413391113
9563,0.2535277009010315
9564,0.23354777693748474
9565,0.23354777693748474
9566,0.265117347240448
9567,0.26514124870300293
9568,0.26514124870300293
9569,0.265117347240448
9570,0.24684752523899078
9571,0.2469112128019333
9572,0.2469112128019333
9573,0.24684752523899078
9574,0.22824950516223907
9575,0.22118422389030457
9576,0.22118422389030457
9577,0.22824950516223907
9578,0.2411278337240219
9579,0.2393151819705963
9580,0.2393151819705963
9581,0.2411278337240219
9582,0.2287970632314682
9583,0.2287970632314682
9584,0.2179563045501709
9585,0.2179563045501709
9586,0.21484047174453735
9587,0.21917231380939484
9588,0.21917231380939484
9589,0.21484047174453735
9590,0.22976796329021454
9591,0.22976796329021454
9592,0.2360730916261673
9593,0.24469730257987976
9594,0.24469730257987976
9595,0.2360730916261673
9596,0.20675714313983917
9597,0.19113323092460632
9598,0.19113323092460632
9599,0.20675714313983917
9600,0.23906384408473969
9601,0.23906384408473969
9602,0.24119646847248077
9603,0.24119646847248077
9604,0.22817565500736237
9605,0.23337195813655853
9606,0.23337195813655853
9607,0.22817565500736237
9608,0.2283744066953659
9609,0.23039557039737701
9610,0.23039557039737701
9611,0.2283744066953659
9612,0.240447536110878
9613,0.240447536110878
9614,0.23520055413246155
9615,0.23520055413246155
9616,0.24205031991004944
9617,0.24205031991004944
9618,0.20737168192863464
9619,0.20737168192863464
9620,0.19763532280921936
9621,0.19810478389263153
9622,0.19810478389263153
9623,0.19763532280921936
9624,0.24823841452598572
9625,0.24909575283527374
9626,0.24909575283527374
9627,0.24823841452598572
9628,0.2298765331506729
9629,0.2298765331506729
9630,0.2414943128824234
9631,0.24153944849967957
9632,0.24153944849967957
9633,0.2414943128824234
9634,0.2474440485239029
9635,0.24665679037570953
9636,0.24665679037570953
9637,0.2474440485239029
9638,0.2198488414287567
9639,0.2206163853406906
9640,0.2206163853406906
9641,0.2198488414287567
9642,0.23901928961277008
9643,0.23901928961277008
9644,0.25865674018859863
9645,0.25888437032699585
9646,0.25888437032699585
9647,0.25865674018859863
9648,0.20578889548778534
9649,0.2057807445526123
9650,0.2057807445526123
9651,0.20578889548778534
9652,0.23279651999473572
9653,0.23302608728408813
9654,0.23302608728408813
9655,0.23279651999473572
9656,0.24582888185977936
9657,0.24582888185977936
9658,0.26541852951049805
9659,0.26541852951049805
9660,0.2733426094055176
9661,0.2727297246456146
9662,0.2727297246456146
9663,0.2733426094055176
9664,0.23938004672527313
9665,0.23939698934555054
9666,0.23939698934555054
9667,0.23938004672527313
9668,0.2576388716697693
9669,0.2576388716697693
9670,0.24859344959259033
9671,0.24859344959259033
9672,-inf
9673,-inf
9674,-inf
9675,-inf
9676,-inf
9677,-inf
9678,-inf
9679,-inf
9680,-inf
9681,-inf
9682,-inf
9683,-inf
9684,-inf
9685,-inf
9686,0.24518851935863495
9687,0.24592331051826477
9688,0.24592331051826477
9689,0.24518851935863495
9690,0.23279623687267303
9691,0.23279623687267303
9692,0.24349716305732727
9693,0.24349276721477509
9694,0.24349276721477509
9695,0.24349716305732727
9696,0.23703151941299438
9697,0.23764833807945251
9698,0.23764833807945251
9699,0.23703151941299438
9700,0.2213152050971985
9701,0.22175265848636627
9702,0.22175265848636627
9703,0.2213152050971985
9704,0.2407526969909668
9705,0.2407526969909668
9706,0.2438318282365799
9707,0.24660806357860565
9708,0.24660806357860565
9709,0.2438318282365799
9710,0.2030954360961914
9711,0.20093809068202972
9712,0.20093809068202972
9713,0.2030954360961914
9714,0.23093931376934052
9715,0.2310924381017685
9716,0.2310924381017685
9717,0.23093931376934052
9718,0.2501944601535797
9719,0.2501944601535797
9720,0.2493128925561905
9721,0.2493128925561905
9722,0.24136987328529358
9723,0.2416326254606247
9724,0.2416326254606247
9725,0.24136987328529358
9726,0.24230226874351501
9727,0.24144911766052246
9728,0.24144911766052246
9729,0.24230226874351501
9730,0.2552165985107422
9731,0.2552165985107422
9732,0.24218396842479706
9733,0.24218396842479706
9734,0.2297901064157486
9735,0.2297901064157486
9736,0.22673656046390533
9737,0.2265375703573227
9738,0.2265375703573227
9739,0.22673656046390533
9740,0.21318407356739044
9741,0.21318407356739044
9742,0.20303626358509064
9743,0.2026730477809906
9744,0.2026730477809906
9745,0.20303626358509064
9746,0.2198999971151352
9747,0.2198999971151352
9748,0.2017446905374527
9749,0.20536644756793976
9750,0.20536644756793976
9751,0.2017446905374527
9752,0.16602815687656403
9753,0.16398996114730835
9754,0.16398996114730835
9755,0.16602815687656403
9756,0.23905299603939056
9757,0.23905299603939056
9758,0.18682041764259338
9759,0.18682041764259338
9760,0.18653862178325653
9761,0.18804103136062622
9762,0.18804103136062622
9763,0.18653862178325653
9764,0.21378876268863678
9765,0.21378502249717712
9766,0.21378502249717712
9767,0.21378876268863678
9768,0.20797021687030792
9769,0.20797021687030792
9770,0.2104516476392746
9771,0.2104516476392746
9772,0.20390500128269196
9773,0.20585010945796967
9774,0.20585010945796967
9775,0.20390500128269196
9776,0.21105344593524933
9777,0.20990751683712006
9778,0.20990751683712006
9779,0.21105344593524933
9780,0.24431078135967255
9781,0.24426980316638947
9782,0.24426980316638947
9783,0.24431078135967255
9784,0.18945097923278809
9785,0.18948929011821747
9786,0.18948929011821747
9787,0.18945097923278809
9788,0.19872763752937317
9789,0.19872763752937317
9790,0.18621794879436493
9791,0.18911950290203094
9792,0.18911950290203094
9793,0.18621794879436493
9794,0.22444270551204681
9795,0.22447147965431213
9796,0.22447147965431213
9797,0.22444270551204681
9798,0.2364964634180069
9799,0.23659728467464447
9800,0.23659728467464447
9801,0.2364964634180069
9802,0.19598665833473206
9803,0.19583581387996674
9804,0.19583581387996674
9805,0.19598665833473206
9806,0.23012636601924896
9807,0.23016948997974396
9808,0.23016948997974396
9809,0.23012636601924896
9810,0.1898323893547058
9811,0.18933813273906708
9812,0.18933813273906708
9813,0.1898323893547058
9814,0.21856939792633057
9815,0.21856939792633057
9816,0.22339320182800293
9817,0.22328902781009674
9818,0.22328902781009674
9819,0.22339320182800293
9820,0.159773588180542
9821,0.15941554307937622
9822,0.15941554307937622
9823,0.159773588180542
9824,0.19412226974964142
9825,0.19444827735424042
9826,0.19444827735424042
9827,0.19412226974964142
9828,0.19341301918029785
9829,0.20072714984416962
9830,0.20072714984416962
9831,0.19341301918029785
9832,0.23680147528648376
9833,0.23680147528648376
9834,0.27016884088516235
9835,0.26983973383903503
9836,0.26983973383903503
9837,0.27016884088516235
9838,0.21384280920028687
9839,0.21384280920028687
9840,0.2758685350418091
9841,0.2770061790943146
9842,0.2770061790943146
9843,0.2758685350418091
9844,0.20264315605163574
9845,0.20304639637470245
9846,0.20304639637470245
9847,0.20264315605163574
9848,0.21426518261432648
9849,0.21548306941986084
9850,0.21548306941986084
9851,0.21426518261432648
9852,0.2498117834329605
9853,0.24751533567905426
9854,0.24751533567905426
9855,0.2498117834329605
9856,0.21754716336727142
9857,0.21755529940128326
9858,0.21755529940128326
9859,0.21754716336727142
9860,0.1467244029045105
9861,0.14681866765022278
9862,0.14681866765022278
9863,0.1467244029045105
9864,0.234202042222023
9865,0.23343230783939362
9866,0.23343230783939362
9867,0.234202042222023
9868,0.2868172228336334
9869,0.2866740822792053
9870,0.2866740822792053
9871,0.2868172228336334
9872,0.21521390974521637
9873,0.21521390974521637
9874,0.21383324265480042
9875,0.21384282410144806
9876,0.21384282410144806
9877,0.21383324265480042
9878,0.21377192437648773
9879,0.21433664858341217
9880,0.21433664858341217
9881,0.21377192437648773
9882,0.23656052350997925
9883,0.2373066395521164
9884,0.2373066395521164
9885,0.23656052350997925
9886,0.18896520137786865
9887,0.1889788657426834
9888,0.1889788657426834
9889,0.18896520137786865
9890,0.19856366515159607
9891,0.1991053968667984
9892,0.1991053968667984
9893,0.19856366515159607
9894,0.15253430604934692
9895,0.15438802540302277
9896,0.15438802540302277
9897,0.15253430604934692
9898,0.2247115522623062
9899,0.22373777627944946
9900,0.22373777627944946
9901,0.2247115522623062
9902,0.14893199503421783
9903,0.14957444369792938
9904,0.14957444369792938
9905,0.14893199503421783
9906,0.2280856966972351
9907,0.2280856966972351
9908,0.22833707928657532
9909,0.2308618426322937
9910,0.2308618426322937
9911,0.22833707928657532
9912,0.2187701314687729
9913,0.2187701314687729
9914,0.24271370470523834
9915,0.24270662665367126
9916,0.24270662665367126
9917,0.24271370470523834
9918,0.22493664920330048
9919,0.22517991065979004
9920,0.22517991065979004
9921,0.22493664920330048
9922,0.20412768423557281
9923,0.20380622148513794
9924,0.20380622148513794
9925,0.20412768423557281
9926,0.21371866762638092
9927,0.21371866762638092
9928,0.22915200889110565
9929,0.22915200889110565
9930,0.22985731065273285
9931,0.22972683608531952
9932,0.22972683608531952
9933,0.22985731065273285
9934,0.21204401552677155
9935,0.21204401552677155
9936,0.21273446083068848
9937,0.21245233714580536
9938,0.21245233714580536
9939,0.21273446083068848
9940,0.1952529400587082
9941,0.19606144726276398
9942,0.19606144726276398
9943,0.1952529400587082
9944,0.21650734543800354
9945,0.21650734543800354
9946,0.19899289309978485
9947,0.20100902020931244
9948,0.20100902020931244
9949,0.19899289309978485
9950,0.14865797758102417
9951,0.14679226279258728
9952,0.14679226279258728
9953,0.14865797758102417
9954,0.2327294796705246
9955,0.2327294796705246
9956,0.2014988511800766
9957,0.2016010731458664
9958,0.2016010731458664
9959,0.2014988511800766
9960,0.19330106675624847
9961,0.19330106675624847
9962,0.21874171495437622
9963,0.21874171495437622
9964,0.21282745897769928
9965,0.21273647248744965
9966,0.21273647248744965
9967,0.21282745897769928
9968,0.21955259144306183
9969,0.2245185673236847
9970,0.2245185673236847
9971,0.21955259144306183
9972,0.21658243238925934
9973,0.21658243238925934
9974,0.21661467850208282
9975,0.21683461964130402
9976,0.21683461964130402
9977,0.21661467850208282
9978,0.21329684555530548
9979,0.216573104262352
9980,0.216573104262352
9981,0.21329684555530548
9982,0.22102661430835724
9983,0.22178877890110016
9984,0.22178877890110016
9985,0.22102661430835724
9986,0.22278322279453278
9987,0.22278322279453278
9988,0.22592699527740479
9989,0.22714932262897491
9990,0.22714932262897491
9991,0.22592699527740479
9992,0.17344997823238373
9993,0.16609466075897217
9994,0.16609466075897217
9995,0.17344997823238373
9996,0.20979522168636322
9997,0.21005597710609436
9998,0.21005597710609436
9999,0.20979522168636322
10000,0.23430071771144867
10001,0.23430071771144867
10002,0.21229971945285797
10003,0.21229971945285797
10004,0.19893567264080048
10005,0.19756469130516052
10006,0.19756469130516052
10007,0.19893567264080048
10008,0.2159523069858551
10009,0.21477408707141876
10010,0.21477408707141876
10011,0.2159523069858551
10012,0.21922101080417633
10013,0.21922101080417633
10014,0.21005000174045563
10015,0.21005000174045563
10016,0.24017880856990814
10017,0.24017880856990814
10018,0.2610771059989929
10019,0.26550042629241943
10020,0.26550042629241943
10021,0.2610771059989929
10022,0.2545730471611023
10023,0.2539061903953552
10024,0.2539061903953552
10025,0.2545730471611023
10026,0.303058385848999
10027,0.30259156227111816
10028,0.30259156227111816
10029,0.303058385848999
10030,0.2588205933570862
10031,0.258364200592041
10032,0.258364200592041
10033,0.2588205933570862
10034,0.23920755088329315
10035,0.23920755088329315
10036,0.2471415251493454
10037,0.24450697004795074
10038,0.24450697004795074
10039,0.2471415251493454
10040,0.2050326019525528
10041,0.2083101123571396
10042,0.2083101123571396
10043,0.2050326019525528
10044,0.2972133755683899
10045,0.29666703939437866
10046,0.29666703939437866
10047,0.2972133755683899
10048,0.24016408622264862
10049,0.24444851279258728
10050,0.24444851279258728
10051,0.24016408622264862
10052,0.3003939390182495
10053,0.30029505491256714
10054,0.30029505491256714
10055,0.3003939390182495
10056,0.26085907220840454
10057,0.2618953585624695
10058,0.2618953585624695
10059,0.26085907220840454
10060,0.30338460206985474
10061,0.30341726541519165
10062,0.30341726541519165
10063,0.30338460206985474
10064,0.2513350546360016
10065,0.24772526323795319
10066,0.24772526323795319
10067,0.2513350546360016
10068,0.26548755168914795
10069,0.26548755168914795
10070,0.2786816656589508
10071,0.28171271085739136
10072,0.28171271085739136
10073,0.2786816656589508
10074,0.18952380120754242
10075,0.20063899457454681
10076,0.20063899457454681
10077,0.18952380120754242
10078,0.25697827339172363
10079,0.2592449188232422
10080,0.2592449188232422
10081,0.25697827339172363
10082,0.21961204707622528
10083,0.22692038118839264
10084,0.22692038118839264
10085,0.21961204707622528
10086,0.2729317545890808
10087,0.2729317545890808
10088,0.3405003547668457
10089,0.3382291793823242
10090,0.3382291793823242
10091,0.3405003547668457
10092,0.27056580781936646
10093,0.27056580781936646
10094,0.22534121572971344
10095,0.2267116755247116
10096,0.2267116755247116
10097,0.22534121572971344
10098,0.2777095139026642
10099,0.26647061109542847
10100,0.26647061109542847
10101,0.2777095139026642
10102,0.35220223665237427
10103,0.3540593385696411
10104,0.3540593385696411
10105,0.35220223665237427
10106,0.266587495803833
10107,0.2656601071357727
10108,0.2656601071357727
10109,0.266587495803833
10110,0.2468651384115219
10111,0.2473425418138504
10112,0.2473425418138504
10113,0.2468651384115219
10114,0.3190345764160156
10115,0.30603402853012085
10116,0.30603402853012085
10117,0.3190345764160156
10118,0.2781049609184265
10119,0.27806806564331055
10120,0.27806806564331055
10121,0.2781049609184265
10122,0.19501487910747528
10123,0.19548729062080383
10124,0.19548729062080383
10125,0.19501487910747528
10126,0.30190885066986084
10127,0.30190885066986084
10128,0.29775470495224
10129,0.2887004613876343
10130,0.2887004613876343
10131,0.29775470495224
10132,0.25749409198760986
10133,0.2579268217086792
10134,0.2579268217086792
10135,0.25749409198760986
10136,0.3048272132873535
10137,0.31245678663253784
10138,0.31245678663253784
10139,0.3048272132873535
10140,0.2814040780067444
10141,0.2814040780067444
10142,0.2666511535644531
10143,0.26665300130844116
10144,0.26665300130844116
10145,0.2666511535644531
10146,0.26816630363464355
10147,0.2686408460140228
10148,0.2686408460140228
10149,0.26816630363464355
10150,0.3002941608428955
10151,0.2977827191352844
10152,0.2977827191352844
10153,0.3002941608428955
10154,0.24774333834648132
10155,0.24758054316043854
10156,0.24758054316043854
10157,0.24774333834648132
10158,0.25457823276519775
10159,0.25701284408569336
10160,0.25701284408569336
10161,0.25457823276519775
10162,0.18576569855213165
10163,0.18407319486141205
10164,0.18407319486141205
10165,0.18576569855213165
10166,0.27681154012680054
10167,0.270285427570343
10168,0.270285427570343
10169,0.27681154012680054
10170,0.26866838335990906
10171,0.26847100257873535
10172,0.26847100257873535
10173,0.26866838335990906
10174,0.17415185272693634
10175,0.17698146402835846
10176,0.17698146402835846
10177,0.17415185272693634
10178,0.293388307094574
10179,0.2986379861831665
10180,0.2986379861831665
10181,0.293388307094574
10182,0.27236178517341614
10183,0.27236178517341614
10184,0.29943960905075073
10185,0.30961233377456665
10186,0.30961233377456665
10187,0.29943960905075073
10188,0.2817480266094208
10189,0.2817480266094208
10190,0.3246026635169983
10191,0.3244968056678772
10192,0.3244968056678772
10193,0.3246026635169983
10194,0.28196728229522705
10195,0.2782679796218872
10196,0.2782679796218872
10197,0.28196728229522705
10198,0.22202275693416595
10199,0.22438478469848633
10200,0.22438478469848633
10201,0.22202275693416595
10202,0.27975600957870483
10203,0.2775565981864929
10204,0.2775565981864929
10205,0.27975600957870483
10206,0.26580560207366943
10207,0.26580560207366943
10208,0.2439688742160797
10209,0.2471991926431656
10210,0.2471991926431656
10211,0.2439688742160797
10212,0.23865288496017456
10213,0.23865288496017456
10214,0.2631264925003052
10215,0.26308101415634155
10216,0.26308101415634155
10217,0.2631264925003052
10218,0.2428824007511139
10219,0.24267615377902985
10220,0.24267615377902985
10221,0.2428824007511139
10222,0.2254960685968399
10223,0.22244076430797577
10224,0.22244076430797577
10225,0.2254960685968399
10226,0.25106215476989746
10227,0.25106215476989746
10228,0.24706746637821198
10229,0.2477291226387024
10230,0.2477291226387024
10231,0.24706746637821198
10232,0.1998639851808548
10233,0.2012230008840561
10234,0.2012230008840561
10235,0.1998639851808548
10236,0.24257589876651764
10237,0.2430303543806076
10238,0.2430303543806076
10239,0.24257589876651764
10240,0.2577947974205017
10241,0.2577947974205017
10242,0.23547424376010895
10243,0.23547424376010895
10244,0.22348174452781677
10245,0.2243931144475937
10246,0.2243931144475937
10247,0.22348174452781677
10248,0.2415199875831604
10249,0.24127061665058136
10250,0.24127061665058136
10251,0.2415199875831604
10252,0.2633153796195984
10253,0.2633153796195984
10254,0.24458090960979462
10255,0.24458090960979462
10256,0.16441750526428223
10257,0.1655239313840866
10258,0.1655239313840866
10259,0.16441750526428223
10260,0.19584302604198456
10261,0.19584302604198456
10262,0.19564928114414215
10263,0.1931203156709671
10264,0.1931203156709671
10265,0.19564928114414215
10266,0.16811515390872955
10267,0.1624186784029007
10268,0.1624186784029007
10269,0.16811515390872955
10270,0.21685753762722015
10271,0.21685753762722015
10272,0.19027604162693024
10273,0.1898185908794403
10274,0.1898185908794403
10275,0.19027604162693024
10276,0.18486766517162323
10277,0.18486766517162323
10278,0.20549775660037994
10279,0.20549775660037994
10280,0.20245994627475739
10281,0.20222978293895721
10282,0.20222978293895721
10283,0.20245994627475739
10284,0.22905096411705017
10285,0.22905096411705017
10286,0.23689118027687073
10287,0.23729316890239716
10288,0.23729316890239716
10289,0.23689118027687073
10290,0.24404342472553253
10291,0.24404342472553253
10292,0.2436540573835373
10293,0.24589663743972778
10294,0.24589663743972778
10295,0.2436540573835373
10296,0.20897267758846283
10297,0.20704959332942963
10298,0.20704959332942963
10299,0.20897267758846283
10300,0.2510930895805359
10301,0.2510930895805359
10302,0.25412172079086304
10303,0.25412172079086304
10304,0.2518424987792969
10305,0.25291669368743896
10306,0.25291669368743896
10307,0.2518424987792969
10308,0.2434287667274475
10309,0.24310697615146637
10310,0.24310697615146637
10311,0.2434287667274475
10312,0.2598893642425537
10313,0.2598893642425537
10314,0.24482236802577972
10315,0.24482236802577972
10316,0.22137819230556488
10317,0.22396716475486755
10318,0.22396716475486755
10319,0.22137819230556488
10320,0.22535111010074615
10321,0.22535111010074615
10322,0.24584929645061493
10323,0.24409671127796173
10324,0.24409671127796173
10325,0.24584929645061493
10326,0.18826961517333984
10327,0.2010570615530014
10328,0.2010570615530014
10329,0.18826961517333984
10330,0.24043962359428406
10331,0.24043962359428406
10332,0.23386980593204498
10333,0.23418930172920227
10334,0.23418930172920227
10335,0.23386980593204498
10336,0.24966944754123688
10337,0.24966944754123688
10338,0.23303808271884918
10339,0.23303808271884918
10340,0.21559368073940277
10341,0.21559368073940277
10342,0.16680292785167694
10343,0.16900204122066498
10344,0.16900204122066498
10345,0.16680292785167694
10346,0.22847425937652588
10347,0.22847425937652588
10348,0.20910640060901642
10349,0.20915694534778595
10350,0.20915694534778595
10351,0.20910640060901642
10352,0.2044590562582016
10353,0.2044590562582016
10354,0.2662648558616638
10355,0.26607635617256165
10356,0.26607635617256165
10357,0.2662648558616638
10358,0.26653552055358887
10359,0.2651493549346924
10360,0.2651493549346924
10361,0.26653552055358887
10362,0.2832832932472229
10363,0.28323549032211304
10364,0.28323549032211304
10365,0.2832832932472229
10366,0.23384900391101837
10367,0.23387165367603302
10368,0.23387165367603302
10369,0.23384900391101837
10370,0.24711976945400238
10371,0.24711976945400238
10372,0.23616795241832733
10373,0.23822727799415588
10374,0.23822727799415588
10375,0.23616795241832733
10376,0.2700802683830261
10377,0.2700788974761963
10378,0.2700788974761963
10379,0.2700802683830261
10380,0.2825632095336914
10381,0.2825961410999298
10382,0.2825961410999298
10383,0.2825632095336914
10384,0.26303690671920776
10385,0.26273781061172485
10386,0.26273781061172485
10387,0.26303690671920776
10388,0.28088682889938354
10389,0.28089508414268494
10390,0.28089508414268494
10391,0.28088682889938354
10392,0.22963397204875946
10393,0.23340348899364471
10394,0.23340348899364471
10395,0.22963397204875946
10396,0.2529761791229248
10397,0.2529761791229248
10398,0.2631063163280487
10399,0.2628192901611328
10400,0.2628192901611328
10401,0.2631063163280487
10402,0.19399766623973846
10403,0.1933363527059555
10404,0.1933363527059555
10405,0.19399766623973846
10406,0.250675767660141
10407,0.251028835773468
10408,0.251028835773468
10409,0.250675767660141
10410,0.22092826664447784
10411,0.2249862551689148
10412,0.2249862551689148
10413,0.22092826664447784
10414,0.2552882432937622
10415,0.2552882432937622
10416,0.3240891695022583
10417,0.3238193392753601
10418,0.3238193392753601
10419,0.3240891695022583
10420,0.25923091173171997
10421,0.25923091173171997
10422,0.32881098985671997
10423,0.3314918279647827
10424,0.3314918279647827
10425,0.32881098985671997
10426,0.25784507393836975
10427,0.2580881118774414
10428,0.2580881118774414
10429,0.25784507393836975
10430,0.24806563556194305
10431,0.2491975724697113
10432,0.2491975724697113
10433,0.24806563556194305
10434,0.26578056812286377
10435,0.2657906413078308
10436,0.2657906413078308
10437,0.26578056812286377
10438,0.19738610088825226
10439,0.1975155919790268
10440,0.1975155919790268
10441,0.19738610088825226
10442,0.2834976315498352
10443,0.28333836793899536
10444,0.28333836793899536
10445,0.2834976315498352
10446,0.3087906241416931
10447,0.3103744387626648
10448,0.3103744387626648
10449,0.3087906241416931
10450,0.2532815933227539
10451,0.25330790877342224
10452,0.25330790877342224
10453,0.2532815933227539
10454,0.25719428062438965
10455,0.25761353969573975
10456,0.25761353969573975
10457,0.25719428062438965
10458,0.2293652892112732
10459,0.22937418520450592
10460,0.22937418520450592
10461,0.2293652892112732
10462,0.2567298412322998
10463,0.25704556703567505
10464,0.25704556703567505
10465,0.2567298412322998
10466,0.2661816477775574
10467,0.26432621479034424
10468,0.26432621479034424
10469,0.2661816477775574
10470,0.26282429695129395
10471,0.26282429695129395
10472,0.293351948261261
10473,0.2936926484107971
10474,0.2936926484107971
10475,0.293351948261261
10476,0.296875
10477,0.296897292137146
10478,0.296897292137146
10479,0.296875
10480,0.27196288108825684
10481,0.2728862464427948
10482,0.2728862464427948
10483,0.27196288108825684
10484,0.22050471603870392
10485,0.21859697997570038
10486,0.21859697997570038
10487,0.22050471603870392
10488,0.25637316703796387
10489,0.25637316703796387
10490,0.21611635386943817
10491,0.21611635386943817
10492,0.21708981692790985
10493,0.2175132930278778
10494,0.2175132930278778
10495,0.21708981692790985
10496,0.2371467798948288
10497,0.2371467798948288
10498,0.2445141226053238
10499,0.24854783713817596
10500,0.24854783713817596
10501,0.2445141226053238
10502,0.20622436702251434
10503,0.19797919690608978
10504,0.19797919690608978
10505,0.20622436702251434
10506,0.2474464327096939
10507,0.2474464327096939
10508,0.24317751824855804
10509,0.24317751824855804
10510,0.24354051053524017
10511,0.24457143247127533
10512,0.24457143247127533
10513,0.24354051053524017
10514,0.23983260989189148
10515,0.23913754522800446
10516,0.23913754522800446
10517,0.23983260989189148
10518,0.2560093402862549
10519,0.2560093402862549
10520,0.2340981811285019
10521,0.2340981811285019
10522,0.22209249436855316
10523,0.22209249436855316
10524,0.1796373873949051
10525,0.17706505954265594
10526,0.17706505954265594
10527,0.1796373873949051
10528,0.22905190289020538
10529,0.22905190289020538
10530,0.21848297119140625
10531,0.21964086592197418
10532,0.21964086592197418
10533,0.21848297119140625
10534,0.21362435817718506
10535,0.21362435817718506
10536,0.220777228474617
10537,0.22789987921714783
10538,0.22789987921714783
10539,0.220777228474617
10540,0.2262057662010193
10541,0.22917550802230835
10542,0.22917550802230835
10543,0.2262057662010193
10544,0.23982016742229462
10545,0.23980699479579926
10546,0.23980699479579926
10547,0.23982016742229462
10548,0.19337888062000275
10549,0.19338849186897278
10550,0.19338849186897278
10551,0.19337888062000275
10552,0.2075657695531845
10553,0.2075657695531845
10554,0.192525252699852
10555,0.1931898146867752
10556,0.1931898146867752
10557,0.192525252699852
10558,0.22605372965335846
10559,0.22604598104953766
10560,0.22604598104953766
10561,0.22605372965335846
10562,0.2457238882780075
10563,0.24570699036121368
10564,0.24570699036121368
10565,0.2457238882780075
10566,0.21988189220428467
10567,0.22002272307872772
10568,0.22002272307872772
10569,0.21988189220428467
10570,0.2444814145565033
10571,0.24451355636119843
10572,0.24451355636119843
10573,0.2444814145565033
10574,0.20248283445835114
10575,0.19627945125102997
10576,0.19627945125102997
10577,0.20248283445835114
10578,0.22037531435489655
10579,0.22037531435489655
10580,0.22464482486248016
10581,0.22490866482257843
10582,0.22490866482257843
10583,0.22464482486248016
10584,0.1690041422843933
10585,0.1736784279346466
10586,0.1736784279346466
10587,0.1690041422843933
10588,0.20673562586307526
10589,0.2073051482439041
10590,0.2073051482439041
10591,0.20673562586307526
10592,0.20472928881645203
10593,0.21220849454402924
10594,0.21220849454402924
10595,0.20472928881645203
10596,0.2389318197965622
10597,0.2389318197965622
10598,0.285578191280365
10599,0.2845841646194458
10600,0.2845841646194458
10601,0.285578191280365
10602,0.22080911695957184
10603,0.22080911695957184
10604,0.28967559337615967
10605,0.29298466444015503
10606,0.29298466444015503
10607,0.28967559337615967
10608,0.21387432515621185
10609,0.2139265090227127
10610,0.2139265090227127
10611,0.21387432515621185
10612,0.21329562366008759
10613,0.2138630896806717
10614,0.2138630896806717
10615,0.21329562366008759
10616,0.27374032139778137
10617,0.26492857933044434
10618,0.26492857933044434
10619,0.27374032139778137
10620,0.22601141035556793
10621,0.22601690888404846
10622,0.22601690888404846
10623,0.22601141035556793
10624,0.1655074506998062
10625,0.16557060182094574
10626,0.16557060182094574
10627,0.1655074506998062
10628,0.2511153221130371
10629,0.24667204916477203
10630,0.24667204916477203
10631,0.2511153221130371
10632,0.2892163097858429
10633,0.2998538017272949
10634,0.2998538017272949
10635,0.2892163097858429
10636,0.22965838015079498
10637,0.22965838015079498
10638,0.221417635679245
10639,0.22147251665592194
10640,0.22147251665592194
10641,0.221417635679245
10642,0.21598567068576813
10643,0.21650980412960052
10644,0.21650980412960052
10645,0.21598567068576813
10646,0.2584165930747986
10647,0.26471537351608276
10648,0.26471537351608276
10649,0.2584165930747986
10650,0.19383244216442108
10651,0.19384343922138214
10652,0.19384343922138214
10653,0.19383244216442108
10654,0.21430028975009918
10655,0.21447916328907013
10656,0.21447916328907013
10657,0.21430028975009918
10658,0.16999451816082
10659,0.16979362070560455
10660,0.16979362070560455
10661,0.16999451816082
10662,0.22793780267238617
10663,0.22843711078166962
10664,0.22843711078166962
10665,0.22793780267238617
10666,0.16358503699302673
10667,0.16510522365570068
10668,0.16510522365570068
10669,0.16358503699302673
10670,0.23620720207691193
10671,0.23620720207691193
10672,0.25032663345336914
10673,0.25096452236175537
10674,0.25096452236175537
10675,0.25032663345336914
10676,0.21666574478149414
10677,0.21666574478149414
10678,0.2538185119628906
10679,0.2538255453109741
10680,0.2538255453109741
10681,0.2538185119628906
10682,0.2399226278066635
10683,0.2390550822019577
10684,0.2390550822019577
10685,0.2399226278066635
10686,0.21636778116226196
10687,0.2127961367368698
10688,0.2127961367368698
10689,0.21636778116226196
10690,0.215782031416893
10691,0.215782031416893
10692,0.24301032721996307
10693,0.24301032721996307
10694,0.23922573029994965
10695,0.23978359997272491
10696,0.23978359997272491
10697,0.23922573029994965
10698,0.2423776090145111
10699,0.2423776090145111
10700,0.24943053722381592
10701,0.251889169216156
10702,0.251889169216156
10703,0.24943053722381592
10704,0.1851453334093094
10705,0.18318526446819305
10706,0.18318526446819305
10707,0.1851453334093094
10708,0.24855436384677887
10709,0.24855436384677887
10710,0.23774147033691406
10711,0.23774147033691406
10712,0.24362750351428986
10713,0.24427753686904907
10714,0.24427753686904907
10715,0.24362750351428986
10716,0.23755118250846863
10717,0.23755118250846863
10718,0.23802845180034637
10719,0.23802845180034637
10720,0.23317600786685944
10721,0.23317600786685944
10722,0.2016478031873703
10723,0.20012901723384857
10724,0.20012901723384857
10725,0.2016478031873703
10726,0.24407052993774414
10727,0.24407052993774414
10728,0.23078234493732452
10729,0.23123691976070404
10730,0.23123691976070404
10731,0.23078234493732452
10732,0.26796722412109375
10733,0.2674713134765625
10734,0.2674713134765625
10735,0.26796722412109375
10736,0.2546539604663849
10737,0.2546539604663849
10738,0.28441300988197327
10739,0.2851479649543762
10740,0.2851479649543762
10741,0.28441300988197327
10742,0.2253679484128952
10743,0.2266620546579361
10744,0.2266620546579361
10745,0.2253679484128952
10746,0.2577769160270691
10747,0.2577769160270691
10748,0.26451700925827026
10749,0.26422980427742004
10750,0.26422980427742004
10751,0.26451700925827026
10752,0.2634480893611908
10753,0.2634480893611908
10754,0.2355411797761917
10755,0.2355411797761917
10756,0.23286519944667816
10757,0.23286519944667816
10758,0.2424822300672531
10759,0.2425065040588379
10760,0.2425065040588379
10761,0.2424822300672531
10762,0.23621301352977753
10763,0.23576495051383972
10764,0.23576495051383972
10765,0.23621301352977753
10766,0.22987784445285797
10767,0.22746427357196808
10768,0.22746427357196808
10769,0.22987784445285797
10770,0.2640494704246521
10771,0.26401108503341675
10772,0.26401108503341675
10773,0.2640494704246521
10774,0.21305781602859497
10775,0.21302445232868195
10776,0.21302445232868195
10777,0.21305781602859497
10778,0.21244026720523834
10779,0.21244026720523834
10780,0.21036136150360107
10781,0.21409620344638824
10782,0.21409620344638824
10783,0.21036136150360107
10784,0.25157707929611206
10785,0.2515683174133301
10786,0.2515683174133301
10787,0.25157707929611206
10788,0.2594575881958008
10789,0.25953322649002075
10790,0.25953322649002075
10791,0.2594575881958008
10792,0.226827010512352
10793,0.22697070240974426
10794,0.22697070240974426
10795,0.226827010512352
10796,0.2559102475643158
10797,0.2559376358985901
10798,0.2559376358985901
10799,0.2559102475643158
10800,0.21152819693088531
10801,0.21162070333957672
10802,0.21162070333957672
10803,0.21152819693088531
10804,0.236374169588089
10805,0.236374169588089
10806,0.24646316468715668
10807,0.24843519926071167
10808,0.24843519926071167
10809,0.24646316468715668
10810,0.1787617802619934
10811,0.17595140635967255
10812,0.17595140635967255
10813,0.1787617802619934
10814,0.22987864911556244
10815,0.2302357256412506
10816,0.2302357256412506
10817,0.22987864911556244
10818,0.1997559815645218
10819,0.2044355422258377
10820,0.2044355422258377
10821,0.1997559815645218
10822,0.2489389330148697
10823,0.2489389330148697
10824,0.2929039001464844
10825,0.29306942224502563
10826,0.29306942224502563
10827,0.2929039001464844
10828,0.23293422162532806
10829,0.23293422162532806
10830,0.305067777633667
10831,0.30580633878707886
10832,0.30580633878707886
10833,0.305067777633667
10834,0.23006542026996613
10835,0.23065970838069916
10836,0.23065970838069916
10837,0.23006542026996613
10838,0.2411338835954666
10839,0.24263246357440948
10840,0.24263246357440948
10841,0.2411338835954666
10842,0.24021317064762115
10843,0.24020932614803314
10844,0.24020932614803314
10845,0.24021317064762115
10846,0.17603762447834015
10847,0.1761578619480133
10848,0.1761578619480133
10849,0.17603762447834015
10850,0.25510668754577637
10851,0.2559719383716583
10852,0.2559719383716583
10853,0.25510668754577637
10854,0.29214632511138916
10855,0.2953150272369385
10856,0.2953150272369385
10857,0.29214632511138916
10858,0.24304066598415375
10859,0.24304066598415375
10860,0.23148508369922638
10861,0.23148544132709503
10862,0.23148544132709503
10863,0.23148508369922638
10864,0.2343187928199768
10865,0.235015407204628
10866,0.235015407204628
10867,0.2343187928199768
10868,0.2089788168668747
10869,0.20894290506839752
10870,0.20894290506839752
10871,0.2089788168668747
10872,0.21969839930534363
10873,0.22012478113174438
10874,0.22012478113174438
10875,0.21969839930534363
10876,0.24510100483894348
10877,0.24416521191596985
10878,0.24416521191596985
10879,0.24510100483894348
10880,0.25008273124694824
10881,0.25008273124694824
10882,0.2542688250541687
10883,0.25677788257598877
10884,0.25677788257598877
10885,0.2542688250541687
10886,0.2719278931617737
10887,0.2719334363937378
10888,0.2719334363937378
10889,0.2719278931617737
10890,0.24405129253864288
10891,0.24541935324668884
10892,0.24541935324668884
10893,0.24405129253864288
10894,0.23422899842262268
10895,0.2292006015777588
10896,0.2292006015777588
10897,0.23422899842262268
10898,0.23241393268108368
10899,0.23241393268108368
10900,0.21807794272899628
10901,0.21807794272899628
10902,0.2144998461008072
10903,0.21234329044818878
10904,0.21234329044818878
10905,0.2144998461008072
10906,0.21820981800556183
10907,0.21820981800556183
10908,0.17549313604831696
10909,0.17442083358764648
10910,0.17442083358764648
10911,0.17549313604831696
10912,0.22780382633209229
10913,0.22780382633209229
10914,0.21359427273273468
10915,0.21369211375713348
10916,0.21369211375713348
10917,0.21359427273273468
10918,0.220623180270195
10919,0.22067631781101227
10920,0.22067631781101227
10921,0.220623180270195
10922,0.2162552922964096
10923,0.2162552922964096
10924,0.2206067144870758
10925,0.22017668187618256
10926,0.22017668187618256
10927,0.2206067144870758
10928,0.2070196121931076
10929,0.20933906733989716
10930,0.20933906733989716
10931,0.2070196121931076
10932,0.2416389137506485
10933,0.2416389137506485
10934,0.23873953521251678
10935,0.23717401921749115
10936,0.23717401921749115
10937,0.23873953521251678
10938,0.2032747119665146
10939,0.20404858887195587
10940,0.20404858887195587
10941,0.2032747119665146
10942,0.24356840550899506
10943,0.24356840550899506
10944,0.23421691358089447
10945,0.23421691358089447
10946,0.2614944279193878
10947,0.26142969727516174
10948,0.26142969727516174
10949,0.2614944279193878
10950,0.2348635047674179
10951,0.23511500656604767
10952,0.23511500656604767
10953,0.2348635047674179
10954,0.2620123624801636
10955,0.2620123624801636
10956,0.23261189460754395
10957,0.23261189460754395
10958,0.249996617436409
10959,0.249996617436409
10960,0.21591816842556
10961,0.21099896728992462
10962,0.21099896728992462
10963,0.21591816842556
10964,0.25738075375556946
10965,0.25738075375556946
10966,0.2551729679107666
10967,0.2549148201942444
10968,0.2549148201942444
10969,0.2551729679107666
10970,0.2536082863807678
10971,0.2536082863807678
10972,0.20790903270244598
10973,0.2083490937948227
10974,0.2083490937948227
10975,0.20790903270244598
10976,0.218939408659935
10977,0.218939408659935
10978,0.21487610042095184
10979,0.21637044847011566
10980,0.21637044847011566
10981,0.21487610042095184
10982,0.16864436864852905
10983,0.17041830718517303
10984,0.17041830718517303
10985,0.16864436864852905
10986,0.23329249024391174
10987,0.23329249024391174
10988,0.21375001966953278
10989,0.21283511817455292
10990,0.21283511817455292
10991,0.21375001966953278
10992,0.2132544368505478
10993,0.2132544368505478
10994,0.2347838431596756
10995,0.2347838431596756
10996,0.2041749358177185
10997,0.2040538340806961
10998,0.2040538340806961
10999,0.2041749358177185
11000,0.24337437748908997
11001,0.24337437748908997
11002,0.23563475906848907
11003,0.23528505861759186
11004,0.23528505861759186
11005,0.23563475906848907
11006,0.22876711189746857
11007,0.22876711189746857
11008,0.2173621505498886
11009,0.2173621505498886
11010,0.21842989325523376
11011,0.2188412994146347
11012,0.2188412994146347
11013,0.21842989325523376
11014,0.22603614628314972
11015,0.22603614628314972
11016,0.2275198996067047
11017,0.22919845581054688
11018,0.22919845581054688
11019,0.2275198996067047
11020,0.18318256735801697
11021,0.18256975710391998
11022,0.18256975710391998
11023,0.18318256735801697
11024,0.24332091212272644
11025,0.24332091212272644
11026,0.22211097180843353
11027,0.22211097180843353
11028,0.22049376368522644
11029,0.221163809299469
11030,0.221163809299469
11031,0.22049376368522644
11032,0.23318223655223846
11033,0.23318223655223846
11034,0.22181375324726105
11035,0.22181375324726105
11036,0.22497625648975372
11037,0.22497625648975372
11038,0.22005994617938995
11039,0.21945415437221527
11040,0.21945415437221527
11041,0.22005994617938995
11042,0.2193823605775833
11043,0.2193823605775833
11044,0.21338632702827454
11045,0.2133009135723114
11046,0.2133009135723114
11047,0.21338632702827454
11048,0.2152194231748581
11049,0.21579627692699432
11050,0.21579627692699432
11051,0.2152194231748581
11052,0.22159002721309662
11053,0.22159002721309662
11054,0.22656331956386566
11055,0.22758957743644714
11056,0.22758957743644714
11057,0.22656331956386566
11058,0.1773930788040161
11059,0.17463503777980804
11060,0.17463503777980804
11061,0.1773930788040161
11062,0.23435162007808685
11063,0.23435162007808685
11064,0.22037874162197113
11065,0.21986426413059235
11066,0.21986426413059235
11067,0.22037874162197113
11068,0.21670278906822205
11069,0.21670278906822205
11070,0.21867986023426056
11071,0.21867986023426056
11072,0.22155065834522247
11073,0.2221846729516983
11074,0.2221846729516983
11075,0.22155065834522247
11076,0.2135476917028427
11077,0.2135476917028427
11078,0.20627200603485107
11079,0.20557062327861786
11080,0.20557062327861786
11081,0.20627200603485107
11082,0.20857863128185272
11083,0.20857863128185272
11084,0.20110750198364258
11085,0.20028868317604065
11086,0.20028868317604065
11087,0.20110750198364258
11088,0.22552911937236786
11089,0.22552911937236786
11090,0.225420281291008
11091,0.225420281291008
11092,0.2206905335187912
11093,0.22051146626472473
11094,0.22051146626472473
11095,0.2206905335187912
11096,0.21858267486095428
11097,0.214288130402565
11098,0.214288130402565
11099,0.21858267486095428
11100,0.22693386673927307
11101,0.22199974954128265
11102,0.22199974954128265
11103,0.22693386673927307
11104,0.22331003844738007
11105,0.22324196994304657
11106,0.22324196994304657
11107,0.22331003844738007
11108,0.16984739899635315
11109,0.1697898954153061
11110,0.1697898954153061
11111,0.16984739899635315
11112,0.21067558228969574
11113,0.21067558228969574
11114,0.19469282031059265
11115,0.19603370130062103
11116,0.19603370130062103
11117,0.19469282031059265
11118,0.20575158298015594
11119,0.20574550330638885
11120,0.20574550330638885
11121,0.20575158298015594
11122,0.22944946587085724
11123,0.22949977219104767
11124,0.22949977219104767
11125,0.22944946587085724
11126,0.20430733263492584
11127,0.2058885246515274
11128,0.2058885246515274
11129,0.20430733263492584
11130,0.22167709469795227
11131,0.22166948020458221
11132,0.22166948020458221
11133,0.22167709469795227
11134,0.19198234379291534
11135,0.19517186284065247
11136,0.19517186284065247
11137,0.19198234379291534
11138,0.21347709000110626
11139,0.21347709000110626
11140,0.22269053757190704
11141,0.22279144823551178
11142,0.22279144823551178
11143,0.22269053757190704
11144,0.17598602175712585
11145,0.17397646605968475
11146,0.17397646605968475
11147,0.17598602175712585
11148,0.19843368232250214
11149,0.19850867986679077
11150,0.19850867986679077
11151,0.19843368232250214
11152,0.20443667471408844
11153,0.20363712310791016
11154,0.20363712310791016
11155,0.20443667471408844
11156,0.23097090423107147
11157,0.23097090423107147
11158,0.2687416076660156
11159,0.26777219772338867
11160,0.26777219772338867
11161,0.2687416076660156
11162,0.21562054753303528
11163,0.21562054753303528
11164,0.27579984068870544
11165,0.28127115964889526
11166,0.28127115964889526
11167,0.27579984068870544
11168,0.20538753271102905
11169,0.20583894848823547
11170,0.20583894848823547
11171,0.20538753271102905
11172,0.21954457461833954
11173,0.22133861482143402
11174,0.22133861482143402
11175,0.21954457461833954
11176,0.19786645472049713
11177,0.19785472750663757
11178,0.19785472750663757
11179,0.19786645472049713
11180,0.15207666158676147
11181,0.15212976932525635
11182,0.15212976932525635
11183,0.15207666158676147
11184,0.22934366762638092
11185,0.23404832184314728
11186,0.23404832184314728
11187,0.22934366762638092
11188,0.2876734733581543
11189,0.2797205448150635
11190,0.2797205448150635
11191,0.2876734733581543
11192,0.22207452356815338
11193,0.22207452356815338
11194,0.20453698933124542
11195,0.2046479433774948
11196,0.2046479433774948
11197,0.20453698933124542
11198,0.207887202501297
11199,0.20874959230422974
11200,0.20874959230422974
11201,0.207887202501297
11202,0.1733660250902176
11203,0.17334283888339996
11204,0.17334283888339996
11205,0.1733660250902176
11206,0.1900821179151535
11207,0.19026581943035126
11208,0.19026581943035126
11209,0.1900821179151535
11210,0.15788903832435608
11211,0.15929369628429413
11212,0.15929369628429413
11213,0.15788903832435608
11214,0.22554583847522736
11215,0.22241662442684174
11216,0.22241662442684174
11217,0.22554583847522736
11218,0.155726358294487
11219,0.1570902168750763
11220,0.1570902168750763
11221,0.155726358294487
11222,0.2362360954284668
11223,0.2362360954284668
11224,0.23490606248378754
11225,0.24293272197246552
11226,0.24293272197246552
11227,0.23490606248378754
11228,0.23116178810596466
11229,0.23112420737743378
11230,0.23112420737743378
11231,0.23116178810596466
11232,0.2273893654346466
11233,0.2274167388677597
11234,0.2274167388677597
11235,0.2273893654346466
11236,0.21738852560520172
11237,0.21602381765842438
11238,0.21602381765842438
11239,0.21738852560520172
11240,0.22275501489639282
11241,0.22275501489639282
11242,0.22610335052013397
11243,0.2261933982372284
11244,0.2261933982372284
11245,0.22610335052013397
11246,0.24426621198654175
11247,0.24473591148853302
11248,0.24473591148853302
11249,0.24426621198654175
11250,0.24903127551078796
11251,0.24903182685375214
11252,0.24903182685375214
11253,0.24903127551078796
11254,0.20515231788158417
11255,0.20512698590755463
11256,0.20512698590755463
11257,0.20515231788158417
11258,0.2179744392633438
11259,0.2179744392633438
11260,0.21532772481441498
11261,0.21268554031848907
11262,0.21268554031848907
11263,0.21532772481441498
11264,0.23526950180530548
11265,0.23525501787662506
11266,0.23525501787662506
11267,0.23526950180530548
11268,0.24071210622787476
11269,0.24073681235313416
11270,0.24073681235313416
11271,0.24071210622787476
11272,0.21332292258739471
11273,0.21345014870166779
11274,0.21345014870166779
11275,0.21332292258739471
11276,0.24401362240314484
11277,0.24402199685573578
11278,0.24402199685573578
11279,0.24401362240314484
11280,0.20284488797187805
11281,0.2066904753446579
11282,0.2066904753446579
11283,0.20284488797187805
11284,0.23626357316970825
11285,0.23626357316970825
11286,0.2319793850183487
11287,0.2277563363313675
11288,0.2277563363313675
11289,0.2319793850183487
11290,0.19205902516841888
11291,0.19300328195095062
11292,0.19300328195095062
11293,0.19205902516841888
11294,0.21363890171051025
11295,0.21378938853740692
11296,0.21378938853740692
11297,0.21363890171051025
11298,0.21501120924949646
11299,0.21155138313770294
11300,0.21155138313770294
11301,0.21501120924949646
11302,0.24210824072360992
11303,0.24210824072360992
11304,0.284284770488739
11305,0.28338760137557983
11306,0.28338760137557983
11307,0.284284770488739
11308,0.2300526350736618
11309,0.2300526350736618
11310,0.282464861869812
11311,0.28287696838378906
11312,0.28287696838378906
11313,0.282464861869812
11314,0.21909958124160767
11315,0.21897472441196442
11316,0.21897472441196442
11317,0.21909958124160767
11318,0.24468232691287994
11319,0.2443222850561142
11320,0.2443222850561142
11321,0.24468232691287994
11322,0.23236440122127533
11323,0.23235520720481873
11324,0.23235520720481873
11325,0.23236440122127533
11326,0.17932315170764923
11327,0.17939910292625427
11328,0.17939910292625427
11329,0.17932315170764923
11330,0.24340415000915527
11331,0.243052139878273
11332,0.243052139878273
11333,0.24340415000915527
11334,0.29641538858413696
11335,0.2894337773323059
11336,0.2894337773323059
11337,0.29641538858413696
11338,0.25278136134147644
11339,0.25278136134147644
11340,0.2279173582792282
11341,0.22795002162456512
11342,0.22795002162456512
11343,0.2279173582792282
11344,0.22411276400089264
11345,0.22494854032993317
11346,0.22494854032993317
11347,0.22411276400089264
11348,0.20577169954776764
11349,0.2057633250951767
11350,0.2057633250951767
11351,0.20577169954776764
11352,0.21059297025203705
11353,0.2108699083328247
11354,0.2108699083328247
11355,0.21059297025203705
11356,0.2355952113866806
11357,0.2318263053894043
11358,0.2318263053894043
11359,0.2355952113866806
11360,0.25406935811042786
11361,0.25406935811042786
11362,0.24478639662265778
11363,0.25036317110061646
11364,0.25036317110061646
11365,0.24478639662265778
11366,0.25583845376968384
11367,0.2558404207229614
11368,0.2558404207229614
11369,0.25583845376968384
11370,0.23439237475395203
11371,0.2339945286512375
11372,0.2339945286512375
11373,0.23439237475395203
11374,0.24025560915470123
11375,0.24151231348514557
11376,0.24151231348514557
11377,0.24025560915470123
11378,0.2245849221944809
11379,0.2245849221944809
11380,0.23711366951465607
11381,0.23711366951465607
11382,0.24153311550617218
11383,0.242435023188591
11384,0.242435023188591
11385,0.24153311550617218
11386,0.24656613171100616
11387,0.24656613171100616
11388,0.2412109524011612
11389,0.23475389182567596
11390,0.23475389182567596
11391,0.2412109524011612
11392,0.19520454108715057
11393,0.1940222531557083
11394,0.1940222531557083
11395,0.19520454108715057
11396,0.26175910234451294
11397,0.26175910234451294
11398,0.22321026027202606
11399,0.22321026027202606
11400,0.24553823471069336
11401,0.24510230123996735
11402,0.24510230123996735
11403,0.24553823471069336
11404,0.23816294968128204
11405,0.23816294968128204
11406,0.25139763951301575
11407,0.25139763951301575
11408,0.25433188676834106
11409,0.26057231426239014
11410,0.26057231426239014
11411,0.25433188676834106
11412,0.24560676515102386
11413,0.24452687799930573
11414,0.24452687799930573
11415,0.24560676515102386
11416,0.2839522361755371
11417,0.28363335132598877
11418,0.28363335132598877
11419,0.2839522361755371
11420,0.2214040607213974
11421,0.2211909294128418
11422,0.2211909294128418
11423,0.2214040607213974
11424,0.23504342138767242
11425,0.23504342138767242
11426,0.2367202490568161
11427,0.23303209245204926
11428,0.23303209245204926
11429,0.2367202490568161
11430,0.2627220153808594
11431,0.262620210647583
11432,0.262620210647583
11433,0.2627220153808594
11434,0.2748480439186096
11435,0.27478915452957153
11436,0.27478915452957153
11437,0.2748480439186096
11438,0.2472904920578003
11439,0.2499869465827942
11440,0.2499869465827942
11441,0.2472904920578003
11442,0.27098962664604187
11443,0.2710248529911041
11444,0.2710248529911041
11445,0.27098962664604187
11446,0.23725230991840363
11447,0.22901727259159088
11448,0.22901727259159088
11449,0.23725230991840363
11450,0.24368546903133392
11451,0.24368546903133392
11452,0.2777906060218811
11453,0.27445554733276367
11454,0.27445554733276367
11455,0.2777906060218811
11456,0.18944351375102997
11457,0.2014838308095932
11458,0.2014838308095932
11459,0.18944351375102997
11460,0.2397361546754837
11461,0.24123810231685638
11462,0.24123810231685638
11463,0.2397361546754837
11464,0.23138487339019775
11465,0.24134622514247894
11466,0.24134622514247894
11467,0.23138487339019775
11468,0.2550579905509949
11469,0.2550579905509949
11470,0.314261794090271
11471,0.3138422966003418
11472,0.3138422966003418
11473,0.314261794090271
11474,0.2687177062034607
11475,0.2687177062034607
11476,0.32806068658828735
11477,0.3268279433250427
11478,0.3268279433250427
11479,0.32806068658828735
11480,0.24292530119419098
11481,0.24297526478767395
11482,0.24297526478767395
11483,0.24292530119419098
11484,0.241493821144104
11485,0.23827186226844788
11486,0.23827186226844788
11487,0.241493821144104
11488,0.24868956208229065
11489,0.24874375760555267
11490,0.24874375760555267
11491,0.24868956208229065
11492,0.18092228472232819
11493,0.18077297508716583
11494,0.18077297508716583
11495,0.18092228472232819
11496,0.2820156514644623
11497,0.27516788244247437
11498,0.27516788244247437
11499,0.2820156514644623
11500,0.29849982261657715
11501,0.30587542057037354
11502,0.30587542057037354
11503,0.29849982261657715
11504,0.24533212184906006
11505,0.24529819190502167
11506,0.24529819190502167
11507,0.24533212184906006
11508,0.25935083627700806
11509,0.26017260551452637
11510,0.26017260551452637
11511,0.25935083627700806
11512,0.21883034706115723
11513,0.2188730239868164
11514,0.2188730239868164
11515,0.21883034706115723
11516,0.23748145997524261
11517,0.2382698804140091
11518,0.2382698804140091
11519,0.23748145997524261
11520,0.26297181844711304
11521,0.260681688785553
11522,0.260681688785553
11523,0.26297181844711304
11524,0.2526351809501648
11525,0.2526351809501648
11526,0.27452123165130615
11527,0.2826046943664551
11528,0.2826046943664551
11529,0.27452123165130615
11530,0.2872617840766907
11531,0.2871883511543274
11532,0.2871883511543274
11533,0.2872617840766907
11534,0.26485469937324524
11535,0.26390355825424194
11536,0.26390355825424194
11537,0.26485469937324524
11538,0.23064987361431122
11539,0.2288280874490738
11540,0.2288280874490738
11541,0.23064987361431122
11542,0.25050997734069824
11543,0.25050997734069824
11544,0.20023421943187714
11545,0.20023421943187714
11546,0.2000206857919693
11547,0.2008684128522873
11548,0.2008684128522873
11549,0.2000206857919693
11550,0.21616943180561066
11551,0.21616943180561066
11552,0.21948353946208954
11553,0.2253073900938034
11554,0.2253073900938034
11555,0.21948353946208954
11556,0.18309719860553741
11557,0.17585650086402893
11558,0.17585650086402893
11559,0.18309719860553741
11560,0.2329663634300232
11561,0.2329663634300232
11562,0.21772199869155884
11563,0.21772199869155884
11564,0.22422152757644653
11565,0.22534744441509247
11566,0.22534744441509247
11567,0.22422152757644653
11568,0.2122238129377365
11569,0.21103955805301666
11570,0.21103955805301666
11571,0.2122238129377365
11572,0.24137715995311737
11573,0.24137715995311737
11574,0.21301256120204926
11575,0.21301256120204926
11576,0.19091610610485077
11577,0.19013114273548126
11578,0.19013114273548126
11579,0.19091610610485077
11580,0.187856525182724
11581,0.187856525182724
11582,0.20051713287830353
11583,0.2005108743906021
11584,0.2005108743906021
11585,0.20051713287830353
11586,0.18016250431537628
11587,0.1798926740884781
11588,0.1798926740884781
11589,0.18016250431537628
11590,0.1716848611831665
11591,0.1716986745595932
11592,0.1716986745595932
11593,0.1716848611831665
11594,0.19769853353500366
11595,0.19769853353500366
11596,0.1995026171207428
11597,0.19954219460487366
11598,0.19954219460487366
11599,0.1995026171207428
11600,0.15035733580589294
11601,0.15126895904541016
11602,0.15126895904541016
11603,0.15035733580589294
11604,0.18096165359020233
11605,0.1811019331216812
11606,0.1811019331216812
11607,0.18096165359020233
11608,0.21624641120433807
11609,0.21624641120433807
11610,0.18891987204551697
11611,0.18891987204551697
11612,0.18747137486934662
11613,0.1853395253419876
11614,0.1853395253419876
11615,0.18747137486934662
11616,0.2024715393781662
11617,0.20262418687343597
11618,0.20262418687343597
11619,0.2024715393781662
11620,0.17769385874271393
11621,0.1779826581478119
11622,0.1779826581478119
11623,0.17769385874271393
11624,0.19756028056144714
11625,0.19756028056144714
11626,0.193775936961174
11627,0.193775936961174
11628,0.2298772633075714
11629,0.2298772633075714
11630,0.21377909183502197
11631,0.21377909183502197
11632,0.22158870100975037
11633,0.2178591936826706
11634,0.2178591936826706
11635,0.22158870100975037
11636,0.21370428800582886
11637,0.21370428800582886
11638,0.20809797942638397
11639,0.20879735052585602
11640,0.20879735052585602
11641,0.20809797942638397
11642,0.21153144538402557
11643,0.21427364647388458
11644,0.21427364647388458
11645,0.21153144538402557
11646,0.21844112873077393
11647,0.21844112873077393
11648,0.22438593208789825
11649,0.22304825484752655
11650,0.22304825484752655
11651,0.22438593208789825
11652,0.16447265446186066
11653,0.16083738207817078
11654,0.16083738207817078
11655,0.16447265446186066
11656,0.23447062075138092
11657,0.23447062075138092
11658,0.2121245414018631
11659,0.2121245414018631
11660,0.1996237188577652
11661,0.19619359076023102
11662,0.19619359076023102
11663,0.1996237188577652
11664,0.2099408060312271
11665,0.21159552037715912
11666,0.21159552037715912
11667,0.2099408060312271
11668,0.22972126305103302
11669,0.22972126305103302
11670,0.22037456929683685
11671,0.22037456929683685
11672,0.2250952273607254
11673,0.22534333169460297
11674,0.22534333169460297
11675,0.2250952273607254
11676,0.2113046795129776
11677,0.2113046795129776
11678,0.21708007156848907
11679,0.2169485092163086
11680,0.2169485092163086
11681,0.21708007156848907
11682,0.20484308898448944
11683,0.20646582543849945
11684,0.20646582543849945
11685,0.20484308898448944
11686,0.20675863325595856
11687,0.2022073119878769
11688,0.2022073119878769
11689,0.20675863325595856
11690,0.22000201046466827
11691,0.22000201046466827
11692,0.22985577583312988
11693,0.2278221994638443
11694,0.2278221994638443
11695,0.22985577583312988
11696,0.19335855543613434
11697,0.18975815176963806
11698,0.18975815176963806
11699,0.19335855543613434
11700,0.20178557932376862
11701,0.20198962092399597
11702,0.20198962092399597
11703,0.20178557932376862
11704,0.2329663187265396
11705,0.2329663187265396
11706,0.22609950602054596
11707,0.22609950602054596
11708,0.2351686805486679
11709,0.22934775054454803
11710,0.22934775054454803
11711,0.2351686805486679
11712,0.21369223296642303
11713,0.215572789311409
11714,0.215572789311409
11715,0.21369223296642303
11716,0.19564667344093323
11717,0.19568772614002228
11718,0.19568772614002228
11719,0.19564667344093323
11720,0.2433120310306549
11721,0.2433120310306549
11722,0.22284479439258575
11723,0.22284479439258575
11724,0.24219921231269836
11725,0.24219921231269836
11726,0.20659257471561432
11727,0.2078213393688202
11728,0.2078213393688202
11729,0.20659257471561432
11730,0.2456817924976349
11731,0.2456817924976349
11732,0.23591697216033936
11733,0.23638089001178741
11734,0.23638089001178741
11735,0.23591697216033936
11736,0.23511753976345062
11737,0.23511753976345062
11738,0.2274821549654007
11739,0.22754092514514923
11740,0.22754092514514923
11741,0.2274821549654007
11742,0.23128178715705872
11743,0.23128178715705872
11744,0.22720427811145782
11745,0.22886422276496887
11746,0.22886422276496887
11747,0.22720427811145782
11748,0.19797946512699127
11749,0.19456443190574646
11750,0.19456443190574646
11751,0.19797946512699127
11752,0.24612101912498474
11753,0.24612101912498474
11754,0.2262350171804428
11755,0.22585630416870117
11756,0.22585630416870117
11757,0.2262350171804428
11758,0.22365416586399078
11759,0.22365416586399078
11760,0.2139870673418045
11761,0.2139870673418045
11762,0.20981943607330322
11763,0.20947571098804474
11764,0.20947571098804474
11765,0.20981943607330322
11766,0.21957583725452423
11767,0.21957583725452423
11768,0.22037407755851746
11769,0.21939273178577423
11770,0.21939273178577423
11771,0.22037407755851746
11772,0.154730424284935
11773,0.15536892414093018
11774,0.15536892414093018
11775,0.154730424284935
11776,0.23599492013454437
11777,0.23599492013454437
11778,0.20870661735534668
11779,0.20870661735534668
11780,0.2017882615327835
11781,0.1994641274213791
11782,0.1994641274213791
11783,0.2017882615327835
11784,0.21542654931545258
11785,0.2159847617149353
11786,0.2159847617149353
11787,0.21542654931545258
11788,0.2271527796983719
11789,0.2271527796983719
11790,0.2109965980052948
11791,0.2109965980052948
11792,0.22160057723522186
11793,0.22160057723522186
11794,0.21200859546661377
11795,0.21200859546661377
11796,0.20855440199375153
11797,0.2094593495130539
11798,0.2094593495130539
11799,0.20855440199375153
11800,0.21695323288440704
11801,0.21695323288440704
11802,0.21532447636127472
11803,0.21763046085834503
11804,0.21763046085834503
11805,0.21532447636127472
11806,0.169173464179039
11807,0.16486525535583496
11808,0.16486525535583496
11809,0.169173464179039
11810,0.22839350998401642
11811,0.22839350998401642
11812,0.19915349781513214
11813,0.19915349781513214
11814,0.20797140896320343
11815,0.20945680141448975
11816,0.20945680141448975
11817,0.20797140896320343
11818,0.21862156689167023
11819,0.21862156689167023
11820,0.20479610562324524
11821,0.20479610562324524
11822,0.22728684544563293
11823,0.22728684544563293
11824,0.18094415962696075
11825,0.18233735859394073
11826,0.18233735859394073
11827,0.18094415962696075
11828,0.23090608417987823
11829,0.23090608417987823
11830,0.22793559730052948
11831,0.22843411564826965
11832,0.22843411564826965
11833,0.22793559730052948
11834,0.21377377212047577
11835,0.21377377212047577
11836,0.2220640629529953
11837,0.2220640629529953
11838,0.21795140206813812
11839,0.2181347757577896
11840,0.2181347757577896
11841,0.21795140206813812
11842,0.22952887415885925
11843,0.22952887415885925
11844,0.21748845279216766
11845,0.21851564943790436
11846,0.21851564943790436
11847,0.21748845279216766
11848,0.16706325113773346
11849,0.16453862190246582
11850,0.16453862190246582
11851,0.16706325113773346
11852,0.2460809201002121
11853,0.2460809201002121
11854,0.2049199491739273
11855,0.2049199491739273
11856,0.22798316180706024
11857,0.22761930525302887
11858,0.22761930525302887
11859,0.22798316180706024
11860,0.21841345727443695
11861,0.21841345727443695
11862,0.21981149911880493
11863,0.21981149911880493
11864,0.1773674488067627
11865,0.18926502764225006
11866,0.18926502764225006
11867,0.1773674488067627
11868,0.1774437427520752
11869,0.1761215478181839
11870,0.1761215478181839
11871,0.1774437427520752
11872,0.19035759568214417
11873,0.1900840848684311
11874,0.1900840848684311
11875,0.19035759568214417
11876,0.1484583616256714
11877,0.14832323789596558
11878,0.14832323789596558
11879,0.1484583616256714
11880,0.15969708561897278
11881,0.15969708561897278
11882,0.14921283721923828
11883,0.155600443482399
11884,0.155600443482399
11885,0.14921283721923828
11886,0.17248442769050598
11887,0.1723393350839615
11888,0.1723393350839615
11889,0.17248442769050598
11890,0.152571439743042
11891,0.15515315532684326
11892,0.15515315532684326
11893,0.152571439743042
11894,0.19634966552257538
11895,0.19636349380016327
11896,0.19636349380016327
11897,0.19634966552257538
11898,0.1711759865283966
11899,0.17327462136745453
11900,0.17327462136745453
11901,0.1711759865283966
11902,0.18480856716632843
11903,0.18480856716632843
11904,0.18562208116054535
11905,0.18298953771591187
11906,0.18298953771591187
11907,0.18562208116054535
11908,0.1400214284658432
11909,0.1550188511610031
11910,0.1550188511610031
11911,0.1400214284658432
11912,0.14759166538715363
11913,0.14946618676185608
11914,0.14946618676185608
11915,0.14759166538715363
11916,0.16543789207935333
11917,0.1699369251728058
11918,0.1699369251728058
11919,0.16543789207935333
11920,0.21708939969539642
11921,0.21708939969539642
11922,0.22246642410755157
11923,0.2229834496974945
11924,0.2229834496974945
11925,0.22246642410755157
11926,0.16495299339294434
11927,0.16495299339294434
11928,0.234050914645195
11929,0.23048417270183563
11930,0.23048417270183563
11931,0.234050914645195
11932,0.1623181253671646
11933,0.16252675652503967
11934,0.16252675652503967
11935,0.1623181253671646
11936,0.16117408871650696
11937,0.1606408953666687
11938,0.1606408953666687
11939,0.16117408871650696
11940,0.1734202355146408
11941,0.17336015403270721
11942,0.17336015403270721
11943,0.1734202355146408
11944,0.11085771024227142
11945,0.11018141359090805
11946,0.11018141359090805
11947,0.11085771024227142
11948,0.192593052983284
11949,0.1891695261001587
11950,0.1891695261001587
11951,0.192593052983284
11952,0.18363893032073975
11953,0.18360990285873413
11954,0.18360990285873413
11955,0.18363893032073975
11956,0.1777835339307785
11957,0.1768942028284073
11958,0.1768942028284073
11959,0.1777835339307785
11960,0.1418636292219162
11961,0.14127789437770844
11962,0.14127789437770844
11963,0.1418636292219162
11964,0.17565466463565826
11965,0.1756988912820816
11966,0.1756988912820816
11967,0.17565466463565826
11968,0.20115701854228973
11969,0.20115701854228973
11970,0.19250695407390594
11971,0.20066438615322113
11972,0.20066438615322113
11973,0.19250695407390594
11974,0.20303113758563995
11975,0.20288582146167755
11976,0.20288582146167755
11977,0.20303113758563995
11978,0.1855175942182541
11979,0.1847563087940216
11980,0.1847563087940216
11981,0.1855175942182541
11982,0.18369323015213013
11983,0.17493675649166107
11984,0.17493675649166107
11985,0.18369323015213013
11986,0.17575012147426605
11987,0.17575012147426605
11988,0.21160933375358582
11989,0.21080811321735382
11990,0.21080811321735382
11991,0.21160933375358582
11992,0.20541426539421082
11993,0.20541426539421082
11994,0.20474836230278015
11995,0.20437778532505035
11996,0.20437778532505035
11997,0.20474836230278015
11998,0.20136381685733795
11999,0.2023674100637436
12000,0.2023674100637436
12001,0.20136381685733795
12002,0.22381091117858887
12003,0.22381091117858887
12004,0.22702130675315857
12005,0.22580914199352264
12006,0.22580914199352264
12007,0.22702130675315857
12008,0.18194447457790375
12009,0.1819451004266739
12010,0.1819451004266739
12011,0.18194447457790375
12012,0.2364278882741928
12013,0.2364278882741928
12014,0.22201097011566162
12015,0.22201097011566162
12016,0.2303897738456726
12017,0.2303277552127838
12018,0.2303277552127838
12019,0.2303897738456726
12020,0.21879427134990692
12021,0.2191552072763443
12022,0.2191552072763443
12023,0.21879427134990692
12024,0.23972220718860626
12025,0.23972220718860626
12026,0.21617868542671204
12027,0.21617868542671204
12028,0.2361886352300644
12029,0.2361886352300644
12030,0.23528394103050232
12031,0.23446060717105865
12032,0.23446060717105865
12033,0.23528394103050232
12034,0.23247918486595154
12035,0.23217637836933136
12036,0.23217637836933136
12037,0.23247918486595154
12038,0.22403614223003387
12039,0.22403614223003387
12040,0.224232479929924
12041,0.22476883232593536
12042,0.22476883232593536
12043,0.224232479929924
12044,0.2219175547361374
12045,0.2198178768157959
12046,0.2198178768157959
12047,0.2219175547361374
12048,0.22857488691806793
12049,0.22857488691806793
12050,0.2382131665945053
12051,0.23856864869594574
12052,0.23856864869594574
12053,0.2382131665945053
12054,0.1826608031988144
12055,0.1786414235830307
12056,0.1786414235830307
12057,0.1826608031988144
12058,0.22306187450885773
12059,0.22326983511447906
12060,0.22326983511447906
12061,0.22306187450885773
12062,0.24531881511211395
12063,0.24531881511211395
12064,0.22783337533473969
12065,0.22783337533473969
12066,0.21769572794437408
12067,0.2137519270181656
12068,0.2137519270181656
12069,0.21769572794437408
12070,0.23146553337574005
12071,0.23239757120609283
12072,0.23239757120609283
12073,0.23146553337574005
12074,0.23322917520999908
12075,0.23322917520999908
12076,0.23259542882442474
12077,0.23259542882442474
12078,0.20367518067359924
12079,0.2065957933664322
12080,0.2065957933664322
12081,0.20367518067359924
12082,0.19457699358463287
12083,0.19457699358463287
12084,0.20215348899364471
12085,0.20209944248199463
12086,0.20209944248199463
12087,0.20215348899364471
12088,0.19031663239002228
12089,0.19199639558792114
12090,0.19199639558792114
12091,0.19031663239002228
12092,0.18808819353580475
12093,0.18465156853199005
12094,0.18465156853199005
12095,0.18808819353580475
12096,0.20928317308425903
12097,0.20928317308425903
12098,0.19707994163036346
12099,0.1980341225862503
12100,0.1980341225862503
12101,0.19707994163036346
12102,0.16694025695323944
12103,0.16888371109962463
12104,0.16888371109962463
12105,0.16694025695323944
12106,0.19296498596668243
12107,0.19301261007785797
12108,0.19301261007785797
12109,0.19296498596668243
12110,0.23073600232601166
12111,0.23073600232601166
12112,0.19566749036312103
12113,0.19566749036312103
12114,0.19764231145381927
12115,0.1953384131193161
12116,0.1953384131193161
12117,0.19764231145381927
12118,0.19336675107479095
12119,0.19290755689144135
12120,0.19290755689144135
12121,0.19336675107479095
12122,0.21333150565624237
12123,0.21333150565624237
12124,0.2053157538175583
12125,0.2053157538175583
12126,0.2282726913690567
12127,0.2282726913690567
12128,0.2218090146780014
12129,0.2216569036245346
12130,0.2216569036245346
12131,0.2218090146780014
12132,0.18353046476840973
12133,0.18353046476840973
12134,0.16462019085884094
12135,0.16586671769618988
12136,0.16586671769618988
12137,0.16462019085884094
12138,0.19068337976932526
12139,0.19068337976932526
12140,0.18260645866394043
12141,0.17939727008342743
12142,0.17939727008342743
12143,0.18260645866394043
12144,0.13661935925483704
12145,0.13532321155071259
12146,0.13532321155071259
12147,0.13661935925483704
12148,0.21574044227600098
12149,0.21574044227600098
12150,0.1660243719816208
12151,0.1660243719816208
12152,0.18054325878620148
12153,0.1801619827747345
12154,0.1801619827747345
12155,0.18054325878620148
12156,0.210806742310524
12157,0.210806742310524
12158,0.17016874253749847
12159,0.17016874253749847
12160,0.19399060308933258
12161,0.193586066365242
12162,0.193586066365242
12163,0.19399060308933258
12164,0.2093728482723236
12165,0.20705492794513702
12166,0.20705492794513702
12167,0.2093728482723236
12168,0.2362065464258194
12169,0.23622654378414154
12170,0.23622654378414154
12171,0.2362065464258194
12172,0.19417807459831238
12173,0.19412760436534882
12174,0.19412760436534882
12175,0.19417807459831238
12176,0.18447579443454742
12177,0.18447579443454742
12178,0.1861741691827774
12179,0.1873251348733902
12180,0.1873251348733902
12181,0.1861741691827774
12182,0.22792910039424896
12183,0.22790341079235077
12184,0.22790341079235077
12185,0.22792910039424896
12186,0.2397550493478775
12187,0.2397492378950119
12188,0.2397492378950119
12189,0.2397550493478775
12190,0.18940742313861847
12191,0.18911905586719513
12192,0.18911905586719513
12193,0.18940742313861847
12194,0.23331405222415924
12195,0.23332996666431427
12196,0.23332996666431427
12197,0.23331405222415924
12198,0.19073550403118134
12199,0.1907910257577896
12200,0.1907910257577896
12201,0.19073550403118134
12202,0.21569831669330597
12203,0.21569831669330597
12204,0.20513604581356049
12205,0.20706196129322052
12206,0.20706196129322052
12207,0.20513604581356049
12208,0.1468666046857834
12209,0.14334608614444733
12210,0.14334608614444733
12211,0.1468666046857834
12212,0.1945067197084427
12213,0.19478876888751984
12214,0.19478876888751984
12215,0.1945067197084427
12216,0.17272329330444336
12217,0.1784873604774475
12218,0.1784873604774475
12219,0.17272329330444336
12220,0.23076224327087402
12221,0.23076224327087402
12222,0.27507299184799194
12223,0.2752227187156677
12224,0.2752227187156677
12225,0.27507299184799194
12226,0.18805040419101715
12227,0.18805040419101715
12228,0.2735807001590729
12229,0.2732916474342346
12230,0.2732916474342346
12231,0.2735807001590729
12232,0.2021448314189911
12233,0.20239366590976715
12234,0.20239366590976715
12235,0.2021448314189911
12236,0.20429523289203644
12237,0.2050812542438507
12238,0.2050812542438507
12239,0.20429523289203644
12240,0.2463027983903885
12241,0.24550826847553253
12242,0.24550826847553253
12243,0.2463027983903885
12244,0.21467538177967072
12245,0.21466325223445892
12246,0.21466325223445892
12247,0.21467538177967072
12248,0.15606364607810974
12249,0.15618674457073212
12250,0.15618674457073212
12251,0.15606364607810974
12252,0.22947107255458832
12253,0.22987604141235352
12254,0.22987604141235352
12255,0.22947107255458832
12256,0.23894868791103363
12257,0.24363426864147186
12258,0.24363426864147186
12259,0.23894868791103363
12260,0.20940850675106049
12261,0.20940850675106049
12262,0.21471132338047028
12263,0.21472088992595673
12264,0.21472088992595673
12265,0.21471132338047028
12266,0.2071712166070938
12267,0.20732879638671875
12268,0.20732879638671875
12269,0.2071712166070938
12270,0.23200951516628265
12271,0.23160706460475922
12272,0.23160706460475922
12273,0.23200951516628265
12274,0.1927720457315445
12275,0.1927577406167984
12276,0.1927577406167984
12277,0.1927720457315445
12278,0.18852965533733368
12279,0.18895746767520905
12280,0.18895746767520905
12281,0.18852965533733368
12282,0.15187180042266846
12283,0.15317922830581665
12284,0.15317922830581665
12285,0.15187180042266846
12286,0.20771579444408417
12287,0.20671741664409637
12288,0.20671741664409637
12289,0.20771579444408417
12290,0.1496104747056961
12291,0.14939606189727783
12292,0.14939606189727783
12293,0.1496104747056961
12294,0.22950859367847443
12295,0.22950859367847443
12296,0.23543940484523773
12297,0.23283018171787262
12298,0.23283018171787262
12299,0.23543940484523773
12300,0.2146405428647995
12301,0.2146405428647995
12302,0.2484428733587265
12303,0.2484351098537445
12304,0.2484351098537445
12305,0.2484428733587265
12306,0.21479423344135284
12307,0.21524080634117126
12308,0.21524080634117126
12309,0.21479423344135284
12310,0.1952212005853653
12311,0.19401133060455322
12312,0.19401133060455322
12313,0.1952212005853653
12314,0.20355136692523956
12315,0.20355136692523956
12316,0.21022407710552216
12317,0.21033336222171783
12318,0.21033336222171783
12319,0.21022407710552216
12320,0.22268806397914886
12321,0.22268806397914886
12322,0.22534377872943878
12323,0.22828395664691925
12324,0.22828395664691925
12325,0.22534377872943878
12326,0.19068355858325958
12327,0.18590284883975983
12328,0.18590284883975983
12329,0.19068355858325958
12330,0.24597468972206116
12331,0.24597468972206116
12332,0.22317634522914886
12333,0.22248397767543793
12334,0.22248397767543793
12335,0.22317634522914886
12336,0.21741680800914764
12337,0.21741680800914764
12338,0.2126585841178894
12339,0.21208599209785461
12340,0.21208599209785461
12341,0.2126585841178894
12342,0.22851260006427765
12343,0.2270994931459427
12344,0.2270994931459427
12345,0.22851260006427765
12346,0.21203236281871796
12347,0.21203739941120148
12348,0.21203739941120148
12349,0.21203236281871796
12350,0.20529554784297943
12351,0.20529554784297943
12352,0.20821072161197662
12353,0.20706434547901154
12354,0.20706434547901154
12355,0.20821072161197662
12356,0.24019165337085724
12357,0.2402067333459854
12358,0.2402067333459854
12359,0.24019165337085724
12360,0.21183283627033234
12361,0.21138770878314972
12362,0.21138770878314972
12363,0.21183283627033234
12364,0.20341366529464722
12365,0.20443852245807648
12366,0.20443852245807648
12367,0.20341366529464722
12368,0.22944001853466034
12369,0.22944001853466034
12370,0.23867298662662506
12371,0.23630230128765106
12372,0.23630230128765106
12373,0.23867298662662506
12374,0.18219347298145294
12375,0.18276654183864594
12376,0.18276654183864594
12377,0.18219347298145294
12378,0.21010883152484894
12379,0.210304394364357
12380,0.210304394364357
12381,0.21010883152484894
12382,0.20964081585407257
12383,0.20661550760269165
12384,0.20661550760269165
12385,0.20964081585407257
12386,0.2411895990371704
12387,0.2411895990371704
12388,0.2852080464363098
12389,0.285347580909729
12390,0.285347580909729
12391,0.2852080464363098
12392,0.2346818596124649
12393,0.2346818596124649
12394,0.21691009402275085
12395,0.21699009835720062
12396,0.21699009835720062
12397,0.21691009402275085
12398,0.24535591900348663
12399,0.24598337709903717
12400,0.24598337709903717
12401,0.24535591900348663
12402,0.2368759661912918
12403,0.23687206208705902
12404,0.23687206208705902
12405,0.2368759661912918
12406,0.17144033312797546
12407,0.1715192049741745
12408,0.1715192049741745
12409,0.17144033312797546
12410,0.2396223098039627
12411,0.24029426276683807
12412,0.24029426276683807
12413,0.2396223098039627
12414,0.22876937687397003
12415,0.22942505776882172
12416,0.22942505776882172
12417,0.22876937687397003
12418,0.21573425829410553
12419,0.21591489017009735
12420,0.21591489017009735
12421,0.21573425829410553
12422,0.23295408487319946
12423,0.23223687708377838
12424,0.23223687708377838
12425,0.23295408487319946
12426,0.247083842754364
12427,0.247083842754364
12428,0.24265910685062408
12429,0.24570909142494202
12430,0.24570909142494202
12431,0.24265910685062408
12432,0.2349207103252411
12433,0.2353498488664627
12434,0.2353498488664627
12435,0.2349207103252411
12436,0.22901658713817596
12437,0.2300402969121933
12438,0.2300402969121933
12439,0.22901658713817596
12440,0.22047245502471924
12441,0.22047245502471924
12442,0.22936245799064636
12443,0.2295515090227127
12444,0.2295515090227127
12445,0.22936245799064636
12446,0.22046126425266266
12447,0.22046126425266266
12448,0.22445960342884064
12449,0.22499817609786987
12450,0.22499817609786987
12451,0.22445960342884064
12452,0.21444924175739288
12453,0.21647866070270538
12454,0.21647866070270538
12455,0.21444924175739288
12456,0.22789643704891205
12457,0.22789643704891205
12458,0.22792162001132965
12459,0.22976802289485931
12460,0.22976802289485931
12461,0.22792162001132965
12462,0.17580626904964447
12463,0.17295421659946442
12464,0.17295421659946442
12465,0.17580626904964447
12466,0.24135053157806396
12467,0.24135053157806396
12468,0.23026734590530396
12469,0.23026734590530396
12470,0.20968256890773773
12471,0.20898301899433136
12472,0.20898301899433136
12473,0.20968256890773773
12474,0.22850963473320007
12475,0.2280476838350296
12476,0.2280476838350296
12477,0.22850963473320007
12478,0.2415352612733841
12479,0.2415352612733841
12480,0.22914595901966095
12481,0.22914595901966095
12482,0.21857790648937225
12483,0.21857790648937225
12484,0.21546570956707
12485,0.21490705013275146
12486,0.21490705013275146
12487,0.21546570956707
12488,0.24549706280231476
12489,0.24568568170070648
12490,0.24568568170070648
12491,0.24549706280231476
12492,0.2481754571199417
12493,0.2481754571199417
12494,0.2668486535549164
12495,0.2679474353790283
12496,0.2679474353790283
12497,0.2668486535549164
12498,0.2091134935617447
12499,0.20349787175655365
12500,0.20349787175655365
12501,0.2091134935617447
12502,0.2560296058654785
12503,0.2560296058654785
12504,0.2541232407093048
12505,0.2541652321815491
12506,0.2541652321815491
12507,0.2541232407093048
12508,0.25047561526298523
12509,0.25047561526298523
12510,0.22019575536251068
12511,0.22019575536251068
12512,0.21435563266277313
12513,0.2151990681886673
12514,0.2151990681886673
12515,0.21435563266277313
12516,0.2240024358034134
12517,0.2240024358034134
12518,0.21672411262989044
12519,0.22110243141651154
12520,0.22110243141651154
12521,0.21672411262989044
12522,0.17237968742847443
12523,0.17020295560359955
12524,0.17020295560359955
12525,0.17237968742847443
12526,0.24071936309337616
12527,0.24071936309337616
12528,0.20768685638904572
12529,0.20768685638904572
12530,0.2215697169303894
12531,0.2214709222316742
12532,0.2214709222316742
12533,0.2215697169303894
12534,0.21156439185142517
12535,0.21156439185142517
12536,0.22640150785446167
12537,0.22640150785446167
12538,0.199058398604393
12539,0.2001080960035324
12540,0.2001080960035324
12541,0.199058398604393
12542,0.21483902633190155
12543,0.21483902633190155
12544,0.19584010541439056
12545,0.19607584178447723
12546,0.19607584178447723
12547,0.19584010541439056
12548,0.16088168323040009
12549,0.15772946178913116
12550,0.15772946178913116
12551,0.16088168323040009
12552,0.23671065270900726
12553,0.23671065270900726
12554,0.20239512622356415
12555,0.20101217925548553
12556,0.20101217925548553
12557,0.20239512622356415
12558,0.20402152836322784
12559,0.20402152836322784
12560,0.23104490339756012
12561,0.23104490339756012
12562,0.2347860485315323
12563,0.23195679485797882
12564,0.23195679485797882
12565,0.2347860485315323
12566,0.21717487275600433
12567,0.21704338490962982
12568,0.21704338490962982
12569,0.21717487275600433
12570,0.21053141355514526
12571,0.21053141355514526
12572,0.2341553121805191
12573,0.23414507508277893
12574,0.23414507508277893
12575,0.2341553121805191
12576,0.2092466652393341
12577,0.2087293118238449
12578,0.2087293118238449
12579,0.2092466652393341
12580,0.20227594673633575
12581,0.20351724326610565
12582,0.20351724326610565
12583,0.20227594673633575
12584,0.23061047494411469
12585,0.23061047494411469
12586,0.23386327922344208
12587,0.23254166543483734
12588,0.23254166543483734
12589,0.23386327922344208
12590,0.1940409392118454
12591,0.19274717569351196
12592,0.19274717569351196
12593,0.1940409392118454
12594,0.2118608057498932
12595,0.21199490129947662
12596,0.21199490129947662
12597,0.2118608057498932
12598,0.23627819120883942
12599,0.23627819120883942
12600,0.24031557142734528
12601,0.24031557142734528
12602,0.24440504610538483
12603,0.24385400116443634
12604,0.24385400116443634
12605,0.24440504610538483
12606,0.22866107523441315
12607,0.22839023172855377
12608,0.22839023172855377
12609,0.22866107523441315
12610,0.24158473312854767
12611,0.24158473312854767
12612,0.2211308628320694
12613,0.2211308628320694
12614,0.2470897138118744
12615,0.2470897138118744
12616,0.21343113481998444
12617,0.21343113481998444
12618,0.16629931330680847
12619,0.16727520525455475
12620,0.16727520525455475
12621,0.16629931330680847
12622,0.22735650837421417
12623,0.22735650837421417
12624,0.20460914075374603
12625,0.20495565235614777
12626,0.20495565235614777
12627,0.20460914075374603
12628,0.20313486456871033
12629,0.20313486456871033
12630,0.24671241641044617
12631,0.24671241641044617
12632,0.2073429971933365
12633,0.19966672360897064
12634,0.19966672360897064
12635,0.2073429971933365
12636,0.25361382961273193
12637,0.25361382961273193
12638,0.2499072402715683
12639,0.2501731216907501
12640,0.2501731216907501
12641,0.2499072402715683
12642,0.24794985353946686
12643,0.24794985353946686
12644,0.17893756926059723
12645,0.17886769771575928
12646,0.17886769771575928
12647,0.17893756926059723
12648,0.1909669190645218
12649,0.1909669190645218
12650,0.1780651956796646
12651,0.17800433933734894
12652,0.17800433933734894
12653,0.1780651956796646
12654,0.1636597216129303
12655,0.15846584737300873
12656,0.15846584737300873
12657,0.1636597216129303
12658,0.21101124584674835
12659,0.21101124584674835
12660,0.1831604242324829
12661,0.18305207788944244
12662,0.18305207788944244
12663,0.1831604242324829
12664,0.2080211192369461
12665,0.2080211192369461
12666,0.19461148977279663
12667,0.19461148977279663
12668,0.21446119248867035
12669,0.21497385203838348
12670,0.21497385203838348
12671,0.21446119248867035
12672,0.2199142575263977
12673,0.2199142575263977
12674,0.21026934683322906
12675,0.21375234425067902
12676,0.21375234425067902
12677,0.21026934683322906
12678,0.1893364042043686
12679,0.1836305558681488
12680,0.1836305558681488
12681,0.1893364042043686
12682,0.23844903707504272
12683,0.23844903707504272
12684,0.20923389494419098
12685,0.20826953649520874
12686,0.20826953649520874
12687,0.20923389494419098
12688,0.22447580099105835
12689,0.22447580099105835
12690,0.21786680817604065
12691,0.21786680817604065
12692,0.17739813029766083
12693,0.17876958847045898
12694,0.17876958847045898
12695,0.17739813029766083
12696,0.23370225727558136
12697,0.23370225727558136
12698,0.2133193165063858
12699,0.2126707285642624
12700,0.2126707285642624
12701,0.2133193165063858
12702,0.21262012422084808
12703,0.21262012422084808
12704,0.2137792408466339
12705,0.21175308525562286
12706,0.21175308525562286
12707,0.2137792408466339
12708,0.21118293702602386
12709,0.2112077921628952
12710,0.2112077921628952
12711,0.21118293702602386
12712,0.2054285705089569
12713,0.2054285705089569
12714,0.20533230900764465
12715,0.20314888656139374
12716,0.20314888656139374
12717,0.20533230900764465
12718,0.24096469581127167
12719,0.241017147898674
12720,0.241017147898674
12721,0.24096469581127167
12722,0.21126239001750946
12723,0.21028147637844086
12724,0.21028147637844086
12725,0.21126239001750946
12726,0.1970105916261673
12727,0.19717369973659515
12728,0.19717369973659515
12729,0.1970105916261673
12730,0.2253352850675583
12731,0.2253352850675583
12732,0.23772858083248138
12733,0.23676389455795288
12734,0.23676389455795288
12735,0.23772858083248138
12736,0.17764514684677124
12737,0.17748166620731354
12738,0.17748166620731354
12739,0.17764514684677124
12740,0.2162674516439438
12741,0.21644042432308197
12742,0.21644042432308197
12743,0.2162674516439438
12744,0.18357054889202118
12745,0.18467240035533905
12746,0.18467240035533905
12747,0.18357054889202118
12748,0.23438987135887146
12749,0.23438987135887146
12750,0.27176010608673096
12751,0.2711135149002075
12752,0.2711135149002075
12753,0.27176010608673096
12754,0.23047922551631927
12755,0.23047922551631927
12756,0.23733042180538177
12757,0.23892414569854736
12758,0.23892414569854736
12759,0.23733042180538177
12760,0.22968284785747528
12761,0.2296903282403946
12762,0.2296903282403946
12763,0.22968284785747528
12764,0.18053829669952393
12765,0.18060500919818878
12766,0.18060500919818878
12767,0.18053829669952393
12768,0.23230265080928802
12769,0.23283034563064575
12770,0.23283034563064575
12771,0.23230265080928802
12772,0.2095450609922409
12773,0.20977787673473358
12774,0.20977787673473358
12775,0.2095450609922409
12776,0.23818351328372955
12777,0.23818351328372955
12778,0.2320883423089981
12779,0.23486952483654022
12780,0.23486952483654022
12781,0.2320883423089981
12782,0.20817680656909943
12783,0.2037486881017685
12784,0.2037486881017685
12785,0.20817680656909943
12786,0.21705834567546844
12787,0.21705834567546844
12788,0.2100575715303421
12789,0.2100575715303421
12790,0.15370814502239227
12791,0.15337799489498138
12792,0.15337799489498138
12793,0.15370814502239227
12794,0.23407596349716187
12795,0.23407596349716187
12796,0.19418516755104065
12797,0.19388453662395477
12798,0.19388453662395477
12799,0.19418516755104065
12800,0.228316530585289
12801,0.228316530585289
12802,0.24363307654857635
12803,0.2441260665655136
12804,0.2441260665655136
12805,0.24363307654857635
12806,0.241670623421669
12807,0.241670623421669
12808,0.26868385076522827
12809,0.28093549609184265
12810,0.28093549609184265
12811,0.26868385076522827
12812,0.20220912992954254
12813,0.20238803327083588
12814,0.20238803327083588
12815,0.20220912992954254
12816,0.2566027045249939
12817,0.2566027045249939
12818,0.26006776094436646
12819,0.26006776094436646
12820,0.25308459997177124
12821,0.2530514597892761
12822,0.2530514597892761
12823,0.25308459997177124
12824,0.2557702958583832
12825,0.25600099563598633
12826,0.25600099563598633
12827,0.2557702958583832
12828,0.25975385308265686
12829,0.25975385308265686
12830,0.25766605138778687
12831,0.25766605138778687
12832,0.22242024540901184
12833,0.22242024540901184
12834,0.22903858125209808
12835,0.22903858125209808
12836,0.23391790688037872
12837,0.23379647731781006
12838,0.23379647731781006
12839,0.23391790688037872
12840,0.23629622161388397
12841,0.23629622161388397
12842,0.23908330500125885
12843,0.2375301569700241
12844,0.2375301569700241
12845,0.23908330500125885
12846,0.18042246997356415
12847,0.18154072761535645
12848,0.18154072761535645
12849,0.18042246997356415
12850,0.24663586914539337
12851,0.24663586914539337
12852,0.22848711907863617
12853,0.22848711907863617
12854,0.23182587325572968
12855,0.23178990185260773
12856,0.23178990185260773
12857,0.23182587325572968
12858,0.23029355704784393
12859,0.23029355704784393
12860,0.22868484258651733
12861,0.22868484258651733
12862,0.1919829100370407
12863,0.1919829100370407
12864,0.18268555402755737
12865,0.18333420157432556
12866,0.18333420157432556
12867,0.18268555402755737
12868,0.20447967946529388
12869,0.20447967946529388
12870,0.18444843590259552
12871,0.18760286271572113
12872,0.18760286271572113
12873,0.18444843590259552
12874,0.1585550606250763
12875,0.15612336993217468
12876,0.15612336993217468
12877,0.1585550606250763
12878,0.2231563776731491
12879,0.2231563776731491
12880,0.17415781319141388
12881,0.17415781319141388
12882,0.1949559599161148
12883,0.19412000477313995
12884,0.19412000477313995
12885,0.1949559599161148
12886,0.19547037780284882
12887,0.19547037780284882
12888,0.19094112515449524
12889,0.19094112515449524
12890,0.24698178470134735
12891,0.24698178470134735
12892,0.22281812131404877
12893,0.22080111503601074
12894,0.22080111503601074
12895,0.22281812131404877
12896,0.257077693939209
12897,0.257077693939209
12898,0.26172423362731934
12899,0.26176369190216064
12900,0.26176369190216064
12901,0.26172423362731934
12902,0.2581653594970703
12903,0.2581653594970703
12904,0.19633354246616364
12905,0.19898463785648346
12906,0.19898463785648346
12907,0.19633354246616364
12908,0.21002204716205597
12909,0.21002204716205597
12910,0.2082841843366623
12911,0.20970849692821503
12912,0.20970849692821503
12913,0.2082841843366623
12914,0.161104217171669
12915,0.1564888209104538
12916,0.1564888209104538
12917,0.161104217171669
12918,0.22673098742961884
12919,0.22673098742961884
12920,0.2078963667154312
12921,0.20603977143764496
12922,0.20603977143764496
12923,0.2078963667154312
12924,0.20232820510864258
12925,0.20232820510864258
12926,0.20298640429973602
12927,0.20322060585021973
12928,0.20322060585021973
12929,0.20298640429973602
12930,0.20993877947330475
12931,0.20993877947330475
12932,0.2241431176662445
12933,0.22880183160305023
12934,0.22880183160305023
12935,0.2241431176662445
12936,0.16564704477787018
12937,0.16471712291240692
12938,0.16471712291240692
12939,0.16564704477787018
12940,0.23005343973636627
12941,0.23005343973636627
12942,0.21500861644744873
12943,0.2150389403104782
12944,0.2150389403104782
12945,0.21500861644744873
12946,0.21434201300144196
12947,0.21434201300144196
12948,0.23248593509197235
12949,0.23248593509197235
12950,0.23976396024227142
12951,0.23946435749530792
12952,0.23946435749530792
12953,0.23976396024227142
12954,0.2081843912601471
12955,0.2081843912601471
12956,0.20770163834095
12957,0.20543815195560455
12958,0.20543815195560455
12959,0.20770163834095
12960,0.21200408041477203
12961,0.21200408041477203
12962,0.20704768598079681
12963,0.20694436132907867
12964,0.20694436132907867
12965,0.20704768598079681
12966,0.2699509263038635
12967,0.26862818002700806
12968,0.26862818002700806
12969,0.2699509263038635
12970,0.24639113247394562
12971,0.24639113247394562
12972,0.2838038504123688
12973,0.28378668427467346
12974,0.28378668427467346
12975,0.2838038504123688
12976,0.26838287711143494
12977,0.26790380477905273
12978,0.26790380477905273
12979,0.26838287711143494
12980,0.24716027081012726
12981,0.2475302368402481
12982,0.2475302368402481
12983,0.24716027081012726
12984,0.25831133127212524
12985,0.25831133127212524
12986,0.27589696645736694
12987,0.2758220434188843
12988,0.2758220434188843
12989,0.27589696645736694
12990,0.2181146889925003
12991,0.21624599397182465
12992,0.21624599397182465
12993,0.2181146889925003
12994,0.2630283236503601
12995,0.2630830407142639
12996,0.2630830407142639
12997,0.2630283236503601
12998,0.2645638883113861
12999,0.2645638883113861
13000,0.27528268098831177
13001,0.27528268098831177
13002,0.27855294942855835
13003,0.2788458466529846
13004,0.2788458466529846
13005,0.27855294942855835
13006,0.26612788438796997
13007,0.26611679792404175
13008,0.26611679792404175
13009,0.26612788438796997
13010,0.27957648038864136
13011,0.27957648038864136
13012,0.27242791652679443
13013,0.27242791652679443
13014,0.2507738471031189
13015,0.24859203398227692
13016,0.24859203398227692
13017,0.2507738471031189
13018,0.23238505423069
13019,0.23238505423069
13020,0.2550995945930481
13021,0.25509196519851685
13022,0.25509196519851685
13023,0.2550995945930481
13024,0.2464209944009781
13025,0.24618037045001984
13026,0.24618037045001984
13027,0.2464209944009781
13028,0.22522224485874176
13029,0.2276005744934082
13030,0.2276005744934082
13031,0.22522224485874176
13032,0.2442934364080429
13033,0.2442934364080429
13034,0.2672237753868103
13035,0.26918357610702515
13036,0.26918357610702515
13037,0.2672237753868103
13038,0.21034248173236847
13039,0.20428122580051422
13040,0.20428122580051422
13041,0.21034248173236847
13042,0.23654431104660034
13043,0.23654258251190186
13044,0.23654258251190186
13045,0.23654431104660034
13046,0.25326573848724365
13047,0.25326573848724365
13048,0.2668237090110779
13049,0.2668237090110779
13050,0.2569420337677002
13051,0.25736457109451294
13052,0.25736457109451294
13053,0.2569420337677002
13054,0.2535783052444458
13055,0.25386643409729004
13056,0.25386643409729004
13057,0.2535783052444458
13058,0.2564259171485901
13059,0.2564259171485901
13060,0.2464553713798523
13061,0.2464553713798523
13062,0.20736022293567657
13063,0.20736022293567657
13064,0.14086128771305084
13065,0.14439553022384644
13066,0.14439553022384644
13067,0.14086128771305084
13068,0.22583548724651337
13069,0.22583548724651337
13070,0.1913398802280426
13071,0.18955671787261963
13072,0.18955671787261963
13073,0.1913398802280426
13074,0.23800359666347504
13075,0.24049346148967743
13076,0.24049346148967743
13077,0.23800359666347504
13078,0.24278198182582855
13079,0.23893766105175018
13080,0.23893766105175018
13081,0.24278198182582855
13082,0.2478456050157547
13083,0.24759158492088318
13084,0.24759158492088318
13085,0.2478456050157547
13086,0.18722520768642426
13087,0.18710055947303772
13088,0.18710055947303772
13089,0.18722520768642426
13090,0.20861931145191193
13091,0.20861931145191193
13092,0.21030478179454803
13093,0.2130439132452011
13094,0.2130439132452011
13095,0.21030478179454803
13096,0.19077123701572418
13097,0.19611544907093048
13098,0.19611544907093048
13099,0.19077123701572418
13100,0.22922052443027496
13101,0.22902943193912506
13102,0.22902943193912506
13103,0.22922052443027496
13104,0.21975071728229523
13105,0.2138717621564865
13106,0.2138717621564865
13107,0.21975071728229523
13108,0.24971726536750793
13109,0.24992679059505463
13110,0.24992679059505463
13111,0.24971726536750793
13112,0.22627824544906616
13113,0.22805027663707733
13114,0.22805027663707733
13115,0.22627824544906616
13116,0.23643039166927338
13117,0.23646022379398346
13118,0.23646022379398346
13119,0.23643039166927338
13120,0.20805345475673676
13121,0.20609605312347412
13122,0.20609605312347412
13123,0.20805345475673676
13124,0.22095130383968353
13125,0.22095130383968353
13126,0.2428545504808426
13127,0.24323858320713043
13128,0.24323858320713043
13129,0.2428545504808426
13130,0.1795373111963272
13131,0.18269623816013336
13132,0.18269623816013336
13133,0.1795373111963272
13134,0.21299903094768524
13135,0.21508382260799408
13136,0.21508382260799408
13137,0.21299903094768524
13138,0.19595962762832642
13139,0.20923568308353424
13140,0.20923568308353424
13141,0.19595962762832642
13142,0.23922337591648102
13143,0.23922337591648102
13144,0.30091702938079834
13145,0.3017761707305908
13146,0.3017761707305908
13147,0.30091702938079834
13148,0.23830901086330414
13149,0.23830901086330414
13150,0.1842774599790573
13151,0.19391553103923798
13152,0.19391553103923798
13153,0.1842774599790573
13154,0.23700499534606934
13155,0.23865807056427002
13156,0.23865807056427002
13157,0.23700499534606934
13158,0.30730992555618286
13159,0.30443304777145386
13160,0.30443304777145386
13161,0.30730992555618286
13162,0.22295133769512177
13163,0.22246767580509186
13164,0.22246767580509186
13165,0.22295133769512177
13166,0.23843933641910553
13167,0.23918910324573517
13168,0.23918910324573517
13169,0.23843933641910553
13170,0.28433799743652344
13171,0.2799219489097595
13172,0.2799219489097595
13173,0.28433799743652344
13174,0.2183406502008438
13175,0.21833714842796326
13176,0.21833714842796326
13177,0.2183406502008438
13178,0.1701161414384842
13179,0.16999273002147675
13180,0.16999273002147675
13181,0.1701161414384842
13182,0.26984912157058716
13183,0.26984912157058716
13184,0.266753226518631
13185,0.26173335313796997
13186,0.26173335313796997
13187,0.266753226518631
13188,0.2074737697839737
13189,0.20769087970256805
13190,0.20769087970256805
13191,0.2074737697839737
13192,0.29325002431869507
13193,0.301663339138031
13194,0.301663339138031
13195,0.29325002431869507
13196,0.24111217260360718
13197,0.24111217260360718
13198,0.21431012451648712
13199,0.2144094556570053
13200,0.2144094556570053
13201,0.21431012451648712
13202,0.22947706282138824
13203,0.22925709187984467
13204,0.22925709187984467
13205,0.22947706282138824
13206,0.27252984046936035
13207,0.27298444509506226
13208,0.27298444509506226
13209,0.27252984046936035
13210,0.18683341145515442
13211,0.1867760568857193
13212,0.1867760568857193
13213,0.18683341145515442
13214,0.20644761621952057
13215,0.2081170678138733
13216,0.2081170678138733
13217,0.20644761621952057
13218,0.17657051980495453
13219,0.17611216008663177
13220,0.17611216008663177
13221,0.17657051980495453
13222,0.24902133643627167
13223,0.2563423812389374
13224,0.2563423812389374
13225,0.24902133643627167
13226,0.2319900542497635
13227,0.23218084871768951
13228,0.23218084871768951
13229,0.2319900542497635
13230,0.16208627820014954
13231,0.1660197228193283
13232,0.1660197228193283
13233,0.16208627820014954
13234,0.251642644405365
13235,0.25579699873924255
13236,0.25579699873924255
13237,0.251642644405365
13238,0.24262738227844238
13239,0.24262738227844238
13240,0.2607191205024719
13241,0.2697151303291321
13242,0.2697151303291321
13243,0.2607191205024719
13244,0.23033815622329712
13245,0.23033815622329712
13246,0.2621937394142151
13247,0.2622062563896179
13248,0.2622062563896179
13249,0.2621937394142151
13250,0.24557101726531982
13251,0.24321620166301727
13252,0.24321620166301727
13253,0.24557101726531982
13254,0.22279027104377747
13255,0.22115541994571686
13256,0.22115541994571686
13257,0.22279027104377747
13258,0.23335877060890198
13259,0.23253193497657776
13260,0.23253193497657776
13261,0.23335877060890198
13262,0.227065771818161
13263,0.227065771818161
13264,0.22864918410778046
13265,0.22879940271377563
13266,0.22879940271377563
13267,0.22864918410778046
13268,0.21997445821762085
13269,0.21997445821762085
13270,0.19770169258117676
13271,0.1949552744626999
13272,0.1949552744626999
13273,0.19770169258117676
13274,0.20592279732227325
13275,0.2059309035539627
13276,0.2059309035539627
13277,0.20592279732227325
13278,0.2068093866109848
13279,0.20780137181282043
13280,0.20780137181282043
13281,0.2068093866109848
13282,0.19016914069652557
13283,0.19170787930488586
13284,0.19170787930488586
13285,0.19016914069652557
13286,0.20635353028774261
13287,0.20635353028774261
13288,0.2181137353181839
13289,0.21319246292114258
13290,0.21319246292114258
13291,0.2181137353181839
13292,0.1769459992647171
13293,0.1805410534143448
13294,0.1805410534143448
13295,0.1769459992647171
13296,0.2059498280286789
13297,0.20605990290641785
13298,0.20605990290641785
13299,0.2059498280286789
13300,0.22418461740016937
13301,0.22418461740016937
13302,0.20470233261585236
13303,0.20470233261585236
13304,0.20013074576854706
13305,0.2010038197040558
13306,0.2010038197040558
13307,0.20013074576854706
13308,0.20685356855392456
13309,0.20759952068328857
13310,0.20759952068328857
13311,0.20685356855392456
13312,0.19259651005268097
13313,0.19279034435749054
13314,0.19279034435749054
13315,0.19259651005268097
13316,0.2173147052526474
13317,0.2173147052526474
13318,0.2261553555727005
13319,0.23133711516857147
13320,0.21192006766796112
13321,0.21192006766796112
13322,0.293312668800354
13323,0.2921329140663147
13324,0.2921329140663147
13325,0.293312668800354
13326,0.2591290771961212
13327,0.2591290771961212
13328,0.2807905077934265
13329,0.2807486355304718
13330,0.2807486355304718
13331,0.2807905077934265
13332,0.2819530963897705
13333,0.28193405270576477
13334,0.28193405270576477
13335,0.2819530963897705
13336,0.25602102279663086
13337,0.25571209192276
13338,0.25571209192276
13339,0.25602102279663086
13340,0.26567333936691284
13341,0.26567333936691284
13342,0.29289770126342773
13343,0.29767513275146484
13344,0.29767513275146484
13345,0.29289770126342773
13346,0.2485305219888687
13347,0.24047724902629852
13348,0.24047724902629852
13349,0.2485305219888687
13350,0.2691279947757721
13351,0.2691766619682312
13352,0.2691766619682312
13353,0.2691279947757721
13354,0.2633970379829407
13355,0.2633970379829407
13356,0.30439305305480957
13357,0.30439305305480957
13358,0.27719396352767944
13359,0.27779436111450195
13360,0.27779436111450195
13361,0.27719396352767944
13362,0.279967725276947
13363,0.27949273586273193
13364,0.27949273586273193
13365,0.279967725276947
13366,0.27619320154190063
13367,0.27619320154190063
13368,0.27919137477874756
13369,0.27919137477874756
13370,0.23598222434520721
13371,0.23572953045368195
13372,0.23572953045368195
13373,0.23598222434520721
13374,0.22493986785411835
13375,0.22493986785411835
13376,0.22934569418430328
13377,0.2293301522731781
13378,0.2293301522731781
13379,0.22934569418430328
13380,0.23225484788417816
13381,0.23236384987831116
13382,0.23236384987831116
13383,0.23225484788417816
13384,0.2084221988916397
13385,0.20770397782325745
13386,0.20770397782325745
13387,0.2084221988916397
13388,0.22975380718708038
13389,0.22975380718708038
13390,0.24117960035800934
13391,0.24107331037521362
13392,0.24107331037521362
13393,0.24117960035800934
13394,0.19132624566555023
13395,0.1913960576057434
13396,0.1913960576057434
13397,0.19132624566555023
13398,0.2209661453962326
13399,0.2212074249982834
13400,0.2212074249982834
13401,0.2209661453962326
13402,0.23965571820735931
13403,0.23965571820735931
13404,0.24479012191295624
13405,0.24479012191295624
13406,0.2514302134513855
13407,0.25055551528930664
13408,0.25055551528930664
13409,0.2514302134513855
13410,0.22764961421489716
13411,0.22748874127864838
13412,0.22748874127864838
13413,0.22764961421489716
13414,0.24407358467578888
13415,0.24407358467578888
13416,0.23373094201087952
13417,0.23373094201087952
13418,0.1888677030801773
13419,0.1894812434911728
13420,0.1894812434911728
13421,0.1888677030801773
13422,0.2108244150876999
13423,0.2108244150876999
13424,0.20426829159259796
13425,0.20588469505310059
13426,0.20588469505310059
13427,0.20426829159259796
13428,0.15040668845176697
13429,0.15057682991027832
13430,0.15057682991027832
13431,0.15040668845176697
13432,0.22971443831920624
13433,0.22971443831920624
13434,0.20694155991077423
13435,0.2067098766565323
13436,0.2067098766565323
13437,0.20694155991077423
13438,0.19452466070652008
13439,0.19452466070652008
13440,0.20440079271793365
13441,0.2050003856420517
13442,0.2050003856420517
13443,0.20440079271793365
13444,0.19918999075889587
13445,0.19918999075889587
13446,0.2283799797296524
13447,0.22830218076705933
13448,0.22830218076705933
13449,0.2283799797296524
13450,0.20961107313632965
13451,0.20818689465522766
13452,0.20818689465522766
13453,0.20961107313632965
13454,0.20142287015914917
13455,0.20213524997234344
13456,0.20213524997234344
13457,0.20142287015914917
13458,0.21387219429016113
13459,0.21387219429016113
13460,0.22530414164066315
13461,0.22957639396190643
13462,0.22957639396190643
13463,0.22530414164066315
13464,0.17119577527046204
13465,0.17016170918941498
13466,0.17016170918941498
13467,0.17119577527046204
13468,0.20395897328853607
13469,0.2042534500360489
13470,0.2042534500360489
13471,0.20395897328853607
13472,0.23833803832530975
13473,0.23833803832530975
13474,0.21367216110229492
13475,0.21367216110229492
13476,0.20775960385799408
13477,0.2090270221233368
13478,0.2090270221233368
13479,0.20775960385799408
13480,0.21851621568202972
13481,0.2192782759666443
13482,0.2192782759666443
13483,0.21851621568202972
13484,0.2220546156167984
13485,0.2220546156167984
13486,0.21573664247989655
13487,0.21573664247989655
13488,0.24668237566947937
13489,0.24668237566947937
13490,0.24955400824546814
13491,0.24899500608444214
13492,0.24899500608444214
13493,0.24955400824546814
13494,0.19621677696704865
13495,0.19621677696704865
13496,0.2284085899591446
13497,0.2284085899591446
13498,0.19107340276241302
13499,0.19045694172382355
13500,0.19045694172382355
13501,0.19107340276241302
13502,0.23079529404640198
13503,0.23079529404640198
13504,0.22225435078144073
13505,0.22321662306785583
13506,0.22321662306785583
13507,0.22225435078144073
13508,0.21874745190143585
13509,0.21874745190143585
13510,0.22734448313713074
13511,0.22734448313713074
13512,0.22670859098434448
13513,0.22627635300159454
13514,0.22627635300159454
13515,0.22670859098434448
13516,0.2438947707414627
13517,0.24515582621097565
13518,0.24515582621097565
13519,0.2438947707414627
13520,0.2407555729150772
13521,0.2407555729150772
13522,0.2430240362882614
13523,0.24549399316310883
13524,0.24549399316310883
13525,0.2430240362882614
13526,0.21470563113689423
13527,0.2118275910615921
13528,0.2118275910615921
13529,0.21470563113689423
13530,0.25084248185157776
13531,0.25084248185157776
13532,0.24266280233860016
13533,0.24173730611801147
13534,0.24173730611801147
13535,0.24266280233860016
13536,0.2478758841753006
13537,0.2478758841753006
13538,0.2239660620689392
13539,0.2239660620689392
13540,0.174798384308815
13541,0.17770503461360931
13542,0.17770503461360931
13543,0.174798384308815
13544,0.2322685569524765
13545,0.2322685569524765
13546,0.21439935266971588
13547,0.21507306396961212
13548,0.21507306396961212
13549,0.21439935266971588
13550,0.2060634046792984
13551,0.2060634046792984
13552,0.21992112696170807
13553,0.21992112696170807
13554,0.21731607615947723
13555,0.21657849848270416
13556,0.21657849848270416
13557,0.21731607615947723
13558,0.201755553483963
13559,0.201755553483963
13560,0.2121184915304184
13561,0.21325261890888214
13562,0.21325261890888214
13563,0.2121184915304184
13564,0.2197626382112503
13565,0.2197626382112503
13566,0.2169114649295807
13567,0.21800047159194946
13568,0.21800047159194946
13569,0.2169114649295807
13570,0.18182949721813202
13571,0.1826389580965042
13572,0.1826389580965042
13573,0.18182949721813202
13574,0.23437175154685974
13575,0.23437175154685974
13576,0.21457386016845703
13577,0.21457386016845703
13578,0.21760302782058716
13579,0.2164713591337204
13580,0.2164713591337204
13581,0.21760302782058716
13582,0.2132595330476761
13583,0.21243368089199066
13584,0.21243368089199066
13585,0.2132595330476761
13586,0.239381805062294
13587,0.239381805062294
13588,0.22365044057369232
13589,0.22365044057369232
13590,0.2232026904821396
13591,0.2232026904821396
13592,0.22316749393939972
13593,0.22296983003616333
13594,0.22296983003616333
13595,0.22316749393939972
13596,0.21990275382995605
13597,0.21990275382995605
13598,0.20256440341472626
13599,0.19733764231204987
13600,0.19733764231204987
13601,0.20256440341472626
13602,0.23287665843963623
13603,0.23287665843963623
13604,0.22674162685871124
13605,0.22616304457187653
13606,0.22616304457187653
13607,0.22674162685871124
13608,0.20498399436473846
13609,0.20498399436473846
13610,0.15350288152694702
13611,0.15692056715488434
13612,0.15692056715488434
13613,0.15350288152694702
13614,0.22699445486068726
13615,0.22699445486068726
13616,0.19502903521060944
13617,0.19458936154842377
13618,0.19458936154842377
13619,0.19502903521060944
13620,0.19214916229248047
13621,0.19214916229248047
13622,0.22162650525569916
13623,0.22186793386936188
13624,0.22186793386936188
13625,0.22162650525569916
13626,0.22319553792476654
13627,0.22319553792476654
13628,0.22808797657489777
13629,0.2322186380624771
13630,0.2322186380624771
13631,0.22808797657489777
13632,0.18050558865070343
13633,0.1788344383239746
13634,0.1788344383239746
13635,0.18050558865070343
13636,0.24039281904697418
13637,0.24039281904697418
13638,0.22491319477558136
13639,0.22417303919792175
13640,0.22417303919792175
13641,0.22491319477558136
13642,0.2322646826505661
13643,0.2322646826505661
13644,0.2060430496931076
13645,0.20617105066776276
13646,0.20617105066776276
13647,0.2060430496931076
13648,0.2233111411333084
13649,0.2233111411333084
13650,0.20700043439865112
13651,0.2093999981880188
13652,0.2093999981880188
13653,0.20700043439865112
13654,0.1618930548429489
13655,0.15919500589370728
13656,0.15919500589370728
13657,0.1618930548429489
13658,0.23878635466098785
13659,0.23878635466098785
13660,0.22316567599773407
13661,0.22274191677570343
13662,0.22274191677570343
13663,0.22316567599773407
13664,0.21603354811668396
13665,0.21603354811668396
13666,0.23486392199993134
13667,0.22543062269687653
13668,0.22543062269687653
13669,0.23486392199993134
13670,0.19996024668216705
13671,0.19998253881931305
13672,0.19998253881931305
13673,0.19996024668216705
13674,0.2156871110200882
13675,0.2156871110200882
13676,0.21489080786705017
13677,0.22048652172088623
13678,0.22048652172088623
13679,0.21489080786705017
13680,0.23304800689220428
13681,0.23296569287776947
13682,0.23296569287776947
13683,0.23304800689220428
13684,0.2245808243751526
13685,0.22592699527740479
13686,0.22592699527740479
13687,0.2245808243751526
13688,0.21760976314544678
13689,0.211253359913826
13690,0.211253359913826
13691,0.21760976314544678
13692,0.2300693243741989
13693,0.2300693243741989
13694,0.2453950196504593
13695,0.2535644769668579
13696,0.2535644769668579
13697,0.2453950196504593
13698,0.20225612819194794
13699,0.19285878539085388
13700,0.19285878539085388
13701,0.20225612819194794
13702,0.21834491193294525
13703,0.21949051320552826
13704,0.21949051320552826
13705,0.21834491193294525
13706,0.2444525808095932
13707,0.2444525808095932
13708,0.2784603238105774
13709,0.2813337445259094
13710,0.2813337445259094
13711,0.2784603238105774
13712,0.25132909417152405
13713,0.25132909417152405
13714,0.24019573628902435
13715,0.2445264458656311
13716,0.2445264458656311
13717,0.24019573628902435
13718,0.23783141374588013
13719,0.23642636835575104
13720,0.23642636835575104
13721,0.23783141374588013
13722,0.21104851365089417
13723,0.2113327831029892
13724,0.2113327831029892
13725,0.21104851365089417
13726,0.24381688237190247
13727,0.24381688237190247
13728,0.24123071134090424
13729,0.2522764205932617
13730,0.2522764205932617
13731,0.24123071134090424
13732,0.24628566205501556
13733,0.24628566205501556
13734,0.24107594788074493
13735,0.24152664840221405
13736,0.24152664840221405
13737,0.24107594788074493
13738,0.23916958272457123
13739,0.23916958272457123
13740,0.24093259871006012
13741,0.24298489093780518
13742,0.24298489093780518
13743,0.24093259871006012
13744,0.20815744996070862
13745,0.20605085790157318
13746,0.20605085790157318
13747,0.20815744996070862
13748,0.24906949698925018
13749,0.24906949698925018
13750,0.23969151079654694
13751,0.23874370753765106
13752,0.23874370753765106
13753,0.23969151079654694
13754,0.2447296530008316
13755,0.2447296530008316
13756,0.23387891054153442
13757,0.23387891054153442
13758,0.24338366091251373
13759,0.24338366091251373
13760,0.23197592794895172
13761,0.23190759122371674
13762,0.23190759122371674
13763,0.23197592794895172
13764,0.22765833139419556
13765,0.22765833139419556
13766,0.2240021675825119
13767,0.22361944615840912
13768,0.22361944615840912
13769,0.2240021675825119
13770,0.20130452513694763
13771,0.20130452513694763
13772,0.19976648688316345
13773,0.19948537647724152
13774,0.19948537647724152
13775,0.19976648688316345
13776,0.21345002949237823
13777,0.21761585772037506
13778,0.21761585772037506
13779,0.21345002949237823
13780,0.2049301564693451
13781,0.2049301564693451
13782,0.20491380989551544
13783,0.2049819678068161
13784,0.2049819678068161
13785,0.20491380989551544
13786,0.20000632107257843
13787,0.2058960646390915
13788,0.2058960646390915
13789,0.20000632107257843
13790,0.20960377156734467
13791,0.20310695469379425
13792,0.20310695469379425
13793,0.20960377156734467
13794,0.21346081793308258
13795,0.21346081793308258
13796,0.22230581939220428
13797,0.22429966926574707
13798,0.22429966926574707
13799,0.22230581939220428
13800,0.17178703844547272
13801,0.1716097891330719
13802,0.1716097891330719
13803,0.17178703844547272
13804,0.19058789312839508
13805,0.19345472753047943
13806,0.19345472753047943
13807,0.19058789312839508
13808,0.22956018149852753
13809,0.22956018149852753
13810,0.21752716600894928
13811,0.21752716600894928
13812,0.21581800282001495
13813,0.20714208483695984
13814,0.20714208483695984
13815,0.21581800282001495
13816,0.21829037368297577
13817,0.2178676724433899
13818,0.2178676724433899
13819,0.21829037368297577
13820,0.2292296141386032
13821,0.2292296141386032
13822,0.218573197722435
13823,0.218573197722435
13824,0.23153986036777496
13825,0.23153986036777496
13826,0.18373143672943115
13827,0.18091584742069244
13828,0.18091584742069244
13829,0.18373143672943115
13830,0.24911268055438995
13831,0.24911268055438995
13832,0.22144770622253418
13833,0.2197543829679489
13834,0.2197543829679489
13835,0.22144770622253418
13836,0.22115962207317352
13837,0.2218816578388214
13838,0.2218816578388214
13839,0.22115962207317352
13840,0.2249957174062729
13841,0.2249957174062729
13842,0.2318013459444046
13843,0.23342420160770416
13844,0.23342420160770416
13845,0.2318013459444046
13846,0.17766474187374115
13847,0.17632992565631866
13848,0.17632992565631866
13849,0.17766474187374115
13850,0.23653964698314667
13851,0.23653964698314667
13852,0.22715093195438385
13853,0.22657980024814606
13854,0.22657980024814606
13855,0.22715093195438385
13856,0.22100910544395447
13857,0.22100910544395447
13858,0.22364187240600586
13859,0.21988734602928162
13860,0.21988734602928162
13861,0.22364187240600586
13862,0.213410884141922
13863,0.213410884141922
13864,0.21636715531349182
13865,0.21682880818843842
13866,0.21682880818843842
13867,0.21636715531349182
13868,0.2080918848514557
13869,0.21030335128307343
13870,0.21030335128307343
13871,0.2080918848514557
13872,0.21983397006988525
13873,0.21983397006988525
13874,0.2204967886209488
13875,0.2223663479089737
13876,0.2223663479089737
13877,0.2204967886209488
13878,0.15863341093063354
13879,0.15534579753875732
13880,0.15534579753875732
13881,0.15863341093063354
13882,0.2352263480424881
13883,0.2352263480424881
13884,0.21542851626873016
13885,0.21542851626873016
13886,0.2004307061433792
13887,0.19881992042064667
13888,0.19881992042064667
13889,0.2004307061433792
13890,0.21955586969852448
13891,0.22049221396446228
13892,0.22049221396446228
13893,0.21955586969852448
13894,0.23657117784023285
13895,0.23657117784023285
13896,0.21318292617797852
13897,0.21318292617797852
13898,0.25072717666625977
13899,0.25072717666625977
13900,0.2529880702495575
13901,0.25228291749954224
13902,0.25228291749954224
13903,0.2529880702495575
13904,0.21724244952201843
13905,0.21724244952201843
13906,0.1804381161928177
13907,0.18030571937561035
13908,0.18030571937561035
13909,0.1804381161928177
13910,0.23210494220256805
13911,0.23210494220256805
13912,0.20779387652873993
13913,0.20894648134708405
13914,0.20894648134708405
13915,0.20779387652873993
13916,0.21602998673915863
13917,0.21602998673915863
13918,0.20243613421916962
13919,0.20243613421916962
13920,0.20941542088985443
13921,0.2093256562948227
13922,0.2093256562948227
13923,0.20941542088985443
13924,0.22084921598434448
13925,0.22084921598434448
13926,0.22678829729557037
13927,0.22706103324890137
13928,0.22706103324890137
13929,0.22678829729557037
13930,0.18531237542629242
13931,0.1849871128797531
13932,0.1849871128797531
13933,0.18531237542629242
13934,0.2331918179988861
13935,0.2331918179988861
13936,0.22846238315105438
13937,0.22846238315105438
13938,0.24084411561489105
13939,0.24001406133174896
13940,0.24001406133174896
13941,0.24084411561489105
13942,0.22139222919940948
13943,0.2215401530265808
13944,0.2215401530265808
13945,0.22139222919940948
13946,0.2441955953836441
13947,0.2441955953836441
13948,0.21626365184783936
13949,0.21626365184783936
13950,0.22302086651325226
13951,0.22302086651325226
13952,0.22234782576560974
13953,0.22030721604824066
13954,0.22030721604824066
13955,0.22234782576560974
13956,0.2100496143102646
13957,0.20982393622398376
13958,0.20982393622398376
13959,0.2100496143102646
13960,0.22129952907562256
13961,0.219044029712677
13962,0.219044029712677
13963,0.22129952907562256
13964,0.24283663928508759
13965,0.2427573949098587
13966,0.2427573949098587
13967,0.24283663928508759
13968,0.19565488398075104
13969,0.19565235078334808
13970,0.19565235078334808
13971,0.19565488398075104
13972,0.20295794308185577
13973,0.20295794308185577
13974,0.19764727354049683
13975,0.19838766753673553
13976,0.19838766753673553
13977,0.19764727354049683
13978,0.22536738216876984
13979,0.22537024319171906
13980,0.22537024319171906
13981,0.22536738216876984
13982,0.2125147432088852
13983,0.2088853269815445
13984,0.2088853269815445
13985,0.2125147432088852
13986,0.23902906477451324
13987,0.2390098124742508
13988,0.2390098124742508
13989,0.23902906477451324
13990,0.203388050198555
13991,0.20277930796146393
13992,0.20277930796146393
13993,0.203388050198555
13994,0.23644022643566132
13995,0.23645873367786407
13996,0.23645873367786407
13997,0.23644022643566132
13998,0.1971212923526764
13999,0.19668005406856537
14000,0.19668005406856537
14001,0.1971212923526764
14002,0.22185151278972626
14003,0.22185151278972626
14004,0.230985626578331
14005,0.22776417434215546
14006,0.22776417434215546
14007,0.230985626578331
14008,0.16659395396709442
14009,0.16601254045963287
14010,0.16601254045963287
14011,0.16659395396709442
14012,0.2013547122478485
14013,0.20159733295440674
14014,0.20159733295440674
14015,0.2013547122478485
14016,0.20183689892292023
14017,0.1992267370223999
14018,0.1992267370223999
14019,0.20183689892292023
14020,0.23855029046535492
14021,0.23855029046535492
14022,0.27377569675445557
14023,0.2737131118774414
14024,0.2737131118774414
14025,0.27377569675445557
14026,0.2214152067899704
14027,0.2214152067899704
14028,0.18803097307682037
14029,0.18985803425312042
14030,0.18985803425312042
14031,0.18803097307682037
14032,0.214542955160141
14033,0.2158394455909729
14034,0.2158394455909729
14035,0.214542955160141
14036,0.2775723934173584
14037,0.27908194065093994
14038,0.27908194065093994
14039,0.2775723934173584
14040,0.20602218806743622
14041,0.20651327073574066
14042,0.20651327073574066
14043,0.20602218806743622
14044,0.22544161975383759
14045,0.22621308267116547
14046,0.22621308267116547
14047,0.22544161975383759
14048,0.2520284652709961
14049,0.2506517767906189
14050,0.2506517767906189
14051,0.2520284652709961
14052,0.22408126294612885
14053,0.22406992316246033
14054,0.22406992316246033
14055,0.22408126294612885
14056,0.1597219705581665
14057,0.15986068546772003
14058,0.15986068546772003
14059,0.1597219705581665
14060,0.2316034883260727
14061,0.23257820308208466
14062,0.23257820308208466
14063,0.2316034883260727
14064,0.28749629855155945
14065,0.2806033492088318
14066,0.2806033492088318
14067,0.28749629855155945
14068,0.2306896299123764
14069,0.2306896299123764
14070,0.2228410392999649
14071,0.22288571298122406
14072,0.22288571298122406
14073,0.2228410392999649
14074,0.2192295342683792
14075,0.2190627008676529
14076,0.2190627008676529
14077,0.2192295342683792
14078,0.23969735205173492
14079,0.24107754230499268
14080,0.24107754230499268
14081,0.23969735205173492
14082,0.19563281536102295
14083,0.19561803340911865
14084,0.19561803340911865
14085,0.19563281536102295
14086,0.20697034895420074
14087,0.20727071166038513
14088,0.20727071166038513
14089,0.20697034895420074
14090,0.16078868508338928
14091,0.16169826686382294
14092,0.16169826686382294
14093,0.16078868508338928
14094,0.22802557051181793
14095,0.2284317910671234
14096,0.2284317910671234
14097,0.22802557051181793
14098,0.1579725593328476
14099,0.15742453932762146
14100,0.15742453932762146
14101,0.1579725593328476
14102,0.2313319593667984
14103,0.23147527873516083
14104,0.23147527873516083
14105,0.2313319593667984
14106,0.2370976209640503
14107,0.2370976209640503
14108,0.2372576743364334
14109,0.24075742065906525
14110,0.24075742065906525
14111,0.2372576743364334
14112,0.22103869915008545
14113,0.22103869915008545
14114,0.2503242492675781
14115,0.2502848505973816
14116,0.2502848505973816
14117,0.2503242492675781
14118,0.22720855474472046
14119,0.227751687169075
14120,0.227751687169075
14121,0.22720855474472046
14122,0.21493946015834808
14123,0.21424205601215363
14124,0.21424205601215363
14125,0.21493946015834808
14126,0.21299028396606445
14127,0.21299028396606445
14128,0.21793963015079498
14129,0.21912367641925812
14130,0.21912367641925812
14131,0.21793963015079498
14132,0.22970660030841827
14133,0.22970660030841827
14134,0.2319246083498001
14135,0.23324449360370636
14136,0.23324449360370636
14137,0.2319246083498001
14138,0.19523267447948456
14139,0.19596047699451447
14140,0.19596047699451447
14141,0.19523267447948456
14142,0.24229229986667633
14143,0.24229229986667633
14144,0.23185940086841583
14145,0.23185940086841583
14146,0.22750826179981232
14147,0.22559331357479095
14148,0.22559331357479095
14149,0.22750826179981232
14150,0.24673162400722504
14151,0.24673162400722504
14152,0.23341017961502075
14153,0.23341017961502075
14154,0.16217610239982605
14155,0.16481147706508636
14156,0.16481147706508636
14157,0.16217610239982605
14158,0.15998049080371857
14159,0.15998049080371857
14160,0.17626924812793732
14161,0.1762530356645584
14162,0.1762530356645584
14163,0.17626924812793732
14164,0.1584722101688385
14165,0.15863874554634094
14166,0.15863874554634094
14167,0.1584722101688385
14168,0.15689529478549957
14169,0.15682244300842285
14170,0.15682244300842285
14171,0.15689529478549957
14172,0.1839672178030014
14173,0.1839672178030014
14174,0.16184870898723602
14175,0.1636107861995697
14176,0.1636107861995697
14177,0.16184870898723602
14178,0.12427220493555069
14179,0.12070661783218384
14180,0.12070661783218384
14181,0.12427220493555069
14182,0.15679554641246796
14183,0.15686428546905518
14184,0.15686428546905518
14185,0.15679554641246796
14186,0.21032124757766724
14187,0.21032124757766724
14188,0.15332308411598206
14189,0.15332308411598206
14190,0.16946075856685638
14191,0.16852010786533356
14192,0.16852010786533356
14193,0.16946075856685638
14194,0.1702152043581009
14195,0.16978231072425842
14196,0.16978231072425842
14197,0.1702152043581009
14198,0.19357992708683014
14199,0.19357992708683014
14200,0.17306029796600342
14201,0.17306029796600342
14202,0.22461259365081787
14203,0.22333477437496185
14204,0.20896047353744507
14205,0.20896047353744507
14206,0.2201494425535202
14207,0.21985986828804016
14208,0.21985986828804016
14209,0.2201494425535202
14210,0.2122088521718979
14211,0.21420900523662567
14212,0.21420900523662567
14213,0.2122088521718979
14214,0.22076363861560822
14215,0.22076363861560822
14216,0.23369358479976654
14217,0.2341357171535492
14218,0.2341357171535492
14219,0.23369358479976654
14220,0.19227367639541626
14221,0.1898571103811264
14222,0.1898571103811264
14223,0.19227367639541626
14224,0.23348455131053925
14225,0.23348455131053925
14226,0.2329685539007187
14227,0.2329685539007187
14228,0.23083539307117462
14229,0.23071040213108063
14230,0.23071040213108063
14231,0.23083539307117462
14232,0.229108065366745
14233,0.22911560535430908
14234,0.22911560535430908
14235,0.229108065366745
14236,0.2331901341676712
14237,0.2331901341676712
14238,0.23402483761310577
14239,0.23402483761310577
14240,0.2072085291147232
14241,0.2072085291147232
14242,0.15944209694862366
14243,0.15792988240718842
14244,0.15792988240718842
14245,0.15944209694862366
14246,0.22933828830718994
14247,0.22933828830718994
14248,0.20231294631958008
14249,0.20178286731243134
14250,0.20178286731243134
14251,0.20231294631958008
14252,0.2105114907026291
14253,0.2105114907026291
14254,0.2702358067035675
14255,0.27052992582321167
14256,0.27052992582321167
14257,0.2702358067035675
14258,0.250883013010025
14259,0.250883013010025
14260,0.2480340600013733
14261,0.2479894906282425
14262,0.2479894906282425
14263,0.2480340600013733
14264,0.2558867335319519
14265,0.2564302682876587
14266,0.2564302682876587
14267,0.2558867335319519
14268,0.23392342031002045
14269,0.23695077002048492
14270,0.23695077002048492
14271,0.23392342031002045
14272,0.25219017267227173
14273,0.25219017267227173
14274,0.25820302963256836
14275,0.25891345739364624
14276,0.25891345739364624
14277,0.25820302963256836
14278,0.2129228711128235
14279,0.21200527250766754
14280,0.21200527250766754
14281,0.2129228711128235
14282,0.24450697004795074
14283,0.24459236860275269
14284,0.24459236860275269
14285,0.24450697004795074
14286,0.24870118498802185
14287,0.24870118498802185
14288,0.2605796456336975
14289,0.2605796456336975
14290,0.24481119215488434
14291,0.24452488124370575
14292,0.24452488124370575
14293,0.24481119215488434
14294,0.24579201638698578
14295,0.2455819994211197
14296,0.2455819994211197
14297,0.24579201638698578
14298,0.26273438334465027
14299,0.26273438334465027
14300,0.25063830614089966
14301,0.25063830614089966
14302,0.22652162611484528
14303,0.2295185923576355
14304,0.2295185923576355
14305,0.22652162611484528
14306,0.2189890295267105
14307,0.2189890295267105
14308,0.22168751060962677
14309,0.221639484167099
14310,0.221639484167099
14311,0.22168751060962677
14312,0.21708156168460846
14313,0.21835456788539886
14314,0.21835456788539886
14315,0.21708156168460846
14316,0.21201743185520172
14317,0.21228890120983124
14318,0.21228890120983124
14319,0.21201743185520172
14320,0.22751525044441223
14321,0.22751525044441223
14322,0.2370717078447342
14323,0.23506854474544525
14324,0.23506854474544525
14325,0.2370717078447342
14326,0.18438220024108887
14327,0.18607889115810394
14328,0.18607889115810394
14329,0.18438220024108887
14330,0.21447138488292694
14331,0.21564391255378723
14332,0.21564391255378723
14333,0.21447138488292694
14334,0.23629023134708405
14335,0.23629023134708405
14336,0.23134775459766388
14337,0.23134775459766388
14338,0.20849475264549255
14339,0.20755819976329803
14340,0.20755819976329803
14341,0.20849475264549255
14342,0.2304035872220993
14343,0.23010413348674774
14344,0.23010413348674774
14345,0.2304035872220993
14346,0.23367737233638763
14347,0.23367737233638763
14348,0.2246723473072052
14349,0.2246723473072052
14350,0.21983285248279572
14351,0.21983285248279572
14352,0.21966047585010529
14353,0.21966047585010529
14354,0.2217443585395813
14355,0.22141040861606598
14356,0.22141040861606598
14357,0.2217443585395813
14358,0.21952472627162933
14359,0.22154371440410614
14360,0.22154371440410614
14361,0.21952472627162933
14362,0.2111721634864807
14363,0.2111721634864807
14364,0.22563038766384125
14365,0.2256024330854416
14366,0.2256024330854416
14367,0.22563038766384125
14368,0.2123377025127411
14369,0.2124447375535965
14370,0.2124447375535965
14371,0.2123377025127411
14372,0.2076287418603897
14373,0.20843487977981567
14374,0.20843487977981567
14375,0.2076287418603897
14376,0.22236233949661255
14377,0.22236233949661255
14378,0.21892224252223969
14379,0.22232230007648468
14380,0.22232230007648468
14381,0.21892224252223969
14382,0.16812826693058014
14383,0.16656135022640228
14384,0.16656135022640228
14385,0.16812826693058014
14386,0.20654292404651642
14387,0.206837460398674
14388,0.206837460398674
14389,0.20654292404651642
14390,0.23998330533504486
14391,0.23998330533504486
14392,0.20954693853855133
14393,0.20954693853855133
14394,0.19519008696079254
14395,0.19783805310726166
14396,0.19783805310726166
14397,0.19519008696079254
14398,0.21852372586727142
14399,0.21786239743232727
14400,0.21786239743232727
14401,0.21852372586727142
14402,0.21632254123687744
14403,0.21632254123687744
14404,0.21588681638240814
14405,0.21588681638240814
14406,0.20057068765163422
14407,0.20056244730949402
14408,0.20056244730949402
14409,0.20057068765163422
14410,0.2157617062330246
14411,0.2157617062330246
14412,0.21335573494434357
14413,0.21702732145786285
14414,0.21702732145786285
14415,0.21335573494434357
14416,0.17014294862747192
14417,0.16676722466945648
14418,0.16676722466945648
14419,0.17014294862747192
14420,0.2318962961435318
14421,0.2318962961435318
14422,0.21421100199222565
14423,0.21314676105976105
14424,0.21314676105976105
14425,0.21421100199222565
14426,0.20616690814495087
14427,0.20616690814495087
14428,0.21219970285892487
14429,0.21482260525226593
14430,0.21482260525226593
14431,0.21219970285892487
14432,0.21876998245716095
14433,0.22016888856887817
14434,0.22016888856887817
14435,0.21876998245716095
14436,0.23381216824054718
14437,0.23386234045028687
14438,0.23386234045028687
14439,0.23381216824054718
14440,0.18811865150928497
14441,0.18807320296764374
14442,0.18807320296764374
14443,0.18811865150928497
14444,0.20102183520793915
14445,0.20102183520793915
14446,0.19296671450138092
14447,0.19640634953975677
14448,0.19640634953975677
14449,0.19296671450138092
14450,0.215486079454422
14451,0.21571381390094757
14452,0.21571381390094757
14453,0.215486079454422
14454,0.19876240193843842
14455,0.2005535215139389
14456,0.2005535215139389
14457,0.19876240193843842
14458,0.23594148457050323
14459,0.23599864542484283
14460,0.23599864542484283
14461,0.23594148457050323
14462,0.19867686927318573
14463,0.19657084345817566
14464,0.19657084345817566
14465,0.19867686927318573
14466,0.21890024840831757
14467,0.21890024840831757
14468,0.2226007878780365
14469,0.22087006270885468
14470,0.22087006270885468
14471,0.2226007878780365
14472,0.15714190900325775
14473,0.16129478812217712
14474,0.16129478812217712
14475,0.15714190900325775
14476,0.1980607956647873
14477,0.19861944019794464
14478,0.19861944019794464
14479,0.1980607956647873
14480,0.21250274777412415
14481,0.21470797061920166
14482,0.21470797061920166
14483,0.21250274777412415
14484,0.23836563527584076
14485,0.23836563527584076
14486,0.27558985352516174
14487,0.2744747996330261
14488,0.2744747996330261
14489,0.27558985352516174
14490,0.21265335381031036
14491,0.21265335381031036
14492,0.28616517782211304
14493,0.2811434268951416
14494,0.2811434268951416
14495,0.28616517782211304
14496,0.20107969641685486
14497,0.20144839584827423
14498,0.20144839584827423
14499,0.20107969641685486
14500,0.20492325723171234
14501,0.1955404132604599
14502,0.1955404132604599
14503,0.20492325723171234
14504,0.21781399846076965
14505,0.2178315669298172
14506,0.2178315669298172
14507,0.21781399846076965
14508,0.14528033137321472
14509,0.14532572031021118
14510,0.14532572031021118
14511,0.14528033137321472
14512,0.23363706469535828
14513,0.22921842336654663
14514,0.22921842336654663
14515,0.23363706469535828
14516,0.2171972543001175
14517,0.2172725945711136
14518,0.2172725945711136
14519,0.2171972543001175
14520,0.2099030762910843
14521,0.21013447642326355
14522,0.21013447642326355
14523,0.2099030762910843
14524,0.195213183760643
14525,0.19536182284355164
14526,0.19536182284355164
14527,0.195213183760643
14528,0.21675945818424225
14529,0.21779175102710724
14530,0.21779175102710724
14531,0.21675945818424225
14532,0.2115761637687683
14533,0.2115761637687683
14534,0.2363079935312271
14535,0.23927552998065948
14536,0.23927552998065948
14537,0.2363079935312271
14538,0.24112464487552643
14539,0.24110399186611176
14540,0.24110399186611176
14541,0.24112464487552643
14542,0.22144170105457306
14543,0.22102493047714233
14544,0.22102493047714233
14545,0.22144170105457306
14546,0.17972224950790405
14547,0.17904473841190338
14548,0.17904473841190338
14549,0.17972224950790405
14550,0.21900233626365662
14551,0.21900233626365662
14552,0.24522222578525543
14553,0.25040924549102783
14554,0.25040924549102783
14555,0.24522222578525543
14556,0.23403321206569672
14557,0.23403321206569672
14558,0.25511544942855835
14559,0.2553492486476898
14560,0.2553492486476898
14561,0.25511544942855835
14562,0.23660504817962646
14563,0.24088743329048157
14564,0.24088743329048157
14565,0.23660504817962646
14566,0.2410953938961029
14567,0.24202227592468262
14568,0.24202227592468262
14569,0.2410953938961029
14570,0.23951007425785065
14571,0.23951007425785065
14572,0.2619503140449524
14573,0.2620178461074829
14574,0.2620178461074829
14575,0.2619503140449524
14576,0.20220056176185608
14577,0.20551379024982452
14578,0.20551379024982452
14579,0.20220056176185608
14580,0.22653988003730774
14581,0.22950498759746552
14582,0.22950498759746552
14583,0.22653988003730774
14584,0.25058579444885254
14585,0.25058579444885254
14586,0.2557954788208008
14587,0.2557954788208008
14588,0.2310209721326828
14589,0.2301206737756729
14590,0.2301206737756729
14591,0.2310209721326828
14592,0.25174713134765625
14593,0.25285571813583374
14594,0.25285571813583374
14595,0.25174713134765625
14596,0.25459009408950806
14597,0.25459009408950806
14598,0.24999070167541504
14599,0.24999070167541504
14600,0.21245522797107697
14601,0.21250705420970917
14602,0.21250705420970917
14603,0.21245522797107697
14604,0.2136472910642624
14605,0.217025026679039
14606,0.217025026679039
14607,0.2136472910642624
14608,0.23960088193416595
14609,0.2396610826253891
14610,0.2396610826253891
14611,0.23960088193416595
14612,0.19372518360614777
14613,0.19379553198814392
14614,0.19379553198814392
14615,0.19372518360614777
14616,0.21004898846149445
14617,0.21004898846149445
14618,0.20022206008434296
14619,0.19978559017181396
14620,0.19978559017181396
14621,0.20022206008434296
14622,0.2259899228811264
14623,0.22601841390132904
14624,0.22601841390132904
14625,0.2259899228811264
14626,0.20583955943584442
14627,0.20922048389911652
14628,0.20922048389911652
14629,0.20583955943584442
14630,0.23994503915309906
14631,0.23996151983737946
14632,0.23996151983737946
14633,0.23994503915309906
14634,0.20500588417053223
14635,0.20570161938667297
14636,0.20570161938667297
14637,0.20500588417053223
14638,0.23651917278766632
14639,0.23650617897510529
14640,0.23650617897510529
14641,0.23651917278766632
14642,0.19703106582164764
14643,0.19782130420207977
14644,0.19782130420207977
14645,0.19703106582164764
14646,0.22228078544139862
14647,0.22228078544139862
14648,0.22641412913799286
14649,0.2281763106584549
14650,0.2281763106584549
14651,0.22641412913799286
14652,0.16803190112113953
14653,0.17523662745952606
14654,0.17523662745952606
14655,0.16803190112113953
14656,0.2054319977760315
14657,0.20530040562152863
14658,0.20530040562152863
14659,0.2054319977760315
14660,0.19872723519802094
14661,0.19836276769638062
14662,0.19836276769638062
14663,0.19872723519802094
14664,0.23699364066123962
14665,0.23699364066123962
14666,0.27233582735061646
14667,0.273592472076416
14668,0.273592472076416
14669,0.27233582735061646
14670,0.21870695054531097
14671,0.21870695054531097
14672,0.19396258890628815
14673,0.19112680852413177
14674,0.19112680852413177
14675,0.19396258890628815
14676,0.2171640843153
14677,0.21588392555713654
14678,0.21588392555713654
14679,0.2171640843153
14680,0.2822737395763397
14681,0.2796323895454407
14682,0.2796323895454407
14683,0.2822737395763397
14684,0.20989082753658295
14685,0.20942215621471405
14686,0.20942215621471405
14687,0.20989082753658295
14688,0.2195640206336975
14689,0.2186279147863388
14690,0.2186279147863388
14691,0.2195640206336975
14692,0.25144946575164795
14693,0.2512745261192322
14694,0.2512745261192322
14695,0.25144946575164795
14696,0.22614304721355438
14697,0.22614017128944397
14698,0.22614017128944397
14699,0.22614304721355438
14700,0.15971426665782928
14701,0.15959952771663666
14702,0.15959952771663666
14703,0.15971426665782928
14704,0.23302243649959564
14705,0.2319267988204956
14706,0.2319267988204956
14707,0.23302243649959564
14708,0.2123516947031021
14709,0.21228443086147308
14710,0.21228443086147308
14711,0.2123516947031021
14712,0.28321725130081177
14713,0.2894596457481384
14714,0.2894596457481384
14715,0.28321725130081177
14716,0.22627271711826324
14717,0.22627271711826324
14718,0.22189708054065704
14719,0.22188512980937958
14720,0.22188512980937958
14721,0.22189708054065704
14722,0.21701736748218536
14723,0.2174234241247177
14724,0.2174234241247177
14725,0.21701736748218536
14726,0.24405239522457123
14727,0.24262835085391998
14728,0.24262835085391998
14729,0.24405239522457123
14730,0.19264274835586548
14731,0.19264687597751617
14732,0.19264687597751617
14733,0.19264274835586548
14734,0.20982201397418976
14735,0.2095547765493393
14736,0.2095547765493393
14737,0.20982201397418976
14738,0.165338933467865
14739,0.16313953697681427
14740,0.16313953697681427
14741,0.165338933467865
14742,0.22505848109722137
14743,0.2253221571445465
14744,0.2253221571445465
14745,0.22505848109722137
14746,0.1568721979856491
14747,0.15848903357982635
14748,0.15848903357982635
14749,0.1568721979856491
14750,0.23034478724002838
14751,0.2307327538728714
14752,0.2307327538728714
14753,0.23034478724002838
14754,0.23853273689746857
14755,0.23853273689746857
14756,0.24114950001239777
14757,0.23693683743476868
14758,0.23693683743476868
14759,0.24114950001239777
14760,0.22372712194919586
14761,0.22372712194919586
14762,0.24921302497386932
14763,0.24925008416175842
14764,0.24925008416175842
14765,0.24921302497386932
14766,0.22474780678749084
14767,0.22427360713481903
14768,0.22427360713481903
14769,0.22474780678749084
14770,0.21248464286327362
14771,0.21541334688663483
14772,0.21541334688663483
14773,0.21248464286327362
14774,0.21812301874160767
14775,0.21812301874160767
14776,0.22287754714488983
14777,0.2218323051929474
14778,0.2218323051929474
14779,0.22287754714488983
14780,0.22751684486865997
14781,0.22633272409439087
14782,0.22633272409439087
14783,0.22751684486865997
14784,0.24119125306606293
14785,0.241161048412323
14786,0.241161048412323
14787,0.24119125306606293
14788,0.17985624074935913
14789,0.17979680001735687
14790,0.17979680001735687
14791,0.17985624074935913
14792,0.20817887783050537
14793,0.20817887783050537
14794,0.22640570998191833
14795,0.22640570998191833
14796,0.1977640837430954
14797,0.1974322497844696
14798,0.1974322497844696
14799,0.1977640837430954
14800,0.1927633434534073
14801,0.1898370087146759
14802,0.1898370087146759
14803,0.1927633434534073
14804,0.22049172222614288
14805,0.22049523890018463
14806,0.22049523890018463
14807,0.22049172222614288
14808,0.2021777331829071
14809,0.19962938129901886
14810,0.19962938129901886
14811,0.2021777331829071
14812,0.24055947363376617
14813,0.24055789411067963
14814,0.24055789411067963
14815,0.24055947363376617
14816,0.20219705998897552
14817,0.20269127190113068
14818,0.20269127190113068
14819,0.20219705998897552
14820,0.23214103281497955
14821,0.23216085135936737
14822,0.23216085135936737
14823,0.23214103281497955
14824,0.19743259251117706
14825,0.2013178914785385
14826,0.2013178914785385
14827,0.19743259251117706
14828,0.21379677951335907
14829,0.21379677951335907
14830,0.23652015626430511
14831,0.2340228110551834
14832,0.2340228110551834
14833,0.23652015626430511
14834,0.19028149545192719
14835,0.18339703977108002
14836,0.18339703977108002
14837,0.19028149545192719
14838,0.19519324600696564
14839,0.19521166384220123
14840,0.19521166384220123
14841,0.19519324600696564
14842,0.2096039205789566
14843,0.21045571565628052
14844,0.21045571565628052
14845,0.2096039205789566
14846,0.23637373745441437
14847,0.23637373745441437
14848,0.2810957133769989
14849,0.280061274766922
14850,0.280061274766922
14851,0.2810957133769989
14852,0.22883905470371246
14853,0.22883905470371246
14854,0.1996202915906906
14855,0.20053918659687042
14856,0.20053918659687042
14857,0.1996202915906906
14858,0.23031902313232422
14859,0.23199577629566193
14860,0.23199577629566193
14861,0.23031902313232422
14862,0.2954323887825012
14863,0.2969818115234375
14864,0.2969818115234375
14865,0.2954323887825012
14866,0.20994019508361816
14867,0.21046854555606842
14868,0.21046854555606842
14869,0.20994019508361816
14870,0.2304159253835678
14871,0.23086130619049072
14872,0.23086130619049072
14873,0.2304159253835678
14874,0.2552173137664795
14875,0.2559371292591095
14876,0.2559371292591095
14877,0.2552173137664795
14878,0.20856554806232452
14879,0.208550825715065
14880,0.208550825715065
14881,0.20856554806232452
14882,0.1511346399784088
14883,0.15120163559913635
14884,0.15120163559913635
14885,0.1511346399784088
14886,0.25402915477752686
14887,0.25402915477752686
14888,0.238435760140419
14889,0.24081261456012726
14890,0.24081261456012726
14891,0.238435760140419
14892,0.1950427144765854
14893,0.1950615644454956
14894,0.1950615644454956
14895,0.1950427144765854
14896,0.30216288566589355
14897,0.29752784967422485
14898,0.29752784967422485
14899,0.30216288566589355
14900,0.2258622944355011
14901,0.2258622944355011
14902,0.20909474790096283
14903,0.20908202230930328
14904,0.20908202230930328
14905,0.20909474790096283
14906,0.21627284586429596
14907,0.21566811203956604
14908,0.21566811203956604
14909,0.21627284586429596
14910,0.25129199028015137
14911,0.2535349130630493
14912,0.2535349130630493
14913,0.25129199028015137
14914,0.18188324570655823
14915,0.181867316365242
14916,0.181867316365242
14917,0.18188324570655823
14918,0.1914743036031723
14919,0.1918291300535202
14920,0.1918291300535202
14921,0.1914743036031723
14922,0.16487064957618713
14923,0.16780050098896027
14924,0.16780050098896027
14925,0.16487064957618713
14926,0.22972320020198822
14927,0.2314593642950058
14928,0.2314593642950058
14929,0.22972320020198822
14930,0.2192661613225937
14931,0.2196589857339859
14932,0.2196589857339859
14933,0.2192661613225937
14934,0.18386226892471313
14935,0.18705399334430695
14936,0.18705399334430695
14937,0.18386226892471313
14938,0.15871745347976685
14939,0.15745952725410461
14940,0.15745952725410461
14941,0.15871745347976685
14942,0.23689277470111847
14943,0.2365214079618454
14944,0.2365214079618454
14945,0.23689277470111847
14946,0.23878085613250732
14947,0.23878085613250732
14948,0.24384184181690216
14949,0.24795450270175934
14950,0.24795450270175934
14951,0.24384184181690216
14952,0.22162844240665436
14953,0.22162844240665436
14954,0.24728037416934967
14955,0.24726836383342743
14956,0.24726836383342743
14957,0.24728037416934967
14958,0.2324674427509308
14959,0.2343115359544754
14960,0.2343115359544754
14961,0.2324674427509308
14962,0.22185595333576202
14963,0.21989428997039795
14964,0.21989428997039795
14965,0.22185595333576202
14966,0.22960057854652405
14967,0.22928757965564728
14968,0.22928757965564728
14969,0.22960057854652405
14970,0.22606508433818817
14971,0.22606508433818817
14972,0.22376525402069092
14973,0.22376525402069092
14974,0.17087189853191376
14975,0.16399554908275604
14976,0.16399554908275604
14977,0.17087189853191376
14978,0.233705535531044
14979,0.233705535531044
14980,0.2183094620704651
14981,0.21760575473308563
14982,0.21760575473308563
14983,0.2183094620704651
14984,0.2155735045671463
14985,0.2155735045671463
14986,0.19213701784610748
14987,0.19213701784610748
14988,0.18349680304527283
14989,0.1838400512933731
14990,0.1838400512933731
14991,0.18349680304527283
14992,0.20163865387439728
14993,0.20354671776294708
14994,0.20354671776294708
14995,0.20163865387439728
14996,0.18510888516902924
14997,0.185060515999794
14998,0.185060515999794
14999,0.18510888516902924
15000,0.18814055621623993
15001,0.18814055621623993
15002,0.19232028722763062
15003,0.19712676107883453
15004,0.19712676107883453
15005,0.19232028722763062
15006,0.21423302590847015
15007,0.21411322057247162
15008,0.21411322057247162
15009,0.21423302590847015
15010,0.19739221036434174
15011,0.19804884493350983
15012,0.19804884493350983
15013,0.19739221036434174
15014,0.19736485183238983
15015,0.19550980627536774
15016,0.19550980627536774
15017,0.19736485183238983
15018,0.21461734175682068
15019,0.21461734175682068
15020,0.22389720380306244
15021,0.22662822902202606
15022,0.22662822902202606
15023,0.22389720380306244
15024,0.16691279411315918
15025,0.16648365557193756
15026,0.16648365557193756
15027,0.16691279411315918
15028,0.1966864913702011
15029,0.19676361978054047
15030,0.19676361978054047
15031,0.1966864913702011
15032,0.20159904658794403
15033,0.20159904658794403
15034,0.20030087232589722
15035,0.23586367070674896
15036,0.23586367070674896
15037,0.2549920678138733
15038,0.25507426261901855
15039,0.25507426261901855
15040,0.2549920678138733
15041,0.21935011446475983
15042,0.21935011446475983
15043,0.23380665481090546
15044,0.22943077981472015
15045,0.22943077981472015
15046,0.23380665481090546
15047,0.15343420207500458
15048,0.15348149836063385
15049,0.15348149836063385
15050,0.15343420207500458
15051,0.21065320074558258
15052,0.2103569209575653
15053,0.2103569209575653
15054,0.21065320074558258
15055,0.19316646456718445
15056,0.19335943460464478
15057,0.19335943460464478
15058,0.19316646456718445
15059,0.2393934279680252
15060,0.2393934279680252
15061,0.232011079788208
15062,0.23361597955226898
15063,0.23361597955226898
15064,0.232011079788208
15065,0.2173345386981964
15066,0.2160530537366867
15067,0.2160530537366867
15068,0.2173345386981964
15069,0.21123045682907104
15070,0.21123045682907104
15071,0.22257554531097412
15072,0.22346550226211548
15073,0.22346550226211548
15074,0.22257554531097412
15075,0.22634132206439972
15076,0.22751180827617645
15077,0.22751180827617645
15078,0.22634132206439972
15079,0.25692570209503174
15080,0.2569218873977661
15081,0.2569218873977661
15082,0.25692570209503174
15083,0.21041613817214966
15084,0.2104194015264511
15085,0.2104194015264511
15086,0.21041613817214966
15087,0.2133658528327942
15088,0.2133658528327942
15089,0.2114083617925644
15090,0.20648479461669922
15091,0.20648479461669922
15092,0.2114083617925644
15093,0.24055613577365875
15094,0.2405228465795517
15095,0.2405228465795517
15096,0.24055613577365875
15097,0.20525477826595306
15098,0.2089083343744278
15099,0.2089083343744278
15100,0.20525477826595306
15101,0.2511489987373352
15102,0.2511439919471741
15103,0.2511439919471741
15104,0.2511489987373352
15105,0.20851649343967438
15106,0.2086489349603653
15107,0.2086489349603653
15108,0.20851649343967438
15109,0.2499052882194519
15110,0.24990282952785492
15111,0.24990282952785492
15112,0.2499052882194519
15113,0.2012631893157959
15114,0.20037959516048431
15115,0.20037959516048431
15116,0.2012631893157959
15117,0.22667934000492096
15118,0.22667934000492096
15119,0.24175463616847992
15120,0.24125871062278748
15121,0.24125871062278748
15122,0.24175463616847992
15123,0.1740221530199051
15124,0.18248219788074493
15125,0.18248219788074493
15126,0.1740221530199051
15127,0.21571098268032074
15128,0.21559615433216095
15129,0.21559615433216095
15130,0.21571098268032074
15131,0.20114009082317352
15132,0.1993177831172943
15133,0.1993177831172943
15134,0.20114009082317352
15135,0.2396756112575531
15136,0.2396756112575531
15137,0.28830522298812866
15138,0.28869444131851196
15139,0.28869444131851196
15140,0.28830522298812866
15141,0.23977933824062347
15142,0.23977933824062347
15143,0.204120472073555
15144,0.20057101547718048
15145,0.20057101547718048
15146,0.204120472073555
15147,0.23255327343940735
15148,0.23102863132953644
15149,0.23102863132953644
15150,0.23255327343940735
15151,0.2970404624938965
15152,0.2951086759567261
15153,0.2951086759567261
15154,0.2970404624938965
15155,0.22248227894306183
15156,0.222214937210083
15157,0.222214937210083
15158,0.22248227894306183
15159,0.2292478233575821
15160,0.22780653834342957
15161,0.22780653834342957
15162,0.2292478233575821
15163,0.25256478786468506
15164,0.25251445174217224
15165,0.25251445174217224
15166,0.25256478786468506
15167,0.2370704561471939
15168,0.23707549273967743
15169,0.23707549273967743
15170,0.2370704561471939
15171,0.1647268533706665
15172,0.1646423041820526
15173,0.1646423041820526
15174,0.1647268533706665
15175,0.24999038875102997
15176,0.2479032725095749
15177,0.2479032725095749
15178,0.24999038875102997
15179,0.28499341011047363
15180,0.2887193560600281
15181,0.2887193560600281
15182,0.28499341011047363
15183,0.22762712836265564
15184,0.22762712836265564
15185,0.23042793571949005
15186,0.23041673004627228
15187,0.23041673004627228
15188,0.23042793571949005
15189,0.2323235720396042
15190,0.23241446912288666
15191,0.23241446912288666
15192,0.2323235720396042
15193,0.24676184356212616
15194,0.24506165087223053
15195,0.24506165087223053
15196,0.24676184356212616
15197,0.209879532456398
15198,0.20988012850284576
15199,0.20988012850284576
15200,0.209879532456398
15201,0.21677501499652863
15202,0.2164696604013443
15203,0.2164696604013443
15204,0.21677501499652863
15205,0.17809562385082245
15206,0.17579469084739685
15207,0.17579469084739685
15208,0.17809562385082245
15209,0.2454432100057602
15210,0.23873941600322723
15211,0.23873941600322723
15212,0.2454432100057602
15213,0.1676589846611023
15214,0.17009180784225464
15215,0.17009180784225464
15216,0.1676589846611023
15217,0.24798713624477386
15218,0.2488081306219101
15219,0.2488081306219101
15220,0.24798713624477386
15221,0.24339282512664795
15222,0.24339282512664795
15223,0.2489338219165802
15224,0.25156480073928833
15225,0.25156480073928833
15226,0.2489338219165802
15227,0.22516395151615143
15228,0.22516395151615143
15229,0.2576027810573578
15230,0.2576078474521637
15231,0.2576078474521637
15232,0.2576027810573578
15233,0.24400663375854492
15234,0.24285510182380676
15235,0.24285510182380676
15236,0.24400663375854492
15237,0.21648851037025452
15238,0.22022874653339386
15239,0.22022874653339386
15240,0.21648851037025452
15241,0.2198052704334259
15242,0.2198052704334259
15243,0.2145400196313858
15244,0.2145400196313858
15245,0.20712126791477203
15246,0.2060864269733429
15247,0.2060864269733429
15248,0.20712126791477203
15249,0.21429778635501862
15250,0.21429778635501862
15251,0.22084395587444305
15252,0.22038522362709045
15253,0.22038522362709045
15254,0.22084395587444305
15255,0.2479362189769745
15256,0.24782906472682953
15257,0.24782906472682953
15258,0.2479362189769745
15259,0.2448243647813797
15260,0.2448243647813797
15261,0.244065061211586
15262,0.24547328054904938
15263,0.24547328054904938
15264,0.244065061211586
15265,0.20666667819023132
15266,0.20261068642139435
15267,0.20261068642139435
15268,0.20666667819023132
15269,0.25268667936325073
15270,0.25268667936325073
15271,0.24597130715847015
15272,0.24590936303138733
15273,0.24590936303138733
15274,0.24597130715847015
15275,0.24506600201129913
15276,0.24506600201129913
15277,0.2203845977783203
15278,0.2203845977783203
15279,0.21893034875392914
15280,0.21852345764636993
15281,0.21852345764636993
15282,0.21893034875392914
15283,0.2188442051410675
15284,0.2188442051410675
15285,0.18524591624736786
15286,0.18487070500850677
15287,0.18487070500850677
15288,0.18524591624736786
15289,0.23417551815509796
15290,0.23417551815509796
15291,0.22170917689800262
15292,0.22111906111240387
15293,0.22111906111240387
15294,0.22170917689800262
15295,0.21839161217212677
15296,0.21839161217212677
15297,0.21571893990039825
15298,0.21468131244182587
15299,0.21468131244182587
15300,0.21571893990039825
15301,0.20682348310947418
15302,0.20682348310947418
15303,0.24180297553539276
15304,0.24188962578773499
15305,0.24188962578773499
15306,0.24180297553539276
15307,0.21410910785198212
15308,0.2129865437746048
15309,0.2129865437746048
15310,0.21410910785198212
15311,0.2051507979631424
15312,0.20618270337581635
15313,0.20618270337581635
15314,0.2051507979631424
15315,0.22124092280864716
15316,0.22124092280864716
15317,0.2328902781009674
15318,0.2310309261083603
15319,0.2310309261083603
15320,0.2328902781009674
15321,0.16773156821727753
15322,0.1683443933725357
15323,0.1683443933725357
15324,0.16773156821727753
15325,0.21809996664524078
15326,0.21830950677394867
15327,0.21830950677394867
15328,0.21809996664524078
15329,0.2379978448152542
15330,0.2379978448152542
15331,0.21668028831481934
15332,0.21668028831481934
15333,0.22029127180576324
15334,0.22107525169849396
15335,0.22107525169849396
15336,0.22029127180576324
15337,0.22515206038951874
15338,0.22582633793354034
15339,0.22582633793354034
15340,0.22515206038951874
15341,0.22749440371990204
15342,0.22749440371990204
15343,0.224751278758049
15344,0.224751278758049
15345,0.20702670514583588
15346,0.2076973021030426
15347,0.2076973021030426
15348,0.20702670514583588
15349,0.21971863508224487
15350,0.21971863508224487
15351,0.2177877575159073
15352,0.21920405328273773
15353,0.21920405328273773
15354,0.2177877575159073
15355,0.17519158124923706
15356,0.17094984650611877
15357,0.17094984650611877
15358,0.17519158124923706
15359,0.23588626086711884
15360,0.23588626086711884
15361,0.21933282911777496
15362,0.2187953144311905
15363,0.2187953144311905
15364,0.21933282911777496
15365,0.20820584893226624
15366,0.20820584893226624
15367,0.2517831325531006
15368,0.2538755536079407
15369,0.2538755536079407
15370,0.2517831325531006
15371,0.22563549876213074
15372,0.22563549876213074
15373,0.24478907883167267
15374,0.24480129778385162
15375,0.24480129778385162
15376,0.24478907883167267
15377,0.24682722985744476
15378,0.2464113086462021
15379,0.2464113086462021
15380,0.24682722985744476
15381,0.22609438002109528
15382,0.22471433877944946
15383,0.22471433877944946
15384,0.22609438002109528
15385,0.2395709604024887
15386,0.2395709604024887
15387,0.2606617212295532
15388,0.260259211063385
15389,0.260259211063385
15390,0.2606617212295532
15391,0.2094271034002304
15392,0.20799124240875244
15393,0.20799124240875244
15394,0.2094271034002304
15395,0.23602642118930817
15396,0.23625683784484863
15397,0.23625683784484863
15398,0.23602642118930817
15399,0.24698954820632935
15400,0.24698954820632935
15401,0.2617388665676117
15402,0.2617388665676117
15403,0.2778549790382385
15404,0.2767948508262634
15405,0.2767948508262634
15406,0.2778549790382385
15407,0.24071082472801208
15408,0.24092750251293182
15409,0.24092750251293182
15410,0.24071082472801208
15411,0.2629682421684265
15412,0.2629682421684265
15413,0.2498176544904709
15414,0.2498176544904709
15415,0.17733272910118103
15416,0.17965088784694672
15417,0.17965088784694672
15418,0.17733272910118103
15419,0.1504971981048584
15420,0.15042579174041748
15421,0.15042579174041748
15422,0.1504971981048584
15423,0.17221802473068237
15424,0.17221802473068237
15425,0.15334147214889526
15426,0.1579546481370926
15427,0.1579546481370926
15428,0.15334147214889526
15429,0.18432103097438812
15430,0.18424062430858612
15431,0.18424062430858612
15432,0.18432103097438812
15433,0.1649976223707199
15434,0.1658242791891098
15435,0.1658242791891098
15436,0.1649976223707199
15437,0.165683776140213
15438,0.1680939793586731
15439,0.1680939793586731
15440,0.165683776140213
15441,0.19209690392017365
15442,0.19209690392017365
15443,0.17650288343429565
15444,0.17985530197620392
15445,0.17985530197620392
15446,0.17650288343429565
15447,0.14211396872997284
15448,0.1416851431131363
15449,0.1416851431131363
15450,0.14211396872997284
15451,0.16319578886032104
15452,0.16346308588981628
15453,0.16346308588981628
15454,0.16319578886032104
15455,0.21892419457435608
15456,0.21892419457435608
15457,0.22837696969509125
15458,0.229188933968544
15459,0.229188933968544
15460,0.22837696969509125
15461,0.1669720560312271
15462,0.1669720560312271
15463,0.16691619157791138
15464,0.16777418553829193
15465,0.16777418553829193
15466,0.16691619157791138
15467,0.18366409838199615
15468,0.1827523410320282
15469,0.1827523410320282
15470,0.18366409838199615
15471,0.1547742784023285
15472,0.15507057309150696
15473,0.15507057309150696
15474,0.1547742784023285
15475,0.2130444198846817
15476,0.2130444198846817
15477,0.18815182149410248
15478,0.19379954040050507
15479,0.19379954040050507
15480,0.18815182149410248
15481,0.17965172231197357
15482,0.17965172231197357
15483,0.24894914031028748
15484,0.24731944501399994
15485,0.24731944501399994
15486,0.24894914031028748
15487,0.23105692863464355
15488,0.23105692863464355
15489,0.24512414634227753
15490,0.24509064853191376
15491,0.24509064853191376
15492,0.24512414634227753
15493,0.2397700399160385
15494,0.23988763988018036
15495,0.23988763988018036
15496,0.2397700399160385
15497,0.22259968519210815
15498,0.22512857615947723
15499,0.22512857615947723
15500,0.22259968519210815
15501,0.24201153218746185
15502,0.24201153218746185
15503,0.23464278876781464
15504,0.23669099807739258
15505,0.23669099807739258
15506,0.23464278876781464
15507,0.1925778090953827
15508,0.18811430037021637
15509,0.18811430037021637
15510,0.1925778090953827
15511,0.23160092532634735
15512,0.23162436485290527
15513,0.23162436485290527
15514,0.23160092532634735
15515,0.2534404993057251
15516,0.2534404993057251
15517,0.22829245030879974
15518,0.22829245030879974
15519,0.21389342844486237
15520,0.2155008167028427
15521,0.2155008167028427
15522,0.21389342844486237
15523,0.2378150373697281
15524,0.2375226765871048
15525,0.2375226765871048
15526,0.2378150373697281
15527,0.23258404433727264
15528,0.23258404433727264
15529,0.23886443674564362
15530,0.23886443674564362
15531,0.1953500211238861
15532,0.19751884043216705
15533,0.19751884043216705
15534,0.1953500211238861
15535,0.19184045493602753
15536,0.19184045493602753
15537,0.20871303975582123
15538,0.20863257348537445
15539,0.20863257348537445
15540,0.20871303975582123
15541,0.18918488919734955
15542,0.18869619071483612
15543,0.18869619071483612
15544,0.18918488919734955
15545,0.18409371376037598
15546,0.18366028368473053
15547,0.18366028368473053
15548,0.18409371376037598
15549,0.2081475406885147
15550,0.2081475406885147
15551,0.20919182896614075
15552,0.21205520629882812
15553,0.21205520629882812
15554,0.20919182896614075
15555,0.15508702397346497
15556,0.15399295091629028
15557,0.15399295091629028
15558,0.15508702397346497
15559,0.19762368500232697
15560,0.19781537353992462
15561,0.19781537353992462
15562,0.19762368500232697
15563,0.22905178368091583
15564,0.22905178368091583
15565,0.19807027280330658
15566,0.19807027280330658
15567,0.19004115462303162
15568,0.19107045233249664
15569,0.19107045233249664
15570,0.19004115462303162
15571,0.20751570165157318
15572,0.2072085291147232
15573,0.2072085291147232
15574,0.20751570165157318
15575,0.21280254423618317
15576,0.21280254423618317
15577,0.19744065403938293
15578,0.19744065403938293
15579,0.24187587201595306
15580,0.24124449491500854
15581,0.24124449491500854
15582,0.24187587201595306
15583,0.2047298699617386
15584,0.2046903520822525
15585,0.2046903520822525
15586,0.2047298699617386
15587,0.21706916391849518
15588,0.21706916391849518
15589,0.22157806158065796
15590,0.22533610463142395
15591,0.22533610463142395
15592,0.22157806158065796
15593,0.2282647043466568
15594,0.22822023928165436
15595,0.22822023928165436
15596,0.2282647043466568
15597,0.22529937326908112
15598,0.22570925951004028
15599,0.22570925951004028
15600,0.22529937326908112
15601,0.21265141665935516
15602,0.21232332289218903
15603,0.21232332289218903
15604,0.21265141665935516
15605,0.2338411957025528
15606,0.2338411957025528
15607,0.24106162786483765
15608,0.2474813163280487
15609,0.2474813163280487
15610,0.24106162786483765
15611,0.19885216653347015
15612,0.1934732049703598
15613,0.1934732049703598
15614,0.19885216653347015
15615,0.2186449021100998
15616,0.21874156594276428
15617,0.21874156594276428
15618,0.2186449021100998
15619,0.24112172424793243
15620,0.24112172424793243
15621,0.28756099939346313
15622,0.2877734303474426
15623,0.2877734303474426
15624,0.28756099939346313
15625,0.24525727331638336
15626,0.24525727331638336
15627,0.2305356115102768
15628,0.232233926653862
15629,0.232233926653862
15630,0.2305356115102768
15631,0.23338378965854645
15632,0.23308978974819183
15633,0.23308978974819183
15634,0.23338378965854645
15635,0.21481598913669586
15636,0.21501484513282776
15637,0.21501484513282776
15638,0.21481598913669586
15639,0.24649183452129364
15640,0.24649183452129364
15641,0.2606237530708313
15642,0.26314252614974976
15643,0.26314252614974976
15644,0.2606237530708313
15645,0.22613993287086487
15646,0.22613993287086487
15647,0.22142097353935242
15648,0.22142097353935242
15649,0.22957731783390045
15650,0.2292533814907074
15651,0.2292533814907074
15652,0.22957731783390045
15653,0.23851458728313446
15654,0.23851458728313446
15655,0.24328775703907013
15656,0.24268902838230133
15657,0.24268902838230133
15658,0.24328775703907013
15659,0.20109297335147858
15660,0.20161792635917664
15661,0.20161792635917664
15662,0.20109297335147858
15663,0.24502399563789368
15664,0.24502399563789368
15665,0.2437170445919037
15666,0.2437170445919037
15667,0.2663017213344574
15668,0.2648146152496338
15669,0.2648146152496338
15670,0.2663017213344574
15671,0.23587359488010406
15672,0.23629869520664215
15673,0.23629869520664215
15674,0.23587359488010406
15675,0.2570880055427551
15676,0.2570880055427551
15677,0.2362089604139328
15678,0.2362089604139328
15679,0.2139156311750412
15680,0.2139156311750412
15681,0.2125375121831894
15682,0.2115064412355423
15683,0.2115064412355423
15684,0.2125375121831894
15685,0.22385497391223907
15686,0.22385497391223907
15687,0.22614993155002594
15688,0.22534723579883575
15689,0.22534723579883575
15690,0.22614993155002594
15691,0.21361427009105682
15692,0.21361427009105682
15693,0.2066410332918167
15694,0.2061133235692978
15695,0.2061133235692978
15696,0.2066410332918167
15697,0.22468389570713043
15698,0.22468389570713043
15699,0.2020358145236969
15700,0.19936124980449677
15701,0.19936124980449677
15702,0.2020358145236969
15703,0.23850539326667786
15704,0.23850539326667786
15705,0.21899600327014923
15706,0.21872137486934662
15707,0.21872137486934662
15708,0.21899600327014923
15709,0.2198883295059204
15710,0.2198883295059204
15711,0.20794159173965454
15712,0.20794159173965454
15713,0.20181749761104584
15714,0.2040703296661377
15715,0.2040703296661377
15716,0.20181749761104584
15717,0.22161968052387238
15718,0.22161968052387238
15719,0.22386915981769562
15720,0.23125918209552765
15721,0.23125918209552765
15722,0.22386915981769562
15723,0.18849588930606842
15724,0.17653729021549225
15725,0.17653729021549225
15726,0.18849588930606842
15727,0.2329261749982834
15728,0.2329261749982834
15729,0.22224518656730652
15730,0.22224518656730652
15731,0.21797384321689606
15732,0.2209175080060959
15733,0.2209175080060959
15734,0.21797384321689606
15735,0.2159859538078308
15736,0.21658097207546234
15737,0.21658097207546234
15738,0.2159859538078308
15739,0.23891974985599518
15740,0.23891974985599518
15741,0.21684454381465912
15742,0.21684454381465912
15743,0.2466190606355667
15744,0.24850578606128693
15745,0.24850578606128693
15746,0.2466190606355667
15747,0.2389475703239441
15748,0.2389475703239441
15749,0.23725585639476776
15750,0.23723666369915009
15751,0.23723666369915009
15752,0.23725585639476776
15753,0.22993920743465424
15754,0.2305888533592224
15755,0.2305888533592224
15756,0.22993920743465424
15757,0.2268466055393219
15758,0.22616498172283173
15759,0.22616498172283173
15760,0.2268466055393219
15761,0.2384343296289444
15762,0.2384343296289444
15763,0.22516576945781708
15764,0.2291819453239441
15765,0.2291819453239441
15766,0.22516576945781708
15767,0.18787698447704315
15768,0.18512912094593048
15769,0.18512912094593048
15770,0.18787698447704315
15771,0.2287941575050354
15772,0.2289404422044754
15773,0.2289404422044754
15774,0.2287941575050354
15775,0.2501671612262726
15776,0.2501671612262726
15777,0.21495091915130615
15778,0.21495091915130615
15779,0.2072262018918991
15780,0.20836439728736877
15781,0.20836439728736877
15782,0.2072262018918991
15783,0.23544390499591827
15784,0.2349213808774948
15785,0.2349213808774948
15786,0.23544390499591827
15787,0.22213046252727509
15788,0.22213046252727509
15789,0.23405863344669342
15790,0.23405863344669342
15791,0.30175477266311646
15792,0.30481672286987305
15793,0.30481672286987305
15794,0.30175477266311646
15795,0.30099207162857056
15796,0.2979498505592346
15797,0.2979498505592346
15798,0.30099207162857056
15799,0.31001704931259155
15800,0.3099414110183716
15801,0.3099414110183716
15802,0.31001704931259155
15803,0.2523952126502991
15804,0.2523956894874573
15805,0.2523956894874573
15806,0.2523952126502991
15807,0.2689306437969208
15808,0.2689306437969208
15809,0.2728724479675293
15810,0.2726569175720215
15811,0.2726569175720215
15812,0.2728724479675293
15813,0.23037198185920715
15814,0.23094744980335236
15815,0.23094744980335236
15816,0.23037198185920715
15817,0.29122108221054077
15818,0.29126131534576416
15819,0.29126131534576416
15820,0.29122108221054077
15821,0.2700362801551819
15822,0.26801612973213196
15823,0.26801612973213196
15824,0.2700362801551819
15825,0.30907928943634033
15826,0.3092864155769348
15827,0.3092864155769348
15828,0.30907928943634033
15829,0.29928678274154663
15830,0.2986852526664734
15831,0.2986852526664734
15832,0.29928678274154663
15833,0.29768288135528564
15834,0.2977096438407898
15835,0.2977096438407898
15836,0.29768288135528564
15837,0.258942186832428
15838,0.2596355378627777
15839,0.2596355378627777
15840,0.258942186832428
15841,0.2655222415924072
15842,0.2655222415924072
15843,0.31447499990463257
15844,0.31405895948410034
15845,0.31405895948410034
15846,0.31447499990463257
15847,0.23790554702281952
15848,0.2368565797805786
15849,0.2368565797805786
15850,0.23790554702281952
15851,0.2849369943141937
15852,0.2853504419326782
15853,0.2853504419326782
15854,0.2849369943141937
15855,0.2506095767021179
15856,0.2525656819343567
15857,0.2525656819343567
15858,0.2506095767021179
15859,0.26626133918762207
15860,0.26626133918762207
15861,0.3644765615463257
15862,0.36323046684265137
15863,0.36323046684265137
15864,0.3644765615463257
15865,0.31967562437057495
15866,0.31967562437057495
15867,0.25647157430648804
15868,0.26121360063552856
15869,0.26121360063552856
15870,0.25647157430648804
15871,0.30084604024887085
15872,0.3019813299179077
15873,0.3019813299179077
15874,0.30084604024887085
15875,0.3729042410850525
15876,0.37611913681030273
15877,0.37611913681030273
15878,0.3729042410850525
15879,0.2895808815956116
15880,0.28959619998931885
15881,0.28959619998931885
15882,0.2895808815956116
15883,0.29642826318740845
15884,0.2965664863586426
15885,0.2965664863586426
15886,0.29642826318740845
15887,0.33801621198654175
15888,0.3389359712600708
15889,0.3389359712600708
15890,0.33801621198654175
15891,0.28104037046432495
15892,0.2810506224632263
15893,0.2810506224632263
15894,0.28104037046432495
15895,0.22265680134296417
15896,0.22276659309864044
15897,0.22276659309864044
15898,0.22265680134296417
15899,0.31979596614837646
15900,0.31979596614837646
15901,0.31983816623687744
15902,0.31760627031326294
15903,0.31760627031326294
15904,0.31983816623687744
15905,0.26215288043022156
15906,0.2622144818305969
15907,0.2622144818305969
15908,0.26215288043022156
15909,0.35244226455688477
15910,0.35729658603668213
15911,0.35729658603668213
15912,0.35244226455688477
15913,0.3029254078865051
15914,0.3029254078865051
15915,0.26954185962677
15916,0.26958799362182617
15917,0.26958799362182617
15918,0.26954185962677
15919,0.28297704458236694
15920,0.2833842635154724
15921,0.2833842635154724
15922,0.28297704458236694
15923,0.32992762327194214
15924,0.3295441269874573
15925,0.3295441269874573
15926,0.32992762327194214
15927,0.24586236476898193
15928,0.24587905406951904
15929,0.24587905406951904
15930,0.24586236476898193
15931,0.2810775339603424
15932,0.28148752450942993
15933,0.28148752450942993
15934,0.2810775339603424
15935,0.20480336248874664
15936,0.20700760185718536
15937,0.20700760185718536
15938,0.20480336248874664
15939,0.31228363513946533
15940,0.3114537000656128
15941,0.3114537000656128
15942,0.31228363513946533
15943,0.28601956367492676
15944,0.2862139344215393
15945,0.2862139344215393
15946,0.28601956367492676
15947,0.19815142452716827
15948,0.19946016371250153
15949,0.19946016371250153
15950,0.19815142452716827
15951,0.3088756799697876
15952,0.3086223602294922
15953,0.3086223602294922
15954,0.3088756799697876
15955,0.280775785446167
15956,0.280775785446167
15957,0.3333245515823364
15958,0.33567625284194946
15959,0.33567625284194946
15960,0.3333245515823364
15961,0.28291594982147217
15962,0.28291594982147217
15963,0.32090991735458374
15964,0.3209351897239685
15965,0.3209351897239685
15966,0.32090991735458374
15967,0.3093491792678833
15968,0.3097158670425415
15969,0.3097158670425415
15970,0.3093491792678833
15971,0.26029515266418457
15972,0.25999927520751953
15973,0.25999927520751953
15974,0.26029515266418457
15975,0.2778607904911041
15976,0.2776879370212555
15977,0.2776879370212555
15978,0.2778607904911041
15979,0.29131627082824707
15980,0.29131627082824707
15981,0.22698485851287842
15982,0.22698485851287842
15983,0.23111078143119812
15984,0.23011212050914764
15985,0.23011212050914764
15986,0.23111078143119812
15987,0.21304145455360413
15988,0.20982716977596283
15989,0.20982716977596283
15990,0.21304145455360413
15991,0.21297086775302887
15992,0.21297086775302887
15993,0.20001313090324402
15994,0.2021610587835312
15995,0.2021610587835312
15996,0.20001313090324402
15997,0.22302383184432983
15998,0.2230607122182846
15999,0.2230607122182846
16000,0.22302383184432983
16001,0.2073642462491989
16002,0.20827259123325348
16003,0.20827259123325348
16004,0.2073642462491989
16005,0.1994309276342392
16006,0.20437662303447723
16007,0.20437662303447723
16008,0.1994309276342392
16009,0.22043682634830475
16010,0.22043682634830475
16011,0.21162979304790497
16012,0.2081824094057083
16013,0.2081824094057083
16014,0.21162979304790497
16015,0.16105835139751434
16016,0.16048258543014526
16017,0.16048258543014526
16018,0.16105835139751434
16019,0.20573313534259796
16020,0.20577897131443024
16021,0.20577897131443024
16022,0.20573313534259796
16023,0.23434999585151672
16024,0.23434999585151672
16025,0.2047007828950882
16026,0.2047007828950882
16027,0.2015305906534195
16028,0.20278902351856232
16029,0.20278902351856232
16030,0.2015305906534195
16031,0.20604728162288666
16032,0.2073478400707245
16033,0.2073478400707245
16034,0.20604728162288666
16035,0.1960957646369934
16036,0.1964157074689865
16037,0.1964157074689865
16038,0.1960957646369934
16039,0.2310969978570938
16040,0.2310969978570938
16041,0.2382003366947174
16042,0.24111758172512054
16043,0.24111758172512054
16044,0.2382003366947174
16045,0.20757170021533966
16046,0.20757170021533966
16047,0.23260121047496796
16048,0.23260121047496796
16049,0.23248432576656342
16050,0.23234756290912628
16051,0.23234756290912628
16052,0.23248432576656342
16053,0.23224206268787384
16054,0.23224206268787384
16055,0.23597761988639832
16056,0.23631177842617035
16057,0.23631177842617035
16058,0.23597761988639832
16059,0.2256074696779251
16060,0.22526220977306366
16061,0.22526220977306366
16062,0.2256074696779251
16063,0.23037849366664886
16064,0.23037849366664886
16065,0.23971746861934662
16066,0.24032258987426758
16067,0.24032258987426758
16068,0.23971746861934662
16069,0.19714339077472687
16070,0.1940528154373169
16071,0.1940528154373169
16072,0.19714339077472687
16073,0.24117709696292877
16074,0.24117709696292877
16075,0.22608642280101776
16076,0.22607509791851044
16077,0.22607509791851044
16078,0.22608642280101776
16079,0.23221147060394287
16080,0.23221147060394287
16081,0.22002176940441132
16082,0.22002176940441132
16083,0.22185124456882477
16084,0.22182166576385498
16085,0.22182166576385498
16086,0.22185124456882477
16087,0.23340897262096405
16088,0.23340897262096405
16089,0.24223846197128296
16090,0.23779670894145966
16091,0.23779670894145966
16092,0.24223846197128296
16093,0.16278313100337982
16094,0.1647561639547348
16095,0.1647561639547348
16096,0.16278313100337982
16097,0.24430732429027557
16098,0.24430732429027557
16099,0.22735778987407684
16100,0.22735778987407684
16101,0.2279507964849472
16102,0.2278505563735962
16103,0.2278505563735962
16104,0.2279507964849472
16105,0.23236964643001556
16106,0.23236964643001556
16107,0.22228790819644928
16108,0.22228790819644928
16109,0.22214524447917938
16110,0.22214524447917938
16111,0.2335042506456375
16112,0.2335042506456375
16113,0.2194538414478302
16114,0.21904751658439636
16115,0.21904751658439636
16116,0.2194538414478302
16117,0.21685291826725006
16118,0.21496956050395966
16119,0.21496956050395966
16120,0.21685291826725006
16121,0.2343486100435257
16122,0.2333751767873764
16123,0.2333751767873764
16124,0.2343486100435257
16125,0.26695388555526733
16126,0.26690781116485596
16127,0.26690781116485596
16128,0.26695388555526733
16129,0.2121713012456894
16130,0.21217741072177887
16131,0.21217741072177887
16132,0.2121713012456894
16133,0.20424224436283112
16134,0.20424224436283112
16135,0.21177823841571808
16136,0.2119920253753662
16137,0.2119920253753662
16138,0.21177823841571808
16139,0.2459120899438858
16140,0.24593539535999298
16141,0.24593539535999298
16142,0.2459120899438858
16143,0.22056527435779572
16144,0.215757355093956
16145,0.215757355093956
16146,0.22056527435779572
16147,0.25499582290649414
16148,0.2550358176231384
16149,0.2550358176231384
16150,0.25499582290649414
16151,0.21730618178844452
16152,0.21652282774448395
16153,0.21652282774448395
16154,0.21730618178844452
16155,0.25597715377807617
16156,0.25599923729896545
16157,0.25599923729896545
16158,0.25597715377807617
16159,0.20488344132900238
16160,0.20608864724636078
16161,0.20608864724636078
16162,0.20488344132900238
16163,0.23194891214370728
16164,0.23194891214370728
16165,0.24335283041000366
16166,0.2430046945810318
16167,0.2430046945810318
16168,0.24335283041000366
16169,0.18509776890277863
16170,0.18300800025463104
16171,0.18300800025463104
16172,0.18509776890277863
16173,0.21327537298202515
16174,0.21347332000732422
16175,0.21347332000732422
16176,0.21327537298202515
16177,0.2095605880022049
16178,0.20525284111499786
16179,0.20525284111499786
16180,0.2095605880022049
16181,0.24406881630420685
16182,0.24406881630420685
16183,0.29633140563964844
16184,0.2963091731071472
16185,0.2963091731071472
16186,0.29633140563964844
16187,0.23842769861221313
16188,0.23842769861221313
16189,0.20514704287052155
16190,0.20536206662654877
16191,0.20536206662654877
16192,0.20514704287052155
16193,0.22883851826190948
16194,0.2313852459192276
16195,0.2313852459192276
16196,0.22883851826190948
16197,0.29553794860839844
16198,0.29665613174438477
16199,0.29665613174438477
16200,0.29553794860839844
16201,0.2200356423854828
16202,0.22026382386684418
16203,0.22026382386684418
16204,0.2200356423854828
16205,0.2571532428264618
16206,0.257976770401001
16207,0.257976770401001
16208,0.2571532428264618
16209,0.2675480842590332
16210,0.2679969072341919
16211,0.2679969072341919
16212,0.2675480842590332
16213,0.239224374294281
16214,0.23922036588191986
16215,0.23922036588191986
16216,0.239224374294281
16217,0.17289456725120544
16218,0.17297635972499847
16219,0.17297635972499847
16220,0.17289456725120544
16221,0.24559350311756134
16222,0.24709028005599976
16223,0.24709028005599976
16224,0.24559350311756134
16225,0.30510973930358887
16226,0.30342233180999756
16227,0.30342233180999756
16228,0.30510973930358887
16229,0.2458377629518509
16230,0.2458377629518509
16231,0.23593471944332123
16232,0.23596180975437164
16233,0.23596180975437164
16234,0.23593471944332123
16235,0.2340349555015564
16236,0.23423545062541962
16237,0.23423545062541962
16238,0.2340349555015564
16239,0.252568781375885
16240,0.25241053104400635
16241,0.25241053104400635
16242,0.252568781375885
16243,0.21009579300880432
16244,0.21009597182273865
16245,0.21009597182273865
16246,0.21009579300880432
16247,0.2195165902376175
16248,0.21970690786838531
16249,0.21970690786838531
16250,0.2195165902376175
16251,0.17289821803569794
16252,0.1737949699163437
16253,0.1737949699163437
16254,0.17289821803569794
16255,0.24193106591701508
16256,0.24242572486400604
16257,0.24242572486400604
16258,0.24193106591701508
16259,0.16881005465984344
16260,0.16944673657417297
16261,0.16944673657417297
16262,0.16881005465984344
16263,0.24206285178661346
16264,0.24272991716861725
16265,0.24272991716861725
16266,0.24206285178661346
16267,0.25185626745224
16268,0.25185626745224
16269,0.25024837255477905
16270,0.25399506092071533
16271,0.25399506092071533
16272,0.25024837255477905
16273,0.24039751291275024
16274,0.24039751291275024
16275,0.27275925874710083
16276,0.27275556325912476
16277,0.27275556325912476
16278,0.27275925874710083
16279,0.24143865704536438
16280,0.24145300686359406
16281,0.24145300686359406
16282,0.24143865704536438
16283,0.2287934571504593
16284,0.2296638935804367
16285,0.2296638935804367
16286,0.2287934571504593
16287,0.22241449356079102
16288,0.22241449356079102
16289,0.25669509172439575
16290,0.2564235031604767
16291,0.2564235031604767
16292,0.25669509172439575
16293,0.25387728214263916
16294,0.25387728214263916
16295,0.27995628118515015
16296,0.2810024321079254
16297,0.2810024321079254
16298,0.27995628118515015
16299,0.2264818400144577
16300,0.2268744558095932
16301,0.2268744558095932
16302,0.2264818400144577
16303,0.25797224044799805
16304,0.25797224044799805
16305,0.26159220933914185
16306,0.2618371248245239
16307,0.2618371248245239
16308,0.26159220933914185
16309,0.2614697813987732
16310,0.2614697813987732
16311,0.21551616489887238
16312,0.21551616489887238
16313,0.1682218760251999
16314,0.17445440590381622
16315,0.17445440590381622
16316,0.1682218760251999
16317,0.23232866823673248
16318,0.23232866823673248
16319,0.2163020521402359
16320,0.21483728289604187
16321,0.21483728289604187
16322,0.2163020521402359
16323,0.22589300572872162
16324,0.22589300572872162
16325,0.22364278137683868
16326,0.22364278137683868
16327,0.2138521820306778
16328,0.21421022713184357
16329,0.21421022713184357
16330,0.2138521820306778
16331,0.20868363976478577
16332,0.20868363976478577
16333,0.15434947609901428
16334,0.1556597352027893
16335,0.1556597352027893
16336,0.15434947609901428
16337,0.23673807084560394
16338,0.23673807084560394
16339,0.18787740170955658
16340,0.18788902461528778
16341,0.18788902461528778
16342,0.18787740170955658
16343,0.19069594144821167
16344,0.19069594144821167
16345,0.15968899428844452
16346,0.15993964672088623
16347,0.15993964672088623
16348,0.15968899428844452
16349,0.2160475105047226
16350,0.2160475105047226
16351,0.17650361359119415
16352,0.1764180213212967
16353,0.1764180213212967
16354,0.17650361359119415
16355,0.20785227417945862
16356,0.20785227417945862
16357,0.20616525411605835
16358,0.20574529469013214
16359,0.20574529469013214
16360,0.20616525411605835
16361,0.24317841231822968
16362,0.24338002502918243
16363,0.24338002502918243
16364,0.24317841231822968
16365,0.22198833525180817
16366,0.22198833525180817
16367,0.23887072503566742
16368,0.23888005316257477
16369,0.23888005316257477
16370,0.23887072503566742
16371,0.2416999787092209
16372,0.24102641642093658
16373,0.24102641642093658
16374,0.2416999787092209
16375,0.21553076803684235
16376,0.21765431761741638
16377,0.21765431761741638
16378,0.21553076803684235
16379,0.2357722669839859
16380,0.2357722669839859
16381,0.25329673290252686
16382,0.25377023220062256
16383,0.25377023220062256
16384,0.25329673290252686
16385,0.20273016393184662
16386,0.20090194046497345
16387,0.20090194046497345
16388,0.20273016393184662
16389,0.2280806452035904
16390,0.22833575308322906
16391,0.22833575308322906
16392,0.2280806452035904
16393,0.24358832836151123
16394,0.24358832836151123
16395,0.255540668964386
16396,0.255540668964386
16397,0.2720887362957001
16398,0.27189046144485474
16399,0.27189046144485474
16400,0.2720887362957001
16401,0.23494400084018707
16402,0.23540277779102325
16403,0.23540277779102325
16404,0.23494400084018707
16405,0.2583971619606018
16406,0.2583971619606018
16407,0.24328826367855072
16408,0.24328826367855072
16409,0.22042028605937958
16410,0.22042028605937958
16411,0.21734221279621124
16412,0.2194777876138687
16413,0.2194777876138687
16414,0.21734221279621124
16415,0.24849416315555573
16416,0.24849416315555573
16417,0.25240224599838257
16418,0.251676082611084
16419,0.251676082611084
16420,0.25240224599838257
16421,0.25900381803512573
16422,0.2610103487968445
16423,0.2610103487968445
16424,0.25900381803512573
16425,0.260958731174469
16426,0.26087939739227295
16427,0.26087939739227295
16428,0.260958731174469
16429,0.2767292857170105
16430,0.2767742872238159
16431,0.2767742872238159
16432,0.2767292857170105
16433,0.2240840643644333
16434,0.22411151230335236
16435,0.22411151230335236
16436,0.2240840643644333
16437,0.24312986433506012
16438,0.24312986433506012
16439,0.2394762635231018
16440,0.24085114896297455
16441,0.24085114896297455
16442,0.2394762635231018
16443,0.26900339126586914
16444,0.2690194845199585
16445,0.2690194845199585
16446,0.26900339126586914
16447,0.28375834226608276
16448,0.2838020324707031
16449,0.2838020324707031
16450,0.28375834226608276
16451,0.25386983156204224
16452,0.2536137104034424
16453,0.2536137104034424
16454,0.25386983156204224
16455,0.27657753229141235
16456,0.2766079306602478
16457,0.2766079306602478
16458,0.27657753229141235
16459,0.24599912762641907
16460,0.24236752092838287
16461,0.24236752092838287
16462,0.24599912762641907
16463,0.24478751420974731
16464,0.24478751420974731
16465,0.27631425857543945
16466,0.27590304613113403
16467,0.27590304613113403
16468,0.27631425857543945
16469,0.2035990059375763
16470,0.20116962492465973
16471,0.20116962492465973
16472,0.2035990059375763
16473,0.24706153571605682
16474,0.24744866788387299
16475,0.24744866788387299
16476,0.24706153571605682
16477,0.23832030594348907
16478,0.2454945594072342
16479,0.2454945594072342
16480,0.23832030594348907
16481,0.25528568029403687
16482,0.25528568029403687
16483,0.3245258927345276
16484,0.323100745677948
16485,0.323100745677948
16486,0.3245258927345276
16487,0.26677775382995605
16488,0.26677775382995605
16489,0.338594913482666
16490,0.34068453311920166
16491,0.34068453311920166
16492,0.338594913482666
16493,0.2603098750114441
16494,0.2603893578052521
16495,0.2603893578052521
16496,0.2603098750114441
16497,0.25291746854782104
16498,0.25119727849960327
16499,0.25119727849960327
16500,0.25291746854782104
16501,0.2545318007469177
16502,0.254550039768219
16503,0.254550039768219
16504,0.2545318007469177
16505,0.19180428981781006
16506,0.19190002977848053
16507,0.19190002977848053
16508,0.19180428981781006
16509,0.2847473621368408
16510,0.28492969274520874
16511,0.28492969274520874
16512,0.2847473621368408
16513,0.31374824047088623
16514,0.32278579473495483
16515,0.32278579473495483
16516,0.31374824047088623
16517,0.24866698682308197
16518,0.24872268736362457
16519,0.24872268736362457
16520,0.24866698682308197
16521,0.2584874629974365
16522,0.25900721549987793
16523,0.25900721549987793
16524,0.2584874629974365
16525,0.22343473136425018
16526,0.2234399914741516
16527,0.2234399914741516
16528,0.22343473136425018
16529,0.2490455061197281
16530,0.24940231442451477
16531,0.24940231442451477
16532,0.2490455061197281
16533,0.2753499150276184
16534,0.27278125286102295
16535,0.27278125286102295
16536,0.2753499150276184
16537,0.2604849934577942
16538,0.2604849934577942
16539,0.2825453281402588
16540,0.28583481907844543
16541,0.28583481907844543
16542,0.2825453281402588
16543,0.2911461591720581
16544,0.29121220111846924
16545,0.29121220111846924
16546,0.2911461591720581
16547,0.27621984481811523
16548,0.27691352367401123
16549,0.27691352367401123
16550,0.27621984481811523
16551,0.22868093848228455
16552,0.2292524129152298
16553,0.2292524129152298
16554,0.22868093848228455
16555,0.2676165699958801
16556,0.2676165699958801
16557,0.20798736810684204
16558,0.2083793729543686
16559,0.2083793729543686
16560,0.20798736810684204
16561,0.22549350559711456
16562,0.22549350559711456
16563,0.23023824393749237
16564,0.22973328828811646
16565,0.22973328828811646
16566,0.23023824393749237
16567,0.19995100796222687
16568,0.19823898375034332
16569,0.19823898375034332
16570,0.19995100796222687
16571,0.24043653905391693
16572,0.24043653905391693
16573,0.21641525626182556
16574,0.21620629727840424
16575,0.21620629727840424
16576,0.21641525626182556
16577,0.2495373785495758
16578,0.2495373785495758
16579,0.2156132310628891
16580,0.2156132310628891
16581,0.1987001597881317
16582,0.19903840124607086
16583,0.19903840124607086
16584,0.1987001597881317
16585,0.19303801655769348
16586,0.19297589361667633
16587,0.19297589361667633
16588,0.19303801655769348
16589,0.18747805058956146
16590,0.18747805058956146
16591,0.1833248734474182
16592,0.1857144683599472
16593,0.1857144683599472
16594,0.1833248734474182
16595,0.2226184755563736
16596,0.22258880734443665
16597,0.22258880734443665
16598,0.2226184755563736
16599,0.19133658707141876
16600,0.1912609487771988
16601,0.1912609487771988
16602,0.19133658707141876
16603,0.189108744263649
16604,0.1891898661851883
16605,0.1891898661851883
16606,0.189108744263649
16607,0.21246035397052765
16608,0.21246035397052765
16609,0.20167039334774017
16610,0.2037380486726761
16611,0.2037380486726761
16612,0.20167039334774017
16613,0.15424785017967224
16614,0.15133899450302124
16615,0.15133899450302124
16616,0.15424785017967224
16617,0.19540368020534515
16618,0.19571615755558014
16619,0.19571615755558014
16620,0.19540368020534515
16621,0.1762014478445053
16622,0.18144312500953674
16623,0.18144312500953674
16624,0.1762014478445053
16625,0.22953610122203827
16626,0.22953610122203827
16627,0.26531773805618286
16628,0.2656196355819702
16629,0.2656196355819702
16630,0.26531773805618286
16631,0.19083677232265472
16632,0.19083677232265472
16633,0.20060981810092926
16634,0.20094873011112213
16635,0.20094873011112213
16636,0.20060981810092926
16637,0.20713619887828827
16638,0.20776626467704773
16639,0.20776626467704773
16640,0.20713619887828827
16641,0.2109033614397049
16642,0.21088524162769318
16643,0.21088524162769318
16644,0.2109033614397049
16645,0.15874111652374268
16646,0.1588256061077118
16647,0.1588256061077118
16648,0.15874111652374268
16649,0.20452533662319183
16650,0.20411424338817596
16651,0.20411424338817596
16652,0.20452533662319183
16653,0.18824519217014313
16654,0.1885492205619812
16655,0.1885492205619812
16656,0.18824519217014313
16657,0.22801150381565094
16658,0.22801150381565094
16659,0.22799701988697052
16660,0.22712132334709167
16661,0.22712132334709167
16662,0.22799701988697052
16663,0.2011195868253708
16664,0.19920341670513153
16665,0.19920341670513153
16666,0.2011195868253708
16667,0.20516009628772736
16668,0.20516009628772736
16669,0.22565020620822906
16670,0.22565020620822906
16671,0.22363674640655518
16672,0.2232837826013565
16673,0.2232837826013565
16674,0.22363674640655518
16675,0.18709664046764374
16676,0.18904665112495422
16677,0.18904665112495422
16678,0.18709664046764374
16679,0.18005339801311493
16680,0.18005339801311493
16681,0.18338878452777863
16682,0.1830793023109436
16683,0.1830793023109436
16684,0.18338878452777863
16685,0.18332333862781525
16686,0.18283997476100922
16687,0.18283997476100922
16688,0.18332333862781525
16689,0.19556669890880585
16690,0.19556669890880585
16691,0.20471476018428802
16692,0.20647260546684265
16693,0.20647260546684265
16694,0.20471476018428802
16695,0.1439172923564911
16696,0.1468542069196701
16697,0.1468542069196701
16698,0.1439172923564911
16699,0.1816161423921585
16700,0.18198411166667938
16701,0.18198411166667938
16702,0.1816161423921585
16703,0.21842457354068756
16704,0.21842457354068756
16705,0.1910455971956253
16706,0.1910455971956253
16707,0.1917160451412201
16708,0.18774233758449554
16709,0.18774233758449554
16710,0.1917160451412201
16711,0.19739441573619843
16712,0.19799453020095825
16713,0.19799453020095825
16714,0.19739441573619843
16715,0.20979465544223785
16716,0.20979465544223785
16717,0.18741635978221893
16718,0.18741635978221893
16719,0.23295027017593384
16720,0.23295027017593384
16721,0.2339426428079605
16722,0.23329396545886993
16723,0.23329396545886993
16724,0.2339426428079605
16725,0.22595985233783722
16726,0.23076646029949188
16727,0.23076646029949188
16728,0.22595985233783722
16729,0.22254137694835663
16730,0.2215648591518402
16731,0.2215648591518402
16732,0.22254137694835663
16733,0.2653159201145172
16734,0.2653495669364929
16735,0.2653495669364929
16736,0.2653159201145172
16737,0.2255655825138092
16738,0.22557853162288666
16739,0.22557853162288666
16740,0.2255655825138092
16741,0.22083912789821625
16742,0.22083912789821625
16743,0.20700179040431976
16744,0.2076340764760971
16745,0.2076340764760971
16746,0.20700179040431976
16747,0.26120859384536743
16748,0.261280357837677
16749,0.261280357837677
16750,0.26120859384536743
16751,0.20857450366020203
16752,0.20690996944904327
16753,0.20690996944904327
16754,0.20857450366020203
16755,0.2671651244163513
16756,0.2673330307006836
16757,0.2673330307006836
16758,0.2671651244163513
16759,0.22227059304714203
16760,0.22224605083465576
16761,0.22224605083465576
16762,0.22227059304714203
16763,0.2654978632926941
16764,0.26554906368255615
16765,0.26554906368255615
16766,0.2654978632926941
16767,0.21206055581569672
16768,0.2075989991426468
16769,0.2075989991426468
16770,0.21206055581569672
16771,0.23443050682544708
16772,0.23443050682544708
16773,0.23102110624313354
16774,0.23210586607456207
16775,0.23210586607456207
16776,0.23102110624313354
16777,0.15089872479438782
16778,0.15834829211235046
16779,0.15834829211235046
16780,0.15089872479438782
16781,0.23427368700504303
16782,0.23457910120487213
16783,0.23457910120487213
16784,0.23427368700504303
16785,0.20745228230953217
16786,0.21559588611125946
16787,0.21559588611125946
16788,0.20745228230953217
16789,0.2549954056739807
16790,0.2549954056739807
16791,0.30458444356918335
16792,0.30322808027267456
16793,0.30322808027267456
16794,0.30458444356918335
16795,0.21756651997566223
16796,0.21756651997566223
16797,0.2010437399148941
16798,0.20601306855678558
16799,0.20601306855678558
16800,0.2010437399148941
16801,0.23481447994709015
16802,0.23344303667545319
16803,0.23344303667545319
16804,0.23481447994709015
16805,0.3084803819656372
16806,0.31003814935684204
16807,0.31003814935684204
16808,0.3084803819656372
16809,0.22927655279636383
16810,0.22875307500362396
16811,0.22875307500362396
16812,0.22927655279636383
16813,0.2120784968137741
16814,0.2100483775138855
16815,0.2100483775138855
16816,0.2120784968137741
16817,0.27285897731781006
16818,0.2712556719779968
16819,0.2712556719779968
16820,0.27285897731781006
16821,0.2425592988729477
16822,0.24259105324745178
16823,0.24259105324745178
16824,0.2425592988729477
16825,0.17975372076034546
16826,0.17979691922664642
16827,0.17979691922664642
16828,0.17975372076034546
16829,0.25502654910087585
16830,0.2521306872367859
16831,0.2521306872367859
16832,0.25502654910087585
16833,0.2298763245344162
16834,0.23001261055469513
16835,0.23001261055469513
16836,0.2298763245344162
16837,0.2632294297218323
16838,0.26775938272476196
16839,0.26775938272476196
16840,0.2632294297218323
16841,0.23393364250659943
16842,0.23393364250659943
16843,0.2373165786266327
16844,0.23744937777519226
16845,0.23744937777519226
16846,0.2373165786266327
16847,0.23260457813739777
16848,0.2333541065454483
16849,0.2333541065454483
16850,0.23260457813739777
16851,0.2568344473838806
16852,0.2570044994354248
16853,0.2570044994354248
16854,0.2568344473838806
16855,0.21767540276050568
16856,0.21766386926174164
16857,0.21766386926174164
16858,0.21767540276050568
16859,0.22793282568454742
16860,0.22835905849933624
16861,0.22835905849933624
16862,0.22793282568454742
16863,0.14089038968086243
16864,0.14051920175552368
16865,0.14051920175552368
16866,0.14089038968086243
16867,0.23692305386066437
16868,0.23655807971954346
16869,0.23655807971954346
16870,0.23692305386066437
16871,0.133879616856575
16872,0.13516509532928467
16873,0.13516509532928467
16874,0.133879616856575
16875,0.25306421518325806
16876,0.25735777616500854
16877,0.25735777616500854
16878,0.25306421518325806
16879,0.24118857085704803
16880,0.24118857085704803
16881,0.25468307733535767
16882,0.25741046667099
16883,0.25741046667099
16884,0.25468307733535767
16885,0.24080343544483185
16886,0.24080343544483185
16887,0.2781828045845032
16888,0.27824950218200684
16889,0.27824950218200684
16890,0.2781828045845032
16891,0.2427006959915161
16892,0.24265553057193756
16893,0.24265553057193756
16894,0.2427006959915161
16895,0.19669850170612335
16896,0.1961210072040558
16897,0.1961210072040558
16898,0.19669850170612335
16899,0.2305510938167572
16900,0.2305510938167572
16901,0.24129429459571838
16902,0.23851381242275238
16903,0.23851381242275238
16904,0.24129429459571838
16905,0.24063080549240112
16906,0.24063080549240112
16907,0.23584407567977905
16908,0.23639680445194244
16909,0.23639680445194244
16910,0.23584407567977905
16911,0.23043961822986603
16912,0.23163796961307526
16913,0.23163796961307526
16914,0.23043961822986603
16915,0.2388971447944641
16916,0.2388971447944641
16917,0.2444668859243393
16918,0.2456439733505249
16919,0.2456439733505249
16920,0.2444668859243393
16921,0.1721135973930359
16922,0.17164786159992218
16923,0.17164786159992218
16924,0.1721135973930359
16925,0.23082154989242554
16926,0.23107491433620453
16927,0.23107491433620453
16928,0.23082154989242554
16929,0.25146418809890747
16930,0.25146418809890747
16931,0.22990186512470245
16932,0.22990186512470245
16933,0.20926906168460846
16934,0.21139131486415863
16935,0.21139131486415863
16936,0.20926906168460846
16937,0.24383801221847534
16938,0.24406234920024872
16939,0.24406234920024872
16940,0.24383801221847534
16941,0.23873774707317352
16942,0.23873774707317352
16943,0.24411340057849884
16944,0.24411340057849884
16945,0.23836036026477814
16946,0.23836036026477814
16947,0.23921677470207214
16948,0.2384263426065445
16949,0.2384263426065445
16950,0.23921677470207214
16951,0.22078658640384674
16952,0.22078658640384674
16953,0.23656775057315826
16954,0.23656775057315826
16955,0.21548786759376526
16956,0.21596987545490265
16957,0.21596987545490265
16958,0.21548786759376526
16959,0.20375819504261017
16960,0.20455540716648102
16961,0.20455540716648102
16962,0.20375819504261017
16963,0.20699653029441833
16964,0.20828603208065033
16965,0.20828603208065033
16966,0.20699653029441833
16967,0.18045853078365326
16968,0.18033553659915924
16969,0.18033553659915924
16970,0.18045853078365326
16971,0.19253556430339813
16972,0.19253556430339813
16973,0.17674946784973145
16974,0.1838671863079071
16975,0.1838671863079071
16976,0.17674946784973145
16977,0.20917923748493195
16978,0.20923544466495514
16979,0.20923544466495514
16980,0.20917923748493195
16981,0.1937623769044876
16982,0.19434477388858795
16983,0.19434477388858795
16984,0.1937623769044876
16985,0.1903967410326004
16986,0.19254070520401
16987,0.19254070520401
16988,0.1903967410326004
16989,0.2080107480287552
16990,0.2080107480287552
16991,0.20262376964092255
16992,0.20413346588611603
16993,0.20413346588611603
16994,0.20262376964092255
16995,0.13893619179725647
16996,0.13898830115795135
16997,0.13898830115795135
16998,0.13893619179725647
16999,0.18748901784420013
17000,0.18776920437812805
17001,0.18776920437812805
17002,0.18748901784420013
17003,0.1933993101119995
17004,0.1945858746767044
17005,0.1945858746767044
17006,0.1933993101119995
17007,0.23138947784900665
17008,0.23138947784900665
17009,0.26495835185050964
17010,0.26440131664276123
17011,0.26440131664276123
17012,0.26495835185050964
17013,0.19697009027004242
17014,0.19697009027004242
17015,0.18942974507808685
17016,0.1899179369211197
17017,0.1899179369211197
17018,0.18942974507808685
17019,0.18890851736068726
17020,0.1852768212556839
17021,0.1852768212556839
17022,0.18890851736068726
17023,0.20616669952869415
17024,0.20617614686489105
17025,0.20617614686489105
17026,0.20616669952869415
17027,0.1477256864309311
17028,0.1476285457611084
17029,0.1476285457611084
17030,0.1477256864309311
17031,0.22573421895503998
17032,0.22321191430091858
17033,0.22321191430091858
17034,0.22573421895503998
17035,0.2015133649110794
17036,0.20073248445987701
17037,0.20073248445987701
17038,0.2015133649110794
17039,0.1781865805387497
17040,0.1780918836593628
17041,0.1780918836593628
17042,0.1781865805387497
17043,0.20836888253688812
17044,0.21268604695796967
17045,0.21268604695796967
17046,0.20836888253688812
17047,0.2267507165670395
17048,0.2267507165670395
17049,0.22725220024585724
17050,0.22396858036518097
17051,0.22396858036518097
17052,0.22725220024585724
17053,0.21569417417049408
17054,0.21555641293525696
17055,0.21555641293525696
17056,0.21569417417049408
17057,0.20940260589122772
17058,0.2065974771976471
17059,0.2065974771976471
17060,0.20940260589122772
17061,0.20110248029232025
17062,0.20110248029232025
17063,0.22089095413684845
17064,0.21940337121486664
17065,0.21940337121486664
17066,0.22089095413684845
17067,0.21325309574604034
17068,0.21325309574604034
17069,0.22403286397457123
17070,0.22337648272514343
17071,0.22337648272514343
17072,0.22403286397457123
17073,0.2061849981546402
17074,0.20782782137393951
17075,0.20782782137393951
17076,0.2061849981546402
17077,0.23885545134544373
17078,0.23885545134544373
17079,0.2417106032371521
17080,0.24145987629890442
17081,0.24145987629890442
17082,0.2417106032371521
17083,0.1965305060148239
17084,0.1959909349679947
17085,0.1959909349679947
17086,0.1965305060148239
17087,0.2465144395828247
17088,0.2465144395828247
17089,0.23782522976398468
17090,0.23782522976398468
17091,0.2587496042251587
17092,0.2594209313392639
17093,0.2594209313392639
17094,0.2587496042251587
17095,0.2334761619567871
17096,0.23357762396335602
17097,0.23357762396335602
17098,0.2334761619567871
17099,0.25521188974380493
17100,0.25521188974380493
17101,0.2369403839111328
17102,0.2369403839111328
17103,0.2356279343366623
17104,0.23562084138393402
17105,0.23562084138393402
17106,0.2356279343366623
17107,0.24312889575958252
17108,0.23718203604221344
17109,0.23718203604221344
17110,0.24312889575958252
17111,0.25789159536361694
17112,0.2577846348285675
17113,0.2577846348285675
17114,0.25789159536361694
17115,0.20367427170276642
17116,0.2036633938550949
17117,0.2036633938550949
17118,0.20367427170276642
17119,0.22250568866729736
17120,0.22250568866729736
17121,0.22466231882572174
17122,0.2250484973192215
17123,0.2250484973192215
17124,0.22466231882572174
17125,0.23629604279994965
17126,0.23629187047481537
17127,0.23629187047481537
17128,0.23629604279994965
17129,0.2511674165725708
17130,0.2512337565422058
17131,0.2512337565422058
17132,0.2511674165725708
17133,0.2302822321653366
17134,0.2302800416946411
17135,0.2302800416946411
17136,0.2302822321653366
17137,0.246463343501091
17138,0.2464907318353653
17139,0.2464907318353653
17140,0.246463343501091
17141,0.21836116909980774
17142,0.2200629562139511
17143,0.2200629562139511
17144,0.21836116909980774
17145,0.23457323014736176
17146,0.23457323014736176
17147,0.2630779445171356
17148,0.2602370083332062
17149,0.2602370083332062
17150,0.2630779445171356
17151,0.19545187056064606
17152,0.1936681717634201
17153,0.1936681717634201
17154,0.19545187056064606
17155,0.2224055379629135
17156,0.22268253564834595
17157,0.22268253564834595
17158,0.2224055379629135
17159,0.22758059203624725
17160,0.22820162773132324
17161,0.22820162773132324
17162,0.22758059203624725
17163,0.24810367822647095
17164,0.24810367822647095
17165,0.2864779829978943
17166,0.28595173358917236
17167,0.28595173358917236
17168,0.2864779829978943
17169,0.253597617149353
17170,0.253597617149353
17171,0.296572744846344
17172,0.3000531792640686
17173,0.3000531792640686
17174,0.296572744846344
17175,0.22702656686306
17176,0.22700855135917664
17177,0.22700855135917664
17178,0.22702656686306
17179,0.23895220458507538
17180,0.23940026760101318
17181,0.23940026760101318
17182,0.23895220458507538
17183,0.23370833694934845
17184,0.23370261490345
17185,0.23370261490345
17186,0.23370833694934845
17187,0.17723707854747772
17188,0.1773657351732254
17189,0.1773657351732254
17190,0.17723707854747772
17191,0.2503200173377991
17192,0.2514667510986328
17193,0.2514667510986328
17194,0.2503200173377991
17195,0.3038502335548401
17196,0.2977132201194763
17197,0.2977132201194763
17198,0.3038502335548401
17199,0.247680202126503
17200,0.247680202126503
17201,0.22901691496372223
17202,0.2290278822183609
17203,0.2290278822183609
17204,0.22901691496372223
17205,0.24131329357624054
17206,0.24103213846683502
17207,0.24103213846683502
17208,0.24131329357624054
17209,0.2034233957529068
17210,0.203407421708107
17211,0.203407421708107
17212,0.2034233957529068
17213,0.21911011636257172
17214,0.21957145631313324
17215,0.21957145631313324
17216,0.21911011636257172
17217,0.25186216831207275
17218,0.2503020763397217
17219,0.2503020763397217
17220,0.25186216831207275
17221,0.24114683270454407
17222,0.24114683270454407
17223,0.25628799200057983
17224,0.2592337131500244
17225,0.2592337131500244
17226,0.25628799200057983
17227,0.26334357261657715
17228,0.26334619522094727
17229,0.26334619522094727
17230,0.26334357261657715
17231,0.24479235708713531
17232,0.24523521959781647
17233,0.24523521959781647
17234,0.24479235708713531
17235,0.21428705751895905
17236,0.21446329355239868
17237,0.21446329355239868
17238,0.21428705751895905
17239,0.24616484344005585
17240,0.24616484344005585
17241,0.21763023734092712
17242,0.21763023734092712
17243,0.21576829254627228
17244,0.2136051207780838
17245,0.2136051207780838
17246,0.21576829254627228
17247,0.23345454037189484
17248,0.23345454037189484
17249,0.22926145792007446
17250,0.22803907096385956
17251,0.22803907096385956
17252,0.22926145792007446
17253,0.22677752375602722
17254,0.22677752375602722
17255,0.18269792199134827
17256,0.17914967238903046
17257,0.17914967238903046
17258,0.18269792199134827
17259,0.24511505663394928
17260,0.24511505663394928
17261,0.21783988177776337
17262,0.2168569266796112
17263,0.2168569266796112
17264,0.21783988177776337
17265,0.21490353345870972
17266,0.21490353345870972
17267,0.20910249650478363
17268,0.20910249650478363
17269,0.20517848432064056
17270,0.20467545092105865
17271,0.20467545092105865
17272,0.20517848432064056
17273,0.25305259227752686
17274,0.2535284757614136
17275,0.2535284757614136
17276,0.25305259227752686
17277,0.24790142476558685
17278,0.24790142476558685
17279,0.25719118118286133
17280,0.25756168365478516
17281,0.25756168365478516
17282,0.25719118118286133
17283,0.22345836460590363
17284,0.22357206046581268
17285,0.22357206046581268
17286,0.22345836460590363
17287,0.250104159116745
17288,0.250104159116745
17289,0.2444983422756195
17290,0.24450184404850006
17291,0.24450184404850006
17292,0.2444983422756195
17293,0.2503732442855835
17294,0.2503732442855835
17295,0.20931029319763184
17296,0.20931029319763184
17297,0.20171241462230682
17298,0.20684100687503815
17299,0.20684100687503815
17300,0.20171241462230682
17301,0.22159183025360107
17302,0.22159183025360107
17303,0.2263944447040558
17304,0.2193625420331955
17305,0.2193625420331955
17306,0.2263944447040558
17307,0.18095408380031586
17308,0.18312041461467743
17309,0.18312041461467743
17310,0.18095408380031586
17311,0.23564036190509796
17312,0.23564036190509796
17313,0.21818596124649048
17314,0.21818596124649048
17315,0.20969001948833466
17316,0.20578251779079437
17317,0.20578251779079437
17318,0.20969001948833466
17319,0.21890470385551453
17320,0.21727579832077026
17321,0.21727579832077026
17322,0.21890470385551453
17323,0.23930920660495758
17324,0.23930920660495758
17325,0.21697306632995605
17326,0.21697306632995605
17327,0.20283107459545135
17328,0.20492137968540192
17329,0.20492137968540192
17330,0.20283107459545135
17331,0.2045355886220932
17332,0.20951618254184723
17333,0.20951618254184723
17334,0.2045355886220932
17335,0.23199117183685303
17336,0.23200993239879608
17337,0.23200993239879608
17338,0.23199117183685303
17339,0.18867984414100647
17340,0.188711479306221
17341,0.188711479306221
17342,0.18867984414100647
17343,0.20526060461997986
17344,0.20526060461997986
17345,0.1920580416917801
17346,0.19304773211479187
17347,0.19304773211479187
17348,0.1920580416917801
17349,0.21848031878471375
17350,0.21851684153079987
17351,0.21851684153079987
17352,0.21848031878471375
17353,0.1960836499929428
17354,0.19664673507213593
17355,0.19664673507213593
17356,0.1960836499929428
17357,0.2318667471408844
17358,0.23181776702404022
17359,0.23181776702404022
17360,0.2318667471408844
17361,0.19901753962039948
17362,0.19874529540538788
17363,0.19874529540538788
17364,0.19901753962039948
17365,0.23059910535812378
17366,0.23057807981967926
17367,0.23057807981967926
17368,0.23059910535812378
17369,0.19365577399730682
17370,0.19454579055309296
17371,0.19454579055309296
17372,0.19365577399730682
17373,0.21745634078979492
17374,0.21745634078979492
17375,0.2223753184080124
17376,0.22455863654613495
17377,0.22455863654613495
17378,0.2223753184080124
17379,0.15659885108470917
17380,0.15635907649993896
17381,0.15635907649993896
17382,0.15659885108470917
17383,0.19916756451129913
17384,0.19889052212238312
17385,0.19889052212238312
17386,0.19916756451129913
17387,0.19340847432613373
17388,0.1938602477312088
17389,0.1938602477312088
17390,0.19340847432613373
17391,0.23248110711574554
17392,0.23248110711574554
17393,0.2673738896846771
17394,0.26832786202430725
17395,0.26832786202430725
17396,0.2673738896846771
17397,0.21166099607944489
17398,0.21166099607944489
17399,0.18196450173854828
17400,0.18476447463035583
17401,0.18476447463035583
17402,0.18196450173854828
17403,0.2061050981283188
17404,0.20520304143428802
17405,0.20520304143428802
17406,0.2061050981283188
17407,0.27641528844833374
17408,0.2728947103023529
17409,0.2728947103023529
17410,0.27641528844833374
17411,0.19913668930530548
17412,0.19955188035964966
17413,0.19955188035964966
17414,0.19913668930530548
17415,0.20967672765254974
17416,0.2089853435754776
17417,0.2089853435754776
17418,0.20967672765254974
17419,0.24464905261993408
17420,0.24471764266490936
17421,0.24471764266490936
17422,0.24464905261993408
17423,0.22108355164527893
17424,0.22108201682567596
17425,0.22108201682567596
17426,0.22108355164527893
17427,0.1530856341123581
17428,0.15296778082847595
17429,0.15296778082847595
17430,0.1530856341123581
17431,0.2253182828426361
17432,0.22729283571243286
17433,0.22729283571243286
17434,0.2253182828426361
17435,0.20833244919776917
17436,0.20825262367725372
17437,0.20825262367725372
17438,0.20833244919776917
17439,0.2756528854370117
17440,0.27864956855773926
17441,0.27864956855773926
17442,0.2756528854370117
17443,0.21875779330730438
17444,0.21875779330730438
17445,0.21746091544628143
17446,0.21742339432239532
17447,0.21742339432239532
17448,0.21746091544628143
17449,0.21273252367973328
17450,0.21153080463409424
17451,0.21153080463409424
17452,0.21273252367973328
17453,0.2305801957845688
17454,0.23006047308444977
17455,0.23006047308444977
17456,0.2305801957845688
17457,0.1887395828962326
17458,0.188736692070961
17459,0.188736692070961
17460,0.1887395828962326
17461,0.202308788895607
17462,0.20205743610858917
17463,0.20205743610858917
17464,0.202308788895607
17465,0.15470291674137115
17466,0.15403594076633453
17467,0.15403594076633453
17468,0.15470291674137115
17469,0.21365638077259064
17470,0.2172728329896927
17471,0.2172728329896927
17472,0.21365638077259064
17473,0.15146507322788239
17474,0.15124741196632385
17475,0.15124741196632385
17476,0.15146507322788239
17477,0.2227783352136612
17478,0.22265906631946564
17479,0.22265906631946564
17480,0.2227783352136612
17481,0.23162467777729034
17482,0.23162467777729034
17483,0.23320169746875763
17484,0.232444629073143
17485,0.232444629073143
17486,0.23320169746875763
17487,0.21556630730628967
17488,0.21556630730628967
17489,0.2409452348947525
17490,0.24096046388149261
17491,0.24096046388149261
17492,0.2409452348947525
17493,0.21550141274929047
17494,0.21573945879936218
17495,0.21573945879936218
17496,0.21550141274929047
17497,0.20306740701198578
17498,0.20309403538703918
17499,0.20309403538703918
17500,0.20306740701198578
17501,0.20672746002674103
17502,0.20672746002674103
17503,0.2174699455499649
17504,0.21756835281848907
17505,0.21756835281848907
17506,0.2174699455499649
17507,0.2246633619070053
17508,0.2246633619070053
17509,0.2314014434814453
17510,0.2317577451467514
17511,0.2317577451467514
17512,0.2314014434814453
17513,0.18765504658222198
17514,0.1890777051448822
17515,0.1890777051448822
17516,0.18765504658222198
17517,0.23607809841632843
17518,0.23607809841632843
17519,0.23002035915851593
17520,0.23002035915851593
17521,0.22422559559345245
17522,0.22495388984680176
17523,0.22495388984680176
17524,0.22422559559345245
17525,0.2474225014448166
17526,0.2474225014448166
17527,0.22249656915664673
17528,0.22249656915664673
17529,0.2205660045146942
17530,0.21613037586212158
17531,0.21613037586212158
17532,0.2205660045146942
17533,0.2349727898836136
17534,0.23008424043655396
17535,0.23008424043655396
17536,0.2349727898836136
17537,0.23455749452114105
17538,0.23457449674606323
17539,0.23457449674606323
17540,0.23455749452114105
17541,0.18916617333889008
17542,0.18908149003982544
17543,0.18908149003982544
17544,0.18916617333889008
17545,0.21222461760044098
17546,0.21222461760044098
17547,0.22863154113292694
17548,0.22863154113292694
17549,0.2078327089548111
17550,0.20592008531093597
17551,0.20592008531093597
17552,0.2078327089548111
17553,0.1909329742193222
17554,0.1913205236196518
17555,0.1913205236196518
17556,0.1909329742193222
17557,0.21979744732379913
17558,0.2198113352060318
17559,0.2198113352060318
17560,0.21979744732379913
17561,0.2077949494123459
17562,0.2142128348350525
17563,0.2142128348350525
17564,0.2077949494123459
17565,0.23078738152980804
17566,0.23090294003486633
17567,0.23090294003486633
17568,0.23078738152980804
17569,0.20594219863414764
17570,0.20781005918979645
17571,0.20781005918979645
17572,0.20594219863414764
17573,0.23367752134799957
17574,0.23368440568447113
17575,0.23368440568447113
17576,0.23367752134799957
17577,0.19190886616706848
17578,0.19920594990253448
17579,0.19920594990253448
17580,0.19190886616706848
17581,0.23007547855377197
17582,0.23007547855377197
17583,0.22850844264030457
17584,0.22345079481601715
17585,0.22345079481601715
17586,0.22850844264030457
17587,0.18114660680294037
17588,0.18145637214183807
17589,0.18145637214183807
17590,0.18114660680294037
17591,0.2048303633928299
17592,0.20496395230293274
17593,0.20496395230293274
17594,0.2048303633928299
17595,0.21076224744319916
17596,0.20393531024456024
17597,0.20393531024456024
17598,0.21076224744319916
17599,0.23899076879024506
17600,0.23899076879024506
17601,0.2747868299484253
17602,0.27373206615448
17603,0.27373206615448
17604,0.2747868299484253
17605,0.22672441601753235
17606,0.22672441601753235
17607,0.19586682319641113
17608,0.1927669793367386
17609,0.1927669793367386
17610,0.19586682319641113
17611,0.2164708822965622
17612,0.21743209660053253
17613,0.21743209660053253
17614,0.2164708822965622
17615,0.2709766626358032
17616,0.2749142348766327
17617,0.2749142348766327
17618,0.2709766626358032
17619,0.2104634791612625
17620,0.21040110290050507
17621,0.21040110290050507
17622,0.2104634791612625
17623,0.2279885858297348
17624,0.2286091148853302
17625,0.2286091148853302
17626,0.2279885858297348
17627,0.2464197725057602
17628,0.2511942386627197
17629,0.2511942386627197
17630,0.2464197725057602
17631,0.21829889714717865
17632,0.21828103065490723
17633,0.21828103065490723
17634,0.21829889714717865
17635,0.16654856503009796
17636,0.1666344553232193
17637,0.1666344553232193
17638,0.16654856503009796
17639,0.24104568362236023
17640,0.24104568362236023
17641,0.23369397222995758
17642,0.23640011250972748
17643,0.23640011250972748
17644,0.23369397222995758
17645,0.20474344491958618
17646,0.20484213531017303
17647,0.20484213531017303
17648,0.20474344491958618
17649,0.29223954677581787
17650,0.28065329790115356
17651,0.28065329790115356
17652,0.29223954677581787
17653,0.24453775584697723
17654,0.24453775584697723
17655,0.22069881856441498
17656,0.2208305299282074
17657,0.2208305299282074
17658,0.22069881856441498
17659,0.21582341194152832
17660,0.2172784060239792
17661,0.2172784060239792
17662,0.21582341194152832
17663,0.23518216609954834
17664,0.23114947974681854
17665,0.23114947974681854
17666,0.23518216609954834
17667,0.19237197935581207
17668,0.1923559457063675
17669,0.1923559457063675
17670,0.19237197935581207
17671,0.19993086159229279
17672,0.20014305412769318
17673,0.20014305412769318
17674,0.19993086159229279
17675,0.16981758177280426
17676,0.17043237388134003
17677,0.17043237388134003
17678,0.16981758177280426
17679,0.23249000310897827
17680,0.2282799333333969
17681,0.2282799333333969
17682,0.23249000310897827
17683,0.2179339975118637
17684,0.21756771206855774
17685,0.21756771206855774
17686,0.2179339975118637
17687,0.1817188560962677
17688,0.18252424895763397
17689,0.18252424895763397
17690,0.1817188560962677
17691,0.16860488057136536
17692,0.16966907680034637
17693,0.16966907680034637
17694,0.16860488057136536
17695,0.23061491549015045
17696,0.22885815799236298
17697,0.22885815799236298
17698,0.23061491549015045
17699,0.24543143808841705
17700,0.24543143808841705
17701,0.23330561816692352
17702,0.2436140775680542
17703,0.2436140775680542
17704,0.23330561816692352
17705,0.22771091759204865
17706,0.22771091759204865
17707,0.2416749894618988
17708,0.24170298874378204
17709,0.24170298874378204
17710,0.2416749894618988
17711,0.23142069578170776
17712,0.2309892624616623
17713,0.2309892624616623
17714,0.23142069578170776
17715,0.2250555008649826
17716,0.22954897582530975
17717,0.22954897582530975
17718,0.2250555008649826
17719,0.23037494719028473
17720,0.23008881509304047
17721,0.23008881509304047
17722,0.23037494719028473
17723,0.21669718623161316
17724,0.21669718623161316
17725,0.20056785643100739
17726,0.2003910392522812
17727,0.2003910392522812
17728,0.20056785643100739
17729,0.21833667159080505
17730,0.21833667159080505
17731,0.21726365387439728
17732,0.21750329434871674
17733,0.21750329434871674
17734,0.21726365387439728
17735,0.17111088335514069
17736,0.1667909175157547
17737,0.1667909175157547
17738,0.17111088335514069
17739,0.23399583995342255
17740,0.23399583995342255
17741,0.21392479538917542
17742,0.21361054480075836
17743,0.21361054480075836
17744,0.21392479538917542
17745,0.20466803014278412
17746,0.20466803014278412
17747,0.2115115374326706
17748,0.21266962587833405
17749,0.21266962587833405
17750,0.2115115374326706
17751,0.22328679263591766
17752,0.22328679263591766
17753,0.22043514251708984
17754,0.22304554283618927
17755,0.22304554283618927
17756,0.22043514251708984
17757,0.1789667159318924
17758,0.1726960390806198
17759,0.1726960390806198
17760,0.1789667159318924
17761,0.23544703423976898
17762,0.23544703423976898
17763,0.21647964417934418
17764,0.21584828197956085
17765,0.21584828197956085
17766,0.21647964417934418
17767,0.21661163866519928
17768,0.21661163866519928
17769,0.214164599776268
17770,0.214164599776268
17771,0.15525461733341217
17772,0.15010419487953186
17773,0.15010419487953186
17774,0.15525461733341217
17775,0.23085500299930573
17776,0.23085500299930573
17777,0.20767003297805786
17778,0.2058708518743515
17779,0.2058708518743515
17780,0.20767003297805786
17781,0.20227891206741333
17782,0.20227891206741333
17783,0.1573784500360489
17784,0.15746350586414337
17785,0.15746350586414337
17786,0.1573784500360489
17787,0.22519028186798096
17788,0.22519028186798096
17789,0.19683262705802917
17790,0.1965404599905014
17791,0.1965404599905014
17792,0.19683262705802917
17793,0.20931975543498993
17794,0.20931975543498993
17795,0.21290549635887146
17796,0.2140168994665146
17797,0.2140168994665146
17798,0.21290549635887146
17799,0.2188725620508194
17800,0.2188725620508194
17801,0.22134150564670563
17802,0.22811050713062286
17803,0.22811050713062286
17804,0.22134150564670563
17805,0.17657370865345
17806,0.1773941069841385
17807,0.1773941069841385
17808,0.17657370865345
17809,0.231059730052948
17810,0.231059730052948
17811,0.20874910056591034
17812,0.20874910056591034
17813,0.22233517467975616
17814,0.2246137410402298
17815,0.2246137410402298
17816,0.22233517467975616
17817,0.21517451107501984
17818,0.21411749720573425
17819,0.21411749720573425
17820,0.21517451107501984
17821,0.23485885560512543
17822,0.23485885560512543
17823,0.218987837433815
17824,0.218987837433815
17825,0.21792005002498627
17826,0.21792005002498627
17827,0.2189217060804367
17828,0.21844984591007233
17829,0.21844984591007233
17830,0.2189217060804367
17831,0.22302772104740143
17832,0.22302772104740143
17833,0.22451333701610565
17834,0.22473078966140747
17835,0.22473078966140747
17836,0.22451333701610565
17837,0.22799204289913177
17838,0.22888566553592682
17839,0.22888566553592682
17840,0.22799204289913177
17841,0.2106822282075882
17842,0.20545916259288788
17843,0.20545916259288788
17844,0.2106822282075882
17845,0.24049600958824158
17846,0.24037955701351166
17847,0.24037955701351166
17848,0.24049600958824158
17849,0.19390319287776947
17850,0.1934717446565628
17851,0.1934717446565628
17852,0.19390319287776947
17853,0.20693033933639526
17854,0.20693033933639526
17855,0.2231946736574173
17856,0.22257736325263977
17857,0.22257736325263977
17858,0.2231946736574173
17859,0.2252189666032791
17860,0.22488953173160553
17861,0.22488953173160553
17862,0.2252189666032791
17863,0.24435509741306305
17864,0.24459898471832275
17865,0.24459898471832275
17866,0.24435509741306305
17867,0.21629594266414642
17868,0.218175008893013
17869,0.218175008893013
17870,0.21629594266414642
17871,0.23975549638271332
17872,0.23980391025543213
17873,0.23980391025543213
17874,0.23975549638271332
17875,0.22361721098423004
17876,0.22509010136127472
17877,0.22509010136127472
17878,0.22361721098423004
17879,0.22355583310127258
17880,0.22355583310127258
17881,0.24430492520332336
17882,0.25341707468032837
17883,0.25341707468032837
17884,0.24430492520332336
17885,0.1770768016576767
17886,0.17433889210224152
17887,0.17433889210224152
17888,0.1770768016576767
17889,0.19319789111614227
17890,0.19567696750164032
17891,0.19567696750164032
17892,0.19319789111614227
17893,0.23158179223537445
17894,0.23157572746276855
17895,0.23157572746276855
17896,0.23158179223537445
17897,0.2426244169473648
17898,0.2426244169473648
17899,0.2835661470890045
17900,0.2842893600463867
17901,0.2842893600463867
17902,0.2835661470890045
17903,0.2461642026901245
17904,0.2461642026901245
17905,0.19799144566059113
17906,0.20006434619426727
17907,0.20006434619426727
17908,0.19799144566059113
17909,0.29206156730651855
17910,0.300101101398468
17911,0.300101101398468
17912,0.29206156730651855
17913,0.20494107902050018
17914,0.20525680482387543
17915,0.20525680482387543
17916,0.20494107902050018
17917,0.19409671425819397
17918,0.19738800823688507
17919,0.19738800823688507
17920,0.19409671425819397
17921,0.27159446477890015
17922,0.26392871141433716
17923,0.26392871141433716
17924,0.27159446477890015
17925,0.22131021320819855
17926,0.2213195115327835
17927,0.2213195115327835
17928,0.22131021320819855
17929,0.1532571166753769
17930,0.15284216403961182
17931,0.15284216403961182
17932,0.1532571166753769
17933,0.24909628927707672
17934,0.24059821665287018
17935,0.24059821665287018
17936,0.24909628927707672
17937,0.28241127729415894
17938,0.2789995074272156
17939,0.2789995074272156
17940,0.28241127729415894
17941,0.23938842117786407
17942,0.23938842117786407
17943,0.22821293771266937
17944,0.2281024008989334
17945,0.2281024008989334
17946,0.22821293771266937
17947,0.23566746711730957
17948,0.23253507912158966
17949,0.23253507912158966
17950,0.23566746711730957
17951,0.25010618567466736
17952,0.2526599168777466
17953,0.2526599168777466
17954,0.25010618567466736
17955,0.19415436685085297
17956,0.19414635002613068
17957,0.19414635002613068
17958,0.19415436685085297
17959,0.19609950482845306
17960,0.19440239667892456
17961,0.19440239667892456
17962,0.19609950482845306
17963,0.14900919795036316
17964,0.14890658855438232
17965,0.14890658855438232
17966,0.14900919795036316
17967,0.2365262359380722
17968,0.24344436824321747
17969,0.24344436824321747
17970,0.2365262359380722
17971,0.14240722358226776
17972,0.1448974311351776
17973,0.1448974311351776
17974,0.14240722358226776
17975,0.23254026472568512
17976,0.23254026472568512
17977,0.24495287239551544
17978,0.25190311670303345
17979,0.25190311670303345
17980,0.24495287239551544
17981,0.21904627978801727
17982,0.21904627978801727
17983,0.2513459622859955
17984,0.2513025403022766
17985,0.2513025403022766
17986,0.2513459622859955
17987,0.2296862155199051
17988,0.22683735191822052
17989,0.22683735191822052
17990,0.2296862155199051
17991,0.20051740109920502
17992,0.20121201872825623
17993,0.20121201872825623
17994,0.20051740109920502
17995,0.22832097113132477
17996,0.22832097113132477
17997,0.2269950956106186
17998,0.2269950956106186
17999,0.23242886364459991
18000,0.23177121579647064
18001,0.23177121579647064
18002,0.23242886364459991
18003,0.17253799736499786
18004,0.1712239533662796
18005,0.1712239533662796
18006,0.17253799736499786
18007,0.2379021793603897
18008,0.2379021793603897
18009,0.2232031673192978
18010,0.22356416285037994
18011,0.22356416285037994
18012,0.2232031673192978
18013,0.22754532098770142
18014,0.22754532098770142
18015,0.22613467276096344
18016,0.22613467276096344
18017,0.18629960715770721
18018,0.18915729224681854
18019,0.18915729224681854
18020,0.18629960715770721
18021,0.24417567253112793
18022,0.24417567253112793
18023,0.22978831827640533
18024,0.22947923839092255
18025,0.22947923839092255
18026,0.22978831827640533
18027,0.22128470242023468
18028,0.22128470242023468
18029,0.19882692396640778
18030,0.1992979645729065
18031,0.1992979645729065
18032,0.19882692396640778
18033,0.20626947283744812
18034,0.20626947283744812
18035,0.19087101519107819
18036,0.19595101475715637
18037,0.19595101475715637
18038,0.19087101519107819
18039,0.16166375577449799
18040,0.16332563757896423
18041,0.16332563757896423
18042,0.16166375577449799
18043,0.2293367236852646
18044,0.2293367236852646
18045,0.20210762321949005
18046,0.20013867318630219
18047,0.20013867318630219
18048,0.20210762321949005
18049,0.20080359280109406
18050,0.20080359280109406
18051,0.23273031413555145
18052,0.23273031413555145
18053,0.19141675531864166
18054,0.18998073041439056
18055,0.18998073041439056
18056,0.19141675531864166
18057,0.24137146770954132
18058,0.24137146770954132
18059,0.2331215739250183
18060,0.23226051032543182
18061,0.23226051032543182
18062,0.2331215739250183
18063,0.22880704700946808
18064,0.22880704700946808
18065,0.22786594927310944
18066,0.22786594927310944
18067,0.2034759372472763
18068,0.20374739170074463
18069,0.20374739170074463
18070,0.2034759372472763
18071,0.2342146784067154
18072,0.2342146784067154
18073,0.2330532819032669
18074,0.23302549123764038
18075,0.23302549123764038
18076,0.2330532819032669
18077,0.23101554811000824
18078,0.23101554811000824
18079,0.21155261993408203
18080,0.21155261993408203
18081,0.1727539449930191
18082,0.17308752238750458
18083,0.17308752238750458
18084,0.1727539449930191
18085,0.22688813507556915
18086,0.22688813507556915
18087,0.20274804532527924
18088,0.2036212533712387
18089,0.2036212533712387
18090,0.20274804532527924
18091,0.1997060328722
18092,0.1997060328722
18093,0.20977197587490082
18094,0.20977197587490082
18095,0.1960630565881729
18096,0.19595345854759216
18097,0.19595345854759216
18098,0.1960630565881729
18099,0.19268019497394562
18100,0.19268019497394562
18101,0.1823837012052536
18102,0.1831061691045761
18103,0.1831061691045761
18104,0.1823837012052536
18105,0.24628213047981262
18106,0.24764394760131836
18107,0.24764394760131836
18108,0.24628213047981262
18109,0.23882928490638733
18110,0.23882928490638733
18111,0.23722125589847565
18112,0.2372049242258072
18113,0.2372049242258072
18114,0.23722125589847565
18115,0.2301596850156784
18116,0.2305159866809845
18117,0.2305159866809845
18118,0.2301596850156784
18119,0.22707371413707733
18120,0.22626382112503052
18121,0.22626382112503052
18122,0.22707371413707733
18123,0.2382870763540268
18124,0.2382870763540268
18125,0.22544224560260773
18126,0.2294863611459732
18127,0.2294863611459732
18128,0.22544224560260773
18129,0.18734438717365265
18130,0.18477769196033478
18131,0.18477769196033478
18132,0.18734438717365265
18133,0.2285965234041214
18134,0.22874625027179718
18135,0.22874625027179718
18136,0.2285965234041214
18137,0.2500033676624298
18138,0.2500033676624298
18139,0.21457596123218536
18140,0.21457596123218536
18141,0.20754189789295197
18142,0.20869703590869904
18143,0.20869703590869904
18144,0.20754189789295197
18145,0.23527655005455017
18146,0.2349739521741867
18147,0.2349739521741867
18148,0.23527655005455017
18149,0.22216913104057312
18150,0.22216913104057312
18151,0.23339059948921204
18152,0.23339059948921204
18153,0.26274171471595764
18154,0.2615426778793335
18155,0.2615426778793335
18156,0.26274171471595764
18157,0.2567100524902344
18158,0.25414955615997314
18159,0.25414955615997314
18160,0.2567100524902344
18161,0.28195667266845703
18162,0.28191375732421875
18163,0.28191375732421875
18164,0.28195667266845703
18165,0.22288909554481506
18166,0.22283068299293518
18167,0.22283068299293518
18168,0.22288909554481506
18169,0.23067504167556763
18170,0.23067504167556763
18171,0.2419801503419876
18172,0.24694104492664337
18173,0.24694104492664337
18174,0.2419801503419876
18175,0.2095261812210083
18176,0.2050095498561859
18177,0.2050095498561859
18178,0.2095261812210083
18179,0.2665695548057556
18180,0.26653265953063965
18181,0.26653265953063965
18182,0.2665695548057556
18183,0.23620010912418365
18184,0.23373524844646454
18185,0.23373524844646454
18186,0.23620010912418365
18187,0.28292137384414673
18188,0.2829776406288147
18189,0.2829776406288147
18190,0.28292137384414673
18191,0.2550414204597473
18192,0.255143940448761
18193,0.255143940448761
18194,0.2550414204597473
18195,0.27351969480514526
18196,0.273529589176178
18197,0.273529589176178
18198,0.27351969480514526
18199,0.23187308013439178
18200,0.23243612051010132
18201,0.23243612051010132
18202,0.23187308013439178
18203,0.2436952143907547
18204,0.2436952143907547
18205,0.276290625333786
18206,0.2788948714733124
18207,0.2788948714733124
18208,0.276290625333786
18209,0.21532464027404785
18210,0.20888148248195648
18211,0.20888148248195648
18212,0.21532464027404785
18213,0.24514392018318176
18214,0.2453400194644928
18215,0.2453400194644928
18216,0.24514392018318176
18217,0.2270013839006424
18218,0.2290186733007431
18219,0.2290186733007431
18220,0.2270013839006424
18221,0.25515198707580566
18222,0.25515198707580566
18223,0.32800090312957764
18224,0.32778531312942505
18225,0.32778531312942505
18226,0.32800090312957764
18227,0.27538418769836426
18228,0.27538418769836426
18229,0.22697137296199799
18230,0.23088084161281586
18231,0.23088084161281586
18232,0.22697137296199799
18233,0.26542264223098755
18234,0.2710556089878082
18235,0.2710556089878082
18236,0.26542264223098755
18237,0.3362199664115906
18238,0.3386167883872986
18239,0.3386167883872986
18240,0.3362199664115906
18241,0.255388468503952
18242,0.25602155923843384
18243,0.25602155923843384
18244,0.255388468503952
18245,0.26210853457450867
18246,0.26277780532836914
18247,0.26277780532836914
18248,0.26210853457450867
18249,0.30504465103149414
18250,0.3051978349685669
18251,0.3051978349685669
18252,0.30504465103149414
18253,0.2537705898284912
18254,0.25377506017684937
18255,0.25377506017684937
18256,0.2537705898284912
18257,0.187379851937294
18258,0.1874794214963913
18259,0.1874794214963913
18260,0.187379851937294
18261,0.2928021550178528
18262,0.2928021550178528
18263,0.2854974567890167
18264,0.28787195682525635
18265,0.28787195682525635
18266,0.2854974567890167
18267,0.237136572599411
18268,0.23715698719024658
18269,0.23715698719024658
18270,0.237136572599411
18271,0.32516902685165405
18272,0.3246271014213562
18273,0.3246271014213562
18274,0.32516902685165405
18275,0.26740264892578125
18276,0.26740264892578125
18277,0.24409689009189606
18278,0.24409015476703644
18279,0.24409015476703644
18280,0.24409689009189606
18281,0.25629496574401855
18282,0.2567124366760254
18283,0.2567124366760254
18284,0.25629496574401855
18285,0.2965829372406006
18286,0.298284649848938
18287,0.298284649848938
18288,0.2965829372406006
18289,0.21971885859966278
18290,0.21972495317459106
18291,0.21972495317459106
18292,0.21971885859966278
18293,0.23850353062152863
18294,0.23889793455600739
18295,0.23889793455600739
18296,0.23850353062152863
18297,0.18510498106479645
18298,0.18782268464565277
18299,0.18782268464565277
18300,0.18510498106479645
18301,0.28134584426879883
18302,0.28209465742111206
18303,0.28209465742111206
18304,0.28134584426879883
18305,0.2589794993400574
18306,0.2595028281211853
18307,0.2595028281211853
18308,0.2589794993400574
18309,0.17886655032634735
18310,0.17598991096019745
18311,0.17598991096019745
18312,0.17886655032634735
18313,0.27440690994262695
18314,0.27483171224594116
18315,0.27483171224594116
18316,0.27440690994262695
18317,0.2620410919189453
18318,0.2620410919189453
18319,0.29154127836227417
18320,0.29158490896224976
18321,0.29158490896224976
18322,0.29154127836227417
18323,0.2575305700302124
18324,0.2575305700302124
18325,0.2930716276168823
18326,0.2930779457092285
18327,0.2930779457092285
18328,0.2930716276168823
18329,0.27399247884750366
18330,0.27588820457458496
18331,0.27588820457458496
18332,0.27399247884750366
18333,0.24330057203769684
18334,0.23838381469249725
18335,0.23838381469249725
18336,0.24330057203769684
18337,0.2583044171333313
18338,0.25779467821121216
18339,0.25779467821121216
18340,0.2583044171333313
18341,0.25802478194236755
18342,0.25802478194236755
18343,0.18456357717514038
18344,0.1842261701822281
18345,0.1842261701822281
18346,0.18456357717514038
18347,0.20802046358585358
18348,0.20802046358585358
18349,0.19954966008663177
18350,0.19835209846496582
18351,0.19835209846496582
18352,0.19954966008663177
18353,0.13966891169548035
18354,0.14168031513690948
18355,0.14168031513690948
18356,0.13966891169548035
18357,0.2275448888540268
18358,0.2275448888540268
18359,0.19770003855228424
18360,0.19840021431446075
18361,0.19840021431446075
18362,0.19770003855228424
18363,0.1869632750749588
18364,0.1869632750749588
18365,0.22718773782253265
18366,0.22718773782253265
18367,0.22373853623867035
18368,0.2235155701637268
18369,0.2235155701637268
18370,0.22373853623867035
18371,0.21009741723537445
18372,0.21009741723537445
18373,0.20809613168239594
18374,0.2072577029466629
18375,0.2072577029466629
18376,0.20809613168239594
18377,0.22208163142204285
18378,0.22208163142204285
18379,0.24105969071388245
18380,0.24105969071388245
18381,0.22585341334342957
18382,0.22467145323753357
18383,0.22467145323753357
18384,0.22585341334342957
18385,0.21213196218013763
18386,0.21213196218013763
18387,0.2080802321434021
18388,0.20885102450847626
18389,0.20885102450847626
18390,0.2080802321434021
18391,0.22629503905773163
18392,0.22629503905773163
18393,0.1993034929037094
18394,0.20136745274066925
18395,0.20136745274066925
18396,0.1993034929037094
18397,0.1698727309703827
18398,0.16531631350517273
18399,0.16531631350517273
18400,0.1698727309703827
18401,0.2447585016489029
18402,0.2447585016489029
18403,0.19433777034282684
18404,0.19433777034282684
18405,0.189791738986969
18406,0.19103214144706726
18407,0.19103214144706726
18408,0.189791738986969
18409,0.21181073784828186
18410,0.2114322930574417
18411,0.2114322930574417
18412,0.21181073784828186
18413,0.2114192694425583
18414,0.2114192694425583
18415,0.21466918289661407
18416,0.21466918289661407
18417,0.20844902098178864
18418,0.20844902098178864
18419,0.21038992702960968
18420,0.20956189930438995
18421,0.20956189930438995
18422,0.21038992702960968
18423,0.22079147398471832
18424,0.22111625969409943
18425,0.22111625969409943
18426,0.22079147398471832
18427,0.23369385302066803
18428,0.23369385302066803
18429,0.2340366393327713
18430,0.23336397111415863
18431,0.23336397111415863
18432,0.2340366393327713
18433,0.20935668051242828
18434,0.2050064504146576
18435,0.2050064504146576
18436,0.20935668051242828
18437,0.24022772908210754
18438,0.24022772908210754
18439,0.22853757441043854
18440,0.22800765931606293
18441,0.22800765931606293
18442,0.22853757441043854
18443,0.22869007289409637
18444,0.22869007289409637
18445,0.20279495418071747
18446,0.20279495418071747
18447,0.15441608428955078
18448,0.1545010805130005
18449,0.1545010805130005
18450,0.15441608428955078
18451,0.21929126977920532
18452,0.21929126977920532
18453,0.19183139503002167
18454,0.19102859497070312
18455,0.19102859497070312
18456,0.19183139503002167
18457,0.17556560039520264
18458,0.17556560039520264
18459,0.2099364995956421
18460,0.2099364995956421
18461,0.2088083177804947
18462,0.2092118114233017
18463,0.2092118114233017
18464,0.2088083177804947
18465,0.22019462287425995
18466,0.22019462287425995
18467,0.22668246924877167
18468,0.22796140611171722
18469,0.22796140611171722
18470,0.22668246924877167
18471,0.17481152713298798
18472,0.17605644464492798
18473,0.17605644464492798
18474,0.17481152713298798
18475,0.23254910111427307
18476,0.23254910111427307
18477,0.21488553285598755
18478,0.21488553285598755
18479,0.2152140587568283
18480,0.2150549590587616
18481,0.2150549590587616
18482,0.2152140587568283
18483,0.21981513500213623
18484,0.21981513500213623
18485,0.20560501515865326
18486,0.20560501515865326
18487,0.2283659428358078
18488,0.2283659428358078
18489,0.23571927845478058
18490,0.23552978038787842
18491,0.23552978038787842
18492,0.23571927845478058
18493,0.20555944740772247
18494,0.20555944740772247
18495,0.17129695415496826
18496,0.17462895810604095
18497,0.17462895810604095
18498,0.17129695415496826
18499,0.21589161455631256
18500,0.21589161455631256
18501,0.20376180112361908
18502,0.2044260948896408
18503,0.2044260948896408
18504,0.20376180112361908
18505,0.22034689784049988
18506,0.22034689784049988
18507,0.23715470731258392
18508,0.23715470731258392
18509,0.20201347768306732
18510,0.2033473700284958
18511,0.2033473700284958
18512,0.20201347768306732
18513,0.24583786725997925
18514,0.24583786725997925
18515,0.23770983517169952
18516,0.23846270143985748
18517,0.23846270143985748
18518,0.23770983517169952
18519,0.23367315530776978
18520,0.23367315530776978
18521,0.22926302254199982
18522,0.2290118783712387
18523,0.2290118783712387
18524,0.22926302254199982
18525,0.2211645394563675
18526,0.22184167802333832
18527,0.22184167802333832
18528,0.2211645394563675
18529,0.23291157186031342
18530,0.23291157186031342
18531,0.2385200709104538
18532,0.24035251140594482
18533,0.24035251140594482
18534,0.2385200709104538
18535,0.19726164638996124
18536,0.19386951625347137
18537,0.19386951625347137
18538,0.19726164638996124
18539,0.24037028849124908
18540,0.24037028849124908
18541,0.22816477715969086
18542,0.22788213193416595
18543,0.22788213193416595
18544,0.22816477715969086
18545,0.2509915232658386
18546,0.2509915232658386
18547,0.23186804354190826
18548,0.23186804354190826
18549,0.2054525762796402
18550,0.2081443816423416
18551,0.2081443816423416
18552,0.2054525762796402
18553,0.19717462360858917
18554,0.19717462360858917
18555,0.21672095358371735
18556,0.21682630479335785
18557,0.21682630479335785
18558,0.21672095358371735
18559,0.1931978464126587
18560,0.19435685873031616
18561,0.19435685873031616
18562,0.1931978464126587
18563,0.20019209384918213
18564,0.19310443103313446
18565,0.19310443103313446
18566,0.20019209384918213
18567,0.21254734694957733
18568,0.21254734694957733
18569,0.21695534884929657
18570,0.21824099123477936
18571,0.21824099123477936
18572,0.21695534884929657
18573,0.15252193808555603
18574,0.15730150043964386
18575,0.15730150043964386
18576,0.15252193808555603
18577,0.19236530363559723
18578,0.19236122071743011
18579,0.19236122071743011
18580,0.19236530363559723
18581,0.23468151688575745
18582,0.23468151688575745
18583,0.2097102403640747
18584,0.2097102403640747
18585,0.20313403010368347
18586,0.2012268602848053
18587,0.2012268602848053
18588,0.20313403010368347
18589,0.20520766079425812
18590,0.20530013740062714
18591,0.20530013740062714
18592,0.20520766079425812
18593,0.2173588126897812
18594,0.2173588126897812
18595,0.20390303432941437
18596,0.20390303432941437
18597,0.24350906908512115
18598,0.24350906908512115
18599,0.21007554233074188
18600,0.20571698248386383
18601,0.20571698248386383
18602,0.21007554233074188
18603,0.2523336410522461
18604,0.2523336410522461
18605,0.2434455156326294
18606,0.24285592138767242
18607,0.24285592138767242
18608,0.2434455156326294
18609,0.23821760714054108
18610,0.23821760714054108
18611,0.24367640912532806
18612,0.24367640912532806
18613,0.24933063983917236
18614,0.24935978651046753
18615,0.24935978651046753
18616,0.24933063983917236
18617,0.2173353135585785
18618,0.2173353135585785
18619,0.21522541344165802
18620,0.21553969383239746
18621,0.21553969383239746
18622,0.21522541344165802
18623,0.2197277545928955
18624,0.21994046866893768
18625,0.21994046866893768
18626,0.2197277545928955
18627,0.20192663371562958
18628,0.20192663371562958
18629,0.2035563737154007
18630,0.20406340062618256
18631,0.20406340062618256
18632,0.2035563737154007
18633,0.2071569263935089
18634,0.2051060050725937
18635,0.2051060050725937
18636,0.2071569263935089
18637,0.21911168098449707
18638,0.21911168098449707
18639,0.2392585724592209
18640,0.2432868331670761
18641,0.2432868331670761
18642,0.2392585724592209
18643,0.1980590969324112
18644,0.19464005529880524
18645,0.19464005529880524
18646,0.1980590969324112
18647,0.23590980470180511
18648,0.23590980470180511
18649,0.23795752227306366
18650,0.23795752227306366
18651,0.23574301600456238
18652,0.23643924295902252
18653,0.23643924295902252
18654,0.23574301600456238
18655,0.23163259029388428
18656,0.23109149932861328
18657,0.23109149932861328
18658,0.23163259029388428
18659,0.24207158386707306
18660,0.24207158386707306
18661,0.2226867526769638
18662,0.2226867526769638
18663,0.24896691739559174
18664,0.24896691739559174
18665,0.2500026822090149
18666,0.24952082335948944
18667,0.24952082335948944
18668,0.2500026822090149
18669,0.21487772464752197
18670,0.21290083229541779
18671,0.21290083229541779
18672,0.21487772464752197
18673,0.19915156066417694
18674,0.19915156066417694
18675,0.19951580464839935
18676,0.20067118108272552
18677,0.20067118108272552
18678,0.19951580464839935
18679,0.23314644396305084
18680,0.23311057686805725
18681,0.23311057686805725
18682,0.23314644396305084
18683,0.20901431143283844
18684,0.2083883136510849
18685,0.2083883136510849
18686,0.20901431143283844
18687,0.19620096683502197
18688,0.19818083941936493
18689,0.19818083941936493
18690,0.19620096683502197
18691,0.22150732576847076
18692,0.22150732576847076
18693,0.22965894639492035
18694,0.23100996017456055
18695,0.23100996017456055
18696,0.22965894639492035
18697,0.19342227280139923
18698,0.18936969339847565
18699,0.18936969339847565
18700,0.19342227280139923
18701,0.20700667798519135
18702,0.20702525973320007
18703,0.20702525973320007
18704,0.20700667798519135
18705,0.2368280440568924
18706,0.2368280440568924
18707,0.2288999706506729
18708,0.2288999706506729
18709,0.2566171884536743
18710,0.2571311593055725
18711,0.2571311593055725
18712,0.2566171884536743
18713,0.22168119251728058
18714,0.22153709828853607
18715,0.22153709828853607
18716,0.22168119251728058
18717,0.2045198231935501
18718,0.20472504198551178
18719,0.20472504198551178
18720,0.2045198231935501
18721,0.2475503385066986
18722,0.2475503385066986
18723,0.23329955339431763
18724,0.23418758809566498
18725,0.23418758809566498
18726,0.23329955339431763
18727,0.22863070666790009
18728,0.22863070666790009
18729,0.21806812286376953
18730,0.21806812286376953
18731,0.2231830209493637
18732,0.22332459688186646
18733,0.22332459688186646
18734,0.2231830209493637
18735,0.2188134342432022
18736,0.2188134342432022
18737,0.22001494467258453
18738,0.2199619561433792
18739,0.2199619561433792
18740,0.22001494467258453
18741,0.21353323757648468
18742,0.2118150293827057
18743,0.2118150293827057
18744,0.21353323757648468
18745,0.23140521347522736
18746,0.23140521347522736
18747,0.24290993809700012
18748,0.24398259818553925
18749,0.24398259818553925
18750,0.24290993809700012
18751,0.1846819669008255
18752,0.18357913196086884
18753,0.18357913196086884
18754,0.1846819669008255
18755,0.24529071152210236
18756,0.24529071152210236
18757,0.23615463078022003
18758,0.23615463078022003
18759,0.23431271314620972
18760,0.23687587678432465
18761,0.23687587678432465
18762,0.23431271314620972
18763,0.24143753945827484
18764,0.2414870709180832
18765,0.2414870709180832
18766,0.24143753945827484
18767,0.25004440546035767
18768,0.25004440546035767
18769,0.22802919149398804
18770,0.22802919149398804
18771,0.23169231414794922
18772,0.2320241630077362
18773,0.2320241630077362
18774,0.23169231414794922
18775,0.2418612688779831
18776,0.2418612688779831
18777,0.2505735158920288
18778,0.2540931701660156
18779,0.2540931701660156
18780,0.2505735158920288
18781,0.2029491364955902
18782,0.2056809663772583
18783,0.2056809663772583
18784,0.2029491364955902
18785,0.24897462129592896
18786,0.24897462129592896
18787,0.24109365046024323
18788,0.2400137335062027
18789,0.2400137335062027
18790,0.24109365046024323
18791,0.23273886740207672
18792,0.23273886740207672
18793,0.24560144543647766
18794,0.24624255299568176
18795,0.24624255299568176
18796,0.24560144543647766
18797,0.22044385969638824
18798,0.22044385969638824
18799,0.24370642006397247
18800,0.2436189204454422
18801,0.2436189204454422
18802,0.24370642006397247
18803,0.23069463670253754
18804,0.23206883668899536
18805,0.23206883668899536
18806,0.23069463670253754
18807,0.21535538136959076
18808,0.21779389679431915
18809,0.21779389679431915
18810,0.21535538136959076
18811,0.23874439299106598
18812,0.23874439299106598
18813,0.2478213906288147
18814,0.2530699372291565
18815,0.2530699372291565
18816,0.2478213906288147
18817,0.2020852267742157
18818,0.20031338930130005
18819,0.20031338930130005
18820,0.2020852267742157
18821,0.2227250188589096
18822,0.22317533195018768
18823,0.22317533195018768
18824,0.2227250188589096
18825,0.24443881213665009
18826,0.24443881213665009
18827,0.2411275953054428
18828,0.2411275953054428
18829,0.2399299144744873
18830,0.24094446003437042
18831,0.24094446003437042
18832,0.2399299144744873
18833,0.2414713352918625
18834,0.24053527414798737
18835,0.24053527414798737
18836,0.2414713352918625
18837,0.25405406951904297
18838,0.25405406951904297
18839,0.23469968140125275
18840,0.23469968140125275
18841,0.2251417189836502
18842,0.2251417189836502
18843,0.24029651284217834
18844,0.23940975964069366
18845,0.23940975964069366
18846,0.24029651284217834
18847,0.24705390632152557
18848,0.24705390632152557
18849,0.2551794648170471
18850,0.25492429733276367
18851,0.25492429733276367
18852,0.2551794648170471
18853,0.21015982329845428
18854,0.21282123029232025
18855,0.21282123029232025
18856,0.21015982329845428
18857,0.24805384874343872
18858,0.24805384874343872
18859,0.2565160393714905
18860,0.2565160393714905
18861,0.28299224376678467
18862,0.2830616235733032
18863,0.2830616235733032
18864,0.28299224376678467
18865,0.24705643951892853
18866,0.24770718812942505
18867,0.24770718812942505
18868,0.24705643951892853
18869,0.2699909806251526
18870,0.2699909806251526
18871,0.24600327014923096
18872,0.24600327014923096
18873,0.24716080725193024
18874,0.24716080725193024
18875,0.22037559747695923
18876,0.21913188695907593
18877,0.21913188695907593
18878,0.22037559747695923
18879,0.2532358169555664
18880,0.2532358169555664
18881,0.25774121284484863
18882,0.25811466574668884
18883,0.25811466574668884
18884,0.25774121284484863
18885,0.25442588329315186
18886,0.25442588329315186
18887,0.2391536384820938
18888,0.2391536384820938
18889,0.24446256458759308
18890,0.24367602169513702
18891,0.24367602169513702
18892,0.24446256458759308
18893,0.2409423291683197
18894,0.2409423291683197
18895,0.1946917176246643
18896,0.19376586377620697
18897,0.19376586377620697
18898,0.1946917176246643
18899,0.24782560765743256
18900,0.24782560765743256
18901,0.24820715188980103
18902,0.24794907867908478
18903,0.24794907867908478
18904,0.24820715188980103
18905,0.24223323166370392
18906,0.24223323166370392
18907,0.224390909075737
18908,0.224390909075737
18909,0.21914470195770264
18910,0.21949781477451324
18911,0.21949781477451324
18912,0.21914470195770264
18913,0.22908973693847656
18914,0.22908973693847656
18915,0.1745579093694687
18916,0.17243237793445587
18917,0.17243237793445587
18918,0.1745579093694687
18919,0.2440948635339737
18920,0.2440948635339737
18921,0.22800622880458832
18922,0.22671370208263397
18923,0.22671370208263397
18924,0.22800622880458832
18925,0.22145111858844757
18926,0.22145111858844757
18927,0.1984613984823227
18928,0.1984613984823227
18929,0.1909027248620987
18930,0.19015932083129883
18931,0.19015932083129883
18932,0.1909027248620987
18933,0.20143985748291016
18934,0.20143985748291016
18935,0.18245895206928253
18936,0.17971624433994293
18937,0.17971624433994293
18938,0.18245895206928253
18939,0.21471159160137177
18940,0.21471159160137177
18941,0.19169743359088898
18942,0.19207504391670227
18943,0.19207504391670227
18944,0.19169743359088898
18945,0.19636093080043793
18946,0.19636093080043793
18947,0.2244967669248581
18948,0.22623811662197113
18949,0.22623811662197113
18950,0.2244967669248581
18951,0.21288418769836426
18952,0.21288418769836426
18953,0.18902114033699036
18954,0.1938827782869339
18955,0.1938827782869339
18956,0.18902114033699036
18957,0.24201829731464386
18958,0.2420012503862381
18959,0.2420012503862381
18960,0.24201829731464386
18961,0.21655210852622986
18962,0.21651911735534668
18963,0.21651911735534668
18964,0.21655210852622986
18965,0.20859608054161072
18966,0.20859520137310028
18967,0.20859520137310028
18968,0.20859608054161072
18969,0.2313190996646881
18970,0.2313190996646881
18971,0.2248506098985672
18972,0.22899429500102997
18973,0.22899429500102997
18974,0.2248506098985672
18975,0.16838543117046356
18976,0.1673474758863449
18977,0.1673474758863449
18978,0.16838543117046356
18979,0.21370305120944977
18980,0.21404264867305756
18981,0.21404264867305756
18982,0.21370305120944977
18983,0.24756073951721191
18984,0.24756073951721191
18985,0.2858079969882965
18986,0.2856595516204834
18987,0.2856595516204834
18988,0.2858079969882965
18989,0.20907819271087646
18990,0.20907819271087646
18991,0.19525183737277985
18992,0.19716186821460724
18993,0.19716186821460724
18994,0.19525183737277985
18995,0.22646895051002502
18996,0.22613225877285004
18997,0.22613225877285004
18998,0.22646895051002502
18999,0.20746202766895294
19000,0.20766668021678925
19001,0.20766668021678925
19002,0.20746202766895294
19003,0.22833624482154846
19004,0.22833624482154846
19005,0.24467706680297852
19006,0.2463134080171585
19007,0.2463134080171585
19008,0.24467706680297852
19009,0.22744660079479218
19010,0.22744660079479218
19011,0.18477687239646912
19012,0.18368157744407654
19013,0.18368157744407654
19014,0.18477687239646912
19015,0.20161746442317963
19016,0.19934500753879547
19017,0.19934500753879547
19018,0.20161746442317963
19019,0.2078542560338974
19020,0.2078041285276413
19021,0.2078041285276413
19022,0.2078542560338974
19023,0.1621037721633911
19024,0.16205468773841858
19025,0.16205468773841858
19026,0.1621037721633911
19027,0.18057368695735931
19028,0.18057368695735931
19029,0.1676715463399887
19030,0.16808710992336273
19031,0.16808710992336273
19032,0.1676715463399887
19033,0.19163237512111664
19034,0.19161313772201538
19035,0.19161313772201538
19036,0.19163237512111664
19037,0.20944030582904816
19038,0.20945726335048676
19039,0.20945726335048676
19040,0.20944030582904816
19041,0.17086713016033173
19042,0.1711203157901764
19043,0.1711203157901764
19044,0.17086713016033173
19045,0.20854462683200836
19046,0.20854292809963226
19047,0.20854292809963226
19048,0.20854462683200836
19049,0.17009611427783966
19050,0.17029429972171783
19051,0.17029429972171783
19052,0.17009611427783966
19053,0.2045615166425705
19054,0.2045615166425705
19055,0.19566386938095093
19056,0.19634482264518738
19057,0.19634482264518738
19058,0.19566386938095093
19059,0.14480435848236084
19060,0.14425945281982422
19061,0.14425945281982422
19062,0.14480435848236084
19063,0.16876812279224396
19064,0.1690371185541153
19065,0.1690371185541153
19066,0.16876812279224396
19067,0.17698034644126892
19068,0.17641714215278625
19069,0.17641714215278625
19070,0.17698034644126892
19071,0.2288849949836731
19072,0.2288849949836731
19073,0.24092404544353485
19074,0.24086007475852966
19075,0.24086007475852966
19076,0.24092404544353485
19077,0.18645243346691132
19078,0.18645243346691132
19079,0.24133524298667908
19080,0.24286314845085144
19081,0.24286314845085144
19082,0.24133524298667908
19083,0.1791362315416336
19084,0.17949429154396057
19085,0.17949429154396057
19086,0.1791362315416336
19087,0.19666992127895355
19088,0.1964273452758789
19089,0.1964273452758789
19090,0.19666992127895355
19091,0.19536001980304718
19092,0.19534416496753693
19093,0.19534416496753693
19094,0.19536001980304718
19095,0.14014805853366852
19096,0.140277698636055
19097,0.140277698636055
19098,0.14014805853366852
19099,0.204398050904274
19100,0.20511209964752197
19101,0.20511209964752197
19102,0.204398050904274
19103,0.2523164749145508
19104,0.24500294029712677
19105,0.24500294029712677
19106,0.2523164749145508
19107,0.198462575674057
19108,0.19846592843532562
19109,0.19846592843532562
19110,0.198462575674057
19111,0.19045977294445038
19112,0.19067694246768951
19113,0.19067694246768951
19114,0.19045977294445038
19115,0.16788558661937714
19116,0.16786926984786987
19117,0.16786926984786987
19118,0.16788558661937714
19119,0.17168790102005005
19120,0.17187108099460602
19121,0.17187108099460602
19122,0.17168790102005005
19123,0.19380030035972595
19124,0.19261963665485382
19125,0.19261963665485382
19126,0.19380030035972595
19127,0.21788790822029114
19128,0.21788790822029114
19129,0.20548169314861298
19130,0.210502490401268
19131,0.210502490401268
19132,0.20548169314861298
19133,0.21870887279510498
19134,0.21866939961910248
19135,0.21866939961910248
19136,0.21870887279510498
19137,0.20119619369506836
19138,0.20194466412067413
19139,0.20194466412067413
19140,0.20119619369506836
19141,0.1872982531785965
19142,0.18503592908382416
19143,0.18503592908382416
19144,0.1872982531785965
19145,0.1902240812778473
19146,0.1902240812778473
19147,0.23465928435325623
19148,0.23465928435325623
19149,0.23133762180805206
19150,0.23130570352077484
19151,0.23130570352077484
19152,0.23133762180805206
19153,0.23428009450435638
19154,0.23428009450435638
19155,0.23371098935604095
19156,0.23475982248783112
19157,0.23475982248783112
19158,0.23371098935604095
19159,0.1895606368780136
19160,0.18804322183132172
19161,0.18804322183132172
19162,0.1895606368780136
19163,0.24405772984027863
19164,0.24405772984027863
19165,0.22297756373882294
19166,0.22297756373882294
19167,0.21852228045463562
19168,0.2200096994638443
19169,0.2200096994638443
19170,0.21852228045463562
19171,0.23189552128314972
19172,0.232203409075737
19173,0.232203409075737
19174,0.23189552128314972
19175,0.2417890578508377
19176,0.2417890578508377
19177,0.24659579992294312
19178,0.24659579992294312
19179,0.22061699628829956
19180,0.22061699628829956
19181,0.15222850441932678
19182,0.1529141515493393
19183,0.1529141515493393
19184,0.15222850441932678
19185,0.2393665760755539
19186,0.2393665760755539
19187,0.2136618047952652
19188,0.21372845768928528
19189,0.21372845768928528
19190,0.2136618047952652
19191,0.21737414598464966
19192,0.21737414598464966
19193,0.2135932743549347
19194,0.21435782313346863
19195,0.21435782313346863
19196,0.2135932743549347
19197,0.22605685889720917
19198,0.22605685889720917
19199,0.223711296916008
19200,0.22464235126972198
19201,0.22464235126972198
19202,0.223711296916008
19203,0.17563164234161377
19204,0.17704330384731293
19205,0.17704330384731293
19206,0.17563164234161377
19207,0.2421804815530777
19208,0.2421804815530777
19209,0.2080024927854538
19210,0.2080024927854538
19211,0.22298763692378998
19212,0.22298143804073334
19213,0.22298143804073334
19214,0.22298763692378998
19215,0.21332986652851105
19216,0.21332986652851105
19217,0.2252739518880844
19218,0.2252739518880844
19219,0.21818284690380096
19220,0.21818284690380096
19221,0.18752752244472504
19222,0.18226487934589386
19223,0.18226487934589386
19224,0.18752752244472504
19225,0.2316494584083557
19226,0.2316494584083557
19227,0.22452576458454132
19228,0.22438572347164154
19229,0.22438572347164154
19230,0.22452576458454132
19231,0.21530987322330475
19232,0.21530987322330475
19233,0.22454072535037994
19234,0.2249833196401596
19235,0.2249833196401596
19236,0.22454072535037994
19237,0.2346515953540802
19238,0.23052789270877838
19239,0.23052789270877838
19240,0.2346515953540802
19241,0.24219074845314026
19242,0.24222494661808014
19243,0.24222494661808014
19244,0.24219074845314026
19245,0.18943727016448975
19246,0.18944649398326874
19247,0.18944649398326874
19248,0.18943727016448975
19249,0.20510812103748322
19250,0.20510812103748322
19251,0.20173974335193634
19252,0.20548602938652039
19253,0.20548602938652039
19254,0.20173974335193634
19255,0.21638138592243195
19256,0.21643444895744324
19257,0.21643444895744324
19258,0.21638138592243195
19259,0.23074139654636383
19260,0.2307925671339035
19261,0.2307925671339035
19262,0.23074139654636383
19263,0.208720400929451
19264,0.20919202268123627
19265,0.20919202268123627
19266,0.208720400929451
19267,0.2291652411222458
19268,0.22923021018505096
19269,0.22923021018505096
19270,0.2291652411222458
19271,0.20582731068134308
19272,0.20602090656757355
19273,0.20602090656757355
19274,0.20582731068134308
19275,0.22329209744930267
19276,0.22329209744930267
19277,0.2284856140613556
19278,0.23131577670574188
19279,0.23131577670574188
19280,0.2284856140613556
19281,0.18261699378490448
19282,0.18103846907615662
19283,0.18103846907615662
19284,0.18261699378490448
19285,0.20117142796516418
19286,0.20133076608181
19287,0.20133076608181
19288,0.20117142796516418
19289,0.19858884811401367
19290,0.20152108371257782
19291,0.20152108371257782
19292,0.19858884811401367
19293,0.2374185174703598
19294,0.2374185174703598
19295,0.2723005712032318
19296,0.27158743143081665
19297,0.27158743143081665
19298,0.2723005712032318
19299,0.22521965205669403
19300,0.22521965205669403
19301,0.27222684025764465
19302,0.27489417791366577
19303,0.27489417791366577
19304,0.27222684025764465
19305,0.2185969352722168
19306,0.21893127262592316
19307,0.21893127262592316
19308,0.2185969352722168
19309,0.23448546230793
19310,0.23491154611110687
19311,0.23491154611110687
19312,0.23448546230793
19313,0.21244166791439056
19314,0.2124405801296234
19315,0.2124405801296234
19316,0.21244166791439056
19317,0.16912969946861267
19318,0.1692001074552536
19319,0.1692001074552536
19320,0.16912969946861267
19321,0.2405397742986679
19322,0.2412261813879013
19323,0.2412261813879013
19324,0.2405397742986679
19325,0.2912914752960205
19326,0.29642242193222046
19327,0.29642242193222046
19328,0.2912914752960205
19329,0.23659737408161163
19330,0.23659737408161163
19331,0.21558935940265656
19332,0.21562065184116364
19333,0.21562065184116364
19334,0.21558935940265656
19335,0.2164769321680069
19336,0.21647919714450836
19337,0.21647919714450836
19338,0.2164769321680069
19339,0.19126148521900177
19340,0.19126328825950623
19341,0.19126328825950623
19342,0.19126148521900177
19343,0.19984950125217438
19344,0.20007528364658356
19345,0.20007528364658356
19346,0.19984950125217438
19347,0.23815245926380157
19348,0.23962412774562836
19349,0.23962412774562836
19350,0.23815245926380157
19351,0.2480362206697464
19352,0.2480362206697464
19353,0.24389015138149261
19354,0.2464374154806137
19355,0.2464374154806137
19356,0.24389015138149261
19357,0.24668480455875397
19358,0.2467527985572815
19359,0.2467527985572815
19360,0.24668480455875397
19361,0.23402830958366394
19362,0.23489098250865936
19363,0.23489098250865936
19364,0.23402830958366394
19365,0.23341093957424164
19366,0.22996237874031067
19367,0.22996237874031067
19368,0.23341093957424164
19369,0.22324831783771515
19370,0.22324831783771515
19371,0.21624867618083954
19372,0.21624867618083954
19373,0.21930615603923798
19374,0.21989183127880096
19375,0.21989183127880096
19376,0.21930615603923798
19377,0.22575058043003082
19378,0.22575058043003082
19379,0.23475812375545502
19380,0.23533415794372559
19381,0.23533415794372559
19382,0.23475812375545502
19383,0.18557801842689514
19384,0.18339799344539642
19385,0.18339799344539642
19386,0.18557801842689514
19387,0.2430935502052307
19388,0.2430935502052307
19389,0.23419347405433655
19390,0.23419347405433655
19391,0.22506986558437347
19392,0.22486169636249542
19393,0.22486169636249542
19394,0.22506986558437347
19395,0.2378130704164505
19396,0.2378130704164505
19397,0.2276511937379837
19398,0.2276511937379837
19399,0.24174296855926514
19400,0.24174296855926514
19401,0.25089752674102783
19402,0.25089752674102783
19403,0.2417057752609253
19404,0.24115590751171112
19405,0.24115590751171112
19406,0.2417057752609253
19407,0.21617884933948517
19408,0.21609868109226227
19409,0.21609868109226227
19410,0.21617884933948517
19411,0.20447809994220734
19412,0.20445047318935394
19413,0.20445047318935394
19414,0.20447809994220734
19415,0.21523597836494446
19416,0.21523597836494446
19417,0.20506231486797333
19418,0.2039533108472824
19419,0.2039533108472824
19420,0.20506231486797333
19421,0.24015392363071442
19422,0.2401665896177292
19423,0.2401665896177292
19424,0.24015392363071442
19425,0.2136983871459961
19426,0.21329528093338013
19427,0.21329528093338013
19428,0.2136983871459961
19429,0.20134828984737396
19430,0.20325304567813873
19431,0.20325304567813873
19432,0.20134828984737396
19433,0.23187611997127533
19434,0.23187611997127533
19435,0.23010371625423431
19436,0.2275954931974411
19437,0.2275954931974411
19438,0.23010371625423431
19439,0.18525837361812592
19440,0.18421271443367004
19441,0.18421271443367004
19442,0.18525837361812592
19443,0.21536393463611603
19444,0.21552680432796478
19445,0.21552680432796478
19446,0.21536393463611603
19447,0.24138472974300385
19448,0.24138472974300385
19449,0.27620306611061096
19450,0.27604058384895325
19451,0.27604058384895325
19452,0.27620306611061096
19453,0.22451451420783997
19454,0.22451451420783997
19455,0.24126480519771576
19456,0.24134139716625214
19457,0.24134139716625214
19458,0.24126480519771576
19459,0.22302421927452087
19460,0.22330209612846375
19461,0.22330209612846375
19462,0.22302421927452087
19463,0.20911413431167603
19464,0.20933298766613007
19465,0.20933298766613007
19466,0.20911413431167603
19467,0.24822291731834412
19468,0.24822291731834412
19469,0.2367500215768814
19470,0.23930223286151886
19471,0.23930223286151886
19472,0.2367500215768814
19473,0.22428448498249054
19474,0.22428448498249054
19475,0.190606489777565
19476,0.1898573786020279
19477,0.1898573786020279
19478,0.190606489777565
19479,0.20686551928520203
19480,0.20686551928520203
19481,0.21455909311771393
19482,0.21362045407295227
19483,0.21362045407295227
19484,0.21455909311771393
19485,0.13458041846752167
19486,0.13317212462425232
19487,0.13317212462425232
19488,0.13458041846752167
19489,0.2260315716266632
19490,0.2260315716266632
19491,0.20548388361930847
19492,0.2057400494813919
19493,0.2057400494813919
19494,0.20548388361930847
19495,0.23041020333766937
19496,0.23041020333766937
19497,0.19177083671092987
19498,0.19177083671092987
19499,0.2131202071905136
19500,0.2131202071905136
19501,0.20760712027549744
19502,0.20719407498836517
19503,0.20719407498836517
19504,0.20760712027549744
19505,0.23353874683380127
19506,0.23302841186523438
19507,0.23302841186523438
19508,0.23353874683380127
19509,0.23897604644298553
19510,0.23897604644298553
19511,0.24921481311321259
19512,0.2500453591346741
19513,0.2500453591346741
19514,0.24921481311321259
19515,0.19577573239803314
19516,0.19311465322971344
19517,0.19311465322971344
19518,0.19577573239803314
19519,0.24998138844966888
19520,0.24998138844966888
19521,0.24321655929088593
19522,0.2428561896085739
19523,0.2428561896085739
19524,0.24321655929088593
19525,0.23599445819854736
19526,0.23599445819854736
19527,0.2326313555240631
19528,0.23075290024280548
19529,0.23075290024280548
19530,0.2326313555240631
19531,0.21452902257442474
19532,0.21451504528522491
19533,0.21451504528522491
19534,0.21452902257442474
19535,0.2171884924173355
19536,0.2171884924173355
19537,0.20986376702785492
19538,0.21160875260829926
19539,0.21160875260829926
19540,0.20986376702785492
19541,0.2420572191476822
19542,0.24206209182739258
19543,0.24206209182739258
19544,0.2420572191476822
19545,0.21573376655578613
19546,0.21577668190002441
19547,0.21577668190002441
19548,0.21573376655578613
19549,0.21165120601654053
19550,0.2129267007112503
19551,0.2129267007112503
19552,0.21165120601654053
19553,0.23684515058994293
19554,0.23684515058994293
19555,0.23445400595664978
19556,0.23807306587696075
19557,0.23807306587696075
19558,0.23445400595664978
19559,0.1950949728488922
19560,0.1922413855791092
19561,0.1922413855791092
19562,0.1950949728488922
19563,0.2208697348833084
19564,0.22092433273792267
19565,0.22092433273792267
19566,0.2208697348833084
19567,0.24790985882282257
19568,0.24790985882282257
19569,0.27921217679977417
19570,0.27913540601730347
19571,0.27913540601730347
19572,0.27921217679977417
19573,0.23706786334514618
19574,0.23706786334514618
19575,0.24552655220031738
19576,0.24616552889347076
19577,0.24616552889347076
19578,0.24552655220031738
19579,0.23004338145256042
19580,0.22993852198123932
19581,0.22993852198123932
19582,0.23004338145256042
19583,0.21352623403072357
19584,0.21359284222126007
19585,0.21359284222126007
19586,0.21352623403072357
19587,0.2545628547668457
19588,0.2545628547668457
19589,0.2410620152950287
19590,0.2425304502248764
19591,0.2425304502248764
19592,0.2410620152950287
19593,0.23485933244228363
19594,0.23485933244228363
19595,0.21987853944301605
19596,0.22006727755069733
19597,0.22006727755069733
19598,0.21987853944301605
19599,0.23833268880844116
19600,0.23833268880844116
19601,0.234323188662529
19602,0.23292599618434906
19603,0.23292599618434906
19604,0.234323188662529
19605,0.20467238128185272
19606,0.20582713186740875
19607,0.20582713186740875
19608,0.20467238128185272
19609,0.24445666372776031
19610,0.24445666372776031
19611,0.2289888560771942
19612,0.2290293425321579
19613,0.2290293425321579
19614,0.2289888560771942
19615,0.2557888627052307
19616,0.2557888627052307
19617,0.2293715626001358
19618,0.2293715626001358
19619,0.21808916330337524
19620,0.21808916330337524
19621,0.16528542339801788
19622,0.16474607586860657
19623,0.16474607586860657
19624,0.16528542339801788
19625,0.23092131316661835
19626,0.23092131316661835
19627,0.22100931406021118
19628,0.22083784639835358
19629,0.22083784639835358
19630,0.22100931406021118
19631,0.2090344876050949
19632,0.2090344876050949
19633,0.219843327999115
19634,0.2203131467103958
19635,0.2203131467103958
19636,0.219843327999115
19637,0.22805096209049225
19638,0.22805096209049225
19639,0.2326621413230896
19640,0.23425091803073883
19641,0.23425091803073883
19642,0.2326621413230896
19643,0.18802811205387115
19644,0.1907757818698883
19645,0.1907757818698883
19646,0.18802811205387115
19647,0.2416972815990448
19648,0.2416972815990448
19649,0.22438259422779083
19650,0.22464996576309204
19651,0.22464996576309204
19652,0.22438259422779083
19653,0.2322852611541748
19654,0.2322852611541748
19655,0.21109913289546967
19656,0.21109913289546967
19657,0.20851169526576996
19658,0.20748306810855865
19659,0.20748306810855865
19660,0.20851169526576996
19661,-inf
19662,-inf
19663,-inf
19664,-inf
19665,-inf
19666,-inf
19667,0.24771921336650848
19668,0.24631792306900024
19669,0.24631792306900024
19670,0.24771921336650848
19671,0.22458003461360931
19672,0.22455063462257385
19673,0.22455063462257385
19674,0.22458003461360931
19675,0.233258455991745
19676,0.233258455991745
19677,0.23490533232688904
19678,0.2326325923204422
19679,0.2326325923204422
19680,0.23490533232688904
19681,0.2575032711029053
19682,0.25754985213279724
19683,0.25754985213279724
19684,0.2575032711029053
19685,0.2426663190126419
19686,0.2423531860113144
19687,0.2423531860113144
19688,0.2426663190126419
19689,0.22834058105945587
19690,0.22442428767681122
19691,0.22442428767681122
19692,0.22834058105945587
19693,0.24775271117687225
19694,0.24775271117687225
19695,0.2556750178337097
19696,0.2536703944206238
19697,0.2536703944206238
19698,0.2556750178337097
19699,0.21196261048316956
19700,0.21297277510166168
19701,0.21297277510166168
19702,0.21196261048316956
19703,0.23572908341884613
19704,0.23604632914066315
19705,0.23604632914066315
19706,0.23572908341884613
19707,0.2498781830072403
19708,0.2498781830072403
19709,0.31376898288726807
19710,0.3125574588775635
19711,0.3125574588775635
19712,0.31376898288726807
19713,0.2598162293434143
19714,0.2598162293434143
19715,0.2763184905052185
19716,0.2771448493003845
19717,0.2771448493003845
19718,0.2763184905052185
19719,0.2429647147655487
19720,0.2442558854818344
19721,0.2442558854818344
19722,0.2429647147655487
19723,0.23462770879268646
19724,0.2349695861339569
19725,0.2349695861339569
19726,0.23462770879268646
19727,0.2715997099876404
19728,0.2715997099876404
19729,0.2780376970767975
19730,0.2798370122909546
19731,0.2798370122909546
19732,0.2780376970767975
19733,0.24519552290439606
19734,0.24519552290439606
19735,0.2293107956647873
19736,0.2293107956647873
19737,0.228424534201622
19738,0.22932253777980804
19739,0.22932253777980804
19740,0.228424534201622
19741,0.22095032036304474
19742,0.22095032036304474
19743,0.1930975764989853
19744,0.18524201214313507
19745,0.18524201214313507
19746,0.1930975764989853
19747,0.23511314392089844
19748,0.23511314392089844
19749,0.2192925363779068
19750,0.21866485476493835
19751,0.21866485476493835
19752,0.2192925363779068
19753,0.2455931454896927
19754,0.2455931454896927
19755,0.240006685256958
19756,0.24021203815937042
19757,0.24021203815937042
19758,0.240006685256958
19759,0.2508896589279175
19760,0.2508896589279175
19761,0.24311168491840363
19762,0.24717217683792114
19763,0.24717217683792114
19764,0.24311168491840363
19765,0.18357622623443604
19766,0.1839885413646698
19767,0.1839885413646698
19768,0.18357622623443604
19769,0.26153022050857544
19770,0.26153022050857544
19771,0.23593242466449738
19772,0.23593242466449738
19773,0.2501790523529053
19774,0.24966095387935638
19775,0.24966095387935638
19776,0.2501790523529053
19777,0.23535536229610443
19778,0.23535536229610443
19779,0.24283848702907562
19780,0.24283848702907562
19781,0.1892920583486557
19782,0.18887268006801605
19783,0.18887268006801605
19784,0.1892920583486557
19785,0.2130347043275833
19786,0.2130347043275833
19787,0.1968211680650711
19788,0.1943041831254959
19789,0.1943041831254959
19790,0.1968211680650711
19791,0.14583031833171844
19792,0.14722055196762085
19793,0.14722055196762085
19794,0.14583031833171844
19795,0.23173287510871887
19796,0.23173287510871887
19797,0.20237256586551666
19798,0.2032090276479721
19799,0.2032090276479721
19800,0.20237256586551666
19801,0.19474674761295319
19802,0.19474674761295319
19803,0.2065441757440567
19804,0.2065441757440567
19805,0.20652982592582703
19806,0.2060982882976532
19807,0.2060982882976532
19808,0.20652982592582703
19809,0.24310539662837982
19810,0.2382018119096756
19811,0.2382018119096756
19812,0.24310539662837982
19813,0.22209666669368744
19814,0.22209666669368744
19815,0.23735493421554565
19816,0.23735839128494263
19817,0.23735839128494263
19818,0.23735493421554565
19819,0.23625753819942474
19820,0.23715202510356903
19821,0.23715202510356903
19822,0.23625753819942474
19823,0.21431227028369904
19824,0.2166941612958908
19825,0.2166941612958908
19826,0.21431227028369904
19827,0.23199322819709778
19828,0.23199322819709778
19829,0.24538469314575195
19830,0.25197386741638184
19831,0.25197386741638184
19832,0.24538469314575195
19833,0.1900436133146286
19834,0.19306059181690216
19835,0.19306059181690216
19836,0.1900436133146286
19837,0.2352791279554367
19838,0.2366422563791275
19839,0.2366422563791275
19840,0.2352791279554367
19841,0.24428115785121918
19842,0.24428115785121918
19843,0.23656339943408966
19844,0.23656339943408966
19845,0.24077662825584412
19846,0.2442544400691986
19847,0.2442544400691986
19848,0.24077662825584412
19849,0.23657409846782684
19850,0.2356927990913391
19851,0.2356927990913391
19852,0.23657409846782684
19853,0.25023603439331055
19854,0.25023603439331055
19855,0.24449987709522247
19856,0.24449987709522247
19857,0.21600879728794098
19858,0.21589133143424988
19859,0.21589133143424988
19860,0.21600879728794098
19861,0.2025785744190216
19862,0.2025785744190216
19863,0.21813268959522247
19864,0.2180578112602234
19865,0.2180578112602234
19866,0.21813268959522247
19867,0.19974951446056366
19868,0.20050890743732452
19869,0.20050890743732452
19870,0.19974951446056366
19871,0.2007484883069992
19872,0.20437626540660858
19873,0.20437626540660858
19874,0.2007484883069992
19875,0.22620679438114166
19876,0.22620679438114166
19877,0.23297931253910065
19878,0.23736198246479034
19879,0.23736198246479034
19880,0.23297931253910065
19881,0.19068790972232819
19882,0.1869908571243286
19883,0.1869908571243286
19884,0.19068790972232819
19885,0.20424042642116547
19886,0.204314723610878
19887,0.204314723610878
19888,0.20424042642116547
19889,0.23802931606769562
19890,0.23802931606769562
19891,0.2307939976453781
19892,0.2307939976453781
19893,0.21965594589710236
19894,0.2215166538953781
19895,0.2215166538953781
19896,0.21965594589710236
19897,0.2222873717546463
19898,0.22175173461437225
19899,0.22175173461437225
19900,0.2222873717546463
19901,0.2425641417503357
19902,0.2425641417503357
19903,0.2169918566942215
19904,0.2169918566942215
19905,0.24500936269760132
19906,0.24500936269760132
19907,0.24093900620937347
19908,0.24081434309482574
19909,0.24081434309482574
19910,0.24093900620937347
19911,0.21843121945858002
19912,0.21843121945858002
19913,0.17846384644508362
19914,0.17700867354869843
19915,0.17700867354869843
19916,0.17846384644508362
19917,0.23061074316501617
19918,0.23061074316501617
19919,0.2140003889799118
19920,0.21383486688137054
19921,0.21383486688137054
19922,0.2140003889799118
19923,0.2569948732852936
19924,0.2569948732852936
19925,0.20378445088863373
19926,0.20349574089050293
19927,0.20349574089050293
19928,0.20378445088863373
19929,0.2664613723754883
19930,0.2664613723754883
19931,0.26654332876205444
19932,0.2651917338371277
19933,0.2651917338371277
19934,0.26654332876205444
19935,0.2639327645301819
19936,0.2639327645301819
19937,0.22434239089488983
19938,0.22434239089488983
19939,0.19374091923236847
19940,0.19390158355236053
19941,0.19390158355236053
19942,0.19374091923236847
19943,0.23449410498142242
19944,0.23449410498142242
19945,0.22811612486839294
19946,0.22760818898677826
19947,0.22760818898677826
19948,0.22811612486839294
19949,0.22437919676303864
19950,0.22437919676303864
19951,0.2314271181821823
19952,0.2337130755186081
19953,0.2337130755186081
19954,0.2314271181821823
19955,0.24013492465019226
19956,0.24013492465019226
19957,0.2545456886291504
19958,0.25075098872184753
19959,0.25075098872184753
19960,0.2545456886291504
19961,0.20954890549182892
19962,0.20740297436714172
19963,0.20740297436714172
19964,0.20954890549182892
19965,0.2461370974779129
19966,0.2461370974779129
19967,0.2417622059583664
19968,0.24098241329193115
19969,0.24098241329193115
19970,0.2417622059583664
19971,0.23423360288143158
19972,0.23423360288143158
19973,0.21740120649337769
19974,0.21740120649337769
19975,0.2129153460264206
19976,0.21393327414989471
19977,0.21393327414989471
19978,0.2129153460264206
19979,0.22730030119419098
19980,0.22730030119419098
19981,0.22310690581798553
19982,0.22366346418857574
19983,0.22366346418857574
19984,0.22310690581798553
19985,0.1855849325656891
19986,0.1858949214220047
19987,0.1858949214220047
19988,0.1855849325656891
19989,0.23473715782165527
19990,0.23473715782165527
19991,0.2273513525724411
19992,0.2273513525724411
19993,0.21888591349124908
19994,0.2204066962003708
19995,0.2204066962003708
19996,0.21888591349124908
19997,0.2190702259540558
19998,0.21994595229625702
19999,0.21994595229625702
20000,0.2190702259540558
20001,0.2387828677892685
20002,0.2387828677892685
20003,0.21612448990345
20004,0.21612448990345
20005,0.2247316986322403
20006,0.2247316986322403
20007,0.22340446710586548
20008,0.22288058698177338
20009,0.22288058698177338
20010,0.22340446710586548
20011,0.20020844042301178
20012,0.19896502792835236
20013,0.19896502792835236
20014,0.20020844042301178
20015,0.19589479267597198
20016,0.19589479267597198
20017,0.17085041105747223
20018,0.1729024350643158
20019,0.1729024350643158
20020,0.17085041105747223
20021,0.20319803059101105
20022,0.203217014670372
20023,0.203217014670372
20024,0.20319803059101105
20025,0.18283872306346893
20026,0.18366865813732147
20027,0.18366865813732147
20028,0.18283872306346893
20029,0.17556403577327728
20030,0.1729666292667389
20031,0.1729666292667389
20032,0.17556403577327728
20033,0.19641707837581635
20034,0.19641707837581635
20035,0.19011148810386658
20036,0.1903914213180542
20037,0.1903914213180542
20038,0.19011148810386658
20039,0.15526911616325378
20040,0.15605032444000244
20041,0.15605032444000244
20042,0.15526911616325378
20043,0.18333479762077332
20044,0.1834288090467453
20045,0.1834288090467453
20046,0.18333479762077332
20047,0.21708138287067413
20048,0.21708138287067413
20049,0.17950862646102905
20050,0.17950862646102905
20051,0.1928611546754837
20052,0.19271625578403473
20053,0.19271625578403473
20054,0.1928611546754837
20055,0.19661851227283478
20056,0.19709889590740204
20057,0.19709889590740204
20058,0.19661851227283478
20059,0.17319898307323456
20060,0.1734122782945633
20061,0.1734122782945633
20062,0.17319898307323456
20063,0.2121497541666031
20064,0.2121497541666031
20065,0.19492481648921967
20066,0.19492481648921967
20067,0.2633671760559082
20068,0.2633671760559082
20069,0.26716530323028564
20070,0.26716530323028564
20071,0.2775905728340149
20072,0.27807456254959106
20073,0.27807456254959106
20074,0.2775905728340149
20075,0.26080191135406494
20076,0.26080191135406494
20077,0.2685163617134094
20078,0.26827681064605713
20079,0.26827681064605713
20080,0.2685163617134094
20081,0.2155064195394516
20082,0.21515311300754547
20083,0.21515311300754547
20084,0.2155064195394516
20085,0.20792058110237122
20086,0.20792058110237122
20087,0.22086279094219208
20088,0.22074837982654572
20089,0.22074837982654572
20090,0.22086279094219208
20091,0.21170367300510406
20092,0.21297353506088257
20093,0.21297353506088257
20094,0.21170367300510406
20095,0.19670377671718597
20096,0.1950453370809555
20097,0.1950453370809555
20098,0.19670377671718597
20099,0.21985091269016266
20100,0.21985091269016266
20101,0.21750861406326294
20102,0.21909596025943756
20103,0.21909596025943756
20104,0.21750861406326294
20105,0.17018048465251923
20106,0.17034108936786652
20107,0.17034108936786652
20108,0.17018048465251923
20109,0.20730087161064148
20110,0.20756499469280243
20111,0.20756499469280243
20112,0.20730087161064148
20113,0.23550917208194733
20114,0.23550917208194733
20115,0.2093454748392105
20116,0.2093454748392105
20117,0.22238539159297943
20118,0.2209426611661911
20119,0.2209426611661911
20120,0.22238539159297943
20121,0.2166237235069275
20122,0.21621073782444
20123,0.21621073782444
20124,0.2166237235069275
20125,0.23339898884296417
20126,0.23339898884296417
20127,0.221547469496727
20128,0.221547469496727
20129,0.21732279658317566
20130,0.21732279658317566
20131,0.21977335214614868
20132,0.21977335214614868
20133,0.1957208812236786
20134,0.1940619796514511
20135,0.1940619796514511
20136,0.1957208812236786
20137,0.21470807492733002
20138,0.21327738463878632
20139,0.21327738463878632
20140,0.21470807492733002
20141,0.23383134603500366
20142,0.23076193034648895
20143,0.23076193034648895
20144,0.23383134603500366
20145,0.2245033234357834
20146,0.22435952723026276
20147,0.22435952723026276
20148,0.2245033234357834
20149,0.17758981883525848
20150,0.17761772871017456
20151,0.17761772871017456
20152,0.17758981883525848
20153,0.20896007120609283
20154,0.20896007120609283
20155,0.193632110953331
20156,0.19584251940250397
20157,0.19584251940250397
20158,0.193632110953331
20159,0.1794636845588684
20160,0.17967961728572845
20161,0.17967961728572845
20162,0.1794636845588684
20163,0.20434322953224182
20164,0.20435474812984467
20165,0.20435474812984467
20166,0.20434322953224182
20167,0.2046334594488144
20168,0.2014910876750946
20169,0.2014910876750946
20170,0.2046334594488144
20171,0.2281421571969986
20172,0.22816993296146393
20173,0.22816993296146393
20174,0.2281421571969986
20175,0.20202504098415375
20176,0.20287716388702393
20177,0.20287716388702393
20178,0.20202504098415375
20179,0.22463534772396088
20180,0.22465534508228302
20181,0.22465534508228302
20182,0.22463534772396088
20183,0.196514293551445
20184,0.19353391230106354
20185,0.19353391230106354
20186,0.196514293551445
20187,0.21754224598407745
20188,0.21754224598407745
20189,0.21540500223636627
20190,0.21735459566116333
20191,0.21735459566116333
20192,0.21540500223636627
20193,0.1636568307876587
20194,0.16331687569618225
20195,0.16331687569618225
20196,0.1636568307876587
20197,0.19071565568447113
20198,0.19097286462783813
20199,0.19097286462783813
20200,0.19071565568447113
20201,0.1954469382762909
20202,0.20138414204120636
20203,0.20138414204120636
20204,0.1954469382762909
20205,0.23191629350185394
20206,0.23191629350185394
20207,0.2688363194465637
20208,0.26848942041397095
20209,0.26848942041397095
20210,0.2688363194465637
20211,0.20907209813594818
20212,0.20907209813594818
20213,0.1839619129896164
20214,0.18518111109733582
20215,0.18518111109733582
20216,0.1839619129896164
20217,0.22348922491073608
20218,0.22446803748607635
20219,0.22446803748607635
20220,0.22348922491073608
20221,0.27065426111221313
20222,0.2727658748626709
20223,0.2727658748626709
20224,0.27065426111221313
20225,0.20740275084972382
20226,0.2075732797384262
20227,0.2075732797384262
20228,0.20740275084972382
20229,0.207711860537529
20230,0.20754088461399078
20231,0.20754088461399078
20232,0.207711860537529
20233,0.2475360780954361
20234,0.2456405609846115
20235,0.2456405609846115
20236,0.2475360780954361
20237,0.20232148468494415
20238,0.20231348276138306
20239,0.20231348276138306
20240,0.20232148468494415
20241,0.1545119434595108
20242,0.15458208322525024
20243,0.15458208322525024
20244,0.1545119434595108
20245,0.24589601159095764
20246,0.24589601159095764
20247,0.23836204409599304
20248,0.237081840634346
20249,0.237081840634346
20250,0.23836204409599304
20251,0.19616998732089996
20252,0.19623853266239166
20253,0.19623853266239166
20254,0.19616998732089996
20255,0.2885019779205322
20256,0.2904711365699768
20257,0.2904711365699768
20258,0.2885019779205322
20259,0.22417210042476654
20260,0.22417210042476654
20261,0.21122820675373077
20262,0.21124303340911865
20263,0.21124303340911865
20264,0.21122820675373077
20265,0.20654426515102386
20266,0.2060992419719696
20267,0.2060992419719696
20268,0.20654426515102386
20269,0.2373274266719818
20270,0.24121470749378204
20271,0.24121470749378204
20272,0.2373274266719818
20273,0.17933595180511475
20274,0.17934401333332062
20275,0.17934401333332062
20276,0.17933595180511475
20277,0.19138401746749878
20278,0.1915430873632431
20279,0.1915430873632431
20280,0.19138401746749878
20281,0.16142378747463226
20282,0.16301582753658295
20283,0.16301582753658295
20284,0.16142378747463226
20285,0.23097799718379974
20286,0.2322460263967514
20287,0.2322460263967514
20288,0.23097799718379974
20289,0.21705488860607147
20290,0.2174564152956009
20291,0.2174564152956009
20292,0.21705488860607147
20293,0.15636564791202545
20294,0.15693551301956177
20295,0.15693551301956177
20296,0.15636564791202545
20297,0.23270981013774872
20298,0.23429171741008759
20299,0.23429171741008759
20300,0.23270981013774872
20301,0.230355367064476
20302,0.230355367064476
20303,0.23996861279010773
20304,0.2436171919107437
20305,0.2436171919107437
20306,0.23996861279010773
20307,0.2206718474626541
20308,0.2206718474626541
20309,0.2328701764345169
20310,0.23291297256946564
20311,0.23291297256946564
20312,0.2328701764345169
20313,0.23367008566856384
20314,0.2336208075284958
20315,0.2336208075284958
20316,0.23367008566856384
20317,0.21331630647182465
20318,0.20603497326374054
20319,0.20603497326374054
20320,0.21331630647182465
20321,0.21738003194332123
20322,0.21747370064258575
20323,0.21747370064258575
20324,0.21738003194332123
20325,0.21350140869617462
20326,0.21350140869617462
20327,0.22734998166561127
20328,0.22734998166561127
20329,0.19493062794208527
20330,0.19130681455135345
20331,0.19130681455135345
20332,0.19493062794208527
20333,0.23700650036334991
20334,0.23700650036334991
20335,0.22386740148067474
20336,0.22381816804409027
20337,0.22381816804409027
20338,0.22386740148067474
20339,0.22403064370155334
20340,0.22403064370155334
20341,0.18502821028232574
20342,0.18502821028232574
20343,0.17205440998077393
20344,0.17144571244716644
20345,0.17144571244716644
20346,0.17205440998077393
20347,0.198646679520607
20348,0.198646679520607
20349,0.18737535178661346
20350,0.18736650049686432
20351,0.18736650049686432
20352,0.18737535178661346
20353,0.1438426673412323
20354,0.14530962705612183
20355,0.14530962705612183
20356,0.1438426673412323
20357,0.22366826236248016
20358,0.22366826236248016
20359,0.17379318177700043
20360,0.17379318177700043
20361,0.16567757725715637
20362,0.1651599407196045
20363,0.1651599407196045
20364,0.16567757725715637
20365,0.18793052434921265
20366,0.18758100271224976
20367,0.18758100271224976
20368,0.18793052434921265
20369,0.2089003026485443
20370,0.2089003026485443
20371,0.17928506433963776
20372,0.17928506433963776
20373,0.23087643086910248
20374,0.23087643086910248
20375,0.20340560376644135
20376,0.20259462296962738
20377,0.20259462296962738
20378,0.20340560376644135
20379,0.24394144117832184
20380,0.24394144117832184
20381,0.22804531455039978
20382,0.22817787528038025
20383,0.22817787528038025
20384,0.22804531455039978
20385,0.2275463193655014
20386,0.2275463193655014
20387,0.23500193655490875
20388,0.23500193655490875
20389,0.2303164154291153
20390,0.23008964955806732
20391,0.23008964955806732
20392,0.2303164154291153
20393,0.24131186306476593
20394,0.2449972778558731
20395,0.2449972778558731
20396,0.24131186306476593
20397,0.21989350020885468
20398,0.21989350020885468
20399,0.2293584793806076
20400,0.22938668727874756
20401,0.22938668727874756
20402,0.2293584793806076
20403,0.22553373873233795
20404,0.22668009996414185
20405,0.22668009996414185
20406,0.22553373873233795
20407,0.21986845135688782
20408,0.2150389701128006
20409,0.2150389701128006
20410,0.21986845135688782
20411,0.22536765038967133
20412,0.22536765038967133
20413,0.2370915561914444
20414,0.2405017465353012
20415,0.2405017465353012
20416,0.2370915561914444
20417,0.20057065784931183
20418,0.20190919935703278
20419,0.20190919935703278
20420,0.20057065784931183
20421,0.21914905309677124
20422,0.21948803961277008
20423,0.21948803961277008
20424,0.21914905309677124
20425,0.24028079211711884
20426,0.24028079211711884
20427,0.23224575817584991
20428,0.23224575817584991
20429,0.22786258161067963
20430,0.2284066379070282
20431,0.2284066379070282
20432,0.22786258161067963
20433,0.22822003066539764
20434,0.22755831480026245
20435,0.22755831480026245
20436,0.22822003066539764
20437,0.21292980015277863
20438,0.212903693318367
20439,0.212903693318367
20440,0.21292980015277863
20441,0.2441820651292801
20442,0.2441820651292801
20443,0.2398015856742859
20444,0.2398015856742859
20445,0.22481615841388702
20446,0.22573059797286987
20447,0.22573059797286987
20448,0.22481615841388702
20449,0.19251984357833862
20450,0.19246220588684082
20451,0.19246220588684082
20452,0.19251984357833862
20453,0.20649753510951996
20454,0.20649753510951996
20455,0.20542342960834503
20456,0.20290128886699677
20457,0.20290128886699677
20458,0.20542342960834503
20459,0.21424852311611176
20460,0.21418611705303192
20461,0.21418611705303192
20462,0.21424852311611176
20463,0.20011787116527557
20464,0.20225803554058075
20465,0.20225803554058075
20466,0.20011787116527557
20467,0.20344074070453644
20468,0.20653246343135834
20469,0.20653246343135834
20470,0.20344074070453644
20471,0.21940220892429352
20472,0.21940220892429352
20473,0.24274981021881104
20474,0.24119620025157928
20475,0.24119620025157928
20476,0.24274981021881104
20477,0.1942516714334488
20478,0.19153675436973572
20479,0.19153675436973572
20480,0.1942516714334488
20481,0.1925954967737198
20482,0.19323182106018066
20483,0.19323182106018066
20484,0.1925954967737198
20485,0.23542402684688568
20486,0.23542402684688568
20487,0.2637454569339752
20488,0.26159608364105225
20489,0.26159608364105225
20490,0.2637454569339752
20491,0.23432908952236176
20492,0.23432908952236176
20493,0.22132046520709991
20494,0.2214985340833664
20495,0.2214985340833664
20496,0.22132046520709991
20497,0.2257246971130371
20498,0.2244812697172165
20499,0.2244812697172165
20500,0.2257246971130371
20501,0.19312863051891327
20502,0.19331583380699158
20503,0.19331583380699158
20504,0.19312863051891327
20505,0.23214884102344513
20506,0.23214884102344513
20507,0.22900573909282684
20508,0.23264096677303314
20509,0.23264096677303314
20510,0.22900573909282684
20511,0.22100791335105896
20512,0.22100791335105896
20513,-inf
20514,-inf
20515,0.25901544094085693
20516,0.2579478621482849
20517,0.2579478621482849
20518,0.25901544094085693
20519,0.24198046326637268
20520,0.24198046326637268
20521,0.2829180359840393
20522,0.28288012742996216
20523,0.28288012742996216
20524,0.2829180359840393
20525,0.258327841758728
20526,0.2579098045825958
20527,0.2579098045825958
20528,0.258327841758728
20529,0.24752072989940643
20530,0.24760888516902924
20531,0.24760888516902924
20532,0.24752072989940643
20533,0.26055145263671875
20534,0.26055145263671875
20535,0.2733170986175537
20536,0.27515709400177
20537,0.27515709400177
20538,0.2733170986175537
20539,0.21644385159015656
20540,0.21577812731266022
20541,0.21577812731266022
20542,0.21644385159015656
20543,0.25403910875320435
20544,0.25417768955230713
20545,0.25417768955230713
20546,0.25403910875320435
20547,0.263111412525177
20548,0.263111412525177
20549,0.2625831365585327
20550,0.2625831365585327
20551,0.26655250787734985
20552,0.26764047145843506
20553,0.26764047145843506
20554,0.26655250787734985
20555,0.2631591558456421
20556,0.2632542848587036
20557,0.2632542848587036
20558,0.2631591558456421
20559,0.27099114656448364
20560,0.27099114656448364
20561,0.264068067073822
20562,0.264068067073822
20563,0.24721211194992065
20564,0.24721211194992065
20565,0.2395399957895279
20566,0.24068330228328705
20567,0.24068330228328705
20568,0.2395399957895279
20569,0.21668745577335358
20570,0.21684880554676056
20571,0.21684880554676056
20572,0.21668745577335358
20573,0.22319884598255157
20574,0.22319884598255157
20575,0.2289443463087082
20576,0.2317601591348648
20577,0.2317601591348648
20578,0.2289443463087082
20579,0.18655000627040863
20580,0.18443046510219574
20581,0.18443046510219574
20582,0.18655000627040863
20583,0.23661963641643524
20584,0.23661963641643524
20585,0.2257024496793747
20586,0.22491437196731567
20587,0.22491437196731567
20588,0.2257024496793747
20589,0.22526033222675323
20590,0.22526033222675323
20591,0.23173756897449493
20592,0.23173756897449493
20593,0.23372739553451538
20594,0.23484735190868378
20595,0.23484735190868378
20596,0.23372739553451538
20597,0.2192244678735733
20598,0.2192244678735733
20599,0.20682914555072784
20600,0.20410913228988647
20601,0.20410913228988647
20602,0.20682914555072784
20603,0.23546747863292694
20604,0.23546747863292694
20605,0.22296185791492462
20606,0.2226175218820572
20607,0.2226175218820572
20608,0.22296185791492462
20609,0.23198340833187103
20610,0.23198340833187103
20611,0.22493012249469757
20612,0.22493012249469757
20613,0.22353458404541016
20614,0.22598706185817719
20615,0.22598706185817719
20616,0.22353458404541016
20617,0.23523962497711182
20618,0.23523962497711182
20619,0.246323361992836
20620,0.246603325009346
20621,0.246603325009346
20622,0.246323361992836
20623,0.2028338760137558
20624,0.20043593645095825
20625,0.20043593645095825
20626,0.2028338760137558
20627,0.24248673021793365
20628,0.24248673021793365
20629,0.24802888929843903
20630,0.24802888929843903
20631,0.2368120700120926
20632,0.24082045257091522
20633,0.24082045257091522
20634,0.2368120700120926
20635,0.2330765277147293
20636,0.2344893366098404
20637,0.2344893366098404
20638,0.2330765277147293
20639,0.24543353915214539
20640,0.24543353915214539
20641,0.23677177727222443
20642,0.23677177727222443
20643,0.2508629858493805
20644,0.2508629858493805
20645,0.2445014864206314
20646,0.24579741060733795
20647,0.24579741060733795
20648,0.2445014864206314
20649,0.19634701311588287
20650,0.19634701311588287
20651,0.19969679415225983
20652,0.19947607815265656
20653,0.19947607815265656
20654,0.19969679415225983
20655,0.21434445679187775
20656,0.21512271463871002
20657,0.21512271463871002
20658,0.21434445679187775
20659,0.201850026845932
20660,0.201850026845932
20661,0.1998261958360672
20662,0.20186124742031097
20663,0.20186124742031097
20664,0.1998261958360672
20665,0.2350378930568695
20666,0.23496487736701965
20667,0.23496487736701965
20668,0.2350378930568695
20669,0.20846439898014069
20670,0.20849357545375824
20671,0.20849357545375824
20672,0.20846439898014069
20673,0.19932453334331512
20674,0.19377081096172333
20675,0.19377081096172333
20676,0.19932453334331512
20677,0.2233639806509018
20678,0.2233639806509018
20679,0.22989584505558014
20680,0.23033364117145538
20681,0.23033364117145538
20682,0.22989584505558014
20683,0.19332225620746613
20684,0.19259034097194672
20685,0.19259034097194672
20686,0.19332225620746613
20687,0.205720454454422
20688,0.20640014111995697
20689,0.20640014111995697
20690,0.205720454454422
20691,0.23801200091838837
20692,0.23801200091838837
20693,0.23047292232513428
20694,0.23047292232513428
20695,0.2586352825164795
20696,0.25393742322921753
20697,0.25393742322921753
20698,0.2586352825164795
20699,0.22176940739154816
20700,0.22159148752689362
20701,0.22159148752689362
20702,0.22176940739154816
20703,0.20470355451107025
20704,0.2051461935043335
20705,0.2051461935043335
20706,0.20470355451107025
20707,0.24909436702728271
20708,0.24909436702728271
20709,0.2365027666091919
20710,0.23756778240203857
20711,0.23756778240203857
20712,0.2365027666091919
20713,0.23085784912109375
20714,0.23085784912109375
20715,0.22060060501098633
20716,0.22060060501098633
20717,0.22086851298809052
20718,0.21997028589248657
20719,0.21997028589248657
20720,0.22086851298809052
20721,0.22277972102165222
20722,0.22316302359104156
20723,0.22316302359104156
20724,0.22277972102165222
20725,0.23109905421733856
20726,0.23109905421733856
20727,0.2442825585603714
20728,0.24700218439102173
20729,0.24700218439102173
20730,0.2442825585603714
20731,0.20303477346897125
20732,0.19394423067569733
20733,0.19394423067569733
20734,0.20303477346897125
20735,0.24397043883800507
20736,0.24397043883800507
20737,0.23068521916866302
20738,0.2300511747598648
20739,0.2300511747598648
20740,0.23068521916866302
20741,0.23097099363803864
20742,0.23097099363803864
20743,0.21026550233364105
20744,0.21453776955604553
20745,0.21453776955604553
20746,0.21026550233364105
20747,0.18958792090415955
20748,0.18958792090415955
20749,0.20900849997997284
20750,0.20896469056606293
20751,0.20896469056606293
20752,0.20900849997997284
20753,0.2015775740146637
20754,0.20178939402103424
20755,0.20178939402103424
20756,0.2015775740146637
20757,0.20532579720020294
20758,0.2075013965368271
20759,0.2075013965368271
20760,0.20532579720020294
20761,0.21148882806301117
20762,0.21148882806301117
20763,0.2271048128604889
20764,0.23172174394130707
20765,0.23172174394130707
20766,0.2271048128604889
20767,0.181911900639534
20768,0.19224850833415985
20769,0.19224850833415985
20770,0.181911900639534
20771,0.1982695311307907
20772,0.19889144599437714
20773,0.19889144599437714
20774,0.1982695311307907
20775,0.23015530407428741
20776,0.23015530407428741
20777,0.21627219021320343
20778,0.21627219021320343
20779,0.22143885493278503
20780,0.22318339347839355
20781,0.22318339347839355
20782,0.22143885493278503
20783,0.21416769921779633
20784,0.21326401829719543
20785,0.21326401829719543
20786,0.21416769921779633
20787,0.23491452634334564
20788,0.23491452634334564
20789,0.21568380296230316
20790,0.21568380296230316
20791,0.2025066316127777
20792,0.2025066316127777
20793,0.14597433805465698
20794,0.14744582772254944
20795,0.14744582772254944
20796,0.14597433805465698
20797,0.21551965177059174
20798,0.21551965177059174
20799,0.19459845125675201
20800,0.19541692733764648
20801,0.19541692733764648
20802,0.19459845125675201
20803,0.18346741795539856
20804,0.18346741795539856
20805,0.2243155837059021
20806,0.22289763391017914
20807,0.22289763391017914
20808,0.2243155837059021
20809,0.20762699842453003
20810,0.2076299637556076
20811,0.2076299637556076
20812,0.20762699842453003
20813,0.2038055956363678
20814,0.2038055956363678
20815,0.20162808895111084
20816,0.2024337202310562
20817,0.2024337202310562
20818,0.20162808895111084
20819,0.24243201315402985
20820,0.24246324598789215
20821,0.24246324598789215
20822,0.24243201315402985
20823,0.21107272803783417
20824,0.21093754470348358
20825,0.21093754470348358
20826,0.21107272803783417
20827,0.2009386271238327
20828,0.2027120143175125
20829,0.2027120143175125
20830,0.2009386271238327
20831,0.23083673417568207
20832,0.23083673417568207
20833,0.2397318184375763
20834,0.2419576346874237
20835,0.2419576346874237
20836,0.2397318184375763
20837,0.17315222322940826
20838,0.17277996242046356
20839,0.17277996242046356
20840,0.17315222322940826
20841,0.2126592993736267
20842,0.21282394230365753
20843,0.21282394230365753
20844,0.2126592993736267
20845,0.248437762260437
20846,0.248437762260437
20847,0.29006466269493103
20848,0.2899038791656494
20849,0.2899038791656494
20850,0.29006466269493103
20851,0.23432113230228424
20852,0.23432113230228424
20853,0.24792324006557465
20854,0.24901778995990753
20855,0.24901778995990753
20856,0.24792324006557465
20857,0.22114385664463043
20858,0.22125378251075745
20859,0.22125378251075745
20860,0.22114385664463043
20861,0.20993313193321228
20862,0.21033905446529388
20863,0.21033905446529388
20864,0.20993313193321228
20865,0.24324752390384674
20866,0.24324752390384674
20867,0.2414708435535431
20868,0.24619050323963165
20869,0.24619050323963165
20870,0.2414708435535431
20871,0.22088518738746643
20872,0.22088518738746643
20873,0.21903325617313385
20874,0.21667757630348206
20875,0.21667757630348206
20876,0.21903325617313385
20877,0.18852226436138153
20878,0.1884976029396057
20879,0.1884976029396057
20880,0.18852226436138153
20881,0.2038440853357315
20882,0.2038440853357315
20883,0.201760932803154
20884,0.2051544040441513
20885,0.2051544040441513
20886,0.201760932803154
20887,0.2138615846633911
20888,0.21387402713298798
20889,0.21387402713298798
20890,0.2138615846633911
20891,0.20606271922588348
20892,0.20738939940929413
20893,0.20738939940929413
20894,0.20606271922588348
20895,0.20437763631343842
20896,0.20629598200321198
20897,0.20629598200321198
20898,0.20437763631343842
20899,0.22230523824691772
20900,0.22230523824691772
20901,0.2338947057723999
20902,0.23410354554653168
20903,0.23410354554653168
20904,0.2338947057723999
20905,0.18230588734149933
20906,0.18083171546459198
20907,0.18083171546459198
20908,0.18230588734149933
20909,0.20019225776195526
20910,0.20045018196105957
20911,0.20045018196105957
20912,0.20019225776195526
20913,0.23962125182151794
20914,0.23962125182151794
20915,0.2697106897830963
20916,0.26904916763305664
20917,0.26904916763305664
20918,0.2697106897830963
20919,0.23272423446178436
20920,0.23272423446178436
20921,0.23542924225330353
20922,0.23374205827713013
20923,0.23374205827713013
20924,0.23542924225330353
20925,0.21761997044086456
20926,0.21746931970119476
20927,0.21746931970119476
20928,0.21761997044086456
20929,0.19980347156524658
20930,0.2001124620437622
20931,0.2001124620437622
20932,0.19980347156524658
20933,0.2450619488954544
20934,0.2450619488954544
20935,0.24312181770801544
20936,0.24809424579143524
20937,0.24809424579143524
20938,0.24312181770801544
20939,0.213035449385643
20940,0.213035449385643
20941,0.238980233669281
20942,0.238980233669281
20943,0.2238665223121643
20944,0.2238665223121643
20945,0.19008877873420715
20946,0.18755371868610382
20947,0.18755371868610382
20948,0.19008877873420715
20949,0.24249133467674255
20950,0.24249133467674255
20951,0.22154413163661957
20952,0.2213205248117447
20953,0.2213205248117447
20954,0.22154413163661957
20955,0.225837841629982
20956,0.225837841629982
20957,0.2299761325120926
20958,0.2299761325120926
20959,0.19230084121227264
20960,0.19265221059322357
20961,0.19265221059322357
20962,0.19230084121227264
20963,0.2426687330007553
20964,0.2426687330007553
20965,0.23452158272266388
20966,0.23465551435947418
20967,0.23465551435947418
20968,0.23452158272266388
20969,0.2362717241048813
20970,0.2362717241048813
20971,0.2249627560377121
20972,0.2249627560377121
20973,0.22622501850128174
20974,0.2271924614906311
20975,0.2271924614906311
20976,0.22622501850128174
20977,0.2655732035636902
20978,0.2628689408302307
20979,0.2628689408302307
20980,0.2655732035636902
20981,0.219120591878891
20982,0.21913541853427887
20983,0.21913541853427887
20984,0.219120591878891
20985,0.2337401956319809
20986,0.2337401956319809
20987,0.2279769331216812
20988,0.23515747487545013
20989,0.23515747487545013
20990,0.2279769331216812
20991,0.2498660385608673
20992,0.24994376301765442
20993,0.24994376301765442
20994,0.2498660385608673
20995,0.25032758712768555
20996,0.25100865960121155
20997,0.25100865960121155
20998,0.25032758712768555
20999,0.2231045514345169
21000,0.22814573347568512
21001,0.22814573347568512
21002,0.2231045514345169
21003,0.24130621552467346
21004,0.24130621552467346
21005,0.2641115188598633
21006,0.27290380001068115
21007,0.27290380001068115
21008,0.2641115188598633
21009,0.20407076179981232
21010,0.20865251123905182
21011,0.20865251123905182
21012,0.20407076179981232
21013,0.24627581238746643
21014,0.24735276401042938
21015,0.24735276401042938
21016,0.24627581238746643
21017,0.2505870461463928
21018,0.2505870461463928
21019,0.3145139217376709
21020,0.31503307819366455
21021,0.31503307819366455
21022,0.3145139217376709
21023,0.25925928354263306
21024,0.25925928354263306
21025,0.25616735219955444
21026,0.26217764616012573
21027,0.26217764616012573
21028,0.25616735219955444
21029,0.24859096109867096
21030,0.24913252890110016
21031,0.24913252890110016
21032,0.24859096109867096
21033,0.24208302795886993
21034,0.24299092590808868
21035,0.24299092590808868
21036,0.24208302795886993
21037,0.2585936188697815
21038,0.2585936188697815
21039,0.28004175424575806
21040,0.2912295460700989
21041,0.2912295460700989
21042,0.28004175424575806
21043,0.25411465764045715
21044,0.25411465764045715
21045,0.26537686586380005
21046,0.26308473944664
21047,0.26308473944664
21048,0.26537686586380005
21049,0.23685649037361145
21050,0.23685649037361145
21051,0.27123042941093445
21052,0.27122437953948975
21053,0.27122437953948975
21054,0.27123042941093445
21055,0.24665655195713043
21056,0.246863454580307
21057,0.246863454580307
21058,0.24665655195713043
21059,0.22961567342281342
21060,0.23121275007724762
21061,0.23121275007724762
21062,0.22961567342281342
21063,0.2528073787689209
21064,0.2528073787689209
21065,0.26112496852874756
21066,0.2655171751976013
21067,0.2655171751976013
21068,0.26112496852874756
21069,0.21065986156463623
21070,0.20259369909763336
21071,0.20259369909763336
21072,0.21065986156463623
21073,0.25202974677085876
21074,0.2520596385002136
21075,0.2520596385002136
21076,0.25202974677085876
21077,0.2613934576511383
21078,0.2613934576511383
21079,0.2635831832885742
21080,0.2635831832885742
21081,0.2633594870567322
21082,0.26553207635879517
21083,0.26553207635879517
21084,0.2633594870567322
21085,0.2537359297275543
21086,0.2534801959991455
21087,0.2534801959991455
21088,0.2537359297275543
21089,0.27023112773895264
21090,0.27023112773895264
21091,0.2510632276535034
21092,0.2510632276535034
21093,0.22589077055454254
21094,0.22589077055454254
21095,0.22427380084991455
21096,0.22427380084991455
21097,0.17843852937221527
21098,0.17371027171611786
21099,0.17371027171611786
21100,0.17843852937221527
21101,0.23916733264923096
21102,0.23916733264923096
21103,0.2272404283285141
21104,0.2267141491174698
21105,0.2267141491174698
21106,0.2272404283285141
21107,0.22245438396930695
21108,0.22245438396930695
21109,0.20396490395069122
21110,0.20396490395069122
21111,0.20809267461299896
21112,0.2080003172159195
21113,0.2080003172159195
21114,0.20809267461299896
21115,0.22412647306919098
21116,0.22412647306919098
21117,0.23149819672107697
21118,0.23396556079387665
21119,0.23396556079387665
21120,0.23149819672107697
21121,0.19857606291770935
21122,0.19564376771450043
21123,0.19564376771450043
21124,0.19857606291770935
21125,0.2407393902540207
21126,0.2407393902540207
21127,0.23146328330039978
21128,0.23146328330039978
21129,0.24012498557567596
21130,0.24048705399036407
21131,0.24048705399036407
21132,0.24012498557567596
21133,0.21659433841705322
21134,0.2163754552602768
21135,0.2163754552602768
21136,0.21659433841705322
21137,0.24930404126644135
21138,0.24930404126644135
21139,0.21682509779930115
21140,0.21682509779930115
21141,0.2327619045972824
21142,0.2327619045972824
21143,0.19308017194271088
21144,0.1914013922214508
21145,0.1914013922214508
21146,0.19308017194271088
21147,0.2391364425420761
21148,0.2391364425420761
21149,0.23114317655563354
21150,0.230857715010643
21151,0.230857715010643
21152,0.23114317655563354
21153,0.21996505558490753
21154,0.21996505558490753
21155,0.20268620550632477
21156,0.20268620550632477
21157,0.2154214233160019
21158,0.21620507538318634
21159,0.21620507538318634
21160,0.2154214233160019
21161,0.22067244350910187
21162,0.22067244350910187
21163,0.23368088901042938
21164,0.2347162663936615
21165,0.2347162663936615
21166,0.23368088901042938
21167,0.19595520198345184
21168,0.19692017138004303
21169,0.19692017138004303
21170,0.19595520198345184
21171,0.2338784635066986
21172,0.2338784635066986
21173,0.22540487349033356
21174,0.22540487349033356
21175,0.21777544915676117
21176,0.22308464348316193
21177,0.22308464348316193
21178,0.21777544915676117
21179,0.22422580420970917
21180,0.22210386395454407
21181,0.22210386395454407
21182,0.22422580420970917
21183,0.24441349506378174
21184,0.24441349506378174
21185,0.2226690798997879
21186,0.2226690798997879
21187,0.20884664356708527
21188,0.20884664356708527
21189,0.1588912010192871
21190,0.16452136635780334
21191,0.16452136635780334
21192,0.1588912010192871
21193,0.22722570598125458
21194,0.22722570598125458
21195,0.2027280479669571
21196,0.19731001555919647
21197,0.19731001555919647
21198,0.2027280479669571
21199,0.21143583953380585
21200,0.21143583953380585
21201,0.2028893530368805
21202,0.2036299705505371
21203,0.2036299705505371
21204,0.2028893530368805
21205,0.17796654999256134
21206,0.17796654999256134
21207,0.17386743426322937
21208,0.17354537546634674
21209,0.17354537546634674
21210,0.17386743426322937
21211,0.19347701966762543
21212,0.19347701966762543
21213,0.19217272102832794
21214,0.18914185464382172
21215,0.18914185464382172
21216,0.19217272102832794
21217,0.1557139754295349
21218,0.1577964723110199
21219,0.1577964723110199
21220,0.1557139754295349
21221,0.2095431387424469
21222,0.2095431387424469
21223,0.17979629337787628
21224,0.17979629337787628
21225,0.18663200736045837
21226,0.1871589571237564
21227,0.1871589571237564
21228,0.18663200736045837
21229,0.21273228526115417
21230,0.21273228526115417
21231,0.18464450538158417
21232,0.18464450538158417
21233,0.2242695540189743
21234,0.2235300987958908
21235,0.2235300987958908
21236,0.2242695540189743
21237,0.24057583510875702
21238,0.24057583510875702
21239,0.24082490801811218
21240,0.2406141310930252
21241,0.2406141310930252
21242,0.24082490801811218
21243,0.20021013915538788
21244,0.20137690007686615
21245,0.20137690007686615
21246,0.20021013915538788
21247,0.24598848819732666
21248,0.24598848819732666
21249,0.23684881627559662
21250,0.23684881627559662
21251,0.2357843965291977
21252,0.2360992580652237
21253,0.2360992580652237
21254,0.2357843965291977
21255,0.25643542408943176
21256,0.25643542408943176
21257,0.23331443965435028
21258,0.23331443965435028
21259,0.2153325229883194
21260,0.2153325229883194
21261,0.22646509110927582
21262,0.2255370020866394
21263,0.2255370020866394
21264,0.22646509110927582
21265,0.23107436299324036
21266,0.23107436299324036
21267,0.24637682735919952
21268,0.24436791241168976
21269,0.24436791241168976
21270,0.24637682735919952
21271,0.1711009293794632
21272,0.1741960495710373
21273,0.1741960495710373
21274,0.1711009293794632
21275,0.243337944149971
21276,0.243337944149971
21277,0.23428896069526672
21278,0.23428896069526672
21279,0.2374802678823471
21280,0.2384854108095169
21281,0.2384854108095169
21282,0.2374802678823471
21283,0.23619304597377777
21284,0.23619304597377777
21285,0.22174738347530365
21286,0.22174738347530365
21287,0.24875621497631073
21288,0.2500837445259094
21289,0.2500837445259094
21290,0.24875621497631073
21291,0.2158462554216385
21292,0.2158457487821579
21293,0.2158457487821579
21294,0.2158462554216385
21295,0.2301967740058899
21296,0.2301967740058899
21297,0.22812721133232117
21298,0.23049868643283844
21299,0.23049868643283844
21300,0.22812721133232117
21301,0.25669509172439575
21302,0.25669431686401367
21303,0.25669431686401367
21304,0.25669509172439575
21305,0.24701663851737976
21306,0.24616026878356934
21307,0.24616026878356934
21308,0.24701663851737976
21309,0.22232024371623993
21310,0.224826380610466
21311,0.224826380610466
21312,0.22232024371623993
21313,0.2423386573791504
21314,0.2423386573791504
21315,0.2591947615146637
21316,0.25864946842193604
21317,0.25864946842193604
21318,0.2591947615146637
21319,0.2046879380941391
21320,0.2049161046743393
21321,0.2049161046743393
21322,0.2046879380941391
21323,0.24004040658473969
21324,0.24056054651737213
21325,0.24056054651737213
21326,0.24004040658473969
21327,0.25318944454193115
21328,0.25318944454193115
21329,0.3020903468132019
21330,0.30189746618270874
21331,0.30189746618270874
21332,0.3020903468132019
21333,0.2583081126213074
21334,0.2583081126213074
21335,0.2578110098838806
21336,0.25790560245513916
21337,0.25790560245513916
21338,0.2578110098838806
21339,0.2430504709482193
21340,0.242542564868927
21341,0.242542564868927
21342,0.2430504709482193
21343,0.23408250510692596
21344,0.23454515635967255
21345,0.23454515635967255
21346,0.23408250510692596
21347,0.25930991768836975
21348,0.25930991768836975
21349,0.26844358444213867
21350,0.2701948881149292
21351,0.2701948881149292
21352,0.26844358444213867
21353,0.24733243882656097
21354,0.24733243882656097
21355,0.20312882959842682
21356,0.20354223251342773
21357,0.20354223251342773
21358,0.20312882959842682
21359,0.22743555903434753
21360,0.22743555903434753
21361,0.22429527342319489
21362,0.2252790480852127
21363,0.2252790480852127
21364,0.22429527342319489
21365,0.18760186433792114
21366,0.1877044141292572
21367,0.1877044141292572
21368,0.18760186433792114
21369,0.2410861700773239
21370,0.2410861700773239
21371,0.2234584540128708
21372,0.2228226512670517
21373,0.2228226512670517
21374,0.2234584540128708
21375,0.24014943838119507
21376,0.24014943838119507
21377,0.21791912615299225
21378,0.21791912615299225
21379,0.25704512000083923
21380,0.2586362361907959
21381,0.2586362361907959
21382,0.25704512000083923
21383,0.244319885969162
21384,0.244319885969162
21385,0.26590532064437866
21386,0.2686750590801239
21387,0.2686750590801239
21388,0.26590532064437866
21389,0.20925424993038177
21390,0.2105465680360794
21391,0.2105465680360794
21392,0.20925424993038177
21393,0.2457825392484665
21394,0.2457825392484665
21395,0.25046873092651367
21396,0.25050655007362366
21397,0.25050655007362366
21398,0.25046873092651367
21399,0.25588923692703247
21400,0.25588923692703247
21401,0.22814688086509705
21402,0.22814688086509705
21403,0.22625693678855896
21404,0.22575224936008453
21405,0.22575224936008453
21406,0.22625693678855896
21407,0.20942239463329315
21408,0.20942239463329315
21409,0.2042289525270462
21410,0.20407631993293762
21411,0.20407631993293762
21412,0.2042289525270462
21413,0.2346268594264984
21414,0.23463192582130432
21415,0.23463192582130432
21416,0.2346268594264984
21417,0.24105887115001678
21418,0.24105887115001678
21419,0.24394932389259338
21420,0.24690304696559906
21421,0.24690304696559906
21422,0.24394932389259338
21423,0.20571230351924896
21424,0.2005569487810135
21425,0.2005569487810135
21426,0.20571230351924896
21427,0.2510768175125122
21428,0.2510768175125122
21429,0.2405524104833603
21430,0.2403724193572998
21431,0.2403724193572998
21432,0.2405524104833603
21433,0.23932138085365295
21434,0.23932138085365295
21435,0.22831600904464722
21436,0.22779594361782074
21437,0.22779594361782074
21438,0.22831600904464722
21439,0.21460945904254913
21440,0.21460945904254913
21441,0.21045412123203278
21442,0.21051175892353058
21443,0.21051175892353058
21444,0.21045412123203278
21445,0.2113034427165985
21446,0.2128113955259323
21447,0.2128113955259323
21448,0.2113034427165985
21449,0.20696823298931122
21450,0.20438361167907715
21451,0.20438361167907715
21452,0.20696823298931122
21453,0.21367327868938446
21454,0.21367327868938446
21455,0.21534715592861176
21456,0.21540392935276031
21457,0.21540392935276031
21458,0.21534715592861176
21459,0.18312695622444153
21460,0.18326584994792938
21461,0.18326584994792938
21462,0.18312695622444153
21463,0.20835009217262268
21464,0.20842866599559784
21465,0.20842866599559784
21466,0.20835009217262268
21467,0.23351405560970306
21468,0.23351405560970306
21469,0.21342071890830994
21470,0.21342071890830994
21471,0.21412651240825653
21472,0.2134505659341812
21473,0.2134505659341812
21474,0.21412651240825653
21475,0.21318913996219635
21476,0.21249179542064667
21477,0.21249179542064667
21478,0.21318913996219635
21479,0.20431804656982422
21480,0.2042873203754425
21481,0.2042873203754425
21482,0.20431804656982422
21483,0.23543059825897217
21484,0.23543059825897217
21485,0.2183171957731247
21486,0.2183171957731247
21487,0.22612877190113068
21488,0.22612877190113068
21489,0.2250877320766449
21490,0.22492115199565887
21491,0.22492115199565887
21492,0.2250877320766449
21493,0.22590337693691254
21494,0.22590337693691254
21495,0.23275472223758698
21496,0.23304300010204315
21497,0.23304300010204315
21498,0.23275472223758698
21499,0.21943241357803345
21500,0.21943241357803345
21501,0.21821732819080353
21502,0.2179601639509201
21503,0.2179601639509201
21504,0.21821732819080353
21505,0.21476802229881287
21506,0.21343420445919037
21507,0.21343420445919037
21508,0.21476802229881287
21509,0.2013320028781891
21510,0.2013320028781891
21511,0.20956727862358093
21512,0.20897383987903595
21513,0.20897383987903595
21514,0.20956727862358093
21515,0.19734662771224976
21516,0.1982349306344986
21517,0.1982349306344986
21518,0.19734662771224976
21519,0.2235645353794098
21520,0.2235645353794098
21521,0.22789329290390015
21522,0.22916913032531738
21523,0.22916913032531738
21524,0.22789329290390015
21525,0.1939239203929901
21526,0.19024066627025604
21527,0.19024066627025604
21528,0.1939239203929901
21529,0.23634877800941467
21530,0.23634877800941467
21531,0.2279108315706253
21532,0.2279108315706253
21533,0.25584080815315247
21534,0.2563154697418213
21535,0.2563154697418213
21536,0.25584080815315247
21537,0.22123770415782928
21538,0.22121484577655792
21539,0.22121484577655792
21540,0.22123770415782928
21541,0.2499910444021225
21542,0.2499910444021225
21543,0.22691236436367035
21544,0.22691236436367035
21545,0.2522435188293457
21546,0.2522435188293457
21547,0.2547683119773865
21548,0.2548525333404541
21549,0.2548525333404541
21550,0.2547683119773865
21551,0.17331098020076752
21552,0.1734546720981598
21553,0.1734546720981598
21554,0.17331098020076752
21555,0.1937558501958847
21556,0.1937558501958847
21557,0.18248705565929413
21558,0.18206550180912018
21559,0.18206550180912018
21560,0.18248705565929413
21561,0.1651255190372467
21562,0.16424354910850525
21563,0.16424354910850525
21564,0.1651255190372467
21565,0.20880158245563507
21566,0.20880158245563507
21567,0.177782341837883
21568,0.17797896265983582
21569,0.17797896265983582
21570,0.177782341837883
21571,0.20725220441818237
21572,0.20725220441818237
21573,0.18041642010211945
21574,0.18041642010211945
21575,0.2319209724664688
21576,0.2319209724664688
21577,0.23058350384235382
21578,0.2312055081129074
21579,0.2312055081129074
21580,0.23058350384235382
21581,0.24009741842746735
21582,0.24009741842746735
21583,0.24077817797660828
21584,0.239620640873909
21585,0.239620640873909
21586,0.24077817797660828
21587,0.19981102645397186
21588,0.20020076632499695
21589,0.20020076632499695
21590,0.19981102645397186
21591,0.24690790474414825
21592,0.24690790474414825
21593,0.24491901695728302
21594,0.24491901695728302
21595,0.24140605330467224
21596,0.2408907115459442
21597,0.2408907115459442
21598,0.24140605330467224
21599,0.2379702478647232
21600,0.23806922137737274
21601,0.23806922137737274
21602,0.2379702478647232
21603,0.2522340416908264
21604,0.2522340416908264
21605,0.23614464700222015
21606,0.23614464700222015
21607,0.2231377512216568
21608,0.2231377512216568
21609,0.1882575899362564
21610,0.18323847651481628
21611,0.18323847651481628
21612,0.1882575899362564
21613,0.23429222404956818
21614,0.23429222404956818
21615,0.21974356472492218
21616,0.21966587007045746
21617,0.21966587007045746
21618,0.21974356472492218
21619,0.20872949063777924
21620,0.20872949063777924
21621,0.22763995826244354
21622,0.22763995826244354
21623,0.17696700990200043
21624,0.17278850078582764
21625,0.17278850078582764
21626,0.17696700990200043
21627,0.25161421298980713
21628,0.25161421298980713
21629,0.21041549742221832
21630,0.20977608859539032
21631,0.20977608859539032
21632,0.21041549742221832
21633,0.2097548097372055
21634,0.2097548097372055
21635,0.2118980437517166
21636,0.21216581761837006
21637,0.21216581761837006
21638,0.2118980437517166
21639,0.22186659276485443
21640,0.22186659276485443
21641,0.22116725146770477
21642,0.22275972366333008
21643,0.22275972366333008
21644,0.22116725146770477
21645,0.17570661008358002
21646,0.1736861914396286
21647,0.1736861914396286
21648,0.17570661008358002
21649,0.23473291099071503
21650,0.23473291099071503
21651,0.2149781435728073
21652,0.2149781435728073
21653,0.2169245034456253
21654,0.21673263609409332
21655,0.21673263609409332
21656,0.2169245034456253
21657,0.21734696626663208
21658,0.21734696626663208
21659,0.2119416743516922
21660,0.2119416743516922
21661,0.23393909633159637
21662,0.23225407302379608
21663,0.23225407302379608
21664,0.23393909633159637
21665,0.22420170903205872
21666,0.22420170903205872
21667,0.2457684427499771
21668,0.24578757584095
21669,0.24578757584095
21670,0.2457684427499771
21671,0.2290547490119934
21672,0.22929459810256958
21673,0.22929459810256958
21674,0.2290547490119934
21675,0.2137823849916458
21676,0.21884967386722565
21677,0.21884967386722565
21678,0.2137823849916458
21679,0.2380077987909317
21680,0.2380077987909317
21681,0.26014840602874756
21682,0.25692158937454224
21683,0.25692158937454224
21684,0.26014840602874756
21685,0.2062160223722458
21686,0.20766688883304596
21687,0.20766688883304596
21688,0.2062160223722458
21689,0.22158047556877136
21690,0.22178436815738678
21691,0.22178436815738678
21692,0.22158047556877136
21693,0.24604249000549316
21694,0.24604249000549316
21695,0.25955837965011597
21696,0.25955837965011597
21697,0.2606782913208008
21698,0.2613895535469055
21699,0.2613895535469055
21700,0.2606782913208008
21701,0.23917236924171448
21702,0.24018730223178864
21703,0.24018730223178864
21704,0.23917236924171448
21705,0.25149446725845337
21706,0.25149446725845337
21707,0.2410893738269806
21708,0.2410893738269806
21709,0.22875328361988068
21710,0.22875328361988068
21711,0.19572757184505463
21712,0.19629515707492828
21713,0.19629515707492828
21714,0.19572757184505463
21715,0.2371235191822052
21716,0.2371235191822052
21717,0.21993958950042725
21718,0.22104133665561676
21719,0.22104133665561676
21720,0.21993958950042725
21721,0.22694243490695953
21722,0.22694243490695953
21723,0.2211558222770691
21724,0.22028672695159912
21725,0.22028672695159912
21726,0.2211558222770691
21727,0.24011480808258057
21728,0.237174391746521
21729,0.237174391746521
21730,0.24011480808258057
21731,0.24239732325077057
21732,0.24237529933452606
21733,0.24237529933452606
21734,0.24239732325077057
21735,0.19557592272758484
21736,0.19556815922260284
21737,0.19556815922260284
21738,0.19557592272758484
21739,0.20844745635986328
21740,0.20844745635986328
21741,0.20713263750076294
21742,0.20614852011203766
21743,0.20614852011203766
21744,0.20713263750076294
21745,0.22190172970294952
21746,0.221930593252182
21747,0.221930593252182
21748,0.22190172970294952
21749,0.23376475274562836
21750,0.23381932079792023
21751,0.23381932079792023
21752,0.23376475274562836
21753,0.20991821587085724
21754,0.21042539179325104
21755,0.21042539179325104
21756,0.20991821587085724
21757,0.2345277965068817
21758,0.23454029858112335
21759,0.23454029858112335
21760,0.2345277965068817
21761,0.2017994374036789
21762,0.19959108531475067
21763,0.19959108531475067
21764,0.2017994374036789
21765,0.22520816326141357
21766,0.22520816326141357
21767,0.22866851091384888
21768,0.22983290255069733
21769,0.22983290255069733
21770,0.22866851091384888
21771,0.17820867896080017
21772,0.17915938794612885
21773,0.17915938794612885
21774,0.17820867896080017
21775,0.20496344566345215
21776,0.20512382686138153
21777,0.20512382686138153
21778,0.20496344566345215
21779,0.20368553698062897
21780,0.20511303842067719
21781,0.20511303842067719
21782,0.20368553698062897
21783,0.2361530214548111
21784,0.2361530214548111
21785,0.281671941280365
21786,0.2813863158226013
21787,0.2813863158226013
21788,0.281671941280365
21789,0.22859884798526764
21790,0.22859884798526764
21791,0.27933967113494873
21792,0.28252387046813965
21793,0.28252387046813965
21794,0.27933967113494873
21795,0.2185831218957901
21796,0.21857504546642303
21797,0.21857504546642303
21798,0.2185831218957901
21799,0.24027325212955475
21800,0.24111922085285187
21801,0.24111922085285187
21802,0.24027325212955475
21803,0.22109867632389069
21804,0.22109000384807587
21805,0.22109000384807587
21806,0.22109867632389069
21807,0.1717362105846405
21808,0.1718152016401291
21809,0.1718152016401291
21810,0.1717362105846405
21811,0.24333329498767853
21812,0.24410109221935272
21813,0.24410109221935272
21814,0.24333329498767853
21815,0.3086702823638916
21816,0.3056548237800598
21817,0.3056548237800598
21818,0.3086702823638916
21819,0.2404731959104538
21820,0.2404731959104538
21821,0.22003647685050964
21822,0.22004497051239014
21823,0.22004497051239014
21824,0.22003647685050964
21825,0.21833769977092743
21826,0.21823574602603912
21827,0.21823574602603912
21828,0.21833769977092743
21829,0.1956331729888916
21830,0.1956324577331543
21831,0.1956324577331543
21832,0.1956331729888916
21833,0.20035947859287262
21834,0.20069678127765656
21835,0.20069678127765656
21836,0.20035947859287262
21837,0.24141933023929596
21838,0.24070857465267181
21839,0.24070857465267181
21840,0.24141933023929596
21841,0.24742533266544342
21842,0.24742533266544342
21843,0.2520553767681122
21844,0.25535887479782104
21845,0.25535887479782104
21846,0.2520553767681122
21847,0.24678465723991394
21848,0.24681296944618225
21849,0.24681296944618225
21850,0.24678465723991394
21851,0.23523691296577454
21852,0.2353735715150833
21853,0.2353735715150833
21854,0.23523691296577454
21855,0.23530319333076477
21856,0.23431679606437683
21857,0.23431679606437683
21858,0.23530319333076477
21859,0.21852704882621765
21860,0.21852704882621765
