,TC
0,0.2491670399904251
1,0.2174859344959259
2,0.19732457399368286
3,0.20083709061145782
4,0.19547733664512634
5,0.20330683887004852
6,0.21998482942581177
7,0.22284910082817078
8,0.2230113297700882
9,0.22165267169475555
10,0.22219406068325043
11,0.23576270043849945
12,0.26797184348106384
13,0.3486579656600952
14,0.17455753684043884
15,0.19411210715770721
16,0.18929870426654816
17,0.210618257522583
18,0.22942864894866943
19,0.17866194248199463
20,0.22867995500564575
21,0.20461270213127136
22,0.2182055562734604
23,0.19492605328559875
24,0.19524070620536804
25,0.2376996874809265
26,0.204320028424263
27,0.21381311118602753
28,0.22224807739257812
29,0.1925954520702362
30,0.23929975926876068
31,0.20528432726860046
32,0.24493089318275452
33,0.2020488977432251
34,0.20263540744781494
35,0.22207340598106384
36,0.19604948163032532
37,0.1596466302871704
38,0.21272367238998413
39,0.20531490445137024
40,0.22290819883346558
41,0.2703385651111603
42,0.1787146031856537
43,0.22261177003383636
44,0.2063795030117035
45,0.21824179589748383
46,0.270698606967926
47,0.2292308807373047
48,0.30789121985435486
49,0.28346771001815796
50,
51,0.1903013288974762
52,0.16675913333892822
53,0.22185516357421875
54,0.24497799575328827
55,0.2175811380147934
56,0.21249400079250336
57,0.21527571976184845
58,0.17291033267974854
59,0.31526321172714233
60,0.22983166575431824
61,0.196993887424469
62,0.1870245635509491
63,0.2561901807785034
64,0.18264302611351013
65,0.18651598691940308
66,0.1569538116455078
67,0.21035456657409668
68,0.2131032943725586
69,0.2113720178604126
70,0.18603499233722687
71,0.15712448954582214
72,0.2027025669813156
73,0.23315204679965973
74,0.2083621770143509
75,0.2612529993057251
76,0.21124939620494843
77,0.20413236320018768
78,0.21528887748718262
79,0.25350794196128845
80,0.215016707777977
81,0.2191983163356781
82,0.22321999073028564
83,0.3236219584941864
84,0.25701773166656494
85,0.20213723182678223
86,0.22802101075649261
87,0.2162376046180725
88,0.24748337268829346
89,0.24707235395908356
90,0.24707235395908356
91,0.24748337268829346
92,0.2266094833612442
93,0.2266094833612442
94,0.23510850965976715
95,0.2351219803094864
96,0.2351219803094864
97,0.23510850965976715
98,0.22138649225234985
99,0.22111362218856812
100,0.22111362218856812
101,0.22138649225234985
102,0.21682070195674896
103,0.2170913815498352
104,0.2170913815498352
105,0.21682070195674896
106,0.23384487628936768
107,0.23384487628936768
108,0.23334482312202454
109,0.23165547847747803
110,0.23165547847747803
111,0.23334482312202454
112,0.23303481936454773
113,0.2334630936384201
114,0.2334630936384201
115,0.23303481936454773
116,0.22988185286521912
117,0.2298031598329544
118,0.2298031598329544
119,0.22988185286521912
120,0.23614801466464996
121,0.23614801466464996
122,0.22884634137153625
123,0.22884634137153625
124,0.28860586881637573
125,0.2893829941749573
126,0.28938302397727966
127,0.28860586881637573
128,0.22156116366386414
129,0.22170715034008026
130,0.22170715034008026
131,0.22156116366386414
132,0.2157382369041443
133,0.21571499109268188
134,0.21571499109268188
135,0.2157382369041443
136,0.24977658689022064
137,0.24977658689022064
138,0.23320916295051575
139,0.23320916295051575
140,0.22702425718307495
141,0.22702425718307495
142,0.22091177105903625
143,0.21997568011283875
144,0.21997568011283875
145,0.22091177105903625
146,0.22514332830905914
147,0.22514332830905914
148,0.22846916317939758
149,0.22885087132453918
150,0.22885087132453918
151,0.22846916317939758
152,0.23597687482833862
153,0.23597687482833862
154,0.22930054366588593
155,0.22930054366588593
156,0.22804266214370728
157,0.22793163359165192
158,0.22793161869049072
159,0.22804266214370728
160,0.22320996224880219
161,0.22320996224880219
162,0.22918665409088135
163,0.22890302538871765
164,0.22890302538871765
165,0.22918665409088135
166,0.21719883382320404
167,0.21719883382320404
168,0.20885269343852997
169,0.20948363840579987
170,0.20948363840579987
171,0.20885269343852997
172,0.2187442183494568
173,0.2187442183494568
174,0.21295396983623505
175,0.21288608014583588
176,0.21288608014583588
177,0.21295396983623505
178,0.21668334305286407
179,0.21668334305286407
180,0.2037080079317093
181,0.20406165719032288
182,0.20406165719032288
183,0.2037080079317093
184,0.21817712485790253
185,0.21817712485790253
186,0.21021899580955505
187,0.21017275750637054
188,0.21017275750637054
189,0.21021899580955505
190,0.2205766886472702
191,0.2205766886472702
192,0.22958943247795105
193,0.2279200702905655
194,0.2279200702905655
195,0.22958943247795105
196,0.2314051240682602
197,0.2324509471654892
198,0.2324509471654892
199,0.2314051240682602
200,0.24240663647651672
201,0.2430582493543625
202,0.2430582493543625
203,0.24240663647651672
204,0.19106952846050262
205,0.19131077826023102
206,0.19131077826023102
207,0.19106952846050262
208,0.2063145637512207
209,0.2063145637512207
210,0.20023766160011292
211,0.19943547248840332
212,0.19943547248840332
213,0.20023766160011292
214,0.2095089554786682
215,0.20978383719921112
216,0.20978383719921112
217,0.2095089554786682
218,0.22149211168289185
219,0.22156575322151184
220,0.22156575322151184
221,0.22149211168289185
222,0.20578545331954956
223,0.2056247442960739
224,0.2056247591972351
225,0.20578545331954956
226,0.20928172767162323
227,0.2093440145254135
228,0.2093440145254135
229,0.20928172767162323
230,0.21042004227638245
231,0.2039843648672104
232,0.2039843648672104
233,0.21042004227638245
234,0.21068869531154633
235,0.21068869531154633
236,0.21867802739143372
237,0.21816086769104004
238,0.21816086769104004
239,0.21867802739143372
240,0.1891058385372162
241,0.18823333084583282
242,0.18823333084583282
243,0.1891058385372162
244,0.2170352339744568
245,0.2172287553548813
246,0.2172287553548813
247,0.2170352339744568
248,0.2058514654636383
249,0.21033719182014465
250,0.21033719182014465
251,0.2058514654636383
252,0.21929548680782318
253,0.21929548680782318
254,0.24695947766304016
255,0.24604469537734985
256,0.24604469537734985
257,0.24695947766304016
258,0.20563828945159912
259,0.20563828945159912
260,0.2470850944519043
261,0.24620097875595093
262,0.24620097875595093
263,0.2470850944519043
264,0.2263452261686325
265,0.2274300754070282
266,0.2274300754070282
267,0.2263452261686325
268,0.26513609290122986
269,0.26531171798706055
270,0.26531171798706055
271,0.26513609290122986
272,0.20074144005775452
273,0.20077268779277802
274,0.20077268779277802
275,0.20074144005775452
276,0.182256817817688
277,0.18227584660053253
278,0.18227584660053253
279,0.182256817817688
280,0.23484846949577332
281,0.23170849680900574
282,0.23170849680900574
283,0.23484846949577332
284,0.2720341980457306
285,0.2759723961353302
286,0.2759723961353302
287,0.2720341980457306
288,0.20607322454452515
289,0.20631977915763855
290,0.20631977915763855
291,0.20607322454452515
292,0.1997840702533722
293,0.20007845759391785
294,0.20007845759391785
295,0.1997840702533722
296,0.19459354877471924
297,0.19461719691753387
298,0.19461719691753387
299,0.19459354877471924
300,0.20147085189819336
301,0.201613187789917
302,0.201613187789917
303,0.20147085189819336
304,0.22345244884490967
305,0.21947932243347168
306,0.21947932243347168
307,0.22345244884490967
308,0.21886803209781647
309,0.21886803209781647
310,0.24570736289024353
311,0.240125834941864
312,0.240125834941864
313,0.24570736289024353
314,0.231406107544899
315,0.23224641382694244
316,0.23224641382694244
317,0.231406107544899
318,0.2212681770324707
319,0.22279322147369385
320,0.22279320657253265
321,0.2212681770324707
322,0.22776317596435547
323,0.22932632267475128
324,0.22932632267475128
325,0.22776317596435547
326,0.21420687437057495
327,0.21420687437057495
328,0.22183918952941895
329,0.22191092371940613
330,0.22191092371940613
331,0.22183918952941895
332,0.2187156230211258
333,0.2187156230211258
334,0.23354920744895935
335,0.23332789540290833
336,0.23332789540290833
337,0.23354920744895935
338,0.19817782938480377
339,0.198990136384964
340,0.198990136384964
341,0.19817782938480377
342,0.22020727396011353
343,0.22020727396011353
344,0.21927371621131897
345,0.21908068656921387
346,0.21908068656921387
347,0.21927371621131897
348,0.22891223430633545
349,0.22891223430633545
350,0.22888270020484924
351,0.22779437899589539
352,0.22779437899589539
353,0.22888270020484924
354,0.2414228469133377
355,0.23932752013206482
356,0.23932752013206482
357,0.2414228469133377
358,0.25827330350875854
359,0.25875988602638245
360,0.25875988602638245
361,0.25827330350875854
362,0.201515331864357
363,0.2015651911497116
364,0.2015651911497116
365,0.201515331864357
366,0.2062782645225525
367,0.2062782645225525
368,0.20364901423454285
369,0.20244555175304413
370,0.20244555175304413
371,0.20364901423454285
372,0.21769782900810242
373,0.21779385209083557
374,0.21779385209083557
375,0.21769782900810242
376,0.2289966642856598
377,0.229079470038414
378,0.229079470038414
379,0.2289966642856598
380,0.20876045525074005
381,0.2080616056919098
382,0.2080616056919098
383,0.20876045525074005
384,0.21523109078407288
385,0.21527180075645447
386,0.21527180075645447
387,0.21523109078407288
388,0.20330339670181274
389,0.20344746112823486
390,0.20344746112823486
391,0.20330339670181274
392,0.21284301578998566
393,0.21284301578998566
394,0.22613711655139923
395,0.22645904123783112
396,0.22645904123783112
397,0.22613711655139923
398,0.21040117740631104
399,0.21045951545238495
400,0.21045951545238495
401,0.21040117740631104
402,0.2244342565536499
403,0.22434887290000916
404,0.22434887290000916
405,0.2244342565536499
406,0.2134072482585907
407,0.2101791948080063
408,0.2101791948080063
409,0.2134072482585907
410,0.22442474961280823
411,0.22442474961280823
412,0.26007816195487976
413,0.260580837726593
414,0.260580837726593
415,0.26007816195487976
416,0.2157398909330368
417,0.2157398909330368
418,0.26007670164108276
419,0.2654396891593933
420,0.2654396891593933
421,0.26007670164108276
422,0.23716244101524353
423,0.23808151483535767
424,0.23808151483535767
425,0.23716244101524353
426,0.2847938537597656
427,0.2872527837753296
428,0.2872527837753296
429,0.2847938537597656
430,0.20816488564014435
431,0.20817191898822784
432,0.20817191898822784
433,0.20816488564014435
434,0.19588381052017212
435,0.19590425491333008
436,0.19590425491333008
437,0.19588381052017212
438,0.23982636630535126
439,0.2419036626815796
440,0.2419036626815796
441,0.23982636630535126
442,0.30006924271583557
443,0.29753684997558594
444,0.29753684997558594
445,0.30006924271583557
446,0.24457231163978577
447,0.24457231163978577
448,0.20914016664028168
449,0.209212064743042
450,0.209212064743042
451,0.20914016664028168
452,0.2046894133090973
453,0.20480266213417053
454,0.20480266213417053
455,0.2046894133090973
456,0.2048189491033554
457,0.20482340455055237
458,0.20482340455055237
459,0.2048189491033554
460,0.2037043273448944
461,0.20371441543102264
462,0.20371441543102264
463,0.2037043273448944
464,0.23173119127750397
465,0.22735707461833954
466,0.22735707461833954
467,0.23173119127750397
468,0.2307693362236023
469,0.2307693362236023
470,0.2558844983577728
471,0.25028643012046814
472,0.25028643012046814
473,0.2558844983577728
474,0.24101541936397552
475,0.24145492911338806
476,0.24145492911338806
477,0.24101541936397552
478,0.22902651131153107
479,0.2311462163925171
480,0.2311462163925171
481,0.22902649641036987
482,0.24734605848789215
483,0.2492222785949707
484,0.2492222785949707
485,0.24734605848789215
486,0.21802198886871338
487,0.21802198886871338
488,0.21856747567653656
489,0.2181984782218933
490,0.2181984782218933
491,0.21856747567653656
492,0.19082386791706085
493,0.19096699357032776
494,0.19096699357032776
495,0.19082386791706085
496,0.2045847475528717
497,0.2045847475528717
498,0.20190703868865967
499,0.1998780220746994
500,0.1998780220746994
501,0.20190703868865967
502,0.20687393844127655
503,0.20705117285251617
504,0.20705117285251617
505,0.20687393844127655
506,0.20503704249858856
507,0.20468102395534515
508,0.20468102395534515
509,0.20503704249858856
510,0.20463117957115173
511,0.2030232697725296
512,0.2030232697725296
513,0.20463117957115173
514,0.2096097767353058
515,0.2096097767353058
516,0.21406248211860657
517,0.21500837802886963
518,0.21500837802886963
519,0.21406248211860657
520,0.18869338929653168
521,0.18882052600383759
522,0.18882052600383759
523,0.18869338929653168
524,0.21365901827812195
525,0.21364597976207733
526,0.21364597976207733
527,0.21365901827812195
528,0.21088621020317078
529,0.21088621020317078
530,0.24472908675670624
531,0.24464181065559387
532,0.24464181065559387
533,0.24472908675670624
534,0.20369501411914825
535,0.20369501411914825
536,0.25600117444992065
537,0.25706177949905396
538,0.25706177949905396
539,0.25600117444992065
540,0.19901946187019348
541,0.19912877678871155
542,0.19912877678871155
543,0.19901946187019348
544,0.20178183913230896
545,0.20182442665100098
546,0.20182442665100098
547,0.20178183913230896
548,0.21464064717292786
549,0.21464064717292786
550,0.24181146919727325
551,0.23773549497127533
552,0.23773549497127533
553,0.24181146919727325
554,0.21154016256332397
555,0.21154016256332397
556,0.24013572931289673
557,0.24020276963710785
558,0.24020276963710785
559,0.24013572931289673
560,0.20220959186553955
561,0.20255544781684875
562,0.20255544781684875
563,0.20220959186553955
564,0.21225322782993317
565,0.21225322782993317
566,0.21469148993492126
567,0.20985616743564606
568,0.20985616743564606
569,0.21469148993492126
570,0.2228374183177948
571,0.22318661212921143
572,0.22318661212921143
573,0.2228374183177948
574,0.21820616722106934
575,0.2165987342596054
576,0.2165987193584442
577,0.21820616722106934
578,0.22054371237754822
579,0.20998679101467133
580,0.20998679101467133
581,0.22054371237754822
582,0.21930764615535736
583,0.21930764615535736
584,0.2368345707654953
585,0.23406240344047546
586,0.23406240344047546
587,0.2368345707654953
588,0.21615296602249146
589,0.21424122154712677
590,0.21424122154712677
591,0.21615296602249146
592,0.2347351461648941
593,0.23490355908870697
594,0.23490355908870697
595,0.2347351461648941
596,0.22476676106452942
597,0.22476676106452942
598,0.2659340500831604
599,0.2648821473121643
600,0.2648821473121643
601,0.2659340500831604
602,0.22895734012126923
603,0.22895734012126923
604,0.28701409697532654
605,0.28602710366249084
606,0.28602710366249084
607,0.28701409697532654
608,0.2091129869222641
609,0.20926836133003235
610,0.20926836133003235
611,0.2091129869222641
612,0.21262241899967194
613,0.21288149058818817
614,0.21288149058818817
615,0.21262241899967194
616,0.23036321997642517
617,0.23036321997642517
618,0.2695864140987396
619,0.2592240273952484
620,0.2592240273952484
621,0.2695864140987396
622,0.2263655960559845
623,0.2263655960559845
624,0.21545255184173584
625,0.21545255184173584
626,0.22522123157978058
627,0.2243456393480301
628,0.2243456393480301
629,0.22522123157978058
630,0.19681644439697266
631,0.1971760094165802
632,0.1971760094165802
633,0.19681644439697266
634,0.22549991309642792
635,0.22549991309642792
636,0.21469448506832123
637,0.21467898786067963
638,0.21467900276184082
639,0.21469448506832123
640,0.2199786752462387
641,0.2199786752462387
642,0.20962420105934143
643,0.20962420105934143
644,0.20777399837970734
645,0.20799173414707184
646,0.20799173414707184
647,0.20777399837970734
648,0.22040477395057678
649,0.22040477395057678
650,0.1987912952899933
651,0.19862890243530273
652,0.19862890243530273
653,0.1987912952899933
654,0.20881164073944092
655,0.20881164073944092
656,0.22332607209682465
657,0.22332607209682465
658,0.22379589080810547
659,0.2242017239332199
660,0.2242017239332199
661,0.22379589080810547
662,0.22136647999286652
663,0.22136647999286652
664,0.22901785373687744
665,0.22906523942947388
666,0.22906523942947388
667,0.22901785373687744
668,0.2287096083164215
669,0.2287096083164215
670,0.20881062746047974
671,0.20882219076156616
672,0.20882220566272736
673,0.20881062746047974
674,0.2220730036497116
675,0.22113148868083954
676,0.22113148868083954
677,0.2220730036497116
678,0.2094837874174118
679,0.2094837874174118
680,0.20458270609378815
681,0.2041592001914978
682,0.2041592001914978
683,0.20458270609378815
684,0.22677205502986908
685,0.22682452201843262
686,0.22682452201843262
687,0.22677205502986908
688,0.20402446389198303
689,0.20365360379219055
690,0.20365360379219055
691,0.20402446389198303
692,0.20273669064044952
693,0.2039298564195633
694,0.2039298564195633
695,0.20273669064044952
696,0.22163046896457672
697,0.22163046896457672
698,0.21795783936977386
699,0.21809352934360504
700,0.21809352934360504
701,0.21795783936977386
702,0.2079412341117859
703,0.2083406150341034
704,0.2083406150341034
705,0.2079412341117859
706,0.21169349551200867
707,0.21165713667869568
708,0.21165713667869568
709,0.21169349551200867
710,0.22602781653404236
711,0.22602781653404236
712,0.21039485931396484
713,0.21039485931396484
714,0.2832200527191162
715,0.2845432162284851
716,0.2845432162284851
717,0.2832200527191162
718,0.2105160355567932
719,0.2107705920934677
720,0.2107705920934677
721,0.2105160355567932
722,0.20033249258995056
723,0.2003079503774643
724,0.2003079503774643
725,0.20033249258995056
726,0.2364579141139984
727,0.2364579141139984
728,0.2391141951084137
729,0.23543505370616913
730,0.23543505370616913
731,0.2391141951084137
732,0.22034776210784912
733,0.22034776210784912
734,0.21888120472431183
735,0.21888120472431183
736,0.18754449486732483
737,0.1899103969335556
738,0.1899103969335556
739,0.18754449486732483
740,0.21871602535247803
741,0.21871602535247803
742,0.2124609798192978
743,0.2125651240348816
744,0.2125651240348816
745,0.2124609798192978
746,0.24026954174041748
747,0.24026954174041748
748,0.24045567214488983
749,0.24034281075000763
750,0.24034281075000763
751,0.24045567214488983
752,0.23538359999656677
753,0.23538359999656677
754,0.24794065952301025
755,0.24922680854797363
756,0.24922680854797363
757,0.24794065952301025
758,0.21326234936714172
759,0.21090258657932281
760,0.21090258657932281
761,0.21326234936714172
762,0.2297070324420929
763,0.2297070324420929
764,0.24153663218021393
765,0.24153663218021393
766,0.2400844395160675
767,0.24050983786582947
768,0.24050983786582947
769,0.2400844395160675
770,0.23408061265945435
771,0.23408061265945435
772,0.24136890470981598
773,0.24136890470981598
774,0.20877793431282043
775,0.20877793431282043
776,0.20963501930236816
777,0.20932739973068237
778,0.20932739973068237
779,0.20963501930236816
780,0.2146184891462326
781,0.2146184891462326
782,0.21557888388633728
783,0.21437597274780273
784,0.21437597274780273
785,0.21557888388633728
786,0.20571419596672058
787,0.20621445775032043
788,0.20621445775032043
789,0.20571419596672058
790,0.21891890466213226
791,0.21891890466213226
792,0.20813965797424316
793,0.20813965797424316
794,0.24906951189041138
795,0.25053560733795166
796,0.25053560733795166
797,0.24906951189041138
798,0.20120634138584137
799,0.20137403905391693
800,0.20137403905391693
801,0.20120634138584137
802,0.21937520802021027
803,0.21937520802021027
804,0.2159828543663025
805,0.2159828543663025
806,0.24298232793807983
807,0.24280698597431183
808,0.24280698597431183
809,0.24298232793807983
810,0.2049243450164795
811,0.20497329533100128
812,0.20497329533100128
813,0.2049243450164795
814,0.2135021835565567
815,0.2135021835565567
816,0.21703451871871948
817,0.21786129474639893
818,0.21786129474639893
819,0.21703451871871948
820,0.23223820328712463
821,0.23215016722679138
822,0.23215016722679138
823,0.23223820328712463
824,0.2243778109550476
825,0.2293023020029068
826,0.2293023020029068
827,0.2243778109550476
828,0.2155785858631134
829,0.22300313413143158
830,0.22300313413143158
831,0.2155785858631134
832,0.22377589344978333
833,0.22377589344978333
834,0.2473272830247879
835,0.25059080123901367
836,0.25059080123901367
837,0.2473272830247879
838,0.22194364666938782
839,0.21621790528297424
840,0.21621790528297424
841,0.22194364666938782
842,0.2448250949382782
843,0.24624182283878326
844,0.24624182283878326
845,0.2448250949382782
846,0.22449786961078644
847,0.22449786961078644
848,0.284040629863739
849,0.285566508769989
850,0.285566508769989
851,0.284040629863739
852,0.2476148009300232
853,0.2476148009300232
854,0.3011051416397095
855,0.2967643141746521
856,0.2967643141746521
857,0.3011051416397095
858,0.21371495723724365
859,0.21249689161777496
860,0.21249689161777496
861,0.21371495723724365
862,0.2139240801334381
863,0.21527764201164246
864,0.21527764201164246
865,0.2139240801334381
866,0.23215807974338531
867,0.23215807974338531
868,0.25333479046821594
869,0.2895928621292114
870,0.2895928621292114
871,0.25333479046821594
872,0.2371962070465088
873,0.2371962070465088
874,0.22465017437934875
875,0.2223057746887207
876,0.2223057746887207
877,0.22465017437934875
878,0.20427775382995605
879,0.20427775382995605
880,0.20666560530662537
881,0.2068147361278534
882,0.2068147361278534
883,0.20666560530662537
884,0.20306521654129028
885,0.20287762582302094
886,0.20287762582302094
887,0.20306521654129028
888,0.202877014875412
889,0.20139630138874054
890,0.20139630138874054
891,0.202877014875412
892,0.20705001056194305
893,0.20705001056194305
894,0.2123500257730484
895,0.21049785614013672
896,0.21049785614013672
897,0.2123500257730484
898,0.1880626082420349
899,0.18773804605007172
900,0.18773804605007172
901,0.1880626082420349
902,0.21273347735404968
903,0.21275672316551208
904,0.21275672316551208
905,0.21273347735404968
906,0.21728242933750153
907,0.21728242933750153
908,0.19888491928577423
909,0.19888491928577423
910,0.253384530544281
911,0.2556617259979248
912,0.2556617259979248
913,0.253384530544281
914,0.19703921675682068
915,0.19723305106163025
916,0.19723305106163025
917,0.19703921675682068
918,0.21353358030319214
919,0.21353358030319214
920,0.2094862461090088
921,0.2094862461090088
922,0.23207339644432068
923,0.23154693841934204
924,0.23154693841934204
925,0.23207339644432068
926,0.24051493406295776
927,0.24018892645835876
928,0.24018892645835876
929,0.24051493406295776
930,0.268320232629776
931,0.2685626447200775
932,0.2685626447200775
933,0.268320232629776
934,0.20605707168579102
935,0.20611880719661713
936,0.20611880719661713
937,0.20605707168579102
938,0.21647506952285767
939,0.21647506952285767
940,0.21612003445625305
941,0.2165810912847519
942,0.2165810912847519
943,0.21612003445625305
944,0.22567392885684967
945,0.22569508850574493
946,0.22569508850574493
947,0.22567392885684967
948,0.2264002412557602
949,0.22636549174785614
950,0.22636549174785614
951,0.2264002412557602
952,0.23235049843788147
953,0.23266655206680298
954,0.23266655206680298
955,0.23235049843788147
956,0.23885776102542877
957,0.23847723007202148
958,0.23847723007202148
959,0.23885774612426758
960,0.22419379651546478
961,0.22353318333625793
962,0.22353318333625793
963,0.22419379651546478
964,0.22102119028568268
965,0.221157968044281
966,0.221157968044281
967,0.22102119028568268
968,0.21442337334156036
969,0.21430209279060364
970,0.21430209279060364
971,0.21442337334156036
972,0.22472412884235382
973,0.22472412884235382
974,0.23438605666160583
975,0.23560093343257904
976,0.23560093343257904
977,0.23438605666160583
978,0.2121310532093048
979,0.21253836154937744
980,0.21253836154937744
981,0.2121310532093048
982,0.2376817911863327
983,0.2375333607196808
984,0.2375333607196808
985,0.2376817911863327
986,0.21830381453037262
987,0.21685636043548584
988,0.21685636043548584
989,0.21830381453037262
990,0.22312141954898834
991,0.22312141954898834
992,0.2707787752151489
993,0.27210116386413574
994,0.27210116386413574
995,0.2707787752151489
996,0.22412331402301788
997,0.22412331402301788
998,0.22753828763961792
999,0.2263834923505783
1000,0.2263834923505783
1001,0.22753828763961792
1002,0.24161124229431152
1003,0.24414396286010742
1004,0.24414396286010742
1005,0.24161124229431152
1006,0.273262083530426
1007,0.27450990676879883
1008,0.27450990676879883
1009,0.273262083530426
1010,0.24297785758972168
1011,0.2440004199743271
1012,0.2440004199743271
1013,0.24297785758972168
1014,0.27997666597366333
1015,0.2808462977409363
1016,0.2808462977409363
1017,0.27997666597366333
1018,0.24896758794784546
1019,0.25040632486343384
1020,0.25040632486343384
1021,0.24896758794784546
1022,0.20959924161434174
1023,0.2096140831708908
1024,0.2096140831708908
1025,0.20959924161434174
1026,0.20676679909229279
1027,0.2067762315273285
1028,0.2067762315273285
1029,0.20676679909229279
1030,0.24049921333789825
1031,0.24049921333789825
1032,0.2537471055984497
1033,0.2542099356651306
1034,0.2542099356651306
1035,0.2537471055984497
1036,0.19997788965702057
1037,0.199936643242836
1038,0.199936643242836
1039,0.19997788965702057
1040,0.29279202222824097
1041,0.29030048847198486
1042,0.29030048847198486
1043,0.29279202222824097
1044,0.2403438687324524
1045,0.2403438687324524
1046,0.21678145229816437
1047,0.21684806048870087
1048,0.21684806048870087
1049,0.21678145229816437
1050,0.21117599308490753
1051,0.21066026389598846
1052,0.21066026389598846
1053,0.21117599308490753
1054,0.2519115209579468
1055,0.25199514627456665
1056,0.25199514627456665
1057,0.2519115209579468
1058,0.20746417343616486
1059,0.2074625939130783
1060,0.2074625939130783
1061,0.20746417343616486
1062,0.21769224107265472
1063,0.21762637794017792
1064,0.21762637794017792
1065,0.21769224107265472
1066,0.2022121697664261
1067,0.20175647735595703
1068,0.20175647735595703
1069,0.2022121697664261
1070,0.2415541410446167
1071,0.24048489332199097
1072,0.24048489332199097
1073,0.2415541410446167
1074,0.23145414888858795
1075,0.23155781626701355
1076,0.23155781626701355
1077,0.23145414888858795
1078,0.2033444344997406
1079,0.20333895087242126
1080,0.20333895087242126
1081,0.2033444344997406
1082,0.24806009232997894
1083,0.2498100847005844
1084,0.2498100847005844
1085,0.24806009232997894
1086,0.229970782995224
1087,0.229970782995224
1088,0.2589595913887024
1089,0.2595002055168152
1090,0.2595002055168152
1091,0.2589595913887024
1092,0.23506274819374084
1093,0.23506274819374084
1094,0.25309857726097107
1095,0.25330033898353577
1096,0.25330033898353577
1097,0.25309857726097107
1098,0.24304763972759247
1099,0.2449752688407898
1100,0.2449752688407898
1101,0.24304763972759247
1102,0.24218222498893738
1103,0.24440407752990723
1104,0.24440407752990723
1105,0.24218222498893738
1106,0.24248243868350983
1107,0.24208058416843414
1108,0.24208058416843414
1109,0.24248243868350983
1110,0.23433083295822144
1111,0.23433083295822144
1112,0.20412343740463257
1113,0.20412343740463257
1114,0.20129238069057465
1115,0.20132526755332947
1116,0.20132526755332947
1117,0.20129238069057465
1118,0.21140792965888977
1119,0.21140792965888977
1120,0.2127360999584198
1121,0.21341340243816376
1122,0.21341340243816376
1123,0.2127360999584198
1124,0.18522898852825165
1125,0.1834566593170166
1126,0.1834566593170166
1127,0.18522898852825165
1128,0.2096342295408249
1129,0.2096342295408249
1130,0.20448268949985504
1131,0.20448268949985504
1132,0.20087961852550507
1133,0.2008516639471054
1134,0.2008516639471054
1135,0.20087961852550507
1136,0.21818704903125763
1137,0.21818704903125763
1138,0.21742579340934753
1139,0.21742579340934753
1140,0.21876558661460876
1141,0.21874184906482697
1142,0.21874184906482697
1143,0.21876558661460876
1144,0.2162681519985199
1145,0.2162681519985199
1146,0.220442995429039
1147,0.22070077061653137
1148,0.22070077061653137
1149,0.220442995429039
1150,0.21351753175258636
1151,0.2148728221654892
1152,0.2148728221654892
1153,0.21351753175258636
1154,0.21522746980190277
1155,0.21522746980190277
1156,0.21271935105323792
1157,0.2129269540309906
1158,0.2129269540309906
1159,0.21271935105323792
1160,0.2210090160369873
1161,0.2210090160369873
1162,0.22220975160598755
1163,0.22220975160598755
1164,0.2232554405927658
1165,0.2232554405927658
1166,0.21089674532413483
1167,0.210164412856102
1168,0.210164412856102
1169,0.21089674532413483
1170,0.22685882449150085
1171,0.22685882449150085
1172,0.2217661291360855
1173,0.2222367823123932
1174,0.2222367823123932
1175,0.2217661291360855
1176,0.234134703874588
1177,0.234134703874588
1178,0.24600523710250854
1179,0.24477261304855347
1180,0.24477261304855347
1181,0.24600523710250854
1182,0.24656528234481812
1183,0.24553067982196808
1184,0.24553067982196808
1185,0.24656528234481812
1186,0.28148889541625977
1187,0.2819221317768097
1188,0.2819221317768097
1189,0.28148889541625977
1190,0.21003319323062897
1191,0.21021930873394012
1192,0.21021930873394012
1193,0.21003319323062897
1194,0.21762804687023163
1195,0.21762804687023163
1196,0.2190532386302948
1197,0.21892394125461578
1198,0.21892394125461578
1199,0.2190532386302948
1200,0.23873239755630493
1201,0.2389325648546219
1202,0.2389325648546219
1203,0.23873239755630493
1204,0.24981513619422913
1205,0.2498176246881485
1206,0.2498176246881485
1207,0.24981513619422913
1208,0.23078417778015137
1209,0.22973428666591644
1210,0.22973428666591644
1211,0.23078417778015137
1212,0.23065754771232605
1213,0.23089465498924255
1214,0.23089466989040375
1215,0.23065756261348724
1216,0.21884243190288544
1217,0.21774281561374664
1218,0.21774281561374664
1219,0.21884243190288544
1220,0.22928878664970398
1221,0.22928878664970398
1222,0.24668678641319275
1223,0.24908095598220825
1224,0.24908095598220825
1225,0.24668678641319275
1226,0.21889984607696533
1227,0.22216437757015228
1228,0.22216437757015228
1229,0.21889984607696533
1230,0.24902686476707458
1231,0.24887129664421082
1232,0.24887129664421082
1233,0.24902686476707458
1234,0.22486639022827148
1235,0.22220534086227417
1236,0.22220534086227417
1237,0.22486639022827148
1238,0.2297448217868805
1239,0.2297448217868805
1240,0.2841652035713196
1241,0.2852027714252472
1242,0.2852027714252472
1243,0.2841652035713196
1244,0.23677685856819153
1245,0.23677685856819153
1246,0.2871151566505432
1247,0.2896100878715515
1248,0.2896100878715515
1249,0.2871151566505432
1250,0.2538107633590698
1251,0.254970520734787
1252,0.254970520734787
1253,0.2538107633590698
1254,0.29732370376586914
1255,0.30016028881073
1256,0.30016028881073
1257,0.29732370376586914
1258,0.21412937343120575
1259,0.2141694575548172
1260,0.2141694575548172
1261,0.21412937343120575
1262,0.2106974720954895
1263,0.21070542931556702
1264,0.21070542931556702
1265,0.2106974720954895
1266,0.26549920439720154
1267,0.2656995952129364
1268,0.2656995952129364
1269,0.26549920439720154
1270,0.3104364275932312
1271,0.3075183033943176
1272,0.3075183033943176
1273,0.3104364275932312
1274,0.24680869281291962
1275,0.22267869114875793
1276,0.22290627658367157
1277,0.22290627658367157
1278,0.22267869114875793
1279,0.21609900891780853
1280,0.21586064994335175
1281,0.21586064994335175
1282,0.21609900891780853
1283,0.2109648734331131
1284,0.21098026633262634
1285,0.21098026633262634
1286,0.2109648734331131
1287,0.22077558934688568
1288,0.2207368016242981
1289,0.2207368016242981
1290,0.22077558934688568
1291,0.2525741755962372
1292,0.2503315210342407
1293,0.2503315210342407
1294,0.2525741755962372
1295,0.23428931832313538
1296,0.23428931832313538
1297,0.2766910493373871
1298,0.27307945489883423
1299,0.27307945489883423
1300,0.2766910493373871
1301,0.27059391140937805
1302,0.27102234959602356
1303,0.27102234959602356
1304,0.27059391140937805
1305,0.25301870703697205
1306,0.2548021376132965
1307,0.2548021376132965
1308,0.25301870703697205
1309,0.2523515820503235
1310,0.2540803849697113
1311,0.2540803849697113
1312,0.2523515820503235
1313,0.24148884415626526
1314,0.24148884415626526
1315,0.20139160752296448
1316,0.20179392397403717
1317,0.20179392397403717
1318,0.20139160752296448
1319,0.20228905975818634
1320,0.20228905975818634
1321,0.19853565096855164
1322,0.19965432584285736
1323,0.19965432584285736
1324,0.19853565096855164
1325,0.18600240349769592
1326,0.18506720662117004
1327,0.18506720662117004
1328,0.18600240349769592
1329,0.20825867354869843
1330,0.20825867354869843
1331,0.19516585767269135
1332,0.1953631341457367
1333,0.1953631341457367
1334,0.19516585767269135
1335,0.20754103362560272
1336,0.20754103362560272
1337,0.24385733902454376
1338,0.24346591532230377
1339,0.24346591532230377
1340,0.24385733902454376
1341,0.2184789627790451
1342,0.2184789627790451
1343,0.22059562802314758
1344,0.2200026959180832
1345,0.2200026959180832
1346,0.22059562802314758
1347,0.21696463227272034
1348,0.21656610071659088
1349,0.21656610071659088
1350,0.21696463227272034
1351,0.22696642577648163
1352,0.22696642577648163
1353,0.24225668609142303
1354,0.24057595431804657
1355,0.24057595431804657
1356,0.24225668609142303
1357,0.21208542585372925
1358,0.21287108957767487
1359,0.21287108957767487
1360,0.21208542585372925
1361,0.22869741916656494
1362,0.22869741916656494
1363,0.23494921624660492
1364,0.23494921624660492
1365,0.27381834387779236
1366,0.27445727586746216
1367,0.27445727586746216
1368,0.27381834387779236
1369,0.21482619643211365
1370,0.21436168253421783
1371,0.21436168253421783
1372,0.21482619643211365
1373,0.23633581399917603
1374,0.23633581399917603
1375,0.22739289700984955
1376,0.22739289700984955
1377,0.22249668836593628
1378,0.22619514167308807
1379,0.22619514167308807
1380,0.22249668836593628
1381,0.206056147813797
1382,0.206056147813797
1383,0.2096039056777954
1384,0.20884500443935394
1385,0.20884500443935394
1386,0.2096039056777954
1387,0.21116094291210175
1388,0.20430469512939453
1389,0.20430469512939453
1390,0.21116094291210175
1391,0.2118600755929947
1392,0.2118600755929947
1393,0.2181953489780426
1394,0.21805787086486816
1395,0.21805787086486816
1396,0.2181953489780426
1397,0.20937089622020721
1398,0.2092381715774536
1399,0.2092381715774536
1400,0.20937089622020721
1401,0.2169252187013626
1402,0.2169252187013626
1403,0.20988105237483978
1404,0.20988105237483978
1405,0.27167829871177673
1406,0.2710258960723877
1407,0.2710258960723877
1408,0.27167829871177673
1409,0.2014298290014267
1410,0.20130228996276855
1411,0.20130228996276855
1412,0.2014298290014267
1413,0.22213642299175262
1414,0.22213642299175262
1415,0.21672473847866058
1416,0.21672473847866058
1417,0.20431452989578247
1418,0.20431452989578247
1419,0.20673826336860657
1420,0.2068871259689331
1421,0.2068871259689331
1422,0.20673826336860657
1423,0.21264980733394623
1424,0.21264980733394623
1425,0.19576315581798553
1426,0.19629377126693726
1427,0.19629377126693726
1428,0.19576315581798553
1429,0.23497967422008514
1430,0.23497967422008514
1431,0.2256687730550766
1432,0.22561360895633698
1433,0.22561360895633698
1434,0.2256687730550766
1435,0.23080141842365265
1436,0.23080141842365265
1437,0.2339581996202469
1438,0.23427163064479828
1439,0.23427163064479828
1440,0.2339581996202469
1441,0.24517816305160522
1442,0.24517816305160522
1443,0.24185165762901306
1444,0.24116548895835876
1445,0.24116548895835876
1446,0.24185165762901306
1447,0.2338915765285492
1448,0.2338915765285492
1449,0.24964164197444916
1450,0.24938711524009705
1451,0.24938711524009705
1452,0.24964164197444916
1453,0.2547796368598938
1454,0.2547796368598938
1455,0.2329927235841751
1456,0.2329927235841751
1457,0.2433549463748932
1458,0.24265801906585693
1459,0.24265801906585693
1460,0.2433549463748932
1461,0.24342572689056396
1462,0.24342572689056396
1463,0.2589207589626312
1464,0.2600478231906891
1465,0.2600478231906891
1466,0.2589207589626312
1467,0.23848505318164825
1468,0.23752206563949585
1469,0.23752206563949585
1470,0.23848505318164825
1471,0.23376324772834778
1472,0.23376324772834778
1473,0.25384092330932617
1474,0.25384092330932617
1475,0.28962868452072144
1476,0.28968435525894165
1477,0.28968435525894165
1478,0.28962868452072144
1479,0.23249004781246185
1480,0.23197689652442932
1481,0.23197689652442932
1482,0.23249004781246185
1483,0.2471810281276703
1484,0.2471810281276703
1485,0.2495267391204834
1486,0.2495267391204834
1487,0.21428000926971436
1488,0.21428000926971436
1489,0.20016151666641235
1490,0.1984383463859558
1491,0.1984383463859558
1492,0.20016151666641235
1493,0.21676750481128693
1494,0.21676750481128693
1495,0.21298299729824066
1496,0.21300211548805237
1497,0.21300211548805237
1498,0.21298299729824066
1499,0.22705739736557007
1500,0.22705739736557007
1501,0.2255667746067047
1502,0.2255667746067047
1503,0.22818410396575928
1504,0.22801734507083893
1505,0.22801734507083893
1506,0.22818410396575928
1507,0.22167819738388062
1508,0.22167819738388062
1509,0.234068363904953
1510,0.23641711473464966
1511,0.23641711473464966
1512,0.234068363904953
1513,0.20846399664878845
1514,0.20797203481197357
1515,0.20797203481197357
1516,0.20846399664878845
1517,0.22042536735534668
1518,0.22042536735534668
1519,0.22219634056091309
1520,0.22219634056091309
1521,0.22313916683197021
1522,0.2233332395553589
1523,0.2233332395553589
1524,0.22313916683197021
1525,0.22070516645908356
1526,0.22070516645908356
1527,0.23177380859851837
1528,0.23177380859851837
1529,0.23448511958122253
1530,0.2316073179244995
1531,0.2316073179244995
1532,0.23448511958122253
1533,0.24061524868011475
1534,0.23917505145072937
1535,0.23917505145072937
1536,0.24061524868011475
1537,0.24918052554130554
1538,0.2497735172510147
1539,0.2497735172510147
1540,0.24918052554130554
1541,0.19655126333236694
1542,0.1967267245054245
1543,0.1967267245054245
1544,0.19655126333236694
1545,0.21056640148162842
1546,0.21056640148162842
1547,0.20791193842887878
1548,0.20598918199539185
1549,0.20598918199539185
1550,0.20791193842887878
1551,0.22237887978553772
1552,0.2214755117893219
1553,0.2214755117893219
1554,0.22237887978553772
1555,0.21497219800949097
1556,0.2151557207107544
1557,0.2151557207107544
1558,0.21497219800949097
1559,0.23763282597064972
1560,0.22900265455245972
1561,0.22900265455245972
1562,0.23763282597064972
1563,0.22541166841983795
1564,0.2254563271999359
1565,0.2254563271999359
1566,0.22541165351867676
1567,0.2148962914943695
1568,0.2140718400478363
1569,0.2140718400478363
1570,0.2148962914943695
1571,0.21327835321426392
1572,0.21336616575717926
1573,0.21336616575717926
1574,0.21327835321426392
1575,0.21026219427585602
1576,0.2079867571592331
1577,0.2079867571592331
1578,0.21026219427585602
1579,0.21494820713996887
1580,0.21494820713996887
1581,0.22718311846256256
1582,0.22725172340869904
1583,0.22725172340869904
1584,0.22718311846256256
1585,0.2013830989599228
1586,0.201351135969162
1587,0.201351135969162
1588,0.2013830989599228
1589,0.22386951744556427
1590,0.22378434240818024
1591,0.22378434240818024
1592,0.22386951744556427
1593,0.21334491670131683
1594,0.2135845571756363
1595,0.2135845571756363
1596,0.21334491670131683
1597,0.21927067637443542
1598,0.21927067637443542
1599,0.25627097487449646
1600,0.2559986710548401
1601,0.2559986710548401
1602,0.25627100467681885
1603,0.21440142393112183
1604,0.21440142393112183
1605,0.22285722196102142
1606,0.2196180373430252
1607,0.2196180373430252
1608,0.22285722196102142
1609,0.23454007506370544
1610,0.23409335315227509
1611,0.23409335315227509
1612,0.23454007506370544
1613,0.25460946559906006
1614,0.2584136128425598
1615,0.2584136128425598
1616,0.25460946559906006
1617,0.23516198992729187
1618,0.23572403192520142
1619,0.23572403192520142
1620,0.23516198992729187
1621,0.26511988043785095
1622,0.2669767141342163
1623,0.2669767141342163
1624,0.26511988043785095
1625,0.2451438009738922
1626,0.24594838917255402
1627,0.24594838917255402
1628,0.2451438009738922
1629,0.20224644243717194
1630,0.20225198566913605
1631,0.20225198566913605
1632,0.20224644243717194
1633,0.19320359826087952
1634,0.1932305544614792
1635,0.1932305544614792
1636,0.19320359826087952
1637,0.22989889979362488
1638,0.22989889979362488
1639,0.2415616810321808
1640,0.24014344811439514
1641,0.24014344811439514
1642,0.2415616810321808
1643,0.19473674893379211
1644,0.19475167989730835
1645,0.19475167989730835
1646,0.19473674893379211
1647,0.2749728262424469
1648,0.2763703465461731
1649,0.2763703465461731
1650,0.2749728262424469
1651,0.23618711531162262
1652,0.23618711531162262
1653,0.2083982229232788
1654,0.20855548977851868
1655,0.20855548977851868
1656,0.2083982229232788
1657,0.20238779485225677
1658,0.2026699334383011
1659,0.2026699334383011
1660,0.20238779485225677
1661,0.2425789088010788
1662,0.24310274422168732
1663,0.24310274422168732
1664,0.2425789088010788
1665,0.19889119267463684
1666,0.19890043139457703
1667,0.19890043139457703
1668,0.19889119267463684
1669,0.20916838943958282
1670,0.20914673805236816
1671,0.20914673805236816
1672,0.20916838943958282
1673,0.18830804526805878
1674,0.18912546336650848
1675,0.18912546336650848
1676,0.18830804526805878
1677,0.234458327293396
1678,0.23020389676094055
1679,0.23020389676094055
1680,0.234458327293396
1681,0.22498580813407898
1682,0.22501935064792633
1683,0.22501935064792633
1684,0.22498580813407898
1685,0.190252423286438
1686,0.19026684761047363
1687,0.19026684761047363
1688,0.190252423286438
1689,0.23390966653823853
1690,0.23470057547092438
1691,0.23470057547092438
1692,0.23390966653823853
1693,0.223412424325943
1694,0.223412424325943
1695,0.2574293613433838
1696,0.2504262924194336
1697,0.2504262924194336
1698,0.2574293613433838
1699,0.22422169148921967
1700,0.22422169148921967
1701,0.23577865958213806
1702,0.2362857162952423
1703,0.2362857162952423
1704,0.23577865958213806
1705,0.23066991567611694
1706,0.2318425476551056
1707,0.2318425476551056
1708,0.23066991567611694
1709,0.2363835722208023
1710,0.23627015948295593
1711,0.23627015948295593
1712,0.2363835722208023
1713,0.23240406811237335
1714,0.2324134260416031
1715,0.2324134260416031
1716,0.23240406811237335
1717,0.22043268382549286
1718,0.22043268382549286
1719,0.20121344923973083
1720,0.200830340385437
1721,0.200830340385437
1722,0.20121344923973083
1723,0.20616672933101654
1724,0.20616672933101654
1725,0.21172326803207397
1726,0.2128276824951172
1727,0.2128276824951172
1728,0.21172326803207397
1729,0.205488920211792
1730,0.20570245385169983
1731,0.20570245385169983
1732,0.205488920211792
1733,0.21935103833675385
1734,0.21935103833675385
1735,0.20273059606552124
1736,0.20275819301605225
1737,0.20275819301605225
1738,0.20273059606552124
1739,0.22573822736740112
1740,0.22573822736740112
1741,0.20809954404830933
1742,0.20809954404830933
1743,0.22542589902877808
1744,0.22542589902877808
1745,0.2162083089351654
1746,0.21545514464378357
1747,0.21545514464378357
1748,0.2162083089351654
1749,0.22605836391448975
1750,0.22605836391448975
1751,0.21328702569007874
1752,0.21303574740886688
1753,0.21303574740886688
1754,0.21328702569007874
1755,0.24438248574733734
1756,0.24285180866718292
1757,0.24285180866718292
1758,0.24438247084617615
1759,0.21781469881534576
1760,0.21781469881534576
1761,0.22709238529205322
1762,0.226360484957695
1763,0.226360484957695
1764,0.22709238529205322
1765,0.21807990968227386
1766,0.21787020564079285
1767,0.21787020564079285
1768,0.21807990968227386
1769,0.23027430474758148
1770,0.23027430474758148
1771,0.24065850675106049
1772,0.24100640416145325
1773,0.24100640416145325
1774,0.24065850675106049
1775,0.20741304755210876
1776,0.20636077225208282
1777,0.20636077225208282
1778,0.20741304755210876
1779,0.23220913112163544
1780,0.23220913112163544
1781,0.2329295426607132
1782,0.2329295426607132
1783,0.2848778963088989
1784,0.28593355417251587
1785,0.28593355417251587
1786,0.2848778963088989
1787,0.21590879559516907
1788,0.21525923907756805
1789,0.21525923907756805
1790,0.21590879559516907
1791,0.23656347393989563
1792,0.23656347393989563
1793,0.23715989291667938
1794,0.23715989291667938
1795,0.2720296084880829
1796,0.2720296084880829
1797,0.27438125014305115
1798,0.2731820344924927
1799,0.2731820344924927
1800,0.27438125014305115
1801,0.250448077917099
1802,0.250448077917099
1803,0.2855314016342163
1804,0.28536608815193176
1805,0.28536608815193176
1806,0.2855314016342163
1807,0.29495343565940857
1808,0.29495343565940857
1809,0.22547098994255066
1810,0.22547098994255066
1811,0.21919214725494385
1812,0.2198254019021988
1813,0.2198254019021988
1814,0.21919214725494385
1815,0.2172335386276245
1816,0.2172335386276245
1817,0.22674104571342468
1818,0.22861143946647644
1819,0.22861143946647644
1820,0.22674104571342468
1821,0.1941809207201004
1822,0.19415351748466492
1823,0.19415351748466492
1824,0.1941809207201004
1825,0.21879942715168
1826,0.21879942715168
1827,0.21578742563724518
1828,0.2161296308040619
1829,0.2161296308040619
1830,0.21578742563724518
1831,0.22777843475341797
1832,0.22777843475341797
1833,0.2405073642730713
1834,0.2405073642730713
1835,0.20975111424922943
1836,0.20975111424922943
1837,0.20266133546829224
1838,0.1974448561668396
1839,0.1974448561668396
1840,0.20266133546829224
1841,0.21183398365974426
1842,0.21183398365974426
1843,0.2053695172071457
1844,0.2049519270658493
1845,0.2049519270658493
1846,0.2053695172071457
1847,0.21799631416797638
1848,0.21799631416797638
1849,0.21615660190582275
1850,0.2161087542772293
1851,0.2161087542772293
1852,0.21615660190582275
1853,0.2226111888885498
1854,0.2226111888885498
1855,0.22913888096809387
1856,0.22872622311115265
1857,0.22872622311115265
1858,0.22913885116577148
1859,0.2067888230085373
1860,0.20314784348011017
1861,0.20314784348011017
1862,0.2067888230085373
1863,0.22251421213150024
1864,0.22251421213150024
1865,0.21896901726722717
1866,0.21881917119026184
1867,0.21881917119026184
1868,0.21896901726722717
1869,0.22302094101905823
1870,0.22302094101905823
1871,0.23387376964092255
1872,0.23359732329845428
1873,0.23359732329845428
1874,0.23387376964092255
1875,0.22709043323993683
1876,0.22709043323993683
1877,0.24279162287712097
1878,0.24335992336273193
1879,0.24335992336273193
1880,0.24279162287712097
1881,0.22450709342956543
1882,0.22440940141677856
1883,0.22440940141677856
1884,0.22450709342956543
1885,0.23743416368961334
1886,0.23462122678756714
1887,0.23462122678756714
1888,0.23743416368961334
1889,0.22752892971038818
1890,0.22752892971038818
1891,0.23514330387115479
1892,0.23717035353183746
1893,0.23717035353183746
1894,0.23514330387115479
1895,0.20879702270030975
1896,0.20740124583244324
1897,0.20740124583244324
1898,0.20879702270030975
1899,0.2476559728384018
1900,0.247592031955719
1901,0.247592031955719
1902,0.2476559728384018
1903,0.22136317193508148
1904,0.22136317193508148
1905,0.22462579607963562
1906,0.22462579607963562
1907,0.26284724473953247
1908,0.26388663053512573
1909,0.26388663053512573
1910,0.26284724473953247
1911,0.22647079825401306
1912,0.22683089971542358
1913,0.22683089971542358
1914,0.22647079825401306
1915,0.22311116755008698
1916,0.22311116755008698
1917,0.23591771721839905
1918,0.23591771721839905
1919,0.22669678926467896
1920,0.22669678926467896
1921,0.220738485455513
1922,0.21439412236213684
1923,0.21439412236213684
1924,0.220738485455513
1925,0.22783929109573364
1926,0.22783929109573364
1927,0.2307770550251007
1928,0.22893010079860687
1929,0.22893010079860687
1930,0.2307770550251007
1931,0.21685409545898438
1932,0.21685409545898438
1933,0.1820468008518219
1934,0.17532099783420563
1935,0.17532099783420563
1936,0.1820468008518219
1937,0.21561957895755768
1938,0.21561957895755768
1939,0.21471746265888214
1940,0.21422290802001953
1941,0.21422290802001953
1942,0.21471746265888214
1943,0.21339920163154602
1944,0.21339920163154602
1945,0.21329428255558014
1946,0.2133151739835739
1947,0.2133151739835739
1948,0.21329428255558014
1949,0.21198448538780212
1950,0.21198448538780212
1951,0.2193719744682312
1952,0.22104422748088837
1953,0.22104422748088837
1954,0.2193719744682312
1955,0.19068312644958496
1956,0.19036763906478882
1957,0.19036763906478882
1958,0.19068312644958496
1959,0.21425515413284302
1960,0.21425515413284302
1961,0.20633071660995483
1962,0.20633071660995483
1963,0.20820342004299164
1964,0.20848536491394043
1965,0.20848536491394043
1966,0.20820342004299164
1967,0.21365903317928314
1968,0.21365903317928314
1969,0.22324003279209137
1970,0.22324003279209137
1971,0.2343827784061432
1972,0.2343827784061432
1973,0.21528421342372894
1974,0.21631912887096405
1975,0.21631912887096405
1976,0.21528421342372894
1977,0.23026159405708313
1978,0.23026159405708313
1979,0.23479579389095306
1980,0.2345687299966812
1981,0.2345687299966812
1982,0.23479580879211426
1983,0.23522786796092987
1984,0.23522786796092987
1985,0.22453203797340393
1986,0.22453203797340393
1987,0.22535483539104462
1988,0.22452373802661896
1989,0.22452373802661896
1990,0.22535483539104462
1991,0.22652170062065125
1992,0.22652170062065125
1993,0.21562370657920837
1994,0.2154386341571808
1995,0.2154386341571808
1996,0.21562370657920837
1997,0.2237257957458496
1998,0.2237257957458496
1999,0.22066998481750488
2000,0.22034792602062225
2001,0.22034792602062225
2002,0.22066998481750488
2003,0.22047165036201477
2004,0.22047165036201477
2005,0.22768491506576538
2006,0.22834551334381104
2007,0.22834551334381104
2008,0.22768491506576538
2009,0.20678278803825378
2010,0.20583263039588928
2011,0.20583263039588928
2012,0.20678278803825378
2013,0.2205454260110855
2014,0.2205454260110855
2015,0.2166639268398285
2016,0.2166639119386673
2017,0.2181839644908905
2018,0.21847715973854065
2019,0.21847715973854065
2020,0.2181839644908905
2021,0.21341553330421448
2022,0.21341553330421448
2023,0.22743581235408783
2024,0.22743581235408783
2025,0.21834076941013336
2026,0.21760255098342896
2027,0.21760255098342896
2028,0.21834076941013336
2029,0.20581331849098206
2030,0.20581331849098206
2031,0.21383334696292877
2032,0.21412688493728638
2033,0.21412688493728638
2034,0.21383334696292877
2035,0.20661625266075134
2036,0.2066165804862976
2037,0.2066165804862976
2038,0.20661625266075134
2039,0.2067616879940033
2040,0.2052294760942459
2041,0.2052294760942459
2042,0.2067616879940033
2043,0.20931755006313324
2044,0.20931755006313324
2045,0.20984187722206116
2046,0.21025720238685608
2047,0.21025720238685608
2048,0.20984187722206116
2049,0.18935103714466095
2050,0.18964624404907227
2051,0.18964624404907227
2052,0.18935103714466095
2053,0.21815146505832672
2054,0.21819032728672028
2055,0.21819032728672028
2056,0.21815146505832672
2057,0.21312247216701508
2058,0.21312247216701508
2059,0.19885584712028503
2060,0.19885584712028503
2061,0.24034127593040466
2062,0.23979176580905914
2063,0.23979176580905914
2064,0.24034127593040466
2065,0.19868195056915283
2066,0.19866861402988434
2067,0.19866861402988434
2068,0.19868195056915283
2069,0.21105137467384338
2070,0.21105137467384338
2071,0.21820445358753204
2072,0.21820445358753204
2073,0.24922937154769897
2074,0.24902772903442383
2075,0.24902772903442383
2076,0.24922937154769897
2077,0.2029702216386795
2078,0.2032347172498703
2079,0.2032347172498703
2080,0.2029702216386795
2081,0.21719317138195038
2082,0.21719317138195038
2083,0.2181318998336792
2084,0.21476994454860687
2085,0.21476994454860687
2086,0.2181318998336792
2087,0.21854346990585327
2088,0.2187509536743164
2089,0.2187509536743164
2090,0.21854346990585327
2091,0.22141249477863312
2092,0.22037415206432343
2093,0.22037415206432343
2094,0.22141249477863312
2095,0.22465509176254272
2096,0.21439006924629211
2097,0.21439006924629211
2098,0.22465509176254272
2099,0.2230319380760193
2100,0.2230319380760193
2101,0.2368888258934021
2102,0.23399941623210907
2103,0.23399941623210907
2104,0.2368888258934021
2105,0.215704083442688
2106,0.21386389434337616
2107,0.21386389434337616
2108,0.215704083442688
2109,0.22601647675037384
2110,0.22595319151878357
2111,0.22595319151878357
2112,0.22601647675037384
2113,0.22012145817279816
2114,0.22012145817279816
2115,0.2541489005088806
2116,0.2541140913963318
2117,0.2541140913963318
2118,0.2541489005088806
2119,0.2235167920589447
2120,0.2235167920589447
2121,0.2728039026260376
2122,0.26648399233818054
2123,0.26648399233818054
2124,0.2728039026260376
2125,0.20720846951007843
2126,0.20739322900772095
2127,0.20739322900772095
2128,0.20720846951007843
2129,0.2148921638727188
2130,0.21493422985076904
2131,0.21493422985076904
2132,0.2148921638727188
2133,0.22346468269824982
2134,0.22346468269824982
2135,0.25504565238952637
2136,0.253213107585907
2137,0.253213107585907
2138,0.25504565238952637
2139,0.22744756937026978
2140,0.22744756937026978
2141,0.21648599207401276
2142,0.21648599207401276
2143,0.21051320433616638
2144,0.2108936756849289
2145,0.2108936756849289
2146,0.21051320433616638
2147,0.23200830817222595
2148,0.23200830817222595
2149,0.21937307715415955
2150,0.2169838696718216
2151,0.2169838696718216
2152,0.21937307715415955
2153,0.2311292588710785
2154,0.2311292588710785
2155,0.23572935163974762
2156,0.23619739711284637
2157,0.23619739711284637
2158,0.23572935163974762
2159,0.2377023845911026
2160,0.2377023845911026
2161,0.20980985462665558
2162,0.20980985462665558
2163,0.20522823929786682
2164,0.2053220421075821
2165,0.2053220421075821
2166,0.20522823929786682
2167,0.21124567091464996
2168,0.21124567091464996
2169,0.20242074131965637
2170,0.2024296224117279
2171,0.2024296224117279
2172,0.20242074131965637
2173,0.24695487320423126
2174,0.24695487320423126
2175,0.24905288219451904
2176,0.24910567700862885
2177,0.24910567700862885
2178,0.24905288219451904
2179,0.24124078452587128
2180,0.24124078452587128
2181,0.26013675332069397
2182,0.25926828384399414
2183,0.25926828384399414
2184,0.26013675332069397
2185,0.21707113087177277
2186,0.2210412174463272
2187,0.2210412174463272
2188,0.21707113087177277
2189,0.23172123730182648
2190,0.23172123730182648
2191,0.2550191581249237
2192,0.2550191581249237
2193,0.25009772181510925
2194,0.24980294704437256
2195,0.24980294704437256
2196,0.25009772181510925
2197,0.24003997445106506
2198,0.24003997445106506
2199,0.2512252926826477
2200,0.2512252926826477
2201,0.2092924565076828
2202,0.2092924565076828
2203,0.20299150049686432
2204,0.20290179550647736
2205,0.20290179550647736
2206,0.20299150049686432
2207,0.21003875136375427
2208,0.21003875136375427
2209,0.20648519694805145
2210,0.20631143450737
2211,0.20631143450737
2212,0.20648519694805145
2213,0.2142842561006546
2214,0.2142842561006546
2215,0.20931269228458405
2216,0.2086644321680069
2217,0.2086644321680069
2218,0.20931269228458405
2219,0.20361736416816711
2220,0.19943934679031372
2221,0.19943934679031372
2222,0.20361736416816711
2223,0.21525132656097412
2224,0.21525132656097412
2225,0.20647403597831726
2226,0.20647403597831726
2227,0.2383108288049698
2228,0.23810023069381714
2229,0.23810023069381714
2230,0.2383108288049698
2231,0.20804230868816376
2232,0.20722807943820953
2233,0.20722807943820953
2234,0.20804230868816376
2235,0.2114834040403366
2236,0.2114834040403366
2237,0.21267379820346832
2238,0.21267379820346832
2239,0.22840040922164917
2240,0.22840040922164917
2241,0.21995560824871063
2242,0.22008617222309113
2243,0.22008617222309113
2244,0.21995560824871063
2245,0.2305162400007248
2246,0.22954337298870087
2247,0.22954337298870087
2248,0.2305162400007248
2249,0.20670773088932037
2250,0.20697639882564545
2251,0.20697639882564545
2252,0.20670773088932037
2253,0.21587516367435455
2254,0.21587516367435455
2255,0.20965629816055298
2256,0.21084661781787872
2257,0.21084661781787872
2258,0.20965629816055298
2259,0.23173969984054565
2260,0.2321014255285263
2261,0.2321014255285263
2262,0.23173969984054565
2263,0.22385317087173462
2264,0.22353537380695343
2265,0.22353537380695343
2266,0.22385317087173462
2267,0.21897149085998535
2268,0.21568045020103455
2269,0.21568045020103455
2270,0.21897149085998535
2271,0.22098156809806824
2272,0.22098156809806824
2273,0.23294061422348022
2274,0.23660482466220856
2275,0.23660482466220856
2276,0.23294061422348022
2277,0.2096990942955017
2278,0.20904158055782318
2279,0.20904158055782318
2280,0.2096990942955017
2281,0.24063584208488464
2282,0.24065415561199188
2283,0.24065415561199188
2284,0.24063584208488464
2285,0.22038431465625763
2286,0.22038431465625763
2287,0.2800390124320984
2288,0.27954134345054626
2289,0.27954134345054626
2290,0.2800390124320984
2291,0.21948140859603882
2292,0.21948140859603882
2293,0.2813798189163208
2294,0.2838844060897827
2295,0.2838844060897827
2296,0.2813798189163208
2297,0.21443957090377808
2298,0.21489490568637848
2299,0.21489490568637848
2300,0.21443957090377808
2301,0.22177956998348236
2302,0.22189071774482727
2303,0.22189071774482727
2304,0.22177956998348236
2305,0.22608409821987152
2306,0.22608409821987152
2307,0.2659601867198944
2308,0.2625453472137451
2309,0.2625453472137451
2310,0.2659601867198944
2311,0.23562097549438477
2312,0.23562097549438477
2313,0.2287166863679886
2314,0.22802914679050446
2315,0.22802914679050446
2316,0.2287166863679886
2317,0.23291070759296417
2318,0.23282259702682495
2319,0.23282259702682495
2320,0.23291070759296417
2321,0.24844826757907867
2322,0.24901364743709564
2323,0.24901364743709564
2324,0.24844826757907867
2325,0.19827164709568024
2326,0.1983310878276825
2327,0.1983310878276825
2328,0.19827164709568024
2329,0.2085113525390625
2330,0.2085113525390625
2331,0.20563693344593048
2332,0.2033563256263733
2333,0.2033563256263733
2334,0.20563693344593048
2335,0.216314896941185
2336,0.21647082269191742
2337,0.21647082269191742
2338,0.216314896941185
2339,0.22541500627994537
2340,0.2254761904478073
2341,0.2254761904478073
2342,0.22541500627994537
2343,0.20934702455997467
2344,0.2087029665708542
2345,0.2087029665708542
2346,0.20934702455997467
2347,0.21418826282024384
2348,0.21424537897109985
2349,0.21424537897109985
2350,0.21418826282024384
2351,0.20824627578258514
2352,0.20500057935714722
2353,0.20500057935714722
2354,0.20824627578258514
2355,0.21437564492225647
2356,0.21437564492225647
2357,0.22151270508766174
2358,0.22094713151454926
2359,0.22094713151454926
2360,0.22151270508766174
2361,0.2042243480682373
2362,0.20481422543525696
2363,0.20481422543525696
2364,0.2042243480682373
2365,0.22086723148822784
2366,0.2208157479763031
2367,0.2208157479763031
2368,0.22086723148822784
2369,0.21323731541633606
2370,0.21224616467952728
2371,0.21224616467952728
2372,0.21323731541633606
2373,0.22572478652000427
2374,0.22572478652000427
2375,0.24907194077968597
2376,0.24864739179611206
2377,0.24864739179611206
2378,0.24907194077968597
2379,0.21262036263942719
2380,0.21262036263942719
2381,0.2477237731218338
2382,0.2498413622379303
2383,0.2498413622379303
2384,0.2477237731218338
2385,0.22966991364955902
2386,0.2300788164138794
2387,0.2300788164138794
2388,0.22966991364955902
2389,0.27688178420066833
2390,0.2800496220588684
2391,0.2800496220588684
2392,0.27688178420066833
2393,0.20742428302764893
2394,0.20744380354881287
2395,0.20744380354881287
2396,0.20742428302764893
2397,0.1962135285139084
2398,0.19623437523841858
2399,0.19623437523841858
2400,0.1962135285139084
2401,0.23374630510807037
2402,0.23273535072803497
2403,0.23273535072803497
2404,0.23374630510807037
2405,0.28506380319595337
2406,0.2851319909095764
2407,0.2851319909095764
2408,0.28506380319595337
2409,0.23905476927757263
2410,0.23905476927757263
2411,0.20824222266674042
2412,0.2083769142627716
2413,0.2083769142627716
2414,0.20824222266674042
2415,0.2026282697916031
2416,0.20284682512283325
2417,0.20284682512283325
2418,0.2026282697916031
2419,0.2022135704755783
2420,0.20222489535808563
2421,0.20222489535808563
2422,0.2022135704755783
2423,0.20479117333889008
2424,0.20482128858566284
2425,0.20482128858566284
2426,0.20479117333889008
2427,0.22483964264392853
2428,0.22147126495838165
2429,0.22147126495838165
2430,0.22483965754508972
2431,0.22788560390472412
2432,0.22788560390472412
2433,0.24870829284191132
2434,0.23949497938156128
2435,0.23949497938156128
2436,0.24870829284191132
2437,0.2412954866886139
2438,0.24175915122032166
2439,0.24175915122032166
2440,0.2412954866886139
2441,0.2234366089105606
2442,0.22474242746829987
2443,0.22474242746829987
2444,0.2234366089105606
2445,0.23947639763355255
2446,0.2419973909854889
2447,0.2419973909854889
2448,0.23947639763355255
2449,0.21836338937282562
2450,0.21836338937282562
2451,0.2301105409860611
2452,0.2301105409860611
2453,0.2277188003063202
2454,0.2271718829870224
2455,0.2271718829870224
2456,0.2277188003063202
2457,0.22973594069480896
2458,0.22973594069480896
2459,0.2310262769460678
2460,0.23132088780403137
2461,0.23132088780403137
2462,0.2310262769460678
2463,0.24086809158325195
2464,0.24086810648441315
2465,0.22857199609279633
2466,0.2282252162694931
2467,0.2282252162694931
2468,0.22857199609279633
2469,0.22800548374652863
2470,0.22800548374652863
2471,0.23596490919589996
2472,0.23524409532546997
2473,0.23524409532546997
2474,0.23596490919589996
2475,0.21632787585258484
2476,0.2164178341627121
2477,0.2164178341627121
2478,0.21632787585258484
2479,0.22252728044986725
2480,0.22252728044986725
2481,0.22872719168663025
2482,0.22894763946533203
2483,0.22894763946533203
2484,0.22872719168663025
2485,0.23264287412166595
2486,0.23264287412166595
2487,0.22130513191223145
2488,0.22130513191223145
2489,0.1980641931295395
2490,0.19678638875484467
2491,0.19678638875484467
2492,0.1980641931295395
2493,0.2202187180519104
2494,0.2202187180519104
2495,0.22148767113685608
2496,0.22195465862751007
2497,0.22195465862751007
2498,0.22148765623569489
2499,0.23033004999160767
2500,0.23033004999160767
2501,0.2115703672170639
2502,0.2117382138967514
2503,0.2117382138967514
2504,0.2115703672170639
2505,0.21308816969394684
2506,0.21308816969394684
2507,0.21010397374629974
2508,0.21130836009979248
2509,0.21130836009979248
2510,0.21010397374629974
2511,0.20157591998577118
2512,0.2008722573518753
2513,0.2008722573518753
2514,0.20157591998577118
2515,0.21556882560253143
2516,0.21556882560253143
2517,0.20697848498821259
2518,0.2069724202156067
2519,0.2069724202156067
2520,0.20697848498821259
2521,0.2199372500181198
2522,0.2199372500181198
2523,0.24500398337841034
2524,0.2427000254392624
2525,0.2427000254392624
2526,0.24500399827957153
2527,0.23263835906982422
2528,0.2326383739709854
2529,0.23135091364383698
2530,0.23159661889076233
2531,0.23159661889076233
2532,0.23135091364383698
2533,0.24922575056552887
2534,0.24970120191574097
2535,0.24970120191574097
2536,0.24922575056552887
2537,0.2350182682275772
2538,0.2349959760904312
2539,0.2349959760904312
2540,0.2350182682275772
2541,0.23958192765712738
2542,0.23757028579711914
2543,0.23757028579711914
2544,0.23958192765712738
2545,0.23261535167694092
2546,0.23261535167694092
2547,0.24271173775196075
2548,0.24576713144779205
2549,0.24576713144779205
2550,0.24271173775196075
2551,0.2257818728685379
2552,0.22591674327850342
2553,0.22591674327850342
2554,0.2257818728685379
2555,0.2472192943096161
2556,0.2473059445619583
2557,0.2473059445619583
2558,0.24721930921077728
2559,0.23256511986255646
2560,0.23256511986255646
2561,0.23657098412513733
2562,0.23657098412513733
2563,0.2818642854690552
2564,0.2829694151878357
2565,0.2829694151878357
2566,0.2818642854690552
2567,0.23467151820659637
2568,0.2349710613489151
2569,0.2349710613489151
2570,0.23467151820659637
2571,0.23388078808784485
2572,0.23400932550430298
2573,0.23400932550430298
2574,0.23388078808784485
2575,0.24154499173164368
2576,0.24154499173164368
2577,0.2705090045928955
2578,0.2660762667655945
2579,0.2660762667655945
2580,0.2705090045928955
2581,0.24436381459236145
2582,0.24436381459236145
2583,0.22043593227863312
2584,0.22043593227863312
2585,0.2195032238960266
2586,0.2198677510023117
2587,0.2198677510023117
2588,0.2195032238960266
2589,0.21986551582813263
2590,0.21986551582813263
2591,0.1978897601366043
2592,0.1989063322544098
2593,0.1989063322544098
2594,0.1978897601366043
2595,0.22150065004825592
2596,0.22150065004825592
2597,0.22114449739456177
2598,0.22093592584133148
2599,0.22093592584133148
2600,0.22114449739456177
2601,0.23012948036193848
2602,0.23012948036193848
2603,0.22602231800556183
2604,0.22602231800556183
2605,0.21505595743656158
2606,0.21444876492023468
2607,0.21444876492023468
2608,0.21505595743656158
2609,0.22404122352600098
2610,0.22404122352600098
2611,0.22978627681732178
2612,0.23024286329746246
2613,0.23024286329746246
2614,0.22978627681732178
2615,0.23572956025600433
2616,0.23572956025600433
2617,0.21177071332931519
2618,0.21177071332931519
2619,0.19575975835323334
2620,0.19596438109874725
2621,0.19596438109874725
2622,0.19575975835323334
2623,0.2112577259540558
2624,0.2112577259540558
2625,0.20707295835018158
2626,0.20692001283168793
2627,0.20692001283168793
2628,0.20707295835018158
2629,0.21948638558387756
2630,0.21948638558387756
2631,0.23892031610012054
2632,0.23892031610012054
2633,0.2312425822019577
2634,0.23115313053131104
2635,0.23115313053131104
2636,0.2312425822019577
2637,0.23122195899486542
2638,0.23122195899486542
2639,0.23367659747600555
2640,0.23324693739414215
2641,0.23324693739414215
2642,0.23367659747600555
2643,0.2000831812620163
2644,0.20029306411743164
2645,0.20029306411743164
2646,0.2000831812620163
2647,0.202827587723732
2648,0.202827587723732
2649,0.20254364609718323
2650,0.203070729970932
2651,0.203070729970932
2652,0.20254364609718323
2653,0.19461290538311005
2654,0.1922736018896103
2655,0.1922736018896103
2656,0.19461290538311005
2657,0.2068096101284027
2658,0.2068096101284027
2659,0.19373995065689087
2660,0.19371221959590912
2661,0.19371221959590912
2662,0.19373995065689087
2663,0.20899716019630432
2664,0.20899716019630432
2665,0.20900866389274597
2666,0.20900866389274597
2667,0.21851028501987457
2668,0.21846742928028107
2669,0.21846742928028107
2670,0.21851028501987457
2671,0.21538841724395752
2672,0.21538841724395752
2673,0.22645899653434753
2674,0.22668790817260742
2675,0.22668790817260742
2676,0.22645899653434753
2677,0.19510392844676971
2678,0.19596199691295624
2679,0.19596199691295624
2680,0.19510392844676971
2681,0.21687626838684082
2682,0.21687626838684082
2683,0.2129097282886505
2684,0.21286270022392273
2685,0.21286270022392273
2686,0.2129097282886505
2687,0.22618024051189423
2688,0.22618022561073303
2689,0.2230030596256256
2690,0.2230030596256256
2691,0.20343437790870667
2692,0.20211292803287506
2693,0.20211292803287506
2694,0.20343437790870667
2695,0.22568853199481964
2696,0.22568853199481964
2697,0.21604745090007782
2698,0.21551212668418884
2699,0.21551212668418884
2700,0.21604745090007782
2701,0.2257976233959198
2702,0.2257976233959198
2703,0.22899402678012848
2704,0.22936317324638367
2705,0.22936317324638367
2706,0.22899402678012848
2707,0.2339622527360916
2708,0.2339622527360916
2709,0.23395246267318726
2710,0.23415857553482056
2711,0.23415857553482056
2712,0.23395246267318726
2713,0.22592514753341675
2714,0.22592514753341675
2715,0.2346828281879425
2716,0.23453675210475922
2717,0.23453675210475922
2718,0.2346828281879425
2719,0.2263175994157791
2720,0.2263175994157791
2721,0.2135726660490036
2722,0.2134944200515747
2723,0.2134944200515747
2724,0.2135726660490036
2725,0.22358772158622742
2726,0.22358772158622742
2727,0.22971515357494354
2728,0.23015865683555603
2729,0.23015865683555603
2730,0.22971515357494354
2731,0.23633380234241486
2732,0.23633380234241486
2733,0.2088967114686966
2734,0.2088967114686966
2735,0.20853109657764435
2736,0.20812152326107025
2737,0.20812152326107025
2738,0.20853109657764435
2739,0.21539531648159027
2740,0.21539531648159027
2741,0.22243036329746246
2742,0.22138869762420654
2743,0.22138869762420654
2744,0.22243036329746246
2745,0.2195129245519638
2746,0.22086173295974731
2747,0.22086173295974731
2748,0.2195129245519638
2749,0.22639088332653046
2750,0.22639088332653046
2751,0.2156084030866623
2752,0.2156083881855011
2753,0.27817437052726746
2754,0.27804696559906006
2755,0.27804696559906006
2756,0.27817437052726746
2757,0.2089383751153946
2758,0.20884983241558075
2759,0.20884983241558075
2760,0.2089383751153946
2761,0.23657482862472534
2762,0.23657482862472534
2763,0.2151508778333664
2764,0.2151508778333664
2765,0.20608170330524445
2766,0.20553706586360931
2767,0.20553706586360931
2768,0.20608170330524445
2769,0.19536197185516357
2770,0.19536197185516357
2771,0.1966317892074585
2772,0.1966526061296463
2773,0.1966526061296463
2774,0.1966317892074585
2775,0.19369186460971832
2776,0.19347970187664032
2777,0.19347970187664032
2778,0.19369186460971832
2779,0.19267109036445618
2780,0.1934952735900879
2781,0.1934952735900879
2782,0.19267109036445618
2783,0.2022351622581482
2784,0.2022351622581482
2785,0.2010970413684845
2786,0.20118039846420288
2787,0.20118039846420288
2788,0.2010970413684845
2789,0.1805175542831421
2790,0.18095707893371582
2791,0.18095707893371582
2792,0.1805175542831421
2793,0.20032384991645813
2794,0.20029708743095398
2795,0.20029708743095398
2796,0.20032384991645813
2797,0.21299676597118378
2798,0.21299676597118378
2799,0.19482749700546265
2800,0.19482749700546265
2801,0.2581091523170471
2802,0.2594180405139923
2803,0.2594180405139923
2804,0.2581091523170471
2805,0.19384479522705078
2806,0.193900004029274
2807,0.193900004029274
2808,0.19384479522705078
2809,0.2165917009115219
2810,0.2165917009115219
2811,0.20317134261131287
2812,0.20317134261131287
2813,0.21725335717201233
2814,0.21665914356708527
2815,0.21665914356708527
2816,0.21725335717201233
2817,0.20145569741725922
2818,0.20145569741725922
2819,0.20341242849826813
2820,0.20306479930877686
2821,0.20306479930877686
2822,0.20341242849826813
2823,0.20018570125102997
2824,0.20042629539966583
2825,0.20042629539966583
2826,0.20018570125102997
2827,0.21291229128837585
2828,0.21291229128837585
2829,0.21353626251220703
2830,0.2139279991388321
2831,0.2139279991388321
2832,0.21353626251220703
2833,0.1815837323665619
2834,0.18187831342220306
2835,0.18187831342220306
2836,0.1815837323665619
2837,0.21972425282001495
2838,0.21972425282001495
2839,0.2025923728942871
2840,0.2025923728942871
2841,0.26960432529449463
2842,0.2711476683616638
2843,0.2711476683616638
2844,0.26960432529449463
2845,0.19833651185035706
2846,0.19799737632274628
2847,0.19799737632274628
2848,0.19833651185035706
2849,0.22310523688793182
2850,0.22310523688793182
2851,0.2152010053396225
2852,0.2152010053396225
2853,0.21978028118610382
2854,0.21978028118610382
2855,0.2110549509525299
2856,0.2118901163339615
2857,0.2118901163339615
2858,0.2110549509525299
2859,0.21920561790466309
2860,0.21920561790466309
2861,0.2230227142572403
2862,0.22289301455020905
2863,0.22289301455020905
2864,0.2230227142572403
2865,0.23340804874897003
2866,0.23340804874897003
2867,0.23109178245067596
2868,0.23109178245067596
2869,0.2329840064048767
2870,0.23334729671478271
2871,0.23334729671478271
2872,0.2329840064048767
2873,0.23818808794021606
2874,0.23818808794021606
2875,0.24206069111824036
2876,0.24195873737335205
2877,0.24195873737335205
2878,0.24206069111824036
2879,0.19902589917182922
2880,0.19902589917182922
2881,0.20033249258995056
2882,0.20043517649173737
2883,0.20043517649173737
2884,0.20033249258995056
2885,0.20427674055099487
2886,0.20427674055099487
2887,0.2044585794210434
2888,0.20493890345096588
2889,0.20493890345096588
2890,0.2044585794210434
2891,0.19024933874607086
2892,0.1880815178155899
2893,0.1880815178155899
2894,0.19024933874607086
2895,0.20967674255371094
2896,0.20967674255371094
2897,0.1966666877269745
2898,0.1966666877269745
2899,0.245810404419899
2900,0.24418704211711884
2901,0.24418704211711884
2902,0.245810404419899
2903,0.19375675916671753
2904,0.19370470941066742
2905,0.19370470941066742
2906,0.19375675916671753
2907,0.21096381545066833
2908,0.21096381545066833
2909,0.2071918398141861
2910,0.2071918398141861
2911,0.21271881461143494
2912,0.21196681261062622
2913,0.21196681261062622
2914,0.21271881461143494
2915,0.20338799059391022
2916,0.20338799059391022
2917,0.19353701174259186
2918,0.1934851109981537
2919,0.1934851109981537
2920,0.19353701174259186
2921,0.2084047943353653
2922,0.20877662301063538
2923,0.20877662301063538
2924,0.2084047943353653
2925,0.19881843030452728
2926,0.19971944391727448
2927,0.19971944391727448
2928,0.19881843030452728
2929,0.20665833353996277
2930,0.20164306461811066
2931,0.20164306461811066
2932,0.20665833353996277
2933,0.2054896503686905
2934,0.2054896503686905
2935,0.2025584876537323
2936,0.20443195104599
2937,0.20443195104599
2938,0.2025584876537323
2939,0.17963692545890808
2940,0.17864473164081573
2941,0.17864473164081573
2942,0.17963694036006927
2943,0.2080741822719574
2944,0.20813390612602234
2945,0.20813390612602234
2946,0.2080741673707962
2947,0.21210414171218872
2948,0.21210414171218872
2949,0.2519087791442871
2950,0.25045305490493774
2951,0.25045305490493774
2952,0.2519087791442871
2953,0.19268536567687988
2954,0.19268536567687988
2955,0.23945599794387817
2956,0.2369680255651474
2957,0.2369680255651474
2958,0.23945599794387817
2959,0.19423167407512665
2960,0.19398829340934753
2961,0.19398829340934753
2962,0.19423167407512665
2963,0.19457240402698517
2964,0.19465792179107666
2965,0.19465792179107666
2966,0.19457240402698517
2967,0.20831160247325897
2968,0.20831160247325897
2969,0.23531301319599152
2970,0.22902865707874298
2971,0.22902865707874298
2972,0.23531301319599152
2973,0.21278874576091766
2974,0.21278876066207886
2975,0.20334231853485107
2976,0.20084355771541595
2977,0.20084355771541595
2978,0.20334231853485107
2979,0.2084980010986328
2980,0.2081422060728073
2981,0.2081422060728073
2982,0.2084980010986328
2983,0.23040080070495605
2984,0.2299618422985077
2985,0.2299618422985077
2986,0.23040080070495605
2987,0.18394848704338074
2988,0.1839924156665802
2989,0.1839924156665802
2990,0.18394848704338074
2991,0.18895743787288666
2992,0.18895743787288666
2993,0.18303009867668152
2994,0.18500998616218567
2995,0.18500998616218567
2996,0.18303009867668152
2997,0.19816480576992035
2998,0.1979440599679947
2999,0.1979440599679947
3000,0.19816480576992035
3001,0.18595077097415924
3002,0.185942143201828
3003,0.185942143201828
3004,0.18595077097415924
3005,0.19789248704910278
3006,0.19783665239810944
3007,0.19783665239810944
3008,0.19789248704910278
3009,0.19228187203407288
3010,0.19831205904483795
3011,0.19831205904483795
3012,0.19228187203407288
3013,0.20475369691848755
3014,0.20475369691848755
3015,0.19471415877342224
3016,0.19468747079372406
3017,0.19468747079372406
3018,0.19471415877342224
3019,0.16823232173919678
3020,0.16846367716789246
3021,0.16846367716789246
3022,0.16823232173919678
3023,0.19708724319934845
3024,0.19703619182109833
3025,0.19703619182109833
3026,0.19708724319934845
3027,0.19136403501033783
3028,0.18927231431007385
3029,0.18927231431007385
3030,0.19136403501033783
3031,0.2154153287410736
3032,0.2154153287410736
3033,0.22304721176624298
3034,0.2236827313899994
3035,0.2236827313899994
3036,0.22304721176624298
3037,0.18502278625965118
3038,0.18502278625965118
3039,0.2219896763563156
3040,0.22278891503810883
3041,0.22278891503810883
3042,0.2219896763563156
3043,0.20495536923408508
3044,0.20439894497394562
3045,0.20439894497394562
3046,0.20495536923408508
3047,0.25245726108551025
3048,0.2522211968898773
3049,0.2522211968898773
3050,0.25245726108551025
3051,0.19603407382965088
3052,0.19601455330848694
3053,0.19601455330848694
3054,0.19603407382965088
3055,0.16792915761470795
3056,0.16789324581623077
3057,0.16789324581623077
3058,0.16792915761470795
3059,0.20579910278320312
3060,0.20949606597423553
3061,0.20949606597423553
3062,0.20579910278320312
3063,0.19762325286865234
3064,0.1974257081747055
3065,0.1974257081747055
3066,0.19762325286865234
3067,0.18786907196044922
3068,0.1878606379032135
3069,0.1878606379032135
3070,0.18786907196044922
3071,0.18463239073753357
3072,0.18452861905097961
3073,0.18452861905097961
3074,0.18463240563869476
3075,0.19849584996700287
3076,0.2017996609210968
3077,0.2017996609210968
3078,0.19849584996700287
3079,0.2140790969133377
3080,0.2140790969133377
3081,0.21622928977012634
3082,0.22603459656238556
3083,0.22603459656238556
3084,0.21622928977012634
3085,0.22083763778209686
3086,0.22047924995422363
3087,0.22047924995422363
3088,0.22083763778209686
3089,0.20089460909366608
3090,0.20008563995361328
3091,0.20008563995361328
3092,0.20089460909366608
3093,0.20614300668239594
3094,0.20305109024047852
3095,0.20305109024047852
3096,0.20614300668239594
3097,0.20570270717144012
3098,0.20570270717144012
3099,0.21633970737457275
3100,0.21618151664733887
3101,0.21618151664733887
3102,0.21633970737457275
3103,0.21582061052322388
3104,0.21582059562206268
3105,0.2243248075246811
3106,0.2243780940771103
3107,0.2243780940771103
3108,0.2243248075246811
3109,0.2033071368932724
3110,0.20399580895900726
3111,0.20399580895900726
3112,0.2033071368932724
3113,0.2214185744524002
3114,0.2214185744524002
3115,0.21250475943088531
3116,0.21235354244709015
3117,0.21235354244709015
3118,0.21250475943088531
3119,0.223314568400383
3120,0.223314568400383
3121,0.20390793681144714
3122,0.2039804905653
3123,0.2039804905653
3124,0.20390793681144714
3125,0.19346308708190918
3126,0.19346308708190918
3127,0.19015857577323914
3128,0.1901596337556839
3129,0.1901596337556839
3130,0.19015857577323914
3131,0.19696828722953796
3132,0.19298098981380463
3133,0.19298098981380463
3134,0.19696830213069916
3135,0.201013445854187
3136,0.201013445854187
3137,0.1945555955171585
3138,0.19570232927799225
3139,0.19570232927799225
3140,0.1945555955171585
3141,0.1712128221988678
3142,0.17074471712112427
3143,0.17074471712112427
3144,0.1712128221988678
3145,0.21261519193649292
3146,0.21261519193649292
3147,0.18275196850299835
3148,0.18275196850299835
3149,0.2489030957221985
3150,0.250836580991745
3151,0.250836580991745
3152,0.2489030957221985
3153,0.18822428584098816
3154,0.18827460706233978
3155,0.18827460706233978
3156,0.18822428584098816
3157,0.21083125472068787
3158,0.21083125472068787
3159,0.20271208882331848
3160,0.20271208882331848
3161,0.21641822159290314
3162,0.21641822159290314
3163,0.2154168039560318
3164,0.21590936183929443
3165,0.21590936183929443
3166,0.215416818857193
3167,0.21896198391914368
3168,0.21896198391914368
3169,0.2173825204372406
3170,0.21670404076576233
3171,0.21670404076576233
3172,0.2173825204372406
3173,0.2343389242887497
3174,0.2341412752866745
3175,0.2341412752866745
3176,0.2343389242887497
3177,0.2312648594379425
3178,0.2312648594379425
3179,0.24515250325202942
3180,0.24794802069664001
3181,0.24794802069664001
3182,0.24515250325202942
3183,0.22631922364234924
3184,0.2259802520275116
3185,0.2259802520275116
3186,0.22631922364234924
3187,0.22737140953540802
3188,0.22737140953540802
3189,0.23613443970680237
3190,0.23613443970680237
3191,0.2297789752483368
3192,0.23024091124534607
3193,0.23024091124534607
3194,0.2297789752483368
3195,0.23045681416988373
3196,0.23045681416988373
3197,0.24467159807682037
3198,0.24467159807682037
3199,0.21766364574432373
3200,0.21766364574432373
3201,0.21639089286327362
3202,0.21619422733783722
3203,0.21619422733783722
3204,0.21639089286327362
3205,0.24816228449344635
3206,0.24495258927345276
3207,0.24495258927345276
3208,0.24816228449344635
3209,0.2513004541397095
3210,0.24939106404781342
3211,0.24939106404781342
3212,0.2513004541397095
3213,0.2731606662273407
3214,0.27376073598861694
3215,0.27376073598861694
3216,0.2731606662273407
3217,0.21101096272468567
3218,0.21126092970371246
3219,0.21126092970371246
3220,0.21101096272468567
3221,0.22450575232505798
3222,0.22450575232505798
3223,0.22477373480796814
3224,0.22493502497673035
3225,0.22493502497673035
3226,0.22477373480796814
3227,0.23430949449539185
3228,0.23459619283676147
3229,0.23459619283676147
3230,0.23430949449539185
3231,0.2480597347021103
3232,0.24809330701828003
3233,0.24809330701828003
3234,0.2480597198009491
3235,0.23339521884918213
3236,0.2323201447725296
3237,0.2323201447725296
3238,0.23339521884918213
3239,0.22801993787288666
3240,0.22820156812667847
3241,0.22820156812667847
3242,0.22801993787288666
3243,0.22533541917800903
3244,0.22243060171604156
3245,0.22243060171604156
3246,0.22533541917800903
3247,0.23007476329803467
3248,0.23007476329803467
3249,0.24122045934200287
3250,0.24409116804599762
3251,0.24409116804599762
3252,0.24122045934200287
3253,0.21710054576396942
3254,0.21739265322685242
3255,0.21739265322685242
3256,0.21710054576396942
3257,0.2507301867008209
3258,0.2507612407207489
3259,0.2507612407207489
3260,0.2507301867008209
3261,0.22381523251533508
3262,0.22298267483711243
3263,0.22298267483711243
3264,0.22381523251533508
3265,0.22547553479671478
3266,0.22547553479671478
3267,0.2826085686683655
3268,0.282670259475708
3269,0.282670259475708
3270,0.2826085686683655
3271,0.23193998634815216
3272,0.23193998634815216
3273,0.2834799289703369
3274,0.28704482316970825
3275,0.28704482316970825
3276,0.2834799289703369
3277,0.25193557143211365
3278,0.25277090072631836
3279,0.25277090072631836
3280,0.25193557143211365
3281,0.28008055686950684
3282,0.2830883860588074
3283,0.2830883860588074
3284,0.28008055686950684
3285,0.21703480184078217
3286,0.2170514166355133
3287,0.2170514166355133
3288,0.21703480184078217
3289,0.21433448791503906
3290,0.21434026956558228
3291,0.21434026956558228
3292,0.21433448791503906
3293,0.2665885388851166
3294,0.2677026689052582
3295,0.2677026689052582
3296,0.2665885388851166
3297,0.2876771092414856
3298,0.2875780463218689
3299,0.2875780463218689
3300,0.2876771092414856
3301,0.22472180426120758
3302,0.22497767210006714
3303,0.22497767210006714
3304,0.22472180426120758
3305,0.2200377881526947
3306,0.22075670957565308
3307,0.22075670957565308
3308,0.2200377881526947
3309,0.21224242448806763
3310,0.21225985884666443
3311,0.21225985884666443
3312,0.21224242448806763
3313,0.22761331498622894
3314,0.22757096588611603
3315,0.22757096588611603
3316,0.22761331498622894
3317,0.24737119674682617
3318,0.24527515470981598
3319,0.24527515470981598
3320,0.24737119674682617
3321,0.2328776866197586
3322,0.2328776866197586
3323,0.2747704088687897
3324,0.27016589045524597
3325,0.27016589045524597
3326,0.2747704088687897
3327,0.2625514566898346
3328,0.263018935918808
3329,0.263018935918808
3330,0.2625514566898346
3331,0.2523645758628845
3332,0.25433433055877686
3333,0.25433433055877686
3334,0.2523645758628845
3335,0.24408961832523346
3336,0.24418145418167114
3337,0.24418145418167114
3338,0.24408961832523346
3339,0.24053899943828583
3340,0.24053899943828583
3341,0.21972186863422394
3342,0.21972186863422394
3343,0.21881823241710663
3344,0.21879340708255768
3345,0.21879340708255768
3346,0.21881823241710663
3347,0.21986590325832367
3348,0.21986590325832367
3349,0.2091214954853058
3350,0.20889966189861298
3351,0.20889966189861298
3352,0.2091214954853058
3353,0.21442705392837524
3354,0.21442705392837524
3355,0.21571916341781616
3356,0.21587686240673065
3357,0.21587686240673065
3358,0.21571916341781616
3359,0.21999624371528625
3360,0.21999624371528625
3361,0.20583462715148926
3362,0.20559006929397583
3363,0.20559006929397583
3364,0.20583462715148926
3365,0.18620075285434723
3366,0.18620075285434723
3367,0.18140527606010437
3368,0.18263423442840576
3369,0.18263423442840576
3370,0.18140527606010437
3371,0.19887550175189972
3372,0.19887550175189972
3373,0.19036081433296204
3374,0.19141674041748047
3375,0.19141674041748047
3376,0.19036081433296204
3377,0.1667410284280777
3378,0.16376018524169922
3379,0.16376018524169922
3380,0.1667410284280777
3381,0.20230165123939514
3382,0.20230165123939514
3383,0.18287016451358795
3384,0.18287016451358795
3385,0.18380114436149597
3386,0.18408136069774628
3387,0.18408136069774628
3388,0.18380114436149597
3389,0.20584435760974884
3390,0.20584435760974884
3391,0.1954503059387207
3392,0.1954503059387207
3393,0.20928460359573364
3394,0.20928460359573364
3395,0.1872146874666214
3396,0.18428339064121246
3397,0.18428339064121246
3398,0.1872146874666214
3399,0.21987903118133545
3400,0.21987903118133545
3401,0.20600146055221558
3402,0.20505917072296143
3403,0.20505917072296143
3404,0.20600146055221558
3405,0.22012579441070557
3406,0.22012579441070557
3407,0.21235805749893188
3408,0.21235805749893188
3409,0.21299022436141968
3410,0.21279823780059814
3411,0.21279823780059814
3412,0.21299022436141968
3413,0.21314634382724762
3414,0.21314634382724762
3415,0.217890664935112
3416,0.21802815794944763
3417,0.21802815794944763
3418,0.217890664935112
3419,0.1946224570274353
3420,0.19530102610588074
3421,0.19530102610588074
3422,0.1946224570274353
3423,0.21083198487758636
3424,0.21083196997642517
3425,0.2075069546699524
3426,0.2075069546699524
3427,0.248033344745636
3428,0.24917873740196228
3429,0.24917873740196228
3430,0.248033344745636
3431,0.2054198980331421
3432,0.20566877722740173
3433,0.20566877722740173
3434,0.2054198980331421
3435,0.21953663229942322
3436,0.21953663229942322
3437,0.21803928911685944
3438,0.21803928911685944
3439,0.2305379956960678
3440,0.22992779314517975
3441,0.22992779314517975
3442,0.2305379956960678
3443,0.2121330201625824
3444,0.2121330201625824
3445,0.21277236938476562
3446,0.21251456439495087
3447,0.21251456439495087
3448,0.21277236938476562
3449,0.2250688076019287
3450,0.2250630408525467
3451,0.2250630408525467
3452,0.2250688076019287
3453,0.2172432690858841
3454,0.21673539280891418
3455,0.21673539280891418
3456,0.2172432690858841
3457,0.21127820014953613
3458,0.21045638620853424
3459,0.21045638620853424
3460,0.21127820014953613
3461,0.2251429408788681
3462,0.2251429408788681
3463,0.2287183254957199
3464,0.2284882515668869
3465,0.2284882515668869
3466,0.2287183254957199
3467,0.20602108538150787
3468,0.20549276471138
3469,0.20549276471138
3470,0.20602108538150787
3471,0.22783489525318146
3472,0.22773325443267822
3473,0.22773325443267822
3474,0.22783489525318146
3475,0.2262277454137802
3476,0.2262277454137802
3477,0.219822958111763
3478,0.219822958111763
3479,0.27351444959640503
3480,0.27382004261016846
3481,0.27382004261016846
3482,0.27351444959640503
3483,0.20813986659049988
3484,0.20769566297531128
3485,0.20769566297531128
3486,0.20813986659049988
3487,0.21340465545654297
3488,0.21335665881633759
3489,0.21335665881633759
3490,0.21340465545654297
3491,0.23204465210437775
3492,0.23204465210437775
3493,0.22790995240211487
3494,0.22790995240211487
3495,0.24062708020210266
3496,0.24062708020210266
3497,0.18044060468673706
3498,0.18044060468673706
3499,0.24772138893604279
3500,0.24477489292621613
3501,0.24477489292621613
3502,0.24772138893604279
3503,0.23256100714206696
3504,0.23314648866653442
3505,0.23314648866653442
3506,0.23256100714206696
3507,0.22957095503807068
3508,0.22957095503807068
3509,0.222189262509346
3510,0.22188185155391693
3511,0.22188185155391693
3512,0.222189262509346
3513,0.25837236642837524
3514,0.2585127353668213
3515,0.2585127353668213
3516,0.25837236642837524
3517,0.22649993002414703
3518,0.22688347101211548
3519,0.22688347101211548
3520,0.22649993002414703
3521,0.22995421290397644
3522,0.2300422191619873
3523,0.2300422191619873
3524,0.22995421290397644
3525,0.23103876411914825
3526,0.23103876411914825
3527,0.2397216558456421
3528,0.2410782426595688
3529,0.2410782426595688
3530,0.2397216558456421
3531,0.21540673077106476
3532,0.2178078293800354
3533,0.2178078293800354
3534,0.21540673077106476
3535,0.24326862394809723
3536,0.24329237639904022
3537,0.24329237639904022
3538,0.24326862394809723
3539,0.23222209513187408
3540,0.23222209513187408
3541,0.2937142848968506
3542,0.294003963470459
3543,0.294003963470459
3544,0.2937142848968506
3545,0.22950533032417297
3546,0.22950533032417297
3547,0.2927992343902588
3548,0.29679691791534424
3549,0.29679691791534424
3550,0.2927992343902588
3551,0.22712038457393646
3552,0.2271851897239685
3553,0.2271851897239685
3554,0.22712038457393646
3555,0.22414354979991913
3556,0.22422295808792114
3557,0.22422295808792114
3558,0.22414354979991913
3559,0.23370592296123505
3560,0.23370592296123505
3561,0.26681801676750183
3562,0.2618706524372101
3563,0.2618706524372101
3564,0.26681801676750183
3565,0.24079814553260803
3566,0.24079814553260803
3567,0.20408062636852264
3568,0.20408062636852264
3569,0.20739571750164032
3570,0.20702505111694336
3571,0.20702505111694336
3572,0.20739571750164032
3573,0.20770379900932312
3574,0.20770379900932312
3575,0.2137387990951538
3576,0.21316662430763245
3577,0.21316662430763245
3578,0.2137387990951538
3579,0.18776796758174896
3580,0.18882040679454803
3581,0.18882040679454803
3582,0.18776796758174896
3583,0.2083895057439804
3584,0.2083895057439804
3585,0.19933834671974182
3586,0.19933834671974182
3587,0.19801795482635498
3588,0.1980496346950531
3589,0.1980496346950531
3590,0.19801795482635498
3591,0.21466036140918732
3592,0.21466036140918732
3593,0.21612682938575745
3594,0.21612682938575745
3595,0.223371684551239
3596,0.2228594571352005
3597,0.2228594571352005
3598,0.223371684551239
3599,0.2096359133720398
3600,0.2096359133720398
3601,0.20339979231357574
3602,0.20371681451797485
3603,0.20371681451797485
3604,0.20339979231357574
3605,0.2151472270488739
3606,0.2151215672492981
3607,0.2151215672492981
3608,0.2151472270488739
3609,0.2137225717306137
3610,0.21343477070331573
3611,0.21343477070331573
3612,0.2137225717306137
3613,0.20885640382766724
3614,0.20861652493476868
3615,0.20861652493476868
3616,0.20885640382766724
3617,0.2123894989490509
3618,0.2123894989490509
3619,0.2160140722990036
3620,0.21601000428199768
3621,0.21601000428199768
3622,0.2160140722990036
3623,0.19685430824756622
3624,0.1971065253019333
3625,0.1971065253019333
3626,0.19685430824756622
3627,0.22676555812358856
3628,0.2266674041748047
3629,0.2266674041748047
3630,0.22676555812358856
3631,0.21542668342590332
3632,0.21542668342590332
3633,0.20496676862239838
3634,0.20496676862239838
3635,0.25922220945358276
3636,0.2591537535190582
3637,0.2591537535190582
3638,0.25922220945358276
3639,0.20248155295848846
3640,0.20223146677017212
3641,0.20223146677017212
3642,0.20248155295848846
3643,0.20904973149299622
3644,0.20904533565044403
3645,0.20904533565044403
3646,0.20904971659183502
3647,0.21750594675540924
3648,0.21750594675540924
3649,0.24161812663078308
3650,0.2430705577135086
3651,0.2430705577135086
3652,0.24161812663078308
3653,0.22137093544006348
3654,0.22137093544006348
3655,0.235927015542984
3656,0.23548176884651184
3657,0.23548176884651184
3658,0.235927015542984
3659,0.20641660690307617
3660,0.20663799345493317
3661,0.20663799345493317
3662,0.20641660690307617
3663,0.21758808195590973
3664,0.21758808195590973
3665,0.2200547307729721
3666,0.21812313795089722
3667,0.21812313795089722
3668,0.2200547307729721
3669,0.2254001498222351
3670,0.22574244439601898
3671,0.22574244439601898
3672,0.2254001498222351
3673,0.22102513909339905
3674,0.220619797706604
3675,0.220619797706604
3676,0.22102513909339905
3677,0.21727150678634644
3678,0.21587485074996948
3679,0.21587485074996948
3680,0.21727150678634644
3681,0.22634677588939667
3682,0.22634677588939667
3683,0.2335832715034485
3684,0.23337318003177643
3685,0.23337318003177643
3686,0.2335832715034485
3687,0.220805361866951
3688,0.22111935913562775
3689,0.22111935913562775
3690,0.220805361866951
3691,0.2320038229227066
3692,0.23191550374031067
3693,0.23191550374031067
3694,0.2320038229227066
3695,0.22500552237033844
3696,0.22500552237033844
3697,0.26225546002388
3698,0.26258835196495056
3699,0.26258835196495056
3700,0.26225546002388
3701,0.22463250160217285
3702,0.22463250160217285
3703,0.27339187264442444
3704,0.27473142743110657
3705,0.27473142743110657
3706,0.27339187264442444
3707,0.20954865217208862
3708,0.20988938212394714
3709,0.20988938212394714
3710,0.20954865217208862
3711,0.21524527668952942
3712,0.21525603532791138
3713,0.21525603532791138
3714,0.21524526178836823
3715,0.23268957436084747
3716,0.23268957436084747
3717,0.25830861926078796
3718,0.2565267086029053
3719,0.2565267086029053
3720,0.25830861926078796
3721,0.23090045154094696
3722,0.23090045154094696
3723,0.2503197193145752
3724,0.252318799495697
3725,0.252318799495697
3726,0.2503197193145752
3727,0.2561022639274597
3728,0.2589198648929596
3729,0.2589198648929596
3730,0.2561022639274597
3731,0.30169594287872314
3732,0.3020516037940979
3733,0.3020516037940979
3734,0.30169594287872314
3735,0.2284010797739029
3736,0.22940655052661896
3737,0.22940655052661896
3738,0.2284010797739029
3739,0.23416250944137573
3740,0.23416250944137573
3741,0.23388537764549255
3742,0.23275695741176605
3743,0.23275695741176605
3744,0.23388537764549255
3745,0.26095083355903625
3746,0.2619609832763672
3747,0.2619609832763672
3748,0.26095083355903625
3749,0.2572872042655945
3750,0.25265663862228394
3751,0.25265663862228394
3752,0.2572872042655945
3753,0.27268701791763306
3754,0.27305203676223755
3755,0.27305203676223755
3756,0.27268701791763306
3757,0.24015620350837708
3758,0.24072404205799103
3759,0.24072404205799103
3760,0.24015620350837708
3761,0.2503925859928131
3762,0.2505137324333191
3763,0.2505137324333191
3764,0.2503925859928131
3765,0.24843861162662506
3766,0.24056808650493622
3767,0.24056808650493622
3768,0.24843861162662506
3769,0.23547950387001038
3770,0.23547950387001038
3771,0.25533807277679443
3772,0.25599172711372375
3773,0.25599172711372375
3774,0.25533807277679443
3775,0.22443126142024994
3776,0.22236225008964539
3777,0.22236225008964539
3778,0.22443124651908875
3779,0.25740790367126465
3780,0.25764837861061096
3781,0.25764837861061096
3782,0.25740790367126465
3783,0.22743995487689972
3784,0.23378027975559235
3785,0.23378027975559235
3786,0.22743995487689972
3787,0.2357536256313324
3788,0.2357536256313324
3789,0.31773144006729126
3790,0.31869491934776306
3791,0.31869491934776306
3792,0.31773144006729126
3793,0.2479158341884613
3794,0.2479158341884613
3795,0.24405810236930847
3796,0.24451515078544617
3797,0.24451515078544617
3798,0.24405810236930847
3799,0.26554974913597107
3800,0.2617456018924713
3801,0.2617456018924713
3802,0.26554974913597107
3803,0.32596510648727417
3804,0.32215017080307007
3805,0.32215017080307007
3806,0.32596510648727417
3807,0.25884726643562317
3808,0.2591770887374878
3809,0.2591770887374878
3810,0.25884726643562317
3811,0.29565903544425964
3812,0.2931143343448639
3813,0.2931143343448639
3814,0.29565903544425964
3815,0.2841690182685852
3816,0.272796094417572
3817,0.272796094417572
3818,0.2841690182685852
3819,0.2397119253873825
3820,0.2397099882364273
3821,0.2397099882364273
3822,0.2397119253873825
3823,0.2151617407798767
3824,0.21520817279815674
3825,0.21520817279815674
3826,0.2151617407798767
3827,0.2825030982494354
3828,0.2785341739654541
3829,0.2785341739654541
3830,0.2825030982494354
3831,0.220724418759346
3832,0.2211122214794159
3833,0.2211122214794159
3834,0.220724418759346
3835,0.3056609630584717
3836,0.312134325504303
3837,0.312134325504303
3838,0.3056609630584717
3839,0.25551655888557434
3840,0.25551655888557434
3841,0.24682162702083588
3842,0.24766698479652405
3843,0.24766698479652405
3844,0.24682162702083588
3845,0.24221476912498474
3846,0.242496058344841
3847,0.242496058344841
3848,0.24221476912498474
3849,0.2730899751186371
3850,0.2790985107421875
3851,0.2790985107421875
3852,0.2730899751186371
3853,0.22939744591712952
3854,0.22938001155853271
3855,0.22938001155853271
3856,0.22939744591712952
3857,0.23894841969013214
3858,0.2391873300075531
3859,0.2391873300075531
3860,0.23894841969013214
3861,0.20580501854419708
3862,0.20689983665943146
3863,0.20689983665943146
3864,0.20580501854419708
3865,0.25980260968208313
3866,0.25995421409606934
3867,0.25995421409606934
3868,0.25980260968208313
3869,0.2431337535381317
3870,0.24283085763454437
3871,0.24283085763454437
3872,0.2431337535381317
3873,0.20672808587551117
3874,0.20796334743499756
3875,0.20796334743499756
3876,0.20672808587551117
3877,0.2658839523792267
3878,0.27062731981277466
3879,0.27062731981277466
3880,0.2658839523792267
3881,0.24053961038589478
3882,0.24053961038589478
3883,0.2898048162460327
3884,0.2809290289878845
3885,0.2809290289878845
3886,0.2898048162460327
3887,0.2509239912033081
3888,0.2509239912033081
3889,0.282470703125
3890,0.2831873595714569
3891,0.2831873595714569
3892,0.282470703125
3893,0.26064184308052063
3894,0.26093611121177673
3895,0.26093611121177673
3896,0.26064184308052063
3897,0.2560099959373474
3898,0.25433725118637085
3899,0.25433725118637085
3900,0.2560099959373474
3901,0.2551417946815491
3902,0.25537532567977905
3903,0.25537532567977905
3904,0.2551417946815491
3905,0.2534317672252655
3906,0.2534317672252655
3907,0.2148204892873764
3908,0.2148204892873764
3909,0.217490553855896
3910,0.217490553855896
3911,0.22231997549533844
3912,0.2217126041650772
3913,0.2217126041650772
3914,0.22231997549533844
3915,0.22546634078025818
3916,0.22546634078025818
3917,0.2382064312696457
3918,0.2386229932308197
3919,0.2386229932308197
3920,0.2382064312696457
3921,0.2204674780368805
3922,0.22122465074062347
3923,0.22122465074062347
3924,0.2204674780368805
3925,0.22471272945404053
3926,0.22471272945404053
3927,0.2300427109003067
3928,0.2300427109003067
3929,0.2755914330482483
3930,0.27607694268226624
3931,0.27607694268226624
3932,0.2755914330482483
3933,0.21389585733413696
3934,0.21352523565292358
3935,0.21352523565292358
3936,0.21389585733413696
3937,0.23186329007148743
3938,0.23186329007148743
3939,0.22983044385910034
3940,0.22983044385910034
3941,0.2352197766304016
3942,0.2352197766304016
3943,0.2318718582391739
3944,0.22959491610527039
3945,0.22959491610527039
3946,0.2318718582391739
3947,0.23339638113975525
3948,0.23339638113975525
3949,0.23958712816238403
3950,0.2384772002696991
3951,0.2384772002696991
3952,0.23958712816238403
3953,0.20994795858860016
3954,0.20980678498744965
3955,0.20980678498744965
3956,0.20994795858860016
3957,0.22180792689323425
3958,0.22180792689323425
3959,0.23229655623435974
3960,0.23310954868793488
3961,0.23310954868793488
3962,0.23229655623435974
3963,0.1915629804134369
3964,0.1919303983449936
3965,0.1919303983449936
3966,0.1915629804134369
3967,0.225411519408226
3968,0.2254115343093872
3969,0.22063931822776794
3970,0.22063931822776794
3971,0.21210414171218872
3972,0.2117166370153427
3973,0.2117166370153427
3974,0.21210414171218872
3975,0.22866404056549072
3976,0.22866404056549072
3977,0.22762829065322876
3978,0.22762829065322876
3979,0.20832403004169464
3980,0.20832403004169464
3981,0.20326954126358032
3982,0.20312930643558502
3983,0.20312930643558502
3984,0.20326954126358032
3985,0.21955528855323792
3986,0.21955528855323792
3987,0.22191199660301208
3988,0.22191199660301208
3989,0.2174724042415619
3990,0.21747636795043945
3991,0.21747636795043945
3992,0.2174724042415619
3993,0.24230724573135376
3994,0.2423471361398697
3995,0.2423471361398697
3996,0.24230724573135376
3997,0.2283577173948288
3998,0.2283577173948288
3999,0.2576768398284912
4000,0.25769832730293274
4001,0.25769832730293274
4002,0.2576768398284912
4003,0.22958360612392426
4004,0.2298058122396469
4005,0.2298058122396469
4006,0.22958360612392426
4007,0.23362629115581512
4008,0.23635205626487732
4009,0.23635205626487732
4010,0.23362629115581512
4011,0.22646336257457733
4012,0.22646336257457733
4013,0.24477466940879822
4014,0.24398215115070343
4015,0.24398215115070343
4016,0.24477466940879822
4017,0.19639965891838074
4018,0.2001141607761383
4019,0.2001141607761383
4020,0.19639965891838074
4021,0.24853956699371338
4022,0.24849270284175873
4023,0.24849270284175873
4024,0.24853956699371338
4025,0.22475667297840118
4026,0.22475667297840118
4027,0.23388983309268951
4028,0.23388983309268951
4029,0.262421190738678
4030,0.26348617672920227
4031,0.26348617672920227
4032,0.262421190738678
4033,0.23120640218257904
4034,0.2308143526315689
4035,0.2308143526315689
4036,0.23120640218257904
4037,0.22639085352420807
4038,0.22639085352420807
4039,0.23700173199176788
4040,0.23700173199176788
4041,0.2230599969625473
4042,0.2230599969625473
4043,0.2239266186952591
4044,0.22378334403038025
4045,0.22378334403038025
4046,0.2239266186952591
4047,0.2070324420928955
4048,0.2070324420928955
4049,0.17873527109622955
4050,0.1797008216381073
4051,0.1797008216381073
4052,0.17873527109622955
4053,0.2098546177148819
4054,0.2098546177148819
4055,0.20056042075157166
4056,0.20045852661132812
4057,0.20045852661132812
4058,0.20056042075157166
4059,0.21159830689430237
4060,0.21159830689430237
4061,0.2296745479106903
4062,0.2296745479106903
4063,0.23304885625839233
4064,0.2329062968492508
4065,0.2329062968492508
4066,0.23304885625839233
4067,0.22895534336566925
4068,0.22895534336566925
4069,0.2371217906475067
4070,0.237285315990448
4071,0.237285315990448
4072,0.2371217906475067
4073,0.2277398258447647
4074,0.2282797396183014
4075,0.2282797396183014
4076,0.2277398258447647
4077,0.22274813055992126
4078,0.22274813055992126
4079,0.23061200976371765
4080,0.23061200976371765
4081,0.2590183913707733
4082,0.2599066495895386
4083,0.2599066495895386
4084,0.2590183913707733
4085,0.22857289016246796
4086,0.22865509986877441
4087,0.22865509986877441
4088,0.22857289016246796
4089,0.23129497468471527
4090,0.23129497468471527
4091,0.23387131094932556
4092,0.23387131094932556
4093,0.20957040786743164
4094,0.20957040786743164
4095,0.20545534789562225
4096,0.2056037336587906
4097,0.2056037336587906
4098,0.20545534789562225
4099,0.2115088403224945
4100,0.2115088403224945
4101,0.20328010618686676
4102,0.20339953899383545
4103,0.20339953899383545
4104,0.20328010618686676
4105,0.23307466506958008
4106,0.23307466506958008
4107,0.21730738878250122
4108,0.21854932606220245
4109,0.21854932606220245
4110,0.21730738878250122
4111,0.22880378365516663
4112,0.22880378365516663
4113,0.23584245145320892
4114,0.23578579723834991
4115,0.23578579723834991
4116,0.23584245145320892
4117,0.2344127893447876
4118,0.2344127893447876
4119,0.21750129759311676
4120,0.21750129759311676
4121,0.21667787432670593
4122,0.21730628609657288
4123,0.21730628609657288
4124,0.21667787432670593
4125,0.21706736087799072
4126,0.21706736087799072
4127,0.21544252336025238
4128,0.21568633615970612
4129,0.21568633615970612
4130,0.21544252336025238
4131,0.20805612206459045
4132,0.20805612206459045
4133,0.19023168087005615
4134,0.190423846244812
4135,0.190423846244812
4136,0.19023168087005615
4137,0.20679187774658203
4138,0.20679187774658203
4139,0.20424272119998932
4140,0.20439256727695465
4141,0.20439256727695465
4142,0.20424272119998932
4143,0.21688126027584076
4144,0.21688126027584076
4145,
4146,
4147,
4148,
4149,
4150,
4151,
4152,
4153,
4154,
4155,
4156,
4157,
4158,
4159,0.22725994884967804
4160,0.22725994884967804
4161,0.21947088837623596
4162,0.21997205913066864
4163,0.21997205913066864
4164,0.21947088837623596
4165,0.2250480353832245
4166,0.2250480353832245
4167,0.22802232205867767
4168,0.22754892706871033
4169,0.22754892706871033
4170,0.22802232205867767
4171,0.23741312325000763
4172,0.23741312325000763
4173,0.22281457483768463
4174,0.22174909710884094
4175,0.22174909710884094
4176,0.22281457483768463
4177,0.21101045608520508
4178,0.21101045608520508
4179,0.2122950702905655
4180,0.21250881254673004
4181,0.21250881254673004
4182,0.2122950702905655
4183,0.21119928359985352
4184,0.21130099892616272
4185,0.21130099892616272
4186,0.21119928359985352
4187,0.21450760960578918
4188,0.21495245397090912
4189,0.21495245397090912
4190,0.21450760960578918
4191,0.2135271430015564
4192,0.2135271430015564
4193,0.219017893075943
4194,0.2192922979593277
4195,0.2192922979593277
4196,0.219017893075943
4197,0.19262176752090454
4198,0.19306853413581848
4199,0.19306853413581848
4200,0.19262176752090454
4201,0.2166101485490799
4202,0.21667861938476562
4203,0.21667861938476562
4204,0.2166101485490799
4205,0.21089425683021545
4206,0.21089425683021545
4207,0.21100354194641113
4208,0.21100354194641113
4209,0.24790474772453308
4210,0.24808509647846222
4211,0.24808509647846222
4212,0.24790474772453308
4213,0.20735777914524078
4214,0.20753100514411926
4215,0.20753100514411926
4216,0.20735777914524078
4217,0.2205183058977127
4218,0.2205183058977127
4219,0.22313112020492554
4220,0.22313112020492554
4221,0.2395097315311432
4222,0.23911429941654205
4223,0.23911429941654205
4224,0.2395097315311432
4225,0.23502784967422485
4226,0.23502784967422485
4227,0.25106945633888245
4228,0.25178349018096924
4229,0.25178349018096924
4230,0.25106945633888245
4231,0.22954502701759338
4232,0.2295088917016983
4233,0.2295088917016983
4234,0.22954502701759338
4235,0.23125223815441132
4236,0.23125223815441132
4237,0.2331932932138443
4238,0.23238639533519745
4239,0.23238639533519745
4240,0.2331932932138443
4241,0.2424829751253128
4242,0.2424829751253128
4243,0.24809898436069489
4244,0.24809898436069489
4245,0.21276099979877472
4246,0.21803033351898193
4247,0.21803033351898193
4248,0.21276099979877472
4249,0.21906889975070953
4250,0.21852821111679077
4251,0.21852821111679077
4252,0.21906889975070953
4253,0.2217995673418045
4254,0.2212102860212326
4255,0.2212102860212326
4256,0.2217995673418045
4257,0.18840080499649048
4258,0.18862375617027283
4259,0.18862375617027283
4260,0.18840080499649048
4261,0.1997952163219452
4262,0.1997952163219452
4263,0.19766658544540405
4264,0.19440945982933044
4265,0.19440945982933044
4266,0.19766658544540405
4267,0.19714149832725525
4268,0.19708432257175446
4269,0.19708432257175446
4270,0.19714149832725525
4271,0.20454615354537964
4272,0.20469602942466736
4273,0.20469602942466736
4274,0.20454615354537964
4275,0.2002973109483719
4276,0.2030602991580963
4277,0.2030602991580963
4278,0.2002973109483719
4279,0.19765543937683105
4280,0.19761992990970612
4281,0.19761992990970612
4282,0.19765543937683105
4283,0.20709539949893951
4284,0.20939412713050842
4285,0.20939412713050842
4286,0.20709539949893951
4287,0.20107224583625793
4288,0.20107224583625793
4289,0.2038077712059021
4290,0.20335091650485992
4291,0.20335091650485992
4292,0.2038077712059021
4293,0.20080088078975677
4294,0.19904857873916626
4295,0.19904857873916626
4296,0.20080088078975677
4297,0.20516158640384674
4298,0.2057953178882599
4299,0.2057953178882599
4300,0.20516158640384674
4301,0.20697155594825745
4302,0.2104448676109314
4303,0.2104448676109314
4304,0.20697155594825745
4305,0.21045003831386566
4306,0.21045003831386566
4307,0.2275390923023224
4308,0.22333838045597076
4309,0.22333838045597076
4310,0.2275390923023224
4311,0.19603231549263
4312,0.19603231549263
4313,0.22265036404132843
4314,0.22653499245643616
4315,0.22653499245643616
4316,0.22265036404132843
4317,0.21467620134353638
4318,0.21399055421352386
4319,0.21399055421352386
4320,0.21467620134353638
4321,0.25874093174934387
4322,0.257536381483078
4323,0.257536381483078
4324,0.25874093174934387
4325,0.1931871473789215
4326,0.193168044090271
4327,0.193168044090271
4328,0.1931871473789215
4329,0.18859100341796875
4330,0.18859811127185822
4331,0.18859811127185822
4332,0.18859100341796875
4333,0.2273460030555725
4334,0.2245369404554367
4335,0.2245369404554367
4336,0.2273460030555725
4337,0.26906511187553406
4338,0.2655990421772003
4339,0.2655990421772003
4340,0.26906511187553406
4341,0.22715893387794495
4342,0.22715893387794495
4343,0.19589440524578094
4344,0.1958843320608139
4345,0.1958843320608139
4346,0.19589440524578094
4347,0.19166116416454315
4348,0.19268545508384705
4349,0.19268545508384705
4350,0.19166116416454315
4351,0.19165940582752228
4352,0.19164793193340302
4353,0.19164793193340302
4354,0.19165940582752228
4355,0.19556884467601776
4356,0.19563451409339905
4357,0.19563451409339905
4358,0.19556884467601776
4359,0.20888127386569977
4360,0.20801588892936707
4361,0.20801588892936707
4362,0.20888127386569977
4363,0.21180762350559235
4364,0.21180762350559235
4365,0.2226758897304535
4366,0.2355874478816986
4367,0.2355874478816986
4368,0.2226758897304535
4369,0.210076242685318
4370,0.2097104787826538
4371,0.2097104787826538
4372,0.210076242685318
4373,0.2142246514558792
4374,0.21176564693450928
4375,0.21176564693450928
4376,0.2142246514558792
4377,0.22771427035331726
4378,0.22872857749462128
4379,0.22872857749462128
4380,0.22771427035331726
4381,0.20726941525936127
4382,0.20726941525936127
4383,0.2084781676530838
4384,0.2084781676530838
4385,0.21181151270866394
4386,0.21457797288894653
4387,0.21457797288894653
4388,0.21181151270866394
4389,0.1994062066078186
4390,0.1994062066078186
4391,0.19222623109817505
4392,0.19062720239162445
4393,0.19062720239162445
4394,0.19222623109817505
4395,0.2147933691740036
4396,0.21513685584068298
4397,0.21513685584068298
4398,0.2147933691740036
4399,0.20046696066856384
4400,0.20053043961524963
4401,0.20053043961524963
4402,0.20046696066856384
4403,0.20626291632652283
4404,0.19874894618988037
4405,0.19874894618988037
4406,0.20626291632652283
4407,0.20272578299045563
4408,0.20272578299045563
4409,0.20321115851402283
4410,0.20282967388629913
4411,0.20282967388629913
4412,0.20321115851402283
4413,0.18648837506771088
4414,0.18625576794147491
4415,0.18625576794147491
4416,0.18648837506771088
4417,0.21595431864261627
4418,0.21621280908584595
4419,0.21621280908584595
4420,0.21595431864261627
4421,0.21161384880542755
4422,0.21161384880542755
4423,0.25600576400756836
4424,0.25551170110702515
4425,0.25551170110702515
4426,0.25600576400756836
4427,0.191499263048172
4428,0.191499263048172
4429,0.252453088760376
4430,0.2505437135696411
4431,0.2505437135696411
4432,0.252453088760376
4433,0.193014457821846
4434,0.19306828081607819
4435,0.19306828081607819
4436,0.193014457821846
4437,0.197976216673851
4438,0.19811032712459564
4439,0.19811032712459564
4440,0.197976216673851
4441,0.2087995707988739
4442,0.2087995707988739
4443,0.23908793926239014
4444,0.23601092398166656
4445,0.23601092398166656
4446,0.23908793926239014
4447,0.2108839452266693
4448,0.2108839452266693
4449,0.21350690722465515
4450,0.21350690722465515
4451,0.2109530121088028
4452,0.21130792796611786
4453,0.21130792796611786
4454,0.2109530121088028
4455,0.21679474413394928
4456,0.21679474413394928
4457,0.21333430707454681
4458,0.21354162693023682
4459,0.21354162693023682
4460,0.21333430707454681
4461,0.21259628236293793
4462,0.21259628236293793
4463,0.20892463624477386
4464,0.20879393815994263
4465,0.20879393815994263
4466,0.20892463624477386
4467,0.22530412673950195
4468,0.22530412673950195
4469,0.21172213554382324
4470,0.21099990606307983
4471,0.21099990606307983
4472,0.21172213554382324
4473,0.22294755280017853
4474,0.22294755280017853
4475,0.22650346159934998
4476,0.22691026329994202
4477,0.22691026329994202
4478,0.22650346159934998
4479,0.2331756055355072
4480,0.2331756055355072
4481,0.21781539916992188
4482,0.21781539916992188
4483,0.21438679099082947
4484,0.21446013450622559
4485,0.21446013450622559
4486,0.21438679099082947
4487,0.211803138256073
4488,0.211803138256073
4489,0.208201602101326
4490,0.20818950235843658
4491,0.20818950235843658
4492,0.208201602101326
4493,0.2278221994638443
4494,0.2278221994638443
4495,0.23103168606758118
4496,0.2309943437576294
4497,0.2309943437576294
4498,0.23103168606758118
4499,0.23300831019878387
4500,0.23300831019878387
4501,0.2162671983242035
4502,0.21632876992225647
4503,0.21632876992225647
4504,0.2162671983242035
4505,0.2230650633573532
4506,0.2230650633573532
4507,0.2182406485080719
4508,0.2194714993238449
4509,0.2194714993238449
4510,0.2182406634092331
4511,0.22710835933685303
4512,0.22710835933685303
4513,0.209565207362175
4514,0.20983010530471802
4515,0.20983010530471802
4516,0.209565207362175
4517,0.22212006151676178
4518,0.22212006151676178
4519,0.2127944529056549
4520,0.2127944529056549
4521,0.21265673637390137
4522,0.21278510987758636
4523,0.21278510987758636
4524,0.21265673637390137
4525,0.21341615915298462
4526,0.21341615915298462
4527,0.21845845878124237
4528,0.21990731358528137
4529,0.21990731358528137
4530,0.21845845878124237
4531,0.19692294299602509
4532,0.19584175944328308
4533,0.19584175944328308
4534,0.19692294299602509
4535,0.21431703865528107
4536,0.21431703865528107
4537,0.20870448648929596
4538,0.20870448648929596
4539,0.2100827544927597
4540,0.2101205289363861
4541,0.2101205289363861
4542,0.2100827693939209
4543,0.22060701251029968
4544,0.22060702741146088
4545,0.22065278887748718
4546,0.22065278887748718
4547,0.22478894889354706
4548,0.22447198629379272
4549,0.22447198629379272
4550,0.22478894889354706
4551,0.2102055549621582
4552,0.2102055549621582
4553,0.21192404627799988
4554,0.21213741600513458
4555,0.21213741600513458
4556,0.21192404627799988
4557,0.21172219514846802
4558,0.21136385202407837
4559,0.21136385202407837
4560,0.21172219514846802
4561,0.2085074782371521
4562,0.2073693424463272
4563,0.2073693424463272
4564,0.2085074782371521
4565,0.21646153926849365
4566,0.21646153926849365
4567,0.21854491531848907
4568,0.2178901731967926
4569,0.2178901731967926
4570,0.21854491531848907
4571,0.20755133032798767
4572,0.20818226039409637
4573,0.20818226039409637
4574,0.20755133032798767
4575,0.21869009733200073
4576,0.2186373770236969
4577,0.2186373770236969
4578,0.21869008243083954
4579,0.21918576955795288
4580,0.21918576955795288
4581,0.2104416936635971
4582,0.2104416936635971
4583,0.25445815920829773
4584,0.2559264898300171
4585,0.2559264898300171
4586,0.25445815920829773
4587,0.20203125476837158
4588,0.20224077999591827
4589,0.20224077999591827
4590,0.20203125476837158
4591,0.22123309969902039
4592,0.22123309969902039
4593,0.21826057136058807
4594,0.21826057136058807
4595,0.2269858866930008
4596,0.2269858866930008
4597,0.2095111459493637
4598,0.20726971328258514
4599,0.20726971328258514
4600,0.2095111459493637
4601,0.2226591855287552
4602,0.2226591855287552
4603,0.22802376747131348
4604,0.22842149436473846
4605,0.22842149436473846
4606,0.22802378237247467
4607,0.236064150929451
4608,0.23606416583061218
4609,0.23608753085136414
4610,0.23685693740844727
4611,0.23685693740844727
4612,0.23608753085136414
4613,0.21963490545749664
4614,0.21963490545749664
4615,0.22479373216629028
4616,0.22514353692531586
4617,0.22514353692531586
4618,0.22479373216629028
4619,0.21828272938728333
4620,0.2187870740890503
4621,0.2187870740890503
4622,0.21828272938728333
4623,0.22681215405464172
4624,0.22681215405464172
4625,0.23585040867328644
4626,0.2352847456932068
4627,0.2352847456932068
4628,0.23585040867328644
4629,0.22759389877319336
4630,0.2275393158197403
4631,0.2275393158197403
4632,0.22759389877319336
4633,0.22453689575195312
4634,0.22453689575195312
4635,0.2279399037361145
4636,0.2279399037361145
4637,0.2674899697303772
4638,0.2674644887447357
4639,0.2674644887447357
4640,0.2674899697303772
4641,0.21323677897453308
4642,0.2135048806667328
4643,0.2135048806667328
4644,0.21323677897453308
4645,0.23277802765369415
4646,0.23277802765369415
4647,0.23375125229358673
4648,0.23375125229358673
4649,0.2270285040140152
4650,0.22904041409492493
4651,0.22904041409492493
4652,0.2270285040140152
4653,0.19658051431179047
4654,0.19667847454547882
4655,0.19667847454547882
4656,0.19658051431179047
4657,0.20642215013504028
4658,0.20642215013504028
4659,0.20455875992774963
4660,0.203176349401474
4661,0.203176349401474
4662,0.20455875992774963
4663,0.21475918591022491
4664,0.21503771841526031
4665,0.21503771841526031
4666,0.21475918591022491
4667,0.20776507258415222
4668,0.2070748656988144
4669,0.2070748656988144
4670,0.20776507258415222
4671,0.20929984748363495
4672,0.2034238874912262
4673,0.2034238874912262
4674,0.20929983258247375
4675,0.2108115255832672
4676,0.2108115255832672
4677,0.2205808162689209
4678,0.21944858133792877
4679,0.21944858133792877
4680,0.2205808162689209
4681,0.21259243786334991
4682,0.21127842366695404
4683,0.21127842366695404
4684,0.21259243786334991
4685,0.22230029106140137
4686,0.22252409160137177
4687,0.22252409160137177
4688,0.22230029106140137
4689,0.21032586693763733
4690,0.21420639753341675
4691,0.21420639753341675
4692,0.21032586693763733
4693,0.21794405579566956
4694,0.21794405579566956
4695,0.25579512119293213
4696,0.25503817200660706
4697,0.25503817200660706
4698,0.25579512119293213
4699,0.21039307117462158
4700,0.21039307117462158
4701,0.2309788167476654
4702,0.23208613693714142
4703,0.23208613693714142
4704,0.2309788167476654
4705,0.27065974473953247
4706,0.26989108324050903
4707,0.26989108324050903
4708,0.27065974473953247
4709,0.20294444262981415
4710,0.20295897126197815
4711,0.20295897126197815
4712,0.20294444262981415
4713,0.19613489508628845
4714,0.19617895781993866
4715,0.19617895781993866
4716,0.19613489508628845
4717,0.20144233107566833
4718,0.20184868574142456
4719,0.20184868574142456
4720,0.20144233107566833
4721,0.20526963472366333
4722,0.2054239958524704
4723,0.2054239958524704
4724,0.20526963472366333
4725,0.2216835916042328
4726,0.2216835916042328
4727,0.2534404993057251
4728,0.24459469318389893
4729,0.24459469318389893
4730,0.2534404993057251
4731,0.23434916138648987
4732,0.2342953085899353
4733,0.2342953085899353
4734,0.23434916138648987
4735,0.2162233293056488
4736,0.2162233144044876
4737,0.2052033245563507
4738,0.2052033245563507
4739,0.18935750424861908
4740,0.18833027780056
4741,0.18833027780056
4742,0.18935750424861908
4743,0.20964840054512024
4744,0.20964840054512024
4745,0.19814567267894745
4746,0.198513001203537
4747,0.198513001203537
4748,0.19814567267894745
4749,0.2106548547744751
4750,0.2106548547744751
4751,0.21440452337265015
4752,0.21440452337265015
4753,0.21026019752025604
4754,0.21036474406719208
4755,0.21036474406719208
4756,0.21026019752025604
4757,0.21368113160133362
4758,0.21368113160133362
4759,0.20869389176368713
4760,0.20905832946300507
4761,0.20905832946300507
4762,0.20869389176368713
4763,0.22148852050304413
4764,0.22148852050304413
4765,0.21026606857776642
4766,0.21026606857776642
4767,0.20900364220142365
4768,0.20884618163108826
4769,0.20884618163108826
4770,0.20900364220142365
4771,0.2286122590303421
4772,0.2286122590303421
4773,0.22970573604106903
4774,0.22890950739383698
4775,0.22890950739383698
4776,0.22970573604106903
4777,0.2254362255334854
4778,0.22570735216140747
4779,0.22570735216140747
4780,0.2254362255334854
4781,0.22990299761295319
4782,0.22990299761295319
4783,0.21131595969200134
4784,0.2119598537683487
4785,0.2119598537683487
4786,0.21131595969200134
4787,0.23023788630962372
4788,0.23023788630962372
4789,0.21457241475582123
4790,0.21459583938121796
4791,0.19927838444709778
4792,0.19927838444709778
4793,0.19948557019233704
4794,0.1996770203113556
4795,0.1996770203113556
4796,0.19948557019233704
4797,0.20410485565662384
4798,0.20019319653511047
4799,0.20019319653511047
4800,0.20713987946510315
4801,0.20713987946510315
4802,0.2040995955467224
4803,0.20606710016727448
4804,0.20606710016727448
4805,0.2040995955467224
4806,0.19037283957004547
4807,0.18858946859836578
4808,0.18858946859836578
4809,0.19037283957004547
4810,0.21654964983463287
4811,0.21654964983463287
4812,0.19865238666534424
4813,0.19865238666534424
4814,0.24970826506614685
4815,0.24791556596755981
4816,0.24791556596755981
4817,0.24970826506614685
4818,0.19600151479244232
4819,0.1958732306957245
4820,0.1958732306957245
4821,0.19600151479244232
4822,0.2188289612531662
4823,0.2188289612531662
4824,0.20698881149291992
4825,0.20698881149291992
4826,0.2153383046388626
4827,0.2153383046388626
4828,0.2112623155117035
4829,0.21120348572731018
4830,0.21120348572731018
4831,0.21126233041286469
4832,0.2251499742269516
4833,0.2251499742269516
4834,0.22383077442646027
4835,0.22308064997196198
4836,0.22308064997196198
4837,0.22383077442646027
4838,0.22076871991157532
4839,0.22076871991157532
4840,0.21721254289150238
4841,0.2172500342130661
4842,0.2172500342130661
4843,0.21721254289150238
4844,
4845,
4846,0.21121831238269806
4847,0.21121831238269806
4848,0.21165987849235535
4849,0.20412306487560272
4850,0.20412306487560272
4851,0.21165987849235535
4852,0.2166062891483307
4853,0.2166062891483307
4854,0.2079010158777237
4855,0.20586644113063812
4856,0.20586644113063812
4857,0.2079010158777237
4858,0.2196914255619049
4859,0.2196914255619049
4860,0.22619466483592987
4861,0.22597138583660126
4862,0.22597138583660126
4863,0.22619466483592987
4864,0.21007439494132996
4865,0.21007439494132996
4866,0.21548691391944885
4867,0.21547868847846985
4868,0.21547868847846985
4869,0.21548691391944885
4870,0.20885822176933289
4871,0.2085958570241928
4872,0.2085958570241928
4873,0.20885822176933289
4874,0.20645268261432648
4875,0.2065034806728363
4876,0.2065034806728363
4877,0.20645268261432648
4878,0.21253381669521332
4879,0.21253381669521332
4880,0.22014625370502472
4881,0.21873138844966888
4882,0.21873138844966888
4883,0.22014625370502472
4884,0.21269850432872772
4885,0.21427319943904877
4886,0.21427319943904877
4887,0.21269850432872772
4888,0.21978533267974854
4889,0.21972498297691345
4890,0.21972498297691345
4891,0.21978533267974854
4892,0.22458456456661224
4893,0.22458456456661224
4894,0.21317726373672485
4895,0.21317726373672485
4896,0.27865034341812134
4897,0.2791702151298523
4898,0.2791702151298523
4899,0.27865034341812134
4900,0.20401403307914734
4901,0.2040104866027832
4902,0.2040104866027832
4903,0.20401403307914734
4904,0.23515461385250092
4905,0.23515461385250092
4906,0.21323415637016296
4907,0.21323415637016296
4908,0.22755594551563263
4909,0.22669842839241028
4910,0.22669842839241028
4911,0.22755594551563263
4912,0.1955774575471878
4913,0.19558945298194885
4914,0.19558945298194885
4915,0.1955774575471878
4916,0.2061144858598709
4917,0.2061144858598709
4918,0.2017195224761963
4919,0.20162919163703918
4920,0.20162919163703918
4921,0.2017195224761963
4922,0.21313437819480896
4923,0.21309733390808105
4924,0.21309733390808105
4925,0.21313437819480896
4926,0.2085849791765213
4927,0.20825830101966858
4928,0.20825831592082977
4929,0.2085849940776825
4930,0.20350497961044312
4931,0.20335419476032257
4932,0.20335419476032257
4933,0.20350497961044312
4934,0.21208730340003967
4935,0.21208730340003967
4936,0.2216900885105133
4937,0.2213231921195984
4938,0.2213231921195984
4939,0.2216900885105133
4940,0.1990170031785965
4941,0.1992427259683609
4942,0.1992427259683609
4943,0.1990170031785965
4944,0.22168557345867157
4945,0.22161537408828735
4946,0.22161537408828735
4947,0.22168557345867157
4948,0.20747847855091095
4949,0.20606857538223267
4950,0.20606857538223267
4951,0.20747847855091095
4952,0.21895216405391693
4953,0.21895216405391693
4954,0.25196120142936707
4955,0.25298047065734863
4956,0.25298047065734863
4957,0.25196120142936707
4958,0.20867221057415009
4959,0.20867221057415009
4960,0.2329942286014557
4961,0.23387430608272552
4962,0.23387430608272552
4963,0.2329942286014557
4964,0.26826757192611694
4965,0.2682647705078125
4966,0.2682647705078125
4967,0.26826757192611694
4968,0.20444558560848236
4969,0.20445303618907928
4970,0.20445303618907928
4971,0.20444558560848236
4972,0.188853457570076
4973,0.18887822329998016
4974,0.18887822329998016
4975,0.188853457570076
4976,0.20060080289840698
4977,0.20042456686496735
4978,0.20042456686496735
4979,0.20060080289840698
4980,0.2043527215719223
4981,0.20434194803237915
4982,0.20434194803237915
4983,0.2043527215719223
4984,0.2202042192220688
4985,0.2202042192220688
4986,0.24999287724494934
4987,0.24597179889678955
4988,0.24597179889678955
4989,0.24999287724494934
4990,0.22902071475982666
4991,0.2311028093099594
4992,0.2311028093099594
4993,0.22902071475982666
4994,0.2183796614408493
4995,0.2183796614408493
4996,
4997,
4998,
4999,
5000,
5001,
5002,
5003,
5004,
5005,
5006,
5007,
5008,0.21895335614681244
5009,0.21895335614681244
5010,0.21452119946479797
5011,0.21449026465415955
5012,0.21449026465415955
5013,0.21452119946479797
5014,0.22013801336288452
5015,0.22013801336288452
5016,0.21808339655399323
5017,0.21828170120716095
5018,0.21828170120716095
5019,0.21808339655399323
5020,0.20945042371749878
5021,0.20945042371749878
5022,0.21020208299160004
5023,0.21028386056423187
5024,0.21028386056423187
5025,0.21020208299160004
5026,0.20912013947963715
5027,0.20912013947963715
5028,0.21821272373199463
5029,0.21893872320652008
5030,0.21893872320652008
5031,0.21821272373199463
5032,0.19715584814548492
5033,0.19743774831295013
5034,0.19743774831295013
5035,0.19715584814548492
5036,0.21421663463115692
5037,0.21421663463115692
5038,0.20860467851161957
5039,0.20860467851161957
5040,0.20585840940475464
5041,0.20626601576805115
5042,0.20626601576805115
5043,0.20585840940475464
5044,0.21757878363132477
5045,0.21757878363132477
5046,0.21845471858978271
5047,0.21845471858978271
5048,0.21826091408729553
5049,0.21785667538642883
5050,0.21785667538642883
5051,0.21826091408729553
5052,0.23360513150691986
5053,0.2325214147567749
5054,0.2325214147567749
5055,0.23360514640808105
5056,0.24158471822738647
5057,0.2411794364452362
5058,0.2411794364452362
5059,0.24158471822738647
5060,0.28799861669540405
5061,0.2890145778656006
5062,0.2890145778656006
5063,0.28799861669540405
5064,0.1897849440574646
5065,0.1897127628326416
5066,0.1897127628326416
5067,0.1897849440574646
5068,0.19940228760242462
5069,0.19940228760242462
5070,0.21084889769554138
5071,0.2117440104484558
5072,0.2117440104484558
5073,0.21084889769554138
5074,0.211653932929039
5075,0.211653932929039
5076,0.22654974460601807
5077,0.22979441285133362
5078,0.22979441285133362
5079,0.22654974460601807
5080,0.19513802230358124
5081,0.1966690868139267
5082,0.1966690868139267
5083,0.19513802230358124
5084,0.2297368049621582
5085,0.22972412407398224
5086,0.22972412407398224
5087,0.2297368049621582
5088,0.21612989902496338
5089,0.21409012377262115
5090,0.21409012377262115
5091,0.21612989902496338
5092,0.20241869986057281
5093,0.20240344107151031
5094,0.20240344107151031
5095,0.20241869986057281
5096,0.20724543929100037
5097,0.20723429322242737
5098,0.20723429322242737
5099,0.20724543929100037
5100,0.21327517926692963
5101,0.22105665504932404
5102,0.22105665504932404
5103,0.21327517926692963
5104,0.2150251567363739
5105,0.21502536535263062
5106,0.21502536535263062
5107,0.2150251567363739
5108,0.20203369855880737
5109,0.20259429514408112
5110,0.20259429514408112
5111,0.20203369855880737
5112,0.22507405281066895
5113,0.22489377856254578
5114,0.22489377856254578
5115,0.22507405281066895
5116,0.20520085096359253
5117,0.20516802370548248
5118,0.20516802370548248
5119,0.20520085096359253
5120,0.19727137684822083
5121,0.19995754957199097
5122,0.19995754957199097
5123,0.19727137684822083
5124,0.20703242719173431
5125,0.20703242719173431
5126,0.2206643521785736
5127,0.2180117964744568
5128,0.2180117964744568
5129,0.2206643521785736
5130,0.21003183722496033
5131,0.2096124291419983
5132,0.2096124291419983
5133,0.21003183722496033
5134,0.19243580102920532
5135,0.19156894087791443
5136,0.19156894087791443
5137,0.19243580102920532
5138,0.21083740890026093
5139,0.2108631432056427
5140,0.2108631432056427
5141,0.21083740890026093
5142,0.20476102828979492
5143,0.20695194602012634
5144,0.20695194602012634
5145,0.20476102828979492
5146,0.21809615194797516
5147,0.21809615194797516
5148,0.24106545746326447
5149,0.24050579965114594
5150,0.24050581455230713
5151,0.24106545746326447
5152,0.19850708544254303
5153,0.19850708544254303
5154,0.20813585817813873
5155,0.2090713083744049
5156,0.2090713083744049
5157,0.20813585817813873
5158,0.21446354687213898
5159,0.21175388991832733
5160,0.21175388991832733
5161,0.21446354687213898
5162,0.24377590417861938
5163,0.24122624099254608
5164,0.24122624099254608
5165,0.24377590417861938
5166,0.2214360386133194
5167,0.22080203890800476
5168,0.22080203890800476
5169,0.2214360386133194
5170,0.2721547484397888
5171,0.27140122652053833
5172,0.27140122652053833
5173,0.2721547484397888
5174,0.2408219426870346
5175,0.24068765342235565
5176,0.24068765342235565
5177,0.2408219426870346
5178,
5179,
5180,
5181,
5182,0.1998463273048401
5183,0.1998191475868225
5184,0.1998191475868225
5185,0.1998463124036789
5186,0.18194471299648285
5187,0.1819095015525818
5188,0.1819095015525818
5189,0.18194471299648285
5190,0.21446919441223145
5191,0.21446919441223145
5192,0.22139351069927216
5193,0.22241882979869843
5194,0.22241882979869843
5195,0.22139351069927216
5196,0.21884840726852417
5197,0.21884840726852417
5198,0.21832147240638733
5199,0.21832147240638733
5200,0.18625380098819733
5201,0.1862412542104721
5202,0.1862412542104721
5203,0.18625380098819733
5204,0.27484411001205444
5205,0.277428537607193
5206,0.277428537607193
5207,0.27484411001205444
5208,0.24217818677425385
5209,0.24217818677425385
5210,0.20034082233905792
5211,0.20037318766117096
5212,0.20037318766117096
5213,0.20034082233905792
5214,0.19576026499271393
5215,0.1958077996969223
5216,0.1958077847957611
5217,0.19576026499271393
5218,0.24118927121162415
5219,0.2413349449634552
5220,0.2413349449634552
5221,0.24118927121162415
5222,0.19371303915977478
5223,0.19370147585868835
5224,0.19370147585868835
5225,0.19371303915977478
5226,0.19571569561958313
5227,0.1957201361656189
5228,0.1957201361656189
5229,0.19571569561958313
5230,0.17387336492538452
5231,0.1745334267616272
5232,0.1745334267616272
5233,0.17387336492538452
5234,0.20878911018371582
5235,0.21253091096878052
5236,0.21253091096878052
5237,0.20878911018371582
5238,0.21245728433132172
5239,0.2120453119277954
5240,0.2120453119277954
5241,0.21245728433132172
5242,0.2130538821220398
5243,0.21303801238536835
5244,0.21303801238536835
5245,0.2130538821220398
5246,0.20201893150806427
5247,0.2029208540916443
5248,0.2029208540916443
5249,0.20201891660690308
5250,0.1741279661655426
5251,0.1739155650138855
5252,0.1739155650138855
5253,0.1741279661655426
5254,0.20225250720977783
5255,0.20216156542301178
5256,0.20216156542301178
5257,0.20225250720977783
5258,0.22168345749378204
5259,0.22044219076633453
5260,0.22044219076633453
5261,0.22168345749378204
5262,0.21910345554351807
5263,0.21910345554351807
5264,0.23028942942619324
5265,0.23816613852977753
5266,0.23816613852977753
5267,0.23028942942619324
5268,0.21225248277187347
5269,0.21225248277187347
5270,0.21278366446495056
5271,0.21278366446495056
5272,0.21090979874134064
5273,0.21090979874134064
5274,0.2283264547586441
5275,0.2279784232378006
5276,0.2279784232378006
5277,0.2283264547586441
5278,0.2151528149843216
5279,0.21393291652202606
5280,0.21393291652202606
5281,0.2151528149843216
5282,0.2250010371208191
5283,0.22447648644447327
5284,0.22447648644447327
5285,0.2250010371208191
5286,0.2704717516899109
5287,0.267361581325531
5288,0.267361581325531
5289,0.2704717516899109
5290,0.22105352580547333
5291,0.22190618515014648
5292,0.22190618515014648
5293,0.22105352580547333
5294,0.21457605063915253
5295,0.21457605063915253
5296,0.19002237915992737
5297,0.18993023037910461
5298,0.18993023037910461
5299,0.19002237915992737
5300,0.2042730450630188
5301,0.2042730450630188
5302,0.2049824446439743
5303,0.20622074604034424
5304,0.20622074604034424
5305,0.2049824446439743
5306,0.1698274314403534
5307,0.17279499769210815
5308,0.17279499769210815
5309,0.1698274314403534
5310,0.20786726474761963
5311,0.20786726474761963
5312,0.19840538501739502
5313,0.198484405875206
5314,0.198484405875206
5315,0.19840538501739502
5316,0.20704856514930725
5317,0.20704856514930725
5318,0.2242627739906311
5319,0.224345400929451
5320,0.224345400929451
5321,0.2242627739906311
5322,0.20803332328796387
5323,0.20803332328796387
5324,0.21481214463710785
5325,0.21480587124824524
5326,0.21480587124824524
5327,0.21481214463710785
5328,0.20745007693767548
5329,0.20718277990818024
5330,0.20718277990818024
5331,0.20745007693767548
5332,0.2048604041337967
5333,0.20444011688232422
5334,0.20444011688232422
5335,0.2048604041337967
5336,0.2134019285440445
5337,0.2134019285440445
5338,0.21796321868896484
5339,0.21722818911075592
5340,0.21722818911075592
5341,0.21796321868896484
5342,0.21138253808021545
5343,0.21215364336967468
5344,0.21215364336967468
5345,0.21138253808021545
5346,0.21824704110622406
5347,0.21817824244499207
5348,0.21817824244499207
5349,0.21824704110622406
5350,0.22420348227024078
5351,0.22420348227024078
5352,0.21060742437839508
5353,0.21060742437839508
5354,0.27401790022850037
5355,0.2740626037120819
5356,0.2740626037120819
5357,0.27401790022850037
5358,0.2021617442369461
5359,0.20198944211006165
5360,0.20198944211006165
5361,0.2021617442369461
5362,0.23220045864582062
5363,0.23220045864582062
5364,0.21385802328586578
5365,0.21385802328586578
5366,0.23053812980651855
5367,0.23053812980651855
5368,0.21139459311962128
5369,0.21064631640911102
5370,0.21064631640911102
5371,0.21139459311962128
5372,0.22220416367053986
5373,0.22220416367053986
5374,0.23033064603805542
5375,0.22987183928489685
5376,0.22987183928489685
5377,0.23033064603805542
5378,0.2332949936389923
5379,0.2332949936389923
5380,0.2112019807100296
5381,0.2112019807100296
5382,0.21266651153564453
5383,0.21308554708957672
5384,0.21308554708957672
5385,0.21266651153564453
5386,0.1979389190673828
5387,0.19812297821044922
5388,0.19812297821044922
5389,0.1979389190673828
5390,0.21741558611392975
5391,0.21741558611392975
5392,0.2022145688533783
5393,0.20210036635398865
5394,0.20210036635398865
5395,0.2022145688533783
5396,0.21815747022628784
5397,0.21815747022628784
5398,0.21989618241786957
5399,0.22207845747470856
5400,0.22207845747470856
5401,0.21989618241786957
5402,0.22645944356918335
5403,0.22804045677185059
5404,0.22804045677185059
5405,0.22645944356918335
5406,0.2502341866493225
5407,0.24951986968517303
5408,0.24951986968517303
5409,0.2502341866493225
5410,0.19885686039924622
5411,0.19891275465488434
5412,0.19891275465488434
5413,0.19885686039924622
5414,0.2085697054862976
5415,0.2085697054862976
5416,0.20589856803417206
5417,0.20360167324543
5418,0.20360167324543
5419,0.20589856803417206
5420,0.21569383144378662
5421,0.2153080254793167
5422,0.2153080254793167
5423,0.21569383144378662
5424,0.22764532268047333
5425,0.2278733253479004
5426,0.2278733253479004
5427,0.22764532268047333
5428,0.2101566642522812
5429,0.21179360151290894
5430,0.21179360151290894
5431,0.2101566642522812
5432,0.20869523286819458
5433,0.20854870975017548
5434,0.20854870975017548
5435,0.20869523286819458
5436,0.21724441647529602
5437,0.21644504368305206
5438,0.21644504368305206
5439,0.21724441647529602
5440,0.20832815766334534
5441,0.20832815766334534
5442,0.21055379509925842
5443,0.20906369388103485
5444,0.20906369388103485
5445,0.21055379509925842
5446,0.20332716405391693
5447,0.19530728459358215
5448,0.19530728459358215
5449,0.20332716405391693
5450,0.22223080694675446
5451,0.22276671230793
5452,0.22276671230793
5453,0.22223080694675446
5454,0.20481587946414948
5455,0.20403805375099182
5456,0.20403805375099182
5457,0.20481587946414948
5458,0.2117220014333725
5459,0.2117220014333725
5460,0.2628285884857178
5461,0.25991618633270264
5462,0.25991618633270264
5463,0.2628285884857178
5464,0.20276428759098053
5465,0.20276428759098053
5466,0.2152176946401596
5467,0.2163081020116806
5468,0.2163081020116806
5469,0.2152176946401596
5470,0.225743368268013
5471,0.22045549750328064
5472,0.22045549750328064
5473,0.225743368268013
5474,0.2549097537994385
5475,0.2592502236366272
5476,0.2592502236366272
5477,0.2549097537994385
5478,0.2238851636648178
5479,0.22370965778827667
5480,0.22370965778827667
5481,0.2238851636648178
5482,0.2531990706920624
5483,0.2510436177253723
5484,0.2510436177253723
5485,0.2531990706920624
5486,0.22875703871250153
5487,0.23019534349441528
5488,0.23019534349441528
5489,0.22875703871250153
5490,0.20176562666893005
5491,0.2017618864774704
5492,0.2017618864774704
5493,0.20176562666893005
5494,0.19005027413368225
5495,0.18994155526161194
5496,0.18994155526161194
5497,0.19005027413368225
5498,0.2386196404695511
5499,0.24062897264957428
5500,0.24062897264957428
5501,0.2386196404695511
5502,0.2534007430076599
5503,0.25498542189598083
5504,0.25498542189598083
5505,0.2534007430076599
5506,0.22507131099700928
5507,0.22507131099700928
5508,0.20982830226421356
5509,0.2096385955810547
5510,0.2096385955810547
5511,0.20982830226421356
5512,0.20146939158439636
5513,0.2014458179473877
5514,0.2014458179473877
5515,0.20146939158439636
5516,0.2259880006313324
5517,0.2289564609527588
5518,0.2289564609527588
5519,0.2259880006313324
5520,0.20005053281784058
5521,0.20011261105537415
5522,0.20011261105537415
5523,0.20005053281784058
5524,0.20925046503543854
5525,0.20989365875720978
5526,0.20989365875720978
5527,0.20925046503543854
5528,0.19349068403244019
5529,0.19578589498996735
5530,0.19578589498996735
5531,0.19349068403244019
5532,0.22130584716796875
5533,0.21915604174137115
5534,0.21915604174137115
5535,0.22130584716796875
5536,0.19391581416130066
5537,0.19639429450035095
5538,0.19639429450035095
5539,0.19391581416130066
5540,0.2338756024837494
5541,0.23734305799007416
5542,0.23734305799007416
5543,0.2338756024837494
5544,0.21485982835292816
5545,0.21485982835292816
5546,0.2390700727701187
5547,0.2488846331834793
5548,0.2488846331834793
5549,0.2390700727701187
5550,0.21600253880023956
5551,0.21600253880023956
5552,0.23149374127388
5553,0.23140151798725128
5554,0.23140151798725128
5555,0.23149374127388
5556,0.227858766913414
5557,0.22522176802158356
5558,0.22522176802158356
5559,0.227858766913414
5560,0.22301195561885834
5561,0.22632014751434326
5562,0.22632014751434326
5563,0.22301195561885834
5564,0.21714121103286743
5565,0.21714121103286743
5566,0.22543010115623474
5567,0.22549468278884888
5568,0.22549468278884888
5569,0.22543011605739594
5570,0.2199256420135498
5571,0.2199256420135498
5572,0.23271308839321136
5573,0.23346033692359924
5574,0.23346033692359924
5575,0.23271308839321136
5576,0.21301227807998657
5577,0.21265755593776703
5578,0.21265755593776703
5579,0.21301227807998657
5580,0.221731036901474
5581,0.221731036901474
5582,0.22024588286876678
5583,0.22054100036621094
5584,0.22054100036621094
5585,0.22024588286876678
5586,0.23051989078521729
5587,0.23051989078521729
5588,0.22142630815505981
5589,0.2211441546678543
5590,0.2211441546678543
5591,0.22142630815505981
5592,0.20896655321121216
5593,0.20896655321121216
5594,0.22483883798122406
5595,0.22521567344665527
5596,0.22521567344665527
5597,0.22483883798122406
5598,0.20792095363140106
5599,0.20808155834674835
5600,0.20808155834674835
5601,0.20792095363140106
5602,0.21132241189479828
5603,0.20871172845363617
5604,0.20871172845363617
5605,0.21132241189479828
5606,0.21042470633983612
5607,0.21042470633983612
5608,0.21144266426563263
5609,0.21375584602355957
5610,0.21375584602355957
5611,0.21144266426563263
5612,0.19208206236362457
5613,0.191696435213089
5614,0.191696435213089
5615,0.19208206236362457
5616,0.2224840223789215
5617,0.2225296050310135
5618,0.2225296050310135
5619,0.2224840223789215
5620,0.21500150859355927
5621,0.21500150859355927
5622,0.20034073293209076
5623,0.20034073293209076
5624,0.2417738288640976
5625,0.2421111911535263
5626,0.2421111911535263
5627,0.2417738288640976
5628,0.20360668003559113
5629,0.20349961519241333
5630,0.20349960029125214
5631,0.20360666513442993
5632,0.21255967020988464
5633,0.21255967020988464
5634,0.21806606650352478
5635,0.21806606650352478
5636,0.21526309847831726
5637,0.21526309847831726
5638,0.18063580989837646
5639,0.18034061789512634
5640,0.18034061789512634
5641,0.18063580989837646
5642,0.21927662193775177
5643,0.21927662193775177
5644,0.20968914031982422
5645,0.20936840772628784
5646,0.20936840772628784
5647,0.20968914031982422
5648,0.2226664274930954
5649,0.2226664274930954
5650,0.22603803873062134
5651,0.22603803873062134
5652,0.2202761173248291
5653,0.21852891147136688
5654,0.21852891147136688
5655,0.2202761173248291
5656,0.2280612587928772
5657,0.2280612587928772
5658,0.22226844727993011
5659,0.22348347306251526
5660,0.22348347306251526
5661,0.22226844727993011
5662,0.2280813306570053
5663,0.2280813306570053
5664,0.23163284361362457
5665,0.23219034075737
5666,0.23219034075737
5667,0.23163284361362457
5668,0.23546530306339264
5669,0.23546530306339264
5670,0.23628857731819153
5671,0.23672375082969666
5672,0.23672375082969666
5673,0.23628857731819153
5674,0.2372628152370453
5675,0.2372628152370453
5676,0.2227761149406433
5677,0.22280673682689667
5678,0.22280673682689667
5679,0.2227761149406433
5680,0.23182618618011475
5681,0.2326391637325287
5682,0.2326391637325287
5683,0.23182618618011475
5684,0.21869321167469025
5685,0.21869321167469025
5686,0.22121532261371613
5687,0.22150570154190063
5688,0.22150570154190063
5689,0.22121532261371613
5690,0.22347599267959595
5691,0.22458134591579437
5692,0.22458134591579437
5693,0.22347599267959595
5694,0.2193067967891693
5695,0.2193067967891693
5696,0.23300045728683472
5697,0.23108740150928497
5698,0.23108740150928497
5699,0.23300045728683472
5700,0.21944613754749298
5701,0.21951286494731903
5702,0.21951286494731903
5703,0.21944613754749298
5704,0.21950596570968628
5705,0.21950596570968628
5706,0.22247041761875153
5707,0.22247041761875153
5708,0.2711816430091858
5709,0.2704717516899109
5710,0.2704717516899109
5711,0.2711816430091858
5712,0.22235673666000366
5713,0.2227310836315155
5714,0.2227310836315155
5715,0.22235673666000366
5716,0.22825400531291962
5717,0.22825400531291962
5718,0.23114019632339478
5719,0.23114019632339478
5720,0.20031684637069702
5721,0.2004624903202057
5722,0.2004624903202057
5723,0.20031684637069702
5724,0.20404848456382751
5725,0.20404848456382751
5726,0.2035755217075348
5727,0.205475851893425
5728,0.205475851893425
5729,0.2035755217075348
5730,0.20134998857975006
5731,0.19920293986797333
5732,0.19920293986797333
5733,0.20134998857975006
5734,0.21411959826946259
5735,0.21411959826946259
5736,0.1958325058221817
5737,0.1958802044391632
5738,0.1958802044391632
5739,0.1958325058221817
5740,0.21387840807437897
5741,0.21387840807437897
5742,0.20479607582092285
5743,0.20479607582092285
5744,0.2298414707183838
5745,0.2298414707183838
5746,0.2293964922428131
5747,0.2285207062959671
5748,0.2285207062959671
5749,0.2293964922428131
5750,0.22447903454303741
5751,0.22447903454303741
5752,0.23762458562850952
5753,0.23788394033908844
5754,0.23788394033908844
5755,0.23762458562850952
5756,0.22135289013385773
5757,0.22135289013385773
5758,0.21392786502838135
5759,0.21392786502838135
5760,0.21078167855739594
5761,0.21094809472560883
5762,0.21094809472560883
5763,0.21078167855739594
5764,0.21413981914520264
5765,0.21413981914520264
5766,0.20505473017692566
5767,0.2053459882736206
5768,0.2053459882736206
5769,0.20505473017692566
5770,0.20621636509895325
5771,0.20621636509895325
5772,0.20928454399108887
5773,0.20717695355415344
5774,0.20717695355415344
5775,0.20928454399108887
5776,0.21477530896663666
5777,0.21477530896663666
5778,0.19802799820899963
5779,0.19787880778312683
5780,0.19787880778312683
5781,0.19802799820899963
5782,0.2205856740474701
5783,0.2205856740474701
5784,0.22173739969730377
5785,0.2214515507221222
5786,0.2214515507221222
5787,0.22173739969730377
5788,0.21663513779640198
5789,0.21663513779640198
5790,0.22122503817081451
5791,0.22344617545604706
5792,0.22344617545604706
5793,0.22122503817081451
5794,0.20139946043491364
5795,0.2007746398448944
5796,0.2007746398448944
5797,0.20139946043491364
5798,0.21592658758163452
5799,0.21592658758163452
5800,0.21136754751205444
5801,0.21136754751205444
5802,0.2137766033411026
5803,0.21391797065734863
5804,0.21391797065734863
5805,0.2137766033411026
5806,0.21266193687915802
5807,0.21266193687915802
5808,0.2271997034549713
5809,0.2271997034549713
5810,0.20475471019744873
5811,0.20475471019744873
5812,0.19794484972953796
5813,0.1979844719171524
5814,0.1979844719171524
5815,0.19794484972953796
5816,0.20834635198116302
5817,0.20660430192947388
5818,0.20660430192947388
5819,0.20834635198116302
5820,0.21702297031879425
5821,0.21554730832576752
5822,0.21554730832576752
5823,0.21702297031879425
5824,0.17912498116493225
5825,0.17906475067138672
5826,0.17906475067138672
5827,0.17912498116493225
5828,0.19479812681674957
5829,0.19479812681674957
5830,0.18323107063770294
5831,0.18359462916851044
5832,0.18359462916851044
5833,0.18323107063770294
5834,0.20646142959594727
5835,0.20683397352695465
5836,0.20683397352695465
5837,0.20646142959594727
5838,0.18603572249412537
5839,0.1865338832139969
5840,0.1865338832139969
5841,0.18603572249412537
5842,0.20441122353076935
5843,0.19952520728111267
5844,0.19952520728111267
5845,0.20441122353076935
5846,0.20602402091026306
5847,0.20602402091026306
5848,0.20780403912067413
5849,0.20993204414844513
5850,0.20993204414844513
5851,0.20780403912067413
5852,0.16494080424308777
5853,0.16496187448501587
5854,0.16496187448501587
5855,0.16494080424308777
5856,0.20221608877182007
5857,0.20233498513698578
5858,0.20233498513698578
5859,0.20221608877182007
5860,0.19515356421470642
5861,0.1979007124900818
5862,0.1979007124900818
5863,0.19515356421470642
5864,0.21701987087726593
5865,0.21701987087726593
5866,0.2708722949028015
5867,0.2693265378475189
5868,0.2693265378475189
5869,0.2708722949028015
5870,0.19329920411109924
5871,0.19329920411109924
5872,0.2114899754524231
5873,0.21222062408924103
5874,0.21222062408924103
5875,0.2114899754524231
5876,0.2571399211883545
5877,0.25604644417762756
5878,0.25604644417762756
5879,0.2571399211883545
5880,0.1933661699295044
5881,0.19339871406555176
5882,0.19339871406555176
5883,0.1933661699295044
5884,0.1643335074186325
5885,0.16434897482395172
5886,0.16434897482395172
5887,0.1643335074186325
5888,0.2328694462776184
5889,0.2318428009748459
5890,0.2318428009748459
5891,0.2328694462776184
5892,0.19795279204845428
5893,0.19859260320663452
5894,0.19859260320663452
5895,0.19795279204845428
5896,0.18421030044555664
5897,0.18434928357601166
5898,0.18434928357601166
5899,0.18421030044555664
5900,0.21132512390613556
5901,0.21132512390613556
5902,0.24457301199436188
5903,0.23987148702144623
5904,0.23987148702144623
5905,0.24457301199436188
5906,0.2139129340648651
5907,0.2147396057844162
5908,0.2147396057844162
5909,0.2139129340648651
5910,0.21357890963554382
5911,0.2131471037864685
5912,0.2131471037864685
5913,0.21357890963554382
5914,0.21669523417949677
5915,0.21669523417949677
5916,0.2048582136631012
5917,0.20584271848201752
5918,0.20584271848201752
5919,0.2048582136631012
5920,0.18633298575878143
5921,0.18630185723304749
5922,0.18630185723304749
5923,0.18633298575878143
5924,0.193448007106781
5925,0.193448007106781
5926,0.18505674600601196
5927,0.18390002846717834
5928,0.18390002846717834
5929,0.18505674600601196
5930,0.1982487142086029
5931,0.1983610987663269
5932,0.1983610987663269
5933,0.1982487142086029
5934,0.19228436052799225
5935,0.19200251996517181
5936,0.19200251996517181
5937,0.19228436052799225
5938,0.19578541815280914
5939,0.19226163625717163
5940,0.19226163625717163
5941,0.19578541815280914
5942,0.19842496514320374
5943,0.19842496514320374
5944,0.19437725841999054
5945,0.19420118629932404
5946,0.19420118629932404
5947,0.19437725841999054
5948,0.17632877826690674
5949,0.17550671100616455
5950,0.17550671100616455
5951,0.17632877826690674
5952,0.2036525458097458
5953,0.20365488529205322
5954,0.20365488529205322
5955,0.2036525458097458
5956,0.19024717807769775
5957,0.1916235089302063
5958,0.1916235089302063
5959,0.19024717807769775
5960,0.2090073823928833
5961,0.2090073823928833
5962,0.22495390474796295
5963,0.22381910681724548
5964,0.22381910681724548
5965,0.22495390474796295
5966,0.18322858214378357
5967,0.18322858214378357
5968,0.21037593483924866
5969,0.21135766804218292
5970,0.21135766804218292
5971,0.21037593483924866
5972,0.24808910489082336
5973,0.2481444776058197
5974,0.2481444776058197
5975,0.24808910489082336
5976,0.1939677894115448
5977,0.19398167729377747
5978,0.19398167729377747
5979,0.1939677894115448
5980,0.1737937331199646
5981,0.17382952570915222
5982,0.17382952570915222
5983,0.1737937331199646
5984,0.18779844045639038
5985,0.18773271143436432
5986,0.18773271143436432
5987,0.18779844045639038
5988,0.19245100021362305
5989,0.19251111149787903
5990,0.19251111149787903
5991,0.19245100021362305
5992,0.2046564817428589
5993,0.2046564817428589
5994,0.22281116247177124
5995,0.21825650334358215
5996,0.21825650334358215
5997,0.22281116247177124
5998,0.201225146651268
5999,0.20328839123249054
6000,0.20328839123249054
6001,0.201225146651268
6002,0.2019292414188385
6003,0.2019292414188385
6004,0.23065143823623657
6005,0.23023466765880585
6006,0.23023466765880585
6007,0.23065143823623657
6008,0.229338601231575
6009,0.23411080241203308
6010,0.23411080241203308
6011,0.229338601231575
6012,0.25903061032295227
6013,0.2596701979637146
6014,0.2596701979637146
6015,0.25903061032295227
6016,0.20678280293941498
6017,0.20706793665885925
6018,0.20706793665885925
6019,0.20678280293941498
6020,0.21308420598506927
6021,0.21308420598506927
6022,0.2086470127105713
6023,0.2076522409915924
6024,0.2076522409915924
6025,0.2086470127105713
6026,0.22623176872730255
6027,0.226791113615036
6028,0.226791113615036
6029,0.22623176872730255
6030,0.21331825852394104
6031,0.2135082334280014
6032,0.2135082334280014
6033,0.21331825852394104
6034,0.2223280966281891
6035,0.2140667736530304
6036,0.2140667736530304
6037,0.2223280966281891
6038,0.2175188511610031
6039,0.2175188511610031
6040,0.2232922613620758
6041,0.22209352254867554
6042,0.22209352254867554
6043,0.2232922613620758
6044,0.2091117799282074
6045,0.20865905284881592
6046,0.20865905284881592
6047,0.2091117799282074
6048,0.22974616289138794
6049,0.23005369305610657
6050,0.23005369305610657
6051,0.22974616289138794
6052,0.2075507789850235
6053,0.20993195474147797
6054,0.20993195474147797
6055,0.2075507789850235
6056,0.22271738946437836
6057,0.22271738946437836
6058,0.2665714621543884
6059,0.2661898136138916
6060,0.2661898136138916
6061,0.2665714621543884
6062,0.21120582520961761
6063,0.21120582520961761
6064,0.23231986165046692
6065,0.23298634588718414
6066,0.23298634588718414
6067,0.23231986165046692
6068,0.2726275324821472
6069,0.26740115880966187
6070,0.26740115880966187
6071,0.2726275324821472
6072,0.21283897757530212
6073,0.21282345056533813
6074,0.21282345056533813
6075,0.21283897757530212
6076,0.20426566898822784
6077,0.204376682639122
6078,0.204376682639122
6079,0.20426566898822784
6080,0.24742212891578674
6081,0.24240751564502716
6082,0.24240751564502716
6083,0.24742212891578674
6084,0.21078841388225555
6085,0.21055249869823456
6086,0.21055249869823456
6087,0.21078841388225555
6088,0.21635320782661438
6089,0.21672289073467255
6090,0.21672289073467255
6091,0.21635320782661438
6092,0.22903220355510712
6093,0.22766000032424927
6094,0.22766000032424927
6095,0.22903220355510712
6096,0.22300052642822266
6097,0.22300052642822266
6098,0.25109100341796875
6099,0.24895471334457397
6100,0.24895471334457397
6101,0.25109100341796875
6102,0.2332344949245453
6103,0.23330552875995636
6104,0.23330552875995636
6105,0.2332344949245453
6106,0.22609572112560272
6107,0.22373715043067932
6108,0.22373715043067932
6109,0.22609572112560272
6110,0.2279442548751831
6111,0.2279442548751831
6112,0.22425946593284607
6113,0.22425946593284607
6114,0.211148202419281
6115,0.2119523286819458
6116,0.2119523286819458
6117,0.211148202419281
6118,0.22042660415172577
6119,0.22042660415172577
6120,0.2233036607503891
6121,0.22344247996807098
6122,0.22344247996807098
6123,0.2233036607503891
6124,0.23133812844753265
6125,0.23133812844753265
6126,0.23812581598758698
6127,0.23816481232643127
6128,0.23816481232643127
6129,0.23812581598758698
6130,0.23134416341781616
6131,0.23134416341781616
6132,0.24637502431869507
6133,0.24697890877723694
6134,0.24697890877723694
6135,0.24637502431869507
6136,0.2128439098596573
6137,0.21186168491840363
6138,0.21186168491840363
6139,0.2128439098596573
6140,0.22617483139038086
6141,0.22617483139038086
6142,0.2358502447605133
6143,0.23621304333209991
6144,0.23621304333209991
6145,0.2358502298593521
6146,0.23931004106998444
6147,0.23931004106998444
6148,0.2081303894519806
6149,0.20632430911064148
6150,0.20632430911064148
6151,0.2081303894519806
6152,0.19841577112674713
6153,0.19841577112674713
6154,0.2022658735513687
6155,0.20251184701919556
6156,0.20251184701919556
6157,0.2022658735513687
6158,0.19613412022590637
6159,0.1966078132390976
6160,0.1966078132390976
6161,0.19613412022590637
6162,0.1969098299741745
6163,0.1985691487789154
6164,0.1985691487789154
6165,0.1969098299741745
6166,0.20428554713726044
6167,0.20428554713726044
6168,0.19955304265022278
6169,0.20174087584018707
6170,0.20174087584018707
6171,0.19955304265022278
6172,0.19742606580257416
6173,0.19393952190876007
6174,0.19393952190876007
6175,0.19742606580257416
6176,0.20281055569648743
6177,0.2031661570072174
6178,0.2031661570072174
6179,0.20281055569648743
6180,0.21604900062084198
6181,0.21604900062084198
6182,0.19358208775520325
6183,0.19358208775520325
6184,0.2621407210826874
6185,0.260285347700119
6186,0.260285347700119
6187,0.2621407210826874
6188,0.19506102800369263
6189,0.19496911764144897
6190,0.19496911764144897
6191,0.19506102800369263
6192,0.2160935401916504
6193,0.2160935401916504
6194,0.20552223920822144
6195,0.20552223920822144
6196,0.21531768143177032
6197,0.21531768143177032
6198,0.21370092034339905
6199,0.21371357142925262
6200,0.21371357142925262
6201,0.21370092034339905
6202,0.21700024604797363
6203,0.21700024604797363
6204,0.22237782180309296
6205,0.22241665422916412
6206,0.22241665422916412
6207,0.22237780690193176
6208,0.19611048698425293
6209,0.1971953809261322
6210,0.1971953809261322
6211,0.19611048698425293
6212,0.22002515196800232
6213,0.22002515196800232
6214,0.20908015966415405
6215,0.20908015966415405
6216,0.21043626964092255
6217,0.21040792763233185
6218,0.21040792763233185
6219,0.21043626964092255
6220,0.21339371800422668
6221,0.21339371800422668
6222,0.2262108027935028
6223,0.2262108027935028
6224,0.2140198051929474
6225,0.2140198051929474
6226,0.23152825236320496
6227,0.231451153755188
6228,0.231451153755188
6229,0.23152825236320496
6230,0.22328633069992065
6231,0.22328633069992065
6232,0.23770380020141602
6233,0.2398204654455185
6234,0.2398204654455185
6235,0.23770380020141602
6236,0.2140164077281952
6237,0.2131870836019516
6238,0.2131870836019516
6239,0.2140164077281952
6240,0.2210441678762436
6241,0.2210441678762436
6242,0.22481217980384827
6243,0.2251979261636734
6244,0.2251979261636734
6245,0.22481217980384827
6246,0.23512330651283264
6247,0.23512330651283264
6248,0.22490812838077545
6249,0.2237730175256729
6250,0.2237730175256729
6251,0.22490812838077545
6252,0.22972074151039124
6253,0.2287946492433548
6254,0.2287946492433548
6255,0.22972074151039124
6256,0.2561345100402832
6257,0.25653132796287537
6258,0.25653132796287537
6259,0.2561345100402832
6260,0.19854246079921722
6261,0.19863811135292053
6262,0.19863811135292053
6263,0.19854246079921722
6264,0.20840537548065186
6265,0.20840537548065186
6266,0.20852112770080566
6267,0.20724104344844818
6268,0.20724104344844818
6269,0.20852112770080566
6270,0.2196740359067917
6271,0.2199149876832962
6272,0.2199149876832962
6273,0.21967405080795288
6274,0.23135539889335632
6275,0.23134520649909973
6276,0.23134520649909973
6277,0.23135539889335632
6278,0.21558579802513123
6279,0.21493029594421387
6280,0.21493029594421387
6281,0.21558579802513123
6282,0.21709401905536652
6283,0.21726256608963013
6284,0.21726256608963013
6285,0.21709401905536652
6286,0.20748530328273773
6287,0.20723369717597961
6288,0.20723369717597961
6289,0.20748530328273773
6290,0.22125068306922913
6291,0.22125068306922913
6292,0.22248728573322296
6293,0.22359946370124817
6294,0.22359946370124817
6295,0.22248728573322296
6296,0.19612453877925873
6297,0.19569939374923706
6298,0.19569939374923706
6299,0.19612453877925873
6300,0.22528529167175293
6301,0.2252705693244934
6302,0.2252705693244934
6303,0.22528529167175293
6304,0.21127603948116302
6305,0.20969243347644806
6306,0.20969243347644806
6307,0.21127603948116302
6308,0.22234849631786346
6309,0.22234849631786346
6310,0.2564833164215088
6311,0.2572508752346039
6312,0.2572508752346039
6313,0.2564833164215088
6314,0.21294870972633362
6315,0.21294870972633362
6316,0.2575801908969879
6317,0.25979092717170715
6318,0.25979092717170715
6319,0.2575801908969879
6320,0.23398682475090027
6321,0.23482683300971985
6322,0.23482683300971985
6323,0.23398682475090027
6324,0.2705962061882019
6325,0.27222469449043274
6326,0.27222469449043274
6327,0.2705962061882019
6328,0.2397986650466919
6329,0.24137327075004578
6330,0.24137327075004578
6331,0.2397986650466919
6332,0.20785538852214813
6333,0.20789040625095367
6334,0.20789040625095367
6335,0.20785537362098694
6336,0.1936086118221283
6337,0.1936267763376236
6338,0.1936267763376236
6339,0.1936086118221283
6340,0.2402481883764267
6341,0.23980772495269775
6342,0.23980772495269775
6343,0.2402481883764267
6344,0.2807638943195343
6345,0.278580904006958
6346,0.278580904006958
6347,0.2807638943195343
6348,0.2381957471370697
6349,0.2381957471370697
6350,0.2116761952638626
6351,0.21191781759262085
6352,0.21191781759262085
6353,0.2116761952638626
6354,0.20370469987392426
6355,0.20365473628044128
6356,0.20365473628044128
6357,0.20370469987392426
6358,0.24214394390583038
6359,0.2418043613433838
6360,0.2418043613433838
6361,0.24214394390583038
6362,0.20028360188007355
6363,0.20029516518115997
6364,0.20029516518115997
6365,0.20028360188007355
6366,0.21131211519241333
6367,0.2113078236579895
6368,0.2113078385591507
6369,0.21131211519241333
6370,0.19381898641586304
6371,0.1938694566488266
6372,0.1938694566488266
6373,0.19381898641586304
6374,0.2313602715730667
6375,0.22792989015579224
6376,0.22792989015579224
6377,0.2313602715730667
6378,0.19474630057811737
6379,0.19553102552890778
6380,0.19553102552890778
6381,0.19474630057811737
6382,0.22672072052955627
6383,0.22672072052955627
6384,0.24954776465892792
6385,0.24754266440868378
6386,0.24754266440868378
6387,0.24954776465892792
6388,0.24282096326351166
6389,0.24322691559791565
6390,0.24322691559791565
6391,0.24282096326351166
6392,0.22939333319664001
6393,0.230543851852417
6394,0.230543851852417
6395,0.22939333319664001
6396,0.23172596096992493
6397,0.23336932063102722
6398,0.23336932063102722
6399,0.23172596096992493
6400,0.227545365691185
6401,0.227545365691185
6402,0.2112952321767807
6403,0.2112952321767807
6404,0.23445850610733032
6405,0.23445850610733032
6406,0.21559292078018188
6407,0.21681982278823853
6408,0.21681982278823853
6409,0.21559292078018188
6410,0.22776567935943604
6411,0.22776567935943604
6412,0.23984766006469727
6413,0.2397536337375641
6414,0.2397536337375641
6415,0.23984766006469727
6416,0.23968346416950226
6417,0.23968346416950226
6418,0.21993233263492584
6419,0.21993233263492584
6420,0.20833885669708252
6421,0.20536069571971893
6422,0.20536069571971893
6423,0.20833885669708252
6424,0.21543481945991516
6425,0.21543481945991516
6426,0.21786747872829437
6427,0.21667443215847015
6428,0.21667443215847015
6429,0.21786747872829437
6430,0.22887545824050903
6431,0.22887545824050903
6432,0.21262048184871674
6433,0.21262048184871674
6434,0.20934215188026428
6435,0.20959074795246124
6436,0.20959074795246124
6437,0.20934215188026428
6438,0.23347216844558716
6439,0.23347216844558716
6440,0.2323375642299652
6441,0.23226995766162872
6442,0.23226995766162872
6443,0.2323375642299652
6444,0.22680266201496124
6445,0.22680266201496124
6446,0.23253194987773895
6447,0.23240242898464203
6448,0.23240242898464203
6449,0.23253194987773895
6450,0.23985110223293304
6451,0.23985110223293304
6452,0.21717238426208496
6453,0.2125338315963745
6454,0.2125338315963745
6455,0.21717238426208496
6456,0.2029801309108734
6457,0.2029801309108734
6458,0.20006245374679565
6459,0.19930273294448853
6460,0.19930273294448853
6461,0.20006245374679565
6462,0.2079281508922577
6463,0.2083657681941986
6464,0.2083657830953598
6465,0.2079281508922577
6466,0.20137670636177063
6467,0.20230771601200104
6468,0.20230771601200104
6469,0.20137670636177063
6470,0.21204325556755066
6471,0.21240387856960297
6472,0.21240387856960297
6473,0.21204325556755066
6474,0.20925496518611908
6475,0.20925496518611908
6476,0.21195797622203827
6477,0.2141253799200058
6478,0.2141253799200058
6479,0.21195797622203827
6480,0.1865917593240738
6481,0.1800982803106308
6482,0.1800982803106308
6483,0.1865917593240738
6484,0.20919260382652283
6485,0.20876775681972504
6486,0.20876775681972504
6487,0.20919260382652283
6488,0.208112895488739
6489,0.208112895488739
6490,0.2027982920408249
6491,0.2027982920408249
6492,0.2475600391626358
6493,0.24697890877723694
6494,0.24697890877723694
6495,0.2475600391626358
6496,0.20251500606536865
6497,0.202721506357193
6498,0.202721506357193
6499,0.20251500606536865
6500,0.20088666677474976
6501,0.20039580762386322
6502,0.20039580762386322
6503,0.20088666677474976
6504,0.21786074340343475
6505,0.21786074340343475
6506,0.23287716507911682
6507,0.23688790202140808
6508,0.23688790202140808
6509,0.23287716507911682
6510,0.22008047997951508
6511,0.22008047997951508
6512,0.215204119682312
6513,0.215204119682312
6514,0.20817764103412628
6515,0.2060127705335617
6516,0.2060127705335617
6517,0.20817764103412628
6518,0.22057031095027924
6519,0.22057031095027924
6520,0.2144765853881836
6521,0.21456994116306305
6522,0.21456994116306305
6523,0.2144765853881836
6524,0.22487276792526245
6525,0.22487276792526245
6526,0.22191615402698517
6527,0.22191615402698517
6528,0.21618521213531494
6529,0.21571491658687592
6530,0.21571491658687592
6531,0.21618521213531494
6532,0.22321005165576935
6533,0.22321005165576935
6534,0.22230035066604614
6535,0.22252866625785828
6536,0.22252866625785828
6537,0.22230035066604614
6538,0.23054084181785583
6539,0.23054084181785583
6540,0.2251676619052887
6541,0.2251676619052887
6542,0.21466092765331268
6543,0.2153894156217575
6544,0.2153894156217575
6545,0.21466092765331268
6546,0.22183865308761597
6547,0.22183865308761597
6548,0.22193367779254913
6549,0.2218473255634308
6550,0.2218473255634308
6551,0.22193367779254913
6552,0.22957397997379303
6553,0.22957397997379303
6554,0.21966679394245148
6555,0.21966679394245148
6556,0.2039334923028946
6557,0.20125260949134827
6558,0.20125260949134827
6559,0.2039334923028946
6560,0.21666032075881958
6561,0.21666032075881958
6562,0.21741345524787903
6563,0.21767762303352356
6564,0.21767762303352356
6565,0.21741345524787903
6566,0.22457551956176758
6567,0.22457551956176758
6568,
6569,
6570,
6571,
6572,
6573,
6574,0.23682406544685364
6575,0.23613741993904114
6576,0.23613741993904114
6577,0.23682406544685364
6578,0.2264837920665741
6579,0.2264837920665741
6580,0.23112913966178894
6581,0.23138195276260376
6582,0.23138195276260376
6583,0.23112913966178894
6584,0.23017913103103638
6585,0.23005621135234833
6586,0.23005621135234833
6587,0.23017913103103638
6588,0.22899805009365082
6589,0.22755089402198792
6590,0.22755089402198792
6591,0.228998064994812
6592,0.2254585325717926
6593,0.2254585325717926
6594,0.2337050437927246
6595,0.2341545969247818
6596,0.2341545969247818
6597,0.2337050437927246
6598,0.22471417486667633
6599,0.22547326982021332
6600,0.22547326982021332
6601,0.22471417486667633
6602,0.23928362131118774
6603,0.2393008917570114
6604,0.2393008917570114
6605,0.23928362131118774
6606,0.21978330612182617
6607,0.21978330612182617
6608,0.2277662754058838
6609,0.2277662754058838
6610,0.26630380749702454
6611,0.2673626244068146
6612,0.2673626244068146
6613,0.26630380749702454
6614,0.22171755135059357
6615,0.2219419926404953
6616,0.2219419926404953
6617,0.22171755135059357
6618,0.2319108098745346
6619,0.2319108098745346
6620,0.23386135697364807
6621,0.23386135697364807
6622,0.2146223932504654
6623,0.2146223932504654
6624,0.2194163203239441
6625,0.2194163203239441
6626,0.22314245998859406
6627,0.22337661683559418
6628,0.22337661683559418
6629,0.22314245998859406
6630,0.21705539524555206
6631,0.21705539524555206
6632,0.22461557388305664
6633,0.22486604750156403
6634,0.22486604750156403
6635,0.22461557388305664
6636,0.21646256744861603
6637,0.21636754274368286
6638,0.21636754274368286
6639,0.21646256744861603
6640,0.21977220475673676
6641,0.21951457858085632
6642,0.21951457858085632
6643,0.21977220475673676
6644,0.21444036066532135
6645,0.21444036066532135
6646,0.21954423189163208
6647,0.2200172394514084
6648,0.2200172394514084
6649,0.21954423189163208
6650,0.20968285202980042
6651,0.21057501435279846
6652,0.21057501435279846
6653,0.20968285202980042
6654,0.2227698117494583
6655,0.22277243435382843
6656,0.22277243435382843
6657,0.2227698117494583
6658,0.21496419608592987
6659,0.21496419608592987
6660,0.2092978060245514
6661,0.2092978060245514
6662,0.253876656293869
6663,0.25490251183509827
6664,0.25490251183509827
6665,0.253876656293869
6666,0.2122514545917511
6667,0.21233095228672028
6668,0.21233095228672028
6669,0.2122514545917511
6670,0.21300256252288818
6671,0.21304304897785187
6672,0.21304304897785187
6673,0.21300256252288818
6674,0.22366517782211304
6675,0.22366517782211304
6676,0.2204059660434723
6677,0.2204059660434723
6678,0.23090553283691406
6679,0.23090553283691406
6680,0.21691539883613586
6681,0.21857918798923492
6682,0.21857918798923492
6683,0.21691539883613586
6684,0.22656981647014618
6685,0.22656981647014618
6686,0.2372753918170929
6687,0.23665383458137512
6688,0.23665381968021393
6689,0.2372753918170929
6690,0.23822206258773804
6691,0.23822206258773804
6692,0.2201988399028778
6693,0.2201988399028778
6694,0.19894453883171082
6695,0.1968977302312851
6696,0.1968977302312851
6697,0.19894453883171082
6698,0.2137458175420761
6699,0.2137458175420761
6700,0.21445897221565247
6701,0.2142459601163864
6702,0.2142459601163864
6703,0.21445897221565247
6704,0.21792444586753845
6705,0.21792444586753845
6706,0.2492162585258484
6707,0.2492162585258484
6708,0.258436918258667
6709,0.2581707239151001
6710,0.2581707239151001
6711,0.258436918258667
6712,0.2496381402015686
6713,0.2496381402015686
6714,0.26727378368377686
6715,0.2681921124458313
6716,0.2681921124458313
6717,0.26727378368377686
6718,0.23708301782608032
6719,0.2374832034111023
6720,0.2374832034111023
6721,0.23708301782608032
6722,0.24104110896587372
6723,0.24104110896587372
6724,0.2634202241897583
6725,0.2634202241897583
6726,0.25709304213523865
6727,0.25675147771835327
6728,0.25675147771835327
6729,0.25709304213523865
6730,0.24647212028503418
6731,0.24647212028503418
6732,0.2638164460659027
6733,0.2638164460659027
6734,0.20435811579227448
6735,0.20435811579227448
6736,0.23111392557621002
6737,0.23111392557621002
6738,0.23442277312278748
6739,0.23493018746376038
6740,0.23493018746376038
6741,0.23442277312278748
6742,0.22233696281909943
6743,0.22233696281909943
6744,0.22178223729133606
6745,0.22214868664741516
6746,0.22214868664741516
6747,0.22178223729133606
6748,0.2223576307296753
6749,0.2223576307296753
6750,0.22144374251365662
6751,0.22159571945667267
6752,0.22159571945667267
6753,0.22144374251365662
6754,0.2190733551979065
6755,0.2190733551979065
6756,0.23242521286010742
6757,0.2319425493478775
6758,0.2319425493478775
6759,0.23242521286010742
6760,0.2060912847518921
6761,0.20630177855491638
6762,0.20630177855491638
6763,0.2060912847518921
6764,0.22077243030071259
6765,0.22077243030071259
6766,0.22117237746715546
6767,0.22117237746715546
6768,0.2197592556476593
6769,0.21975117921829224
6770,0.21975117921829224
6771,0.2197592556476593
6772,0.22107677161693573
6773,0.22107677161693573
6774,0.22886508703231812
6775,0.22886508703231812
6776,0.22503343224525452
6777,0.22495782375335693
6778,0.22495782375335693
6779,0.22503343224525452
6780,0.22677333652973175
6781,0.22677333652973175
6782,0.2317734956741333
6783,0.23206213116645813
6784,0.23206213116645813
6785,0.2317734807729721
6786,0.21828719973564148
6787,0.21854974329471588
6788,0.21854974329471588
6789,0.21828719973564148
6790,0.22679269313812256
6791,0.22679269313812256
6792,0.21978545188903809
6793,0.22038912773132324
6794,0.22038912773132324
6795,0.21978545188903809
6796,0.23240268230438232
6797,0.23240268230438232
6798,0.23336908221244812
6799,0.23336908221244812
6800,0.21740002930164337
6801,0.21740002930164337
6802,0.21904689073562622
6803,0.21787166595458984
6804,0.21787166595458984
6805,0.21904689073562622
6806,0.22060923278331757
6807,0.22060923278331757
6808,0.22455738484859467
6809,0.22387567162513733
6810,0.22387567162513733
6811,0.22455738484859467
6812,0.22576771676540375
6813,0.22576771676540375
6814,0.2455056607723236
6815,0.24381932616233826
6816,0.24381932616233826
6817,0.2455056607723236
6818,0.22777675092220306
6819,0.2277849167585373
6820,0.2277849167585373
6821,0.22777675092220306
6822,0.2257937490940094
6823,0.2257937490940094
6824,0.23924165964126587
6825,0.23924165964126587
6826,0.2790454626083374
6827,0.2798978090286255
6828,0.2798978090286255
6829,0.2790454626083374
6830,0.21712183952331543
6831,0.21668778359889984
6832,0.21668778359889984
6833,0.21712183952331543
6834,0.2376181185245514
6835,0.2376181185245514
6836,0.23117080330848694
6837,0.23117080330848694
6838,0.22229239344596863
6839,0.22233065962791443
6840,0.22233065962791443
6841,0.22229239344596863
6842,0.22041887044906616
6843,0.22041887044906616
6844,0.2344074547290802
6845,0.23442016541957855
6846,0.23442016541957855
6847,0.2344074547290802
6848,0.19839709997177124
6849,0.19894824922084808
6850,0.19894824922084808
6851,0.19839709997177124
6852,0.22116532921791077
6853,0.22116532921791077
6854,0.22053740918636322
6855,0.22032511234283447
6856,0.22032511234283447
6857,0.22053740918636322
6858,0.23008517920970917
6859,0.23008517920970917
6860,
6861,
6862,
6863,
6864,
6865,
6866,0.2144971787929535
6867,0.2144971787929535
6868,0.2095782607793808
6869,0.20999115705490112
6870,0.20999115705490112
6871,0.2095782607793808
6872,0.21629709005355835
6873,0.21629709005355835
6874,0.20462563633918762
6875,0.20450210571289062
6876,0.20450210571289062
6877,0.20462563633918762
6878,0.21665771305561066
6879,0.21665771305561066
6880,0.2176852971315384
6881,0.21634671092033386
6882,0.21634671092033386
6883,0.2176852971315384
6884,0.2156580686569214
6885,0.2156580686569214
6886,0.20620465278625488
6887,0.20594564080238342
6888,0.20594564080238342
6889,0.20620465278625488
6890,0.22044819593429565
6891,0.22044819593429565
6892,0.23172403872013092
6893,0.22897303104400635
6894,0.22897303104400635
6895,0.23172403872013092
6896,0.23665361106395721
6897,0.2348584085702896
6898,0.2348584085702896
6899,0.23665361106395721
6900,0.2531437873840332
6901,0.25399696826934814
6902,0.25399696826934814
6903,0.2531437873840332
6904,0.304204523563385
6905,0.3027571439743042
6906,0.3027571439743042
6907,0.304204523563385
6908,0.19368591904640198
6909,0.19400663673877716
6910,0.19400665163993835
6911,0.19368593394756317
6912,0.2064259946346283
6913,0.2064259946346283
6914,0.210429385304451
6915,0.20907016098499298
6916,0.20907016098499298
6917,0.210429385304451
6918,0.21906274557113647
6919,0.21906274557113647
6920,0.23046809434890747
6921,0.2300262153148651
6922,0.2300262153148651
6923,0.23046809434890747
6924,0.20421208441257477
6925,0.20167790353298187
6926,0.20167790353298187
6927,0.20421208441257477
6928,0.22119088470935822
6929,0.22080956399440765
6930,0.22080956399440765
6931,0.22119088470935822
6932,0.2156268060207367
6933,0.21588653326034546
6934,0.21588653326034546
6935,0.2156268060207367
6936,0.23404264450073242
6937,0.22320693731307983
6938,0.22320693731307983
6939,0.23404264450073242
6940,0.22686828672885895
6941,0.227036714553833
6942,0.227036714553833
6943,0.22686827182769775
6944,0.20950010418891907
6945,0.208541601896286
6946,0.208541601896286
6947,0.20950010418891907
6948,0.23785002529621124
6949,0.23819613456726074
6950,0.23819613456726074
6951,0.23785002529621124
6952,0.21268537640571594
6953,0.21275582909584045
6954,0.21275582909584045
6955,0.21268537640571594
6956,0.2060888558626175
6957,0.20253299176692963
6958,0.20253299176692963
6959,0.2060888558626175
6960,0.21406260132789612
6961,0.21406260132789612
6962,0.22345879673957825
6963,0.22354945540428162
6964,0.22354945540428162
6965,0.22345879673957825
6966,0.22323350608348846
6967,0.22031563520431519
6968,0.22031563520431519
6969,0.22323350608348846
6970,0.1968676745891571
6971,0.19583716988563538
6972,0.19583716988563538
6973,0.1968676745891571
6974,0.22310110926628113
6975,0.223133385181427
6976,0.223133385181427
6977,0.22310110926628113
6978,0.21162071824073792
6979,0.21168453991413116
6980,0.21168453991413116
6981,0.21162071824073792
6982,0.22208863496780396
6983,0.22208863496780396
6984,0.25741904973983765
6985,0.2567632794380188
6986,0.2567632794380188
6987,0.25741904973983765
6988,0.21125692129135132
6989,0.21125692129135132
6990,0.21912692487239838
6991,0.21643538773059845
6992,0.21643538773059845
6993,0.21912692487239838
6994,0.2304115891456604
6995,0.2283291071653366
6996,0.2283291071653366
6997,0.2304115891456604
6998,0.25777584314346313
6999,0.26037004590034485
7000,0.26037004590034485
7001,0.25777584314346313
7002,0.23235993087291718
7003,0.23345255851745605
7004,0.23345255851745605
7005,0.23235993087291718
7006,0.28209659457206726
7007,0.2850414216518402
7008,0.2850413918495178
7009,0.28209659457206726
7010,0.25563016533851624
7011,0.2551324963569641
7012,0.2551324963569641
7013,0.25563016533851624
7014,
7015,
7016,
7017,
7018,0.20211565494537354
7019,0.20210720598697662
7020,0.20210720598697662
7021,0.20211565494537354
7022,0.1915481835603714
7023,0.1915925294160843
7024,0.1915925294160843
7025,0.1915481835603714
7026,0.22731401026248932
7027,0.22731401026248932
7028,0.24061162769794464
7029,0.23867280781269073
7030,0.23867280781269073
7031,0.24061162769794464
7032,0.22207970917224884
7033,0.22207970917224884
7034,0.19154305756092072
7035,0.1916213035583496
7036,0.1916213035583496
7037,0.19154305756092072
7038,0.2928582429885864
7039,0.29425787925720215
7040,0.29425787925720215
7041,0.2928582429885864
7042,0.23721067607402802
7043,0.23721067607402802
7044,0.2065085470676422
7045,0.20676422119140625
7046,0.20676422119140625
7047,0.2065085470676422
7048,0.1995665282011032
7049,0.1999896615743637
7050,0.1999896615743637
7051,0.1995665282011032
7052,0.2530984580516815
7053,0.2501107156276703
7054,0.2501107156276703
7055,0.2530984580516815
7056,0.1978321075439453
7057,0.19784922897815704
7058,0.19784922897815704
7059,0.1978321075439453
7060,0.20362840592861176
7061,0.20368771255016327
7062,0.20368771255016327
7063,0.20362840592861176
7064,0.19005678594112396
7065,0.1909291297197342
7066,0.1909291297197342
7067,0.19005678594112396
7068,0.22907575964927673
7069,0.22256992757320404
7070,0.22256992757320404
7071,0.22907575964927673
7072,0.22019553184509277
7073,0.2200392633676529
7074,0.2200392633676529
7075,0.22019553184509277
7076,0.21842195093631744
7077,0.21840427815914154
7078,0.21840427815914154
7079,0.21842195093631744
7080,0.20877394080162048
7081,0.20926302671432495
7082,0.20926302671432495
7083,0.20877394080162048
7084,0.19161707162857056
7085,0.19115468859672546
7086,0.19115468859672546
7087,0.19161707162857056
7088,0.20980873703956604
7089,0.2099122405052185
7090,0.2099122405052185
7091,0.20980873703956604
7092,0.2318190038204193
7093,0.23589815199375153
7094,0.23589815199375153
7095,0.2318190038204193
7096,0.22426936030387878
7097,0.22426936030387878
7098,0.26007798314094543
7099,0.24888718128204346
7100,0.24888718128204346
7101,0.26007798314094543
7102,0.2219991385936737
7103,0.2219991385936737
7104,0.2223486602306366
7105,0.2223486602306366
7106,0.24093884229660034
7107,0.24171411991119385
7108,0.24171411991119385
7109,0.24093884229660034
7110,0.2249569147825241
7111,0.2269761860370636
7112,0.2269761860370636
7113,0.2249569147825241
7114,0.23642565310001373
7115,0.24024997651576996
7116,0.24024997651576996
7117,0.23642565310001373
7118,0.28810548782348633
7119,0.287922739982605
7120,0.287922739982605
7121,0.28810548782348633
7122,0.23346984386444092
7123,0.23301559686660767
7124,0.23301559686660767
7125,0.23346984386444092
7126,0.21924275159835815
7127,0.21924275159835815
7128,0.23829063773155212
7129,0.23758360743522644
7130,0.23758360743522644
7131,0.23829063773155212
7132,0.20916208624839783
7133,0.2092408835887909
7134,0.2092408835887909
7135,0.20916208624839783
7136,0.2194737195968628
7137,0.2194737195968628
7138,0.2221798151731491
7139,0.2215011566877365
7140,0.2215011566877365
7141,0.2221798151731491
7142,0.23014745116233826
7143,0.23015551269054413
7144,0.23015551269054413
7145,0.23014745116233826
7146,0.22314663231372833
7147,0.22258977591991425
7148,0.22258977591991425
7149,0.22314663231372833
7150,0.21785540878772736
7151,0.21740777790546417
7152,0.21740777790546417
7153,0.21785540878772736
7154,0.2306293100118637
7155,0.2306293100118637
7156,0.2391931712627411
7157,0.2397662252187729
7158,0.2397662252187729
7159,0.2391931712627411
7160,0.22085295617580414
7161,0.22107820212841034
7162,0.22107820212841034
7163,0.22085295617580414
7164,0.2372560352087021
7165,0.2371251881122589
7166,0.23712517321109772
7167,0.2372560352087021
7168,0.22753627598285675
7169,0.22753627598285675
7170,0.26708319783210754
7171,0.26800090074539185
7172,0.26800090074539185
7173,0.26708319783210754
7174,0.22979483008384705
7175,0.22979483008384705
7176,0.2806309461593628
7177,0.2809966504573822
7178,0.2809966504573822
7179,0.2806309461593628
7180,0.2141004353761673
7181,0.21372076869010925
7182,0.21372076869010925
7183,0.2141004353761673
7184,0.2178989201784134
7185,0.2178468555212021
7186,0.2178468555212021
7187,0.2178989201784134
7188,0.23599697649478912
7189,0.23599697649478912
7190,0.26053112745285034
7191,0.2593836486339569
7192,0.2593836486339569
7193,0.26053112745285034
7194,0.2341172993183136
7195,0.2341172993183136
7196,0.23130863904953003
7197,0.23130863904953003
7198,0.23376378417015076
7199,0.23362645506858826
7200,0.23362645506858826
7201,0.23376378417015076
7202,0.22951385378837585
7203,0.22951385378837585
7204,0.24270303547382355
7205,0.24199357628822327
7206,0.24199357628822327
7207,0.24270303547382355
7208,0.21724578738212585
7209,0.21792085468769073
7210,0.21792085468769073
7211,0.21724578738212585
7212,0.2281189262866974
7213,0.2281189262866974
7214,0.2355465590953827
7215,0.2355465590953827
7216,0.23532405495643616
7217,0.2350577712059021
7218,0.2350577712059021
7219,0.23532405495643616
7220,0.2349569946527481
7221,0.2349569946527481
7222,0.2407604157924652
7223,0.2407604157924652
7224,0.24128638207912445
7225,0.2394384890794754
7226,0.2394384890794754
7227,0.24128638207912445
7228,0.2219112515449524
7229,0.2219112515449524
7230,0.22819460928440094
7231,0.2286541759967804
7232,0.2286541759967804
7233,0.22819460928440094
7234,0.22696654498577118
7235,0.2261459231376648
7236,0.2261459231376648
7237,0.22696654498577118
7238,0.22572556138038635
7239,0.2219436764717102
7240,0.2219436764717102
7241,0.22572556138038635
7242,0.22767427563667297
7243,0.22767427563667297
7244,0.23864299058914185
7245,0.23969502747058868
7246,0.23969502747058868
7247,0.23864299058914185
7248,0.2277720868587494
7249,0.22661593556404114
7250,0.22661593556404114
7251,0.2277720868587494
7252,0.24017369747161865
7253,0.2401171326637268
7254,0.2401171326637268
7255,0.24017369747161865
7256,0.2220902293920517
7257,0.2220902293920517
7258,0.23148755729198456
7259,0.23148755729198456
7260,0.2738187611103058
7261,0.2741461396217346
7262,0.2741461396217346
7263,0.2738187611103058
7264,0.21477149426937103
7265,0.2152671068906784
7266,0.2152671068906784
7267,0.21477149426937103
7268,0.23545891046524048
7269,0.23545891046524048
7270,0.2333180010318756
7271,0.2333180010318756
7272,0.21925397217273712
7273,0.21936629712581635
7274,0.21936629712581635
7275,0.21925397217273712
7276,0.22097770869731903
7277,0.22097770869731903
7278,0.2273101806640625
7279,0.22695940732955933
7280,0.22695940732955933
7281,0.2273101806640625
7282,0.20027010142803192
7283,0.19897186756134033
7284,0.19897186756134033
7285,0.20027010142803192
7286,0.2200092077255249
7287,0.2200092077255249
7288,0.21803711354732513
7289,0.2182648777961731
7290,0.2182648777961731
7291,0.21803711354732513
7292,0.22640953958034515
7293,0.22640953958034515
7294,0.24202321469783783
7295,0.24212391674518585
7296,0.24212391674518585
7297,0.24202319979667664
7298,0.23774388432502747
7299,0.23774388432502747
7300,0.25462305545806885
7301,0.254085898399353
7302,0.254085898399353
7303,0.25462305545806885
7304,0.2125691920518875
7305,0.21403329074382782
7306,0.21403329074382782
7307,0.2125691920518875
7308,0.23031562566757202
7309,0.23031562566757202
7310,0.24340803921222687
7311,0.2432871013879776
7312,0.2432871013879776
7313,0.24340803921222687
7314,0.24296186864376068
7315,0.24296186864376068
7316,0.2176131308078766
7317,0.2176131308078766
7318,0.2197169065475464
7319,0.2193043977022171
7320,0.2193043977022171
7321,0.2197169065475464
7322,0.22377832233905792
7323,0.22377832233905792
7324,0.2386736422777176
7325,0.23739466071128845
7326,0.23739466071128845
7327,0.2386736422777176
7328,0.22926445305347443
7329,0.22955740988254547
7330,0.22955740988254547
7331,0.22926445305347443
7332,0.22474318742752075
7333,0.22474318742752075
7334,0.23198363184928894
7335,0.23198363184928894
7336,0.27906540036201477
7337,0.27958154678344727
7338,0.27958154678344727
7339,0.27906540036201477
7340,0.21347059309482574
7341,0.21298366785049438
7342,0.21298366785049438
7343,0.21347059309482574
7344,0.2385338544845581
7345,0.2385338544845581
7346,0.22654366493225098
7347,0.22654366493225098
7348,0.2251964807510376
7349,0.2251964807510376
7350,0.2013743668794632
7351,0.1997639387845993
7352,0.1997639387845993
7353,0.2013743668794632
7354,0.22398938238620758
7355,0.22398938238620758
7356,0.22910046577453613
7357,0.22920966148376465
7358,0.22920966148376465
7359,0.22910046577453613
7360,0.23360185325145721
7361,0.23360185325145721
7362,0.20885570347309113
7363,0.20885570347309113
7364,0.19032247364521027
7365,0.19044989347457886
7366,0.19044989347457886
7367,0.19032247364521027
7368,0.21212400496006012
7369,0.21212400496006012
7370,0.20450042188167572
7371,0.20439019799232483
7372,0.20439019799232483
7373,0.20450042188167572
7374,0.21712975203990936
7375,0.21712975203990936
7376,0.2513832747936249
7377,0.2513832747936249
7378,0.22933652997016907
7379,0.22933652997016907
7380,0.23047399520874023
7381,0.23033326864242554
7382,0.23033326864242554
7383,0.23047399520874023
7384,0.23239339888095856
7385,0.2343304455280304
7386,0.2343304455280304
7387,0.23239339888095856
7388,0.20330850780010223
7389,0.20330850780010223
7390,0.20423972606658936
7391,0.204487606883049
7392,0.204487606883049
7393,0.20423972606658936
7394,0.20648398995399475
7395,0.20618833601474762
7396,0.20618833601474762
7397,0.20648398995399475
7398,0.21085286140441895
7399,0.20616497099399567
7400,0.20616497099399567
7401,0.21085286140441895
7402,0.20827549695968628
7403,0.20827549695968628
7404,0.21541360020637512
7405,0.21508175134658813
7406,0.21508175134658813
7407,0.21541360020637512
7408,0.18595699965953827
7409,0.18553099036216736
7410,0.18553099036216736
7411,0.18595699965953827
7412,0.2121204137802124
7413,0.21211622655391693
7414,0.21211622655391693
7415,0.2121204137802124
7416,0.21173080801963806
7417,0.21173080801963806
7418,0.20388448238372803
7419,0.20388448238372803
7420,0.2521745264530182
7421,0.2471935749053955
7422,0.2471935749053955
7423,0.2521744966506958
7424,0.19864986836910248
7425,0.19846327602863312
7426,0.19846327602863312
7427,0.19864986836910248
7428,0.21370017528533936
7429,0.21370017528533936
7430,0.21727153658866882
7431,0.21727153658866882
7432,0.23212368786334991
7433,0.23212891817092896
7434,0.23212891817092896
7435,0.23212368786334991
7436,0.21169577538967133
7437,0.21169577538967133
7438,0.21920382976531982
7439,0.219160795211792
7440,0.219160795211792
7441,0.21920382976531982
7442,0.21658644080162048
7443,0.2159932553768158
7444,0.2159932553768158
7445,0.21658644080162048
7446,0.2099248468875885
7447,0.2100367397069931
7448,0.2100367397069931
7449,0.2099248468875885
7450,0.2186390608549118
7451,0.2186390608549118
7452,0.22749410569667816
7453,0.2278273105621338
7454,0.2278272956609726
7455,0.22749410569667816
7456,0.20491208136081696
7457,0.2052653431892395
7458,0.2052653431892395
7459,0.20491208136081696
7460,0.2297924906015396
7461,0.22965353727340698
7462,0.22965353727340698
7463,0.2297924906015396
7464,0.21983888745307922
7465,0.21983888745307922
7466,0.21887391805648804
7467,0.21887391805648804
7468,0.2700439989566803
7469,0.27100667357444763
7470,0.27100667357444763
7471,0.2700439989566803
7472,0.20586776733398438
7473,0.20545093715190887
7474,0.20545093715190887
7475,0.20586776733398438
7476,0.2120736837387085
7477,0.2120296210050583
7478,0.2120296210050583
7479,0.2120736837387085
7480,0.22652137279510498
7481,0.22652137279510498
7482,0.22208069264888763
7483,0.22208069264888763
7484,0.21309851109981537
7485,0.21309851109981537
7486,0.23794710636138916
7487,0.23750722408294678
7488,0.23750723898410797
7489,0.23794710636138916
7490,0.2475370317697525
7491,0.2499224841594696
7492,0.2499224841594696
7493,0.2475370317697525
7494,0.2696187198162079
7495,0.26983094215393066
7496,0.26983094215393066
7497,0.2696187198162079
7498,0.20594464242458344
7499,0.205979123711586
7500,0.205979123711586
7501,0.20594464242458344
7502,0.21391838788986206
7503,0.21391838788986206
7504,0.21419599652290344
7505,0.21365705132484436
7506,0.21365705132484436
7507,0.21419599652290344
7508,0.2286304235458374
7509,0.22986146807670593
7510,0.22986146807670593
7511,0.2286304235458374
7512,0.2283065766096115
7513,0.2282799780368805
7514,0.2282799780368805
7515,0.2283065766096115
7516,0.23955759406089783
7517,0.23412029445171356
7518,0.23412030935287476
7519,0.23955759406089783
7520,0.2395470291376114
7521,0.23928935825824738
7522,0.23928935825824738
7523,0.2395470291376114
7524,0.2200576663017273
7525,0.2193511724472046
7526,0.2193511724472046
7527,0.2200576663017273
7528,0.22411218285560608
7529,0.22423262894153595
7530,0.22423262894153595
7531,0.22411218285560608
7532,0.21222278475761414
7533,0.2117253690958023
7534,0.2117253690958023
7535,0.21222278475761414
7536,0.22295984625816345
7537,0.22295984625816345
7538,0.23927521705627441
7539,0.23939886689186096
7540,0.23939886689186096
7541,0.23927521705627441
7542,0.22737088799476624
7543,0.22674384713172913
7544,0.22674384713172913
7545,0.22737088799476624
7546,0.23603928089141846
7547,0.2358965426683426
7548,0.2358965426683426
7549,0.23603928089141846
7550,0.22245562076568604
7551,0.22135409712791443
7552,0.22135411202907562
7553,0.22245563566684723
7554,0.23025594651699066
7555,0.23025594651699066
7556,0.27569323778152466
7557,0.2766418755054474
7558,0.2766418755054474
7559,0.27569323778152466
7560,0.23111972212791443
7561,0.23111972212791443
7562,0.228097602725029
7563,0.22714392840862274
7564,0.22714392840862274
7565,0.228097602725029
7566,0.245137020945549
7567,0.24735915660858154
7568,0.24735915660858154
7569,0.245137020945549
7570,0.27927112579345703
7571,0.2790689766407013
7572,0.2790689766407013
7573,0.27927112579345703
7574,0.24839431047439575
7575,0.24955666065216064
7576,0.24955666065216064
7577,0.24839431047439575
7578,0.30144211649894714
7579,0.3016464114189148
7580,0.3016464114189148
7581,0.30144211649894714
7582,0.2763666808605194
7583,0.2774447798728943
7584,0.2774447798728943
7585,0.2763666808605194
7586,0.21363723278045654
7587,0.21365012228488922
7588,0.21365012228488922
7589,0.21363723278045654
7590,0.20663052797317505
7591,0.20662565529346466
7592,0.20662565529346466
7593,0.20663052797317505
7594,0.2406466007232666
7595,0.2406466007232666
7596,0.2526640295982361
7597,0.25275418162345886
7598,0.25275418162345886
7599,0.2526640295982361
7600,0.19920623302459717
7601,0.19918173551559448
7602,0.19918173551559448
7603,0.19920623302459717
7604,0.32273438572883606
7605,0.3199145197868347
7606,0.3199145197868347
7607,0.32273438572883606
7608,0.25687673687934875
7609,0.25687673687934875
7610,0.2171541303396225
7611,0.21720203757286072
7612,0.21720203757286072
7613,0.2171541303396225
7614,0.2108776718378067
7615,0.21054302155971527
7616,0.21054303646087646
7617,0.2108776718378067
7618,0.2793266177177429
7619,0.2796315550804138
7620,0.2796315550804138
7621,0.2793266177177429
7622,0.2091534584760666
7623,0.20915265381336212
7624,0.20915265381336212
7625,0.2091534584760666
7626,0.21365505456924438
7627,0.21361222863197327
7628,0.21361222863197327
7629,0.21365505456924438
7630,0.20290905237197876
7631,0.20263561606407166
7632,0.20263561606407166
7633,0.20290905237197876
7634,0.24444587528705597
7635,0.2419331669807434
7636,0.2419331669807434
7637,0.24444587528705597
7638,0.22992436587810516
7639,0.23058678209781647
7640,0.23058678209781647
7641,0.22992436587810516
7642,0.2043420821428299
7643,0.20417539775371552
7644,0.20417539775371552
7645,0.2043420821428299
7646,0.24635544419288635
7647,0.2484145164489746
7648,0.24841450154781342
7649,0.24635542929172516
7650,0.2431962788105011
7651,0.2431962788105011
7652,0.27050936222076416
7653,0.2659074366092682
7654,0.2659074366092682
7655,0.27050936222076416
7656,0.236084446310997
7657,0.236084446310997
7658,0.2521340250968933
7659,0.25233495235443115
7660,0.25233495235443115
7661,0.2521340250968933
7662,0.24106408655643463
7663,0.2429521679878235
7664,0.2429521679878235
7665,0.24106408655643463
7666,0.26614856719970703
7667,0.2670151889324188
7668,0.2670151889324188
7669,0.26614856719970703
7670,0.24587561190128326
7671,0.24488994479179382
7672,0.24488994479179382
7673,0.24587561190128326
7674,0.2288629561662674
7675,0.2288629561662674
7676,0.19319429993629456
7677,0.19319429993629456
7678,0.1800439953804016
7679,0.1801193207502365
7680,0.1801193207502365
7681,0.1800439953804016
7682,0.20171411335468292
7683,0.20171411335468292
7684,0.19862601161003113
7685,0.1990983635187149
7686,0.1990983635187149
7687,0.19862601161003113
7688,0.16123950481414795
7689,0.1642065942287445
7690,0.1642065942287445
7691,0.16123950481414795
7692,0.2082083374261856
7693,0.2082083374261856
7694,0.18753042817115784
7695,0.18753042817115784
7696,0.1927373707294464
7697,0.1926221251487732
7698,0.1926221251487732
7699,0.1927373707294464
7700,0.1904180645942688
7701,0.1904180645942688
7702,0.19649361073970795
7703,0.19649361073970795
7704,0.23302078247070312
7705,0.23568573594093323
7706,0.23568573594093323
7707,0.23302078247070312
7708,0.20042772591114044
7709,0.20053638517856598
7710,0.20053638517856598
7711,0.20042774081230164
7712,0.21264813840389252
7713,0.21264813840389252
7714,0.2160043865442276
7715,0.21277901530265808
7716,0.21277901530265808
7717,0.2160043865442276
7718,0.21788591146469116
7719,0.21820341050624847
7720,0.21820341050624847
7721,0.21788591146469116
7722,0.21785812079906464
7723,0.21900056302547455
7724,0.21900056302547455
7725,0.21785812079906464
7726,0.2240581512451172
7727,0.21432159841060638
7728,0.21432159841060638
7729,0.2240581512451172
7730,0.21712402999401093
7731,0.21712402999401093
7732,0.22751422226428986
7733,0.22777003049850464
7734,0.22777003049850464
7735,0.22751422226428986
7736,0.21628910303115845
7737,0.21208544075489044
7738,0.21208544075489044
7739,0.21628910303115845
7740,0.2293282151222229
7741,0.23029445111751556
7742,0.23029446601867676
7743,0.2293282151222229
7744,0.21491074562072754
7745,0.21491074562072754
7746,0.2650984227657318
7747,0.2618887424468994
7748,0.2618887424468994
7749,0.2650984227657318
7750,0.21719913184642792
7751,0.21719913184642792
7752,0.26975739002227783
7753,0.2679775357246399
7754,0.2679775357246399
7755,0.26975739002227783
7756,0.20544257760047913
7757,0.20586253702640533
7758,0.20586253702640533
7759,0.20544257760047913
7760,0.21193884313106537
7761,0.21185600757598877
7762,0.21185600757598877
7763,0.21193884313106537
7764,0.2230650633573532
7765,0.2230650633573532
7766,0.26229068636894226
7767,0.2614811956882477
7768,0.2614811956882477
7769,0.26229068636894226
7770,0.22351516783237457
7771,0.22351516783237457
7772,0.2101735770702362
7773,0.2101735770702362
7774,0.2021390050649643
7775,0.2022353559732437
7776,0.20223534107208252
7777,0.2021390050649643
7778,0.21653127670288086
7779,0.21653127670288086
7780,0.21892286837100983
7781,0.21958495676517487
7782,0.21958495676517487
7783,0.21892286837100983
7784,0.21774980425834656
7785,0.21774980425834656
7786,0.22339287400245667
7787,0.2232787162065506
7788,0.2232787162065506
7789,0.22339287400245667
7790,0.21181771159172058
7791,0.21043306589126587
7792,0.21043306589126587
7793,0.21181771159172058
7794,0.21810321509838104
7795,0.21810321509838104
7796,0.21653565764427185
7797,0.21653565764427185
7798,0.27124884724617004
7799,0.26878368854522705
7800,0.26878368854522705
7801,0.27124884724617004
7802,0.21441753208637238
7803,0.2143257111310959
7804,0.2143257111310959
7805,0.21441753208637238
7806,0.22478622198104858
7807,0.22478622198104858
7808,0.2279028743505478
7809,0.2279028743505478
7810,0.22999289631843567
7811,0.22999289631843567
7812,0.23033617436885834
7813,0.23082266747951508
7814,0.23082266747951508
7815,0.23033617436885834
7816,0.216874361038208
7817,0.21709896624088287
7818,0.21709896624088287
7819,0.216874361038208
7820,0.22358490526676178
7821,0.22358490526676178
7822,0.22924603521823883
7823,0.22947219014167786
7824,0.22947219014167786
7825,0.22924603521823883
7826,0.20032131671905518
7827,0.2006610631942749
7828,0.2006610631942749
7829,0.20032131671905518
7830,0.22370094060897827
7831,0.22370094060897827
7832,0.2228464037179947
7833,0.2229672372341156
7834,0.2229672372341156
7835,0.2228464037179947
7836,0.22569549083709717
7837,0.22569549083709717
7838,0.21144428849220276
7839,0.21144428849220276
7840,0.21373313665390015
7841,0.21283552050590515
7842,0.21283552050590515
7843,0.21373313665390015
7844,0.21562877297401428
7845,0.21562877297401428
7846,0.2287655919790268
7847,0.2272859811782837
7848,0.2272859811782837
7849,0.2287655919790268
7850,0.22063669562339783
7851,0.21957695484161377
7852,0.21957695484161377
7853,0.22063669562339783
7854,0.2236384004354477
7855,0.2236384004354477
7856,0.22036434710025787
7857,0.22036434710025787
7858,0.28116047382354736
7859,0.28027212619781494
7860,0.28027212619781494
7861,0.28116047382354736
7862,0.20742467045783997
7863,0.2076433300971985
7864,0.2076433300971985
7865,0.20742467045783997
7866,0.23291334509849548
7867,0.23291334509849548
7868,0.2196439951658249
7869,0.2196439951658249
7870,0.23617935180664062
7871,0.23617935180664062
7872,0.23951119184494019
7873,0.23990735411643982
7874,0.23990735411643982
7875,0.23951119184494019
7876,0.2150486409664154
7877,0.21452520787715912
7878,0.21452520787715912
7879,0.2150486409664154
7880,0.22576746344566345
7881,0.2271307110786438
7882,0.2271307110786438
7883,0.22576746344566345
7884,0.23071052134037018
7885,0.23087851703166962
7886,0.23087851703166962
7887,0.23071052134037018
7888,0.18742994964122772
7889,0.18745645880699158
7890,0.18745645880699158
7891,0.18742994964122772
7892,0.1991417109966278
7893,0.1991417109966278
7894,0.19228693842887878
7895,0.1921401470899582
7896,0.1921401470899582
7897,0.19228693842887878
7898,0.19973793625831604
7899,0.19974853098392487
7900,0.19974853098392487
7901,0.19973793625831604
7902,0.20955829322338104
7903,0.209439218044281
7904,0.2094392329454422
7905,0.20955829322338104
7906,0.1988092064857483
7907,0.1985914707183838
7908,0.1985914707183838
7909,0.1988092064857483
7910,0.20175671577453613
7911,0.2017803192138672
7912,0.2017803192138672
7913,0.20175671577453613
7914,0.1972961127758026
7915,0.19770902395248413
7916,0.19770902395248413
7917,0.1972961127758026
7918,0.20690831542015076
7919,0.20690831542015076
7920,0.21029147505760193
7921,0.2096439003944397
7922,0.2096439003944397
7923,0.21029147505760193
7924,0.1779749095439911
7925,0.17827558517456055
7926,0.17827558517456055
7927,0.1779749095439911
7928,0.2050551474094391
7929,0.20501671731472015
7930,0.20501671731472015
7931,0.2050551474094391
7932,0.20280307531356812
7933,0.19975268840789795
7934,0.19975267350673676
7935,0.20280307531356812
7936,0.2147964984178543
7937,0.2147964984178543
7938,0.2325095534324646
7939,0.23347344994544983
7940,0.23347344994544983
7941,0.2325095534324646
7942,0.20006614923477173
7943,0.20006614923477173
7944,0.23314784467220306
7945,0.23405137658119202
7946,0.23405137658119202
7947,0.23314784467220306
7948,0.21455280482769012
7949,0.21524447202682495
7950,0.21524447202682495
7951,0.21455280482769012
7952,0.25467655062675476
7953,0.2552122473716736
7954,0.2552122473716736
7955,0.25467655062675476
7956,0.19556176662445068
7957,0.19557103514671326
7958,0.19557103514671326
7959,0.19556176662445068
7960,0.17564943432807922
7961,0.1756790280342102
7962,0.1756790280342102
7963,0.17564943432807922
7964,0.21910451352596283
7965,0.21919438242912292
7966,0.21919438242912292
7967,0.21910449862480164
7968,0.27400800585746765
7969,0.2712440490722656
7970,0.2712440490722656
7971,0.27400800585746765
7972,0.20025978982448578
7973,0.20027238130569458
7974,0.20027238130569458
7975,0.20025978982448578
7976,0.19624122977256775
7977,0.19635328650474548
7978,0.19635328650474548
7979,0.19624122977256775
7980,0.19150392711162567
7981,0.19150812923908234
7982,0.19150812923908234
7983,0.19150392711162567
7984,0.1942598968744278
7985,0.1942516267299652
7986,0.1942516267299652
7987,0.1942598968744278
7988,0.21542046964168549
7989,0.21265512704849243
7990,0.21265512704849243
7991,0.21542046964168549
7992,0.21727542579174042
7993,0.21727542579174042
7994,0.2378658652305603
7995,0.23563838005065918
7996,0.23563838005065918
7997,0.2378658652305603
7998,0.2187720239162445
7999,0.21889770030975342
8000,0.21889770030975342
8001,0.2187720239162445
8002,0.2127566933631897
8003,0.21366389095783234
8004,0.21366389095783234
8005,0.2127566933631897
8006,0.23119625449180603
8007,0.23325970768928528
8008,0.23325970768928528
8009,0.23119625449180603
8010,0.20908594131469727
8011,0.20908594131469727
8012,0.23617768287658691
8013,0.23617768287658691
8014,0.24074125289916992
8015,0.24069863557815552
8016,0.24069863557815552
8017,0.24074125289916992
8018,0.20939932763576508
8019,0.2085263729095459
8020,0.2085263729095459
8021,0.20939932763576508
8022,0.21457625925540924
8023,0.2145417183637619
8024,0.2145417183637619
8025,0.21457625925540924
8026,0.23710976541042328
8027,0.2375643253326416
8028,0.2375643253326416
8029,0.23710976541042328
8030,0.1883234828710556
8031,0.18844261765480042
8032,0.1884426325559616
8033,0.1883234828710556
8034,0.19685028493404388
8035,0.19685028493404388
8036,0.20357748866081238
8037,0.20357748866081238
8038,0.21455681324005127
8039,0.21085499227046967
8040,0.21085499227046967
8041,0.21455681324005127
8042,0.18924009799957275
8043,0.18746931850910187
8044,0.18746931850910187
8045,0.18924009799957275
8046,0.1962207555770874
8047,0.19630542397499084
8048,0.19630542397499084
8049,0.1962207555770874
8050,0.20324306190013885
8051,0.20355290174484253
8052,0.20355290174484253
8053,0.20324306190013885
8054,0.21238155663013458
8055,0.2051645815372467
8056,0.2051645815372467
8057,0.21238155663013458
8058,0.2111605852842331
8059,0.211412250995636
8060,0.211412250995636
8061,0.2111605852842331
8062,0.19153328239917755
8063,0.19121931493282318
8064,0.19121931493282318
8065,0.19153328239917755
8066,0.2060021311044693
8067,0.2060881406068802
8068,0.2060881406068802
8069,0.2060021311044693
8070,0.19415400922298431
8071,0.19216956198215485
8072,0.19216956198215485
8073,0.19415400922298431
8074,0.20848079025745392
8075,0.20848079025745392
8076,0.20431216061115265
8077,0.20522426068782806
8078,0.20522426068782806
8079,0.20431216061115265
8080,0.19883932173252106
8081,0.1986905038356781
8082,0.1986905038356781
8083,0.19883932173252106
8084,0.1767515242099762
8085,0.17675219476222992
8086,0.17675219476222992
8087,0.1767515242099762
8088,0.198476642370224
8089,0.19851213693618774
8090,0.19851213693618774
8091,0.198476642370224
8092,0.19480085372924805
8093,0.1926979273557663
8094,0.1926979273557663
8095,0.19480085372924805
8096,0.22034569084644318
8097,0.22034569084644318
8098,0.23279573023319244
8099,0.2330794334411621
8100,0.2330794334411621
8101,0.23279573023319244
8102,0.18941843509674072
8103,0.18941843509674072
8104,0.20254217088222504
8105,0.20174020528793335
8106,0.20174020528793335
8107,0.20254217088222504
8108,0.20484942197799683
8109,0.20566773414611816
8110,0.20566773414611816
8111,0.20484942197799683
8112,0.23022238910198212
8113,0.23112305998802185
8114,0.23112305998802185
8115,0.23022238910198212
8116,0.2065192461013794
8117,0.20703504979610443
8118,0.20703504979610443
8119,0.2065192461013794
8120,0.26193320751190186
8121,0.2621800899505615
8122,0.2621800899505615
8123,0.26193320751190186
8124,0.23217937350273132
8125,0.23056915402412415
8126,0.23056916892528534
8127,0.23217937350273132
8128,
8129,
8130,
8131,
8132,0.20125408470630646
8133,0.20128631591796875
8134,0.20128631591796875
8135,0.20125408470630646
8136,0.17635145783424377
8137,0.17636097967624664
8138,0.17636097967624664
8139,0.17635145783424377
8140,0.20824572443962097
8141,0.20824572443962097
8142,0.213832825422287
8143,0.21276326477527618
8144,0.21276326477527618
8145,0.213832825422287
8146,0.18268246948719025
8147,0.1827400177717209
8148,0.1827400177717209
8149,0.18268246948719025
8150,0.2683551609516144
8151,0.2662571966648102
8152,0.2662571966648102
8153,0.2683551609516144
8154,0.23784379661083221
8155,0.23784379661083221
8156,0.19946922361850739
8157,0.19962263107299805
8158,0.19962263107299805
8159,0.19946922361850739
8160,0.18964117765426636
8161,0.18942278623580933
8162,0.18942278623580933
8163,0.18964117765426636
8164,0.23237188160419464
8165,0.23329152166843414
8166,0.23329152166843414
8167,0.23237188160419464
8168,0.19455888867378235
8169,0.19459137320518494
8170,0.19459137320518494
8171,0.19455888867378235
8172,0.18938669562339783
8173,0.18945638835430145
8174,0.18945638835430145
8175,0.18938669562339783
8176,0.17722967267036438
8177,0.17724858224391937
8178,0.17724858224391937
8179,0.17722967267036438
8180,0.2049243003129959
8181,0.20168448984622955
8182,0.20168448984622955
8183,0.2049243003129959
8184,0.20247744023799896
8185,0.20281431078910828
8186,0.20281431078910828
8187,0.20247744023799896
8188,0.21379028260707855
8189,0.21383225917816162
8190,0.21383224427700043
8191,0.21379028260707855
8192,0.18120455741882324
8193,0.1814144402742386
8194,0.1814144402742386
8195,0.18120455741882324
8196,0.17746780812740326
8197,0.17725521326065063
8198,0.17725521326065063
8199,0.17746780812740326
8200,0.21120239794254303
8201,0.2126530110836029
8202,0.2126530110836029
8203,0.21120239794254303
8204,0.2224881649017334
8205,0.2224881649017334
8206,0.2313571572303772
8207,0.22171224653720856
8208,0.22171224653720856
8209,0.2313571572303772
8210,0.21194612979888916
8211,0.21194612979888916
8212,0.22732098400592804
8213,0.22782976925373077
8214,0.22782976925373077
8215,0.22732098400592804
8216,0.20524592697620392
8217,0.2061125636100769
8218,0.2061125636100769
8219,0.20524592697620392
8220,0.21683111786842346
8221,0.22006335854530334
8222,0.22006335854530334
8223,0.21683110296726227
8224,0.21414300799369812
8225,0.21300466358661652
8226,0.21300466358661652
8227,0.21414300799369812
8228,0.20679137110710144
8229,0.20679137110710144
8230,0.22954940795898438
8231,0.22954940795898438
8232,0.2514083683490753
8233,0.2514083683490753
8234,0.24673959612846375
8235,0.24702751636505127
8236,0.24702751636505127
8237,0.24673959612846375
8238,0.24156145751476288
8239,0.24156145751476288
8240,0.25909939408302307
8241,0.2592567503452301
8242,0.2592567503452301
8243,0.25909939408302307
8244,0.21596457064151764
8245,0.21596457064151764
8246,0.21232205629348755
8247,0.2124214470386505
8248,0.2124214470386505
8249,0.21232205629348755
8250,0.21641267836093903
8251,0.21641267836093903
8252,0.21067188680171967
8253,0.21104635298252106
8254,0.21104636788368225
8255,0.21067188680171967
8256,0.20778219401836395
8257,0.20778219401836395
8258,0.20946814119815826
8259,0.20948466658592224
8260,0.20948466658592224
8261,0.20946814119815826
8262,0.21356913447380066
8263,0.21356913447380066
8264,0.2188941240310669
8265,0.22243162989616394
8266,0.22243162989616394
8267,0.2188941240310669
8268,0.21773284673690796
8269,0.21460013091564178
8270,0.21460013091564178
8271,0.21773284673690796
8272,0.21860462427139282
8273,0.21860462427139282
8274,0.2136230170726776
8275,0.2136230170726776
8276,0.26507723331451416
8277,0.2631624639034271
8278,0.2631624639034271
8279,0.26507723331451416
8280,0.20278412103652954
8281,0.20268197357654572
8282,0.20268197357654572
8283,0.20278412103652954
8284,0.22589872777462006
8285,0.22589872777462006
8286,0.21426063776016235
8287,0.21426063776016235
8288,0.24301348626613617
8289,0.24185219407081604
8290,0.24185219407081604
8291,0.24301348626613617
8292,0.22070907056331635
8293,0.22070907056331635
8294,0.23218798637390137
8295,0.23318487405776978
8296,0.23318487405776978
8297,0.23218798637390137
8298,0.2277413159608841
8299,0.22660398483276367
8300,0.22660398483276367
8301,0.2277413159608841
8302,0.22554396092891693
8303,0.22199389338493347
8304,0.22199389338493347
8305,0.22554396092891693
8306,0.2297755479812622
8307,0.2297755479812622
8308,0.24028821289539337
8309,0.24272935092449188
8310,0.24272935092449188
8311,0.24028821289539337
8312,0.22552084922790527
8313,0.22245952486991882
8314,0.22245952486991882
8315,0.22552084922790527
8316,0.24434590339660645
8317,0.24438108503818512
8318,0.24438108503818512
8319,0.24434590339660645
8320,0.22562949359416962
8321,0.22562949359416962
8322,0.23059184849262238
8323,0.23059184849262238
8324,0.28209811449050903
8325,0.2806452214717865
8326,0.2806452214717865
8327,0.28209811449050903
8328,0.22052592039108276
8329,0.22001910209655762
8330,0.22001910209655762
8331,0.22052592039108276
8332,0.2365986406803131
8333,0.2365986406803131
8334,0.2364155799150467
8335,0.2364155799150467
8336,0.21791699528694153
8337,0.2179047167301178
8338,0.2179047167301178
8339,0.21791699528694153
8340,0.21805982291698456
8341,0.21805982291698456
8342,0.22421663999557495
8343,0.22446106374263763
8344,0.22446106374263763
8345,0.22421663999557495
8346,0.20019875466823578
8347,0.20102106034755707
8348,0.20102106034755707
8349,0.20019875466823578
8350,0.2156314253807068
8351,0.2156314253807068
8352,0.21549895405769348
8353,0.2154264748096466
8354,0.2154264748096466
8355,0.21549895405769348
8356,0.22514225542545319
8357,0.22514225542545319
8358,0.24559694528579712
8359,0.24363337457180023
8360,0.24363337457180023
8361,0.24559694528579712
8362,0.21775513887405396
8363,0.21775513887405396
8364,0.2325975000858307
8365,0.23255303502082825
8366,0.23255303502082825
8367,0.2325975000858307
8368,0.22887301445007324
8369,0.22802497446537018
8370,0.22802497446537018
8371,0.22887301445007324
8372,0.2177411913871765
8373,0.21879874169826508
8374,0.21879874169826508
8375,0.2177411913871765
8376,0.22795864939689636
8377,0.22795864939689636
8378,0.24564936757087708
8379,0.2451932728290558
8380,0.2451932728290558
8381,0.24564936757087708
8382,0.2331007868051529
8383,0.2319362759590149
8384,0.2319362759590149
8385,0.2331007868051529
8386,0.24215944111347198
8387,0.24203407764434814
8388,0.24203407764434814
8389,0.24215944111347198
8390,0.23246225714683533
8391,0.23246225714683533
8392,0.24007366597652435
8393,0.24007366597652435
8394,0.29752039909362793
8395,0.29826149344444275
8396,0.29826149344444275
8397,0.29752039909362793
8398,0.2180626094341278
8399,0.21748188138008118
8400,0.21748188138008118
8401,0.2180626094341278
8402,0.24277187883853912
8403,0.24277187883853912
8404,0.23626410961151123
8405,0.23626410961151123
8406,0.21528193354606628
8407,0.2150188386440277
8408,0.2150188386440277
8409,0.21528193354606628
8410,0.19558654725551605
8411,0.19563037157058716
8412,0.19563037157058716
8413,0.19558654725551605
8414,0.20004720985889435
8415,0.20004720985889435
8416,0.19533610343933105
8417,0.1949198991060257
8418,0.1949198991060257
8419,0.19533610343933105
8420,0.2067948579788208
8421,0.20682887732982635
8422,0.20682887732982635
8423,0.2067948579788208
8424,0.20005860924720764
8425,0.19959361851215363
8426,0.19959361851215363
8427,0.20005860924720764
8428,0.20158277451992035
8429,0.20005521178245544
8430,0.20005521178245544
8431,0.20158277451992035
8432,0.20403432846069336
8433,0.20403432846069336
8434,0.20959283411502838
8435,0.20986658334732056
8436,0.20986658334732056
8437,0.20959283411502838
8438,0.19723568856716156
8439,0.1963481605052948
8440,0.1963481605052948
8441,0.19723568856716156
8442,0.210479274392128
8443,0.21051174402236938
8444,0.21051174402236938
8445,0.210479274392128
8446,0.2173377126455307
8447,0.2173377126455307
8448,0.24002239108085632
8449,0.23962101340293884
8450,0.23962101340293884
8451,0.24002239108085632
8452,0.19928300380706787
8453,0.19928300380706787
8454,0.26726850867271423
8455,0.2683394253253937
8456,0.2683394253253937
8457,0.26726850867271423
8458,0.19823865592479706
8459,0.19832007586956024
8460,0.19832007586956024
8461,0.19823865592479706
8462,0.1965126395225525
8463,0.19653384387493134
8464,0.19653384387493134
8465,0.1965126395225525
8466,0.21827085316181183
8467,0.21827085316181183
8468,0.23661689460277557
8469,0.23009443283081055
8470,0.23009443283081055
8471,0.23661689460277557
8472,0.20635123550891876
8473,0.20635123550891876
8474,0.2522770166397095
8475,0.25151848793029785
8476,0.25151848793029785
8477,0.2522770166397095
8478,0.23173660039901733
8479,0.23173660039901733
8480,0.2443571537733078
8481,0.24471476674079895
8482,0.24471476674079895
8483,0.2443571537733078
8484,0.24106644093990326
8485,0.24022826552391052
8486,0.24022826552391052
8487,0.24106644093990326
8488,0.23272010684013367
8489,0.23117958009243011
8490,0.23117958009243011
8491,0.23272010684013367
8492,0.23932355642318726
8493,0.23932355642318726
8494,0.25456976890563965
8495,0.25640812516212463
8496,0.25640812516212463
8497,0.25456976890563965
8498,0.2355688065290451
8499,0.2356768399477005
8500,0.2356768399477005
8501,0.2355688065290451
8502,0.258074015378952
8503,0.257970929145813
8504,0.257970929145813
8505,0.258074015378952
8506,0.23072001338005066
8507,0.23072001338005066
8508,0.2489399015903473
8509,0.2489399015903473
8510,0.28679004311561584
8511,0.28813278675079346
8512,0.28813278675079346
8513,0.28679004311561584
8514,0.2295008897781372
8515,0.22979992628097534
8516,0.22979992628097534
8517,0.2295008897781372
8518,0.24350285530090332
8519,0.24350285530090332
8520,0.24799835681915283
8521,0.24799835681915283
8522,0.2101084440946579
8523,0.2101084440946579
8524,0.17408592998981476
8525,0.17407938838005066
8526,0.17407938838005066
8527,0.17408592998981476
8528,0.2153901606798172
8529,0.2153901606798172
8530,0.19458666443824768
8531,0.1943093240261078
8532,0.1943093240261078
8533,0.19458666443824768
8534,0.20809607207775116
8535,0.20809607207775116
8536,0.20674867928028107
8537,0.20698662102222443
8538,0.20698662102222443
8539,0.20674867928028107
8540,0.20820511877536774
8541,0.20820511877536774
8542,0.20506590604782104
8543,0.20717240869998932
8544,0.2071724236011505
8545,0.20506590604782104
8546,0.1924712210893631
8547,0.19184184074401855
8548,0.19184184074401855
8549,0.1924712210893631
8550,0.21292178332805634
8551,0.21292178332805634
8552,0.19741368293762207
8553,0.19741368293762207
8554,0.20040357112884521
8555,0.2002798318862915
8556,0.2002798318862915
8557,0.20040357112884521
8558,0.21053797006607056
8559,0.21053797006607056
8560,0.21518011391162872
8561,0.21518011391162872
8562,0.23951825499534607
8563,0.23951825499534607
8564,0.24676069617271423
8565,0.24630017578601837
8566,0.24630017578601837
8567,0.24676069617271423
8568,0.2409154176712036
8569,0.2409154176712036
8570,0.25772058963775635
8571,0.2586768567562103
8572,0.2586768567562103
8573,0.25772058963775635
8574,0.2287668138742447
8575,0.22966833412647247
8576,0.22966833412647247
8577,0.2287668138742447
8578,0.2317521870136261
8579,0.2317521870136261
8580,0.25371789932250977
8581,0.25371789932250977
8582,0.23895135521888733
8583,0.23829996585845947
8584,0.23829996585845947
8585,0.23895135521888733
8586,0.23810511827468872
8587,0.23810511827468872
8588,0.25443392992019653
8589,0.25443392992019653
8590,0.22211796045303345
8591,0.22134733200073242
8592,0.22134733200073242
8593,0.22211796045303345
8594,0.23216380178928375
8595,0.2329900562763214
8596,0.2329900562763214
8597,0.23216380178928375
8598,0.24401143193244934
8599,0.24426773190498352
8600,0.24426773190498352
8601,0.24401143193244934
8602,0.20413658022880554
8603,0.20422938466072083
8604,0.20422938466072083
8605,0.20413658022880554
8606,0.20526623725891113
8607,0.20526623725891113
8608,0.21262985467910767
8609,0.21262985467910767
8610,0.1986597776412964
8611,0.19876229763031006
8612,0.19876229763031006
8613,0.1986597776412964
8614,0.2111123502254486
8615,0.21171659231185913
8616,0.21171659231185913
8617,0.2111123502254486
8618,0.21894317865371704
8619,0.2190057337284088
8620,0.2190057337284088
8621,0.21894317865371704
8622,0.21952104568481445
8623,0.21534720063209534
8624,0.21534720063209534
8625,0.21952104568481445
8626,0.21617332100868225
8627,0.2161499261856079
8628,0.2161499261856079
8629,0.21617332100868225
8630,0.2019413411617279
8631,0.20159396529197693
8632,0.20159396529197693
8633,0.2019413411617279
8634,0.21867482364177704
8635,0.21879273653030396
8636,0.21879273653030396
8637,0.21867482364177704
8638,0.2017105221748352
8639,0.20237353444099426
8640,0.20237353444099426
8641,0.201710507273674
8642,0.21702170372009277
8643,0.21702170372009277
8644,0.21389037370681763
8645,0.21335360407829285
8646,0.21335360407829285
8647,0.21389037370681763
8648,0.19765949249267578
8649,0.19743625819683075
8650,0.19743625819683075
8651,0.19765949249267578
8652,0.20913216471672058
8653,0.20908355712890625
8654,0.20908355712890625
8655,0.20913216471672058
8656,0.20336401462554932
8657,0.20242096483707428
8658,0.20242096483707428
8659,0.20336401462554932
8660,0.2260766327381134
8661,0.2260766327381134
8662,0.24559219181537628
8663,0.2462812066078186
8664,0.2462812066078186
8665,0.24559219181537628
8666,0.20294085144996643
8667,0.20294085144996643
8668,0.20922623574733734
8669,0.2084035724401474
8670,0.2084035724401474
8671,0.20922623574733734
8672,0.21313129365444183
8673,0.21413108706474304
8674,0.21413108706474304
8675,0.21313129365444183
8676,0.23666609823703766
8677,0.23837736248970032
8678,0.23837736248970032
8679,0.23666609823703766
8680,0.21793045103549957
8681,0.21864551305770874
8682,0.21864551305770874
8683,0.21793045103549957
8684,0.272122323513031
8685,0.27267539501190186
8686,0.27267539501190186
8687,0.272122323513031
8688,0.24842478334903717
8689,0.24899502098560333
8690,0.24899502098560333
8691,0.24842478334903717
8692,0.21629996597766876
8693,0.21632754802703857
8694,0.21632754802703857
8695,0.21629996597766876
8696,0.1912754774093628
8697,0.19128015637397766
8698,0.19128015637397766
8699,0.1912754774093628
8700,0.21379216015338898
8701,0.21379216015338898
8702,0.2222895622253418
8703,0.2229057252407074
8704,0.2229057252407074
8705,0.2222895622253418
8706,0.19211703538894653
8707,0.19212262332439423
8708,0.19212262332439423
8709,0.19211703538894653
8710,0.2824757695198059
8711,0.2794429659843445
8712,0.2794429659843445
8713,0.2824757695198059
8714,0.25042709708213806
8715,0.25042709708213806
8716,0.2110682874917984
8717,0.21111640334129333
8718,0.21111640334129333
8719,0.2110682874917984
8720,0.20183978974819183
8721,0.20202651619911194
8722,0.20202651619911194
8723,0.20183978974819183
8724,0.24263331294059753
8725,0.24279871582984924
8726,0.24279871582984924
8727,0.24263331294059753
8728,0.20993994176387787
8729,0.20996147394180298
8730,0.20996147394180298
8731,0.20993994176387787
8732,0.19749416410923004
8733,0.19749003648757935
8734,0.19749002158641815
8735,0.19749416410923004
8736,0.19114549458026886
8737,0.19080215692520142
8738,0.19080215692520142
8739,0.19114549458026886
8740,0.2126825898885727
8741,0.2106703668832779
8742,0.2106703668832779
8743,0.2126825898885727
8744,0.20700693130493164
8745,0.20719920098781586
8746,0.20719920098781586
8747,0.20700693130493164
8748,0.20416224002838135
8749,0.20455658435821533
8750,0.20455658435821533
8751,0.20416224002838135
8752,0.19339683651924133
8753,0.19307878613471985
8754,0.19307878613471985
8755,0.19339683651924133
8756,0.21860875189304352
8757,0.21950699388980865
8758,0.21950699388980865
8759,0.21860875189304352
8760,0.23026864230632782
8761,0.23026864230632782
8762,0.23758737742900848
8763,0.23575440049171448
8764,0.23575440049171448
8765,0.23758737742900848
8766,0.2257891744375229
8767,0.2257891744375229
8768,0.23456412553787231
8769,0.2346642017364502
8770,0.2346642017364502
8771,0.23456412553787231
8772,0.21314308047294617
8773,0.21410435438156128
8774,0.21410435438156128
8775,0.21314308047294617
8776,0.23637261986732483
8777,0.23885513842105865
8778,0.23885513842105865
8779,0.23637261986732483
8780,0.22747550904750824
8781,0.22681206464767456
8782,0.22681206464767456
8783,0.22747550904750824
8784,0.21393254399299622
8785,0.21393254399299622
8786,0.2219022661447525
8787,0.22117936611175537
8788,0.22117936611175537
8789,0.2219022661447525
8790,0.20511968433856964
8791,0.20511968433856964
8792,0.2079409658908844
8793,0.20802775025367737
8794,0.20802775025367737
8795,0.2079409658908844
8796,0.20593321323394775
8797,0.20560100674629211
8798,0.20560100674629211
8799,0.20593321323394775
8800,0.20260290801525116
8801,0.20256640017032623
8802,0.20256640017032623
8803,0.20260290801525116
8804,0.20899920165538788
8805,0.20899920165538788
8806,0.21590256690979004
8807,0.21542444825172424
8808,0.21542444825172424
8809,0.21590256690979004
8810,0.2043779194355011
8811,0.20469079911708832
8812,0.20469079911708832
8813,0.2043779194355011
8814,0.2132350653409958
8815,0.21318431198596954
8816,0.21318431198596954
8817,0.2132350653409958
8818,0.2164059728384018
8819,0.2164059728384018
8820,0.20618785917758942
8821,0.20618785917758942
8822,0.25839000940322876
8823,0.2597433626651764
8824,0.2597433626651764
8825,0.25839000940322876
8826,0.1986890584230423
8827,0.19891153275966644
8828,0.19891153275966644
8829,0.1986890584230423
8830,0.219855397939682
8831,0.219855397939682
8832,0.2107059508562088
8833,0.2107059508562088
8834,0.19577977061271667
8835,0.19577977061271667
8836,0.19193026423454285
8837,0.191954106092453
8838,0.191954106092453
8839,0.19193026423454285
8840,0.2229699045419693
8841,0.2229699045419693
8842,0.19849753379821777
8843,0.19730697572231293
8844,0.19730697572231293
8845,0.19849753379821777
8846,0.22025860846042633
8847,0.22025860846042633
8848,0.22326472401618958
8849,0.22319760918617249
8850,0.22319760918617249
8851,0.22326472401618958
8852,0.22505319118499756
8853,0.21668478846549988
8854,0.21668478846549988
8855,0.22505319118499756
8856,0.20761777460575104
8857,0.20761777460575104
8858,0.20690317451953888
8859,0.2071124017238617
8860,0.2071124017238617
8861,0.20690317451953888
8862,0.20488637685775757
8863,0.20504288375377655
8864,0.20504286885261536
8865,0.20488637685775757
8866,0.212555930018425
8867,0.2109244018793106
8868,0.2109244018793106
8869,0.212555930018425
8870,0.21353940665721893
8871,0.21353940665721893
8872,0.21691519021987915
8873,0.21735352277755737
8874,0.21735352277755737
8875,0.21691519021987915
8876,0.18578985333442688
8877,0.18414053320884705
8878,0.18414053320884705
8879,0.18578985333442688
8880,0.21397210657596588
8881,0.21400941908359528
8882,0.21400941908359528
8883,0.21397210657596588
8884,0.2149839848279953
8885,0.2149839848279953
8886,0.2078874111175537
8887,0.2078874111175537
8888,0.25227707624435425
8889,0.2530660331249237
8890,0.2530660331249237
8891,0.25227707624435425
8892,0.20134852826595306
8893,0.20156356692314148
8894,0.20156356692314148
8895,0.20134852826595306
8896,0.21846941113471985
8897,0.21846941113471985
8898,0.2223782241344452
8899,0.2223782241344452
8900,0.21928951144218445
8901,0.21928951144218445
8902,0.2076938897371292
8903,0.2061130255460739
8904,0.2061130255460739
8905,0.2076938897371292
8906,0.21913428604602814
8907,0.21913428604602814
8908,0.21847037971019745
8909,0.21729978919029236
8910,0.21729978919029236
8911,0.21847037971019745
8912,0.2266881763935089
8913,0.2266881763935089
8914,0.22288312017917633
8915,0.2239881455898285
8916,0.2239881455898285
8917,0.22288312017917633
8918,0.20367346704006195
8919,0.20367346704006195
8920,0.2127729058265686
8921,0.21320417523384094
8922,0.21320417523384094
8923,0.2127729058265686
8924,0.20702096819877625
8925,0.20643660426139832
8926,0.20643660426139832
8927,0.20702096819877625
8928,0.20979043841362
8929,0.20452505350112915
8930,0.20452505350112915
8931,0.20979043841362
8932,0.20765924453735352
8933,0.20765924453735352
8934,0.21241936087608337
8935,0.21196672320365906
8936,0.21196672320365906
8937,0.21241936087608337
8938,0.19809645414352417
8939,0.1964617371559143
8940,0.1964617371559143
8941,0.19809645414352417
8942,0.22058887779712677
8943,0.22077158093452454
8944,0.22077158093452454
8945,0.22058887779712677
8946,0.2127038538455963
8947,0.2127038538455963
8948,0.20066183805465698
8949,0.20066183805465698
8950,0.2611570954322815
8951,0.25960424542427063
8952,0.25960424542427063
8953,0.2611570954322815
8954,0.19856436550617218
8955,0.19852887094020844
8956,0.19852887094020844
8957,0.19856436550617218
8958,0.21394002437591553
8959,0.21394002437591553
8960,0.21825934946537018
8961,0.21825934946537018
8962,0.23908764123916626
8963,0.23908764123916626
8964,0.24285738170146942
8965,0.24333415925502777
8966,0.24333415925502777
8967,0.24285738170146942
8968,0.2121584266424179
8969,0.2121584266424179
8970,0.20875214040279388
8971,0.20883996784687042
8972,0.20883996784687042
8973,0.20875214040279388
8974,0.21711131930351257
8975,0.21711131930351257
8976,0.22104546427726746
8977,0.22042709589004517
8978,0.22042709589004517
8979,0.22104546427726746
8980,0.22236688435077667
8981,0.22236688435077667
8982,0.23603129386901855
8983,0.23349489271640778
8984,0.23349489271640778
8985,0.23603129386901855
8986,0.22445181012153625
8987,0.2239075005054474
8988,0.2239075005054474
8989,0.22445181012153625
8990,0.2218969166278839
8991,0.2218969166278839
8992,0.22763274610042572
8993,0.22763274610042572
8994,0.270950049161911
8995,0.2712284326553345
8996,0.2712284326553345
8997,0.270950049161911
8998,0.21150778234004974
8999,0.21192839741706848
9000,0.21192839741706848
9001,0.21150778234004974
9002,0.2312978357076645
9003,0.2312978357076645
9004,0.22789090871810913
9005,0.22789090871810913
9006,0.23410506546497345
9007,0.2343292087316513
9008,0.2343292087316513
9009,0.23410506546497345
9010,0.2269059717655182
9011,0.2269059717655182
9012,0.24485206604003906
9013,0.24621300399303436
9014,0.24621300399303436
9015,0.24485206604003906
9016,0.21237294375896454
9017,0.21048393845558167
9018,0.21048393845558167
9019,0.21237294375896454
9020,0.22562438249588013
9021,0.22562438249588013
9022,0.23151171207427979
9023,0.23212318122386932
9024,0.23212318122386932
9025,0.2315116971731186
9026,0.23693417012691498
9027,0.23693417012691498
9028,0.20801658928394318
9029,0.20801658928394318
9030,0.2024964839220047
9031,0.20238573849201202
9032,0.20238573849201202
9033,0.2024964839220047
9034,0.211607426404953
9035,0.211607426404953
9036,0.20951692759990692
9037,0.20988865196704865
9038,0.20988865196704865
9039,0.20951692759990692
9040,0.1981714814901352
9041,0.1958828866481781
9042,0.1958828866481781
9043,0.1981714814901352
9044,0.2138594388961792
9045,0.2138594388961792
9046,0.20323546230793
9047,0.20324863493442535
9048,0.20324863493442535
9049,0.20323546230793
9050,0.21520976722240448
9051,0.21520976722240448
9052,0.23720721900463104
9053,0.23720721900463104
9054,0.2311612367630005
9055,0.23096401989459991
9056,0.23096401989459991
9057,0.2311612367630005
9058,0.23231539130210876
9059,0.23231539130210876
9060,0.23338472843170166
9061,0.23275062441825867
9062,0.23275062441825867
9063,0.23338472843170166
9064,0.24863728880882263
9065,0.24863728880882263
9066,0.19636094570159912
9067,0.19721917808055878
9068,0.19721917808055878
9069,0.19636094570159912
9070,0.20361842215061188
9071,0.20361842215061188
9072,0.19891175627708435
9073,0.20106607675552368
9074,0.20106607675552368
9075,0.19891175627708435
9076,0.18369168043136597
9077,0.18194226920604706
9078,0.18194226920604706
9079,0.18369168043136597
9080,0.21250952780246735
9081,0.21250952780246735
9082,0.1927812248468399
9083,0.19285587966442108
9084,0.19285587966442108
9085,0.1927812248468399
9086,0.21255406737327576
9087,0.21255406737327576
9088,0.20590727031230927
9089,0.20590727031230927
9090,0.2164381891489029
9091,0.21624548733234406
9092,0.21624548733234406
9093,0.2164381891489029
9094,0.2011614292860031
9095,0.2011614292860031
9096,0.20187923312187195
9097,0.20144662261009216
9098,0.20144662261009216
9099,0.20187923312187195
9100,0.20123183727264404
9101,0.19957083463668823
9102,0.19957083463668823
9103,0.20123183727264404
9104,0.2079066038131714
9105,0.2079066038131714
9106,0.2117762416601181
9107,0.210505872964859
9108,0.210505872964859
9109,0.2117762416601181
9110,0.19252976775169373
9111,0.19247570633888245
9112,0.19247570633888245
9113,0.19252976775169373
9114,0.21825829148292542
9115,0.21825829148292542
9116,0.19923335313796997
9117,0.19923335313796997
9118,0.2647295892238617
9119,0.2654867172241211
9120,0.2654867172241211
9121,0.2647295892238617
9122,0.19698801636695862
9123,0.19702686369419098
9124,0.19702686369419098
9125,0.19698801636695862
9126,0.22087277472019196
9127,0.22087277472019196
9128,0.20934472978115082
9129,0.20934472978115082
9130,0.2006460428237915
9131,0.20048269629478455
9132,0.20048269629478455
9133,0.2006460428237915
9134,0.21837720274925232
9135,0.21837720274925232
9136,0.2105575054883957
9137,0.21095624566078186
9138,0.21095624566078186
9139,0.2105575054883957
9140,0.19295169413089752
9141,0.1931583136320114
9142,0.1931583136320114
9143,0.19295169413089752
9144,0.21406395733356476
9145,0.21406395733356476
9146,0.20915386080741882
9147,0.20874691009521484
9148,0.20874691009521484
9149,0.20915386080741882
9150,0.21041101217269897
9151,0.21041101217269897
9152,0.2225521057844162
9153,0.2225521057844162
9154,0.22017940878868103
9155,0.22030436992645264
9156,0.22030436992645264
9157,0.22017940878868103
9158,0.2211739420890808
9159,0.2211739420890808
9160,0.22997039556503296
9161,0.23093560338020325
9162,0.23093560338020325
9163,0.22997039556503296
9164,0.20064666867256165
9165,0.20333151519298553
9166,0.20333151519298553
9167,0.20064666867256165
9168,0.2208584100008011
9169,0.2208584100008011
9170,0.21893922984600067
9171,0.21893922984600067
9172,0.22236785292625427
9173,0.22219501435756683
9174,0.22219501435756683
9175,0.22236785292625427
9176,0.22059360146522522
9177,0.22059360146522522
9178,0.23041583597660065
9179,0.23041583597660065
9180,0.2188815176486969
9181,0.2188815176486969
9182,0.21495342254638672
9183,0.215471088886261
9184,0.2154710739850998
9185,0.21495340764522552
9186,0.20153160393238068
9187,0.20203813910484314
9188,0.20203813910484314
9189,0.20153160393238068
9190,0.22052554786205292
9191,0.22052554786205292
9192,0.20793135464191437
9193,0.20840831100940704
9194,0.20840831100940704
9195,0.20793135464191437
9196,0.22215873003005981
9197,0.22215873003005981
9198,0.21817822754383087
9199,0.21857012808322906
9200,0.21857012808322906
9201,0.21817822754383087
9202,0.22919239103794098
9203,0.22968818247318268
9204,0.22968818247318268
9205,0.22919239103794098
9206,0.23970553278923035
9207,0.23988255858421326
9208,0.23988255858421326
9209,0.23970553278923035
9210,0.1879999190568924
9211,0.18804816901683807
9212,0.18804816901683807
9213,0.1879999190568924
9214,0.20114891231060028
9215,0.20114891231060028
9216,0.21306166052818298
9217,0.21306166052818298
9218,0.19537900388240814
9219,0.19490784406661987
9220,0.19490784406661987
9221,0.19537900388240814
9222,0.20970280468463898
9223,0.21019871532917023
9224,0.21019871532917023
9225,0.20970280468463898
9226,0.2063727229833603
9227,0.20638501644134521
9228,0.20638501644134521
9229,0.2063727229833603
9230,0.21814128756523132
9231,0.2147267907857895
9232,0.2147267907857895
9233,0.21814128756523132
9234,0.21631178259849548
9235,0.21603256464004517
9236,0.21603256464004517
9237,0.21631178259849548
9238,0.2061183601617813
9239,0.20554229617118835
9240,0.20554229617118835
9241,0.2061183601617813
9242,0.20472484827041626
9243,0.20479406416416168
9244,0.20479406416416168
9245,0.20472484827041626
9246,0.19896218180656433
9247,0.19905635714530945
9248,0.19905635714530945
9249,0.19896218180656433
9250,0.20762304961681366
9251,0.20762304961681366
9252,0.20952194929122925
9253,0.21046499907970428
9254,0.21046499907970428
9255,0.20952194929122925
9256,0.18396152555942535
9257,0.18527066707611084
9258,0.18527066707611084
9259,0.18396152555942535
9260,0.21465589106082916
9261,0.2145978957414627
9262,0.2145978957414627
9263,0.21465589106082916
9264,0.20456235110759735
9265,0.20282863080501556
9266,0.20282863080501556
9267,0.20456235110759735
9268,0.21436381340026855
9269,0.21436381340026855
9270,0.23831361532211304
9271,0.23965725302696228
9272,0.23965725302696228
9273,0.23831361532211304
9274,0.1996486783027649
9275,0.1996486783027649
9276,0.20900215208530426
9277,0.2093033790588379
9278,0.2093033790588379
9279,0.20900213718414307
9280,0.21975280344486237
9281,0.2215767502784729
9282,0.2215767502784729
9283,0.21975280344486237
9284,0.24235740303993225
9285,0.24294817447662354
9286,0.24294817447662354
9287,0.24235740303993225
9288,0.2266269475221634
9289,0.22660964727401733
9290,0.22660964727401733
9291,0.2266269475221634
9292,0.26821109652519226
9293,0.26935166120529175
9294,0.26935166120529175
9295,0.26821109652519226
9296,0.2341853678226471
9297,0.23623020946979523
9298,0.23623020946979523
9299,0.2341853678226471
9300,0.19574739038944244
9301,0.19576816260814667
9302,0.19576816260814667
9303,0.19574739038944244
9304,0.18143224716186523
9305,0.18145912885665894
9306,0.18145912885665894
9307,0.18143224716186523
9308,0.2180698812007904
9309,0.2180698812007904
9310,0.22550402581691742
9311,0.22482924163341522
9312,0.22482925653457642
9313,0.22550402581691742
9314,0.18833661079406738
9315,0.18832796812057495
9316,0.18832796812057495
9317,0.18833661079406738
9318,0.27113810181617737
9319,0.26904985308647156
9320,0.26904985308647156
9321,0.27113810181617737
9322,0.2283509373664856
9323,0.2283509373664856
9324,0.20124320685863495
9325,0.20127861201763153
9326,0.20127861201763153
9327,0.20124320685863495
9328,0.19444391131401062
9329,0.19425353407859802
9330,0.19425353407859802
9331,0.19444391131401062
9332,0.23603573441505432
9333,0.23582881689071655
9334,0.23582881689071655
9335,0.23603573441505432
9336,0.1904706358909607
9337,0.19047433137893677
9338,0.19047433137893677
9339,0.1904706358909607
9340,0.20081505179405212
9341,0.20079921185970306
9342,0.20079921185970306
9343,0.20081505179405212
9344,0.17771093547344208
9345,0.17723169922828674
9346,0.17723169922828674
9347,0.17771093547344208
9348,0.21568547189235687
9349,0.2145986258983612
9350,0.2145986258983612
9351,0.21568547189235687
9352,0.21573257446289062
9353,0.2162439227104187
9354,0.2162439227104187
9355,0.21573257446289062
9356,0.19660349190235138
9357,0.19648367166519165
9358,0.19648367166519165
9359,0.19660349190235138
9360,0.17710332572460175
9361,0.17715179920196533
9362,0.17715179920196533
9363,0.17710332572460175
9364,0.22443513572216034
9365,0.22517801821231842
9366,0.22517801821231842
9367,0.22443513572216034
9368,0.21529798209667206
9369,0.21529798209667206
9370,0.2358136773109436
9371,0.23305153846740723
9372,0.23305153846740723
9373,0.2358136773109436
9374,0.2143477201461792
9375,0.2143477201461792
9376,0.22396047413349152
9377,0.22410565614700317
9378,0.22410565614700317
9379,0.22396047413349152
9380,0.2214260995388031
9381,0.22204184532165527
9382,0.22204184532165527
9383,0.2214260995388031
9384,0.2240052968263626
9385,0.2258278727531433
9386,0.2258278727531433
9387,0.2240052968263626
9388,0.223843052983284
9389,0.2229641079902649
9390,0.2229641079902649
9391,0.223843052983284
9392,0.21594463288784027
9393,0.21594463288784027
9394,0.24188271164894104
9395,0.24018114805221558
9396,0.24018114805221558
9397,0.24188271164894104
9398,0.2396395355463028
9399,0.24131719768047333
9400,0.24131719768047333
9401,0.2396395355463028
9402,0.28447699546813965
9403,0.2846676707267761
9404,0.2846676707267761
9405,0.28447699546813965
9406,0.2158557027578354
9407,0.216599240899086
9408,0.216599240899086
9409,0.2158557027578354
9410,0.22094480693340302
9411,0.22094480693340302
9412,0.2174483984708786
9413,0.21594788134098053
9414,0.21594788134098053
9415,0.2174483984708786
9416,0.22516854107379913
9417,0.22659724950790405
9418,0.22659724950790405
9419,0.22516854107379913
9420,0.24462132155895233
9421,0.24599620699882507
9422,0.24599620699882507
9423,0.24462132155895233
9424,0.22871042788028717
9425,0.2387300729751587
9426,0.2387300729751587
9427,0.22871042788028717
9428,0.257524698972702
9429,0.2580367922782898
9430,0.2580367922782898
9431,0.257524698972702
9432,0.2220788449048996
9433,0.2224990576505661
9434,0.2224990576505661
9435,0.2220788449048996
9436,0.23545080423355103
9437,0.23541460931301117
9438,0.23541460931301117
9439,0.23545080423355103
9440,0.22560624778270721
9441,0.22458992898464203
9442,0.22458992898464203
9443,0.22560624778270721
9444,0.2228546291589737
9445,0.2228546291589737
9446,0.23244817554950714
9447,0.22902807593345642
9448,0.22902807593345642
9449,0.23244817554950714
9450,0.21258938312530518
9451,0.21094925701618195
9452,0.21094925701618195
9453,0.21258938312530518
9454,0.23687785863876343
9455,0.23703476786613464
9456,0.23703476786613464
9457,0.23687785863876343
9458,0.2165883332490921
9459,0.21837252378463745
9460,0.21837252378463745
9461,0.2165883332490921
9462,0.2291599065065384
9463,0.2291599065065384
9464,0.2953096330165863
9465,0.2964184880256653
9466,0.2964184880256653
9467,0.2953096330165863
9468,0.21777409315109253
9469,0.21777409315109253
9470,0.2265351265668869
9471,0.22794973850250244
9472,0.22794972360134125
9473,0.2265351265668869
9474,0.240409255027771
9475,0.23737269639968872
9476,0.23737269639968872
9477,0.240409255027771
9478,0.2984479069709778
9479,0.2955547869205475
9480,0.2955547869205475
9481,0.2984479069709778
9482,0.24023789167404175
9483,0.2402084767818451
9484,0.2402084767818451
9485,0.24023789167404175
9486,0.2915652394294739
9487,0.2855710983276367
9488,0.2855710983276367
9489,0.2915652394294739
9490,0.2642379403114319
9491,0.25430935621261597
9492,0.25430935621261597
9493,0.2642379403114319
9494,0.21847601234912872
9495,0.21838708221912384
9496,0.21838708221912384
9497,0.21847601234912872
9498,0.2033764272928238
9499,0.2033866047859192
9500,0.2033866047859192
9501,0.2033764272928238
9502,0.2516852617263794
9503,0.2516852617263794
9504,0.25592827796936035
9505,0.25705957412719727
9506,0.25705957412719727
9507,0.25592827796936035
9508,0.20490802824497223
9509,0.20558865368366241
9510,0.20558865368366241
9511,0.20490802824497223
9512,0.29255861043930054
9513,0.2991912364959717
9514,0.2991912364959717
9515,0.29255861043930054
9516,0.24418972432613373
9517,0.24418972432613373
9518,0.23046621680259705
9519,0.23154902458190918
9520,0.23154902458190918
9521,0.23046621680259705
9522,0.22107064723968506
9523,0.22019177675247192
9524,0.22019177675247192
9525,0.22107064723968506
9526,0.2549813985824585
9527,0.25830167531967163
9528,0.25830167531967163
9529,0.2549813985824585
9530,0.21583066880702972
9531,0.21576660871505737
9532,0.21576660871505737
9533,0.21583066880702972
9534,0.21904723346233368
9535,0.2191041111946106
9536,0.2191041111946106
9537,0.21904723346233368
9538,0.2059166133403778
9539,0.20567844808101654
9540,0.20567844808101654
9541,0.2059166133403778
9542,0.23895469307899475
9543,0.24159680306911469
9544,0.24159680306911469
9545,0.23895469307899475
9546,0.22625523805618286
9547,0.22654803097248077
9548,0.22654803097248077
9549,0.22625523805618286
9550,0.20079196989536285
9551,0.2051057070493698
9552,0.2051057070493698
9553,0.20079196989536285
9554,0.24669867753982544
9555,0.2514745891094208
9556,0.2514745891094208
9557,0.24669867753982544
9558,0.23111902177333832
9559,0.23111902177333832
9560,0.25789472460746765
9561,0.26212888956069946
9562,0.26212888956069946
9563,0.25789472460746765
9564,0.22902408242225647
9565,0.22902408242225647
9566,0.27542734146118164
9567,0.275759220123291
9568,0.275759220123291
9569,0.27542731165885925
9570,0.24206547439098358
9571,0.24151071906089783
9572,0.24151071906089783
9573,0.24206547439098358
9574,0.24202176928520203
9575,0.2408616989850998
9576,0.2408616989850998
9577,0.24202176928520203
9578,0.23852822184562683
9579,0.23750251531600952
9580,0.23750251531600952
9581,0.23852822184562683
9582,0.23458266258239746
9583,0.23458266258239746
9584,0.1973777711391449
9585,0.1973777711391449
9586,0.1956707239151001
9587,0.19589172303676605
9588,0.19589172303676605
9589,0.1956707239151001
9590,0.20071053504943848
9591,0.20071053504943848
9592,0.2009139209985733
9593,0.2029431164264679
9594,0.2029431164264679
9595,0.2009139209985733
9596,0.1959632784128189
9597,0.19354669749736786
9598,0.19354669749736786
9599,0.1959632784128189
9600,0.21503706276416779
9601,0.21503706276416779
9602,0.1940278559923172
9603,0.1940278559923172
9604,0.2539791166782379
9605,0.25245481729507446
9606,0.25245481729507446
9607,0.2539791166782379
9608,0.1947387158870697
9609,0.1951730102300644
9610,0.1951730102300644
9611,0.1947387158870697
9612,0.21320085227489471
9613,0.21320085227489471
9614,0.20054569840431213
9615,0.20054569840431213
9616,0.23843127489089966
9617,0.23843127489089966
9618,0.2167641669511795
9619,0.2167641669511795
9620,0.21484674513339996
9621,0.21481724083423615
9622,0.21481724083423615
9623,0.21484674513339996
9624,0.22386720776557922
9625,0.22405654191970825
9626,0.22405654191970825
9627,0.22386720776557922
9628,0.2080753892660141
9629,0.2080753892660141
9630,0.21538878977298737
9631,0.21556293964385986
9632,0.21556293964385986
9633,0.21538878977298737
9634,0.21173611283302307
9635,0.21077260375022888
9636,0.21077260375022888
9637,0.21173611283302307
9638,0.20769035816192627
9639,0.205220565199852
9640,0.205220565199852
9641,0.20769035816192627
9642,0.21290066838264465
9643,0.21290066838264465
9644,0.22020357847213745
9645,0.220537930727005
9646,0.220537930727005
9647,0.22020357847213745
9648,0.21476811170578003
9649,0.21581554412841797
9650,0.21581554412841797
9651,0.21476811170578003
9652,0.22339582443237305
9653,0.22327759861946106
9654,0.22327759861946106
9655,0.22339582443237305
9656,0.2181488275527954
9657,0.2181488275527954
9658,0.2118738889694214
9659,0.2118738889694214
9660,0.2763112783432007
9661,0.2778065800666809
9662,0.2778065800666809
9663,0.2763112783432007
9664,0.2023986279964447
9665,0.20258276164531708
9666,0.20258276164531708
9667,0.2023986279964447
9668,0.22977140545845032
9669,0.22977140545845032
9670,0.21775470674037933
9671,0.21775470674037933
9672,
9673,
9674,
9675,
9676,
9677,
9678,
9679,
9680,
9681,
9682,
9683,
9684,
9685,
9686,0.2408435344696045
9687,0.23962444067001343
9688,0.23962444067001343
9689,0.2408435344696045
9690,0.22036705911159515
9691,0.22036705911159515
9692,0.22788989543914795
9693,0.22828269004821777
9694,0.22828270494937897
9695,0.22788989543914795
9696,0.22456073760986328
9697,0.22385753691196442
9698,0.22385753691196442
9699,0.22456073760986328
9700,0.22454693913459778
9701,0.22067220509052277
9702,0.22067220509052277
9703,0.22454693913459778
9704,0.22657400369644165
9705,0.22657400369644165
9706,0.23979452252388
9707,0.2401612401008606
9708,0.2401612401008606
9709,0.23979452252388
9710,0.2264673113822937
9711,0.22556014358997345
9712,0.22556014358997345
9713,0.2264673113822937
9714,0.23935414850711823
9715,0.2393258661031723
9716,0.2393258661031723
9717,0.23935414850711823
9718,0.22293151915073395
9719,0.22293151915073395
9720,0.23206093907356262
9721,0.23206093907356262
9722,0.27565762400627136
9723,0.27586597204208374
9724,0.27586597204208374
9725,0.27565762400627136
9726,0.21464012563228607
9727,0.21523432433605194
9728,0.21523432433605194
9729,0.21464011073112488
9730,0.23405411839485168
9731,0.23405411839485168
9732,0.23197904229164124
9733,0.23197904229164124
9734,0.21898899972438812
9735,0.21898899972438812
9736,0.22097545862197876
9737,0.22120778262615204
9738,0.22120778262615204
9739,0.22097545862197876
9740,0.2054101824760437
9741,0.2054101824760437
9742,0.19569742679595947
9743,0.19566096365451813
9744,0.19566096365451813
9745,0.19569742679595947
9746,0.21001604199409485
9747,0.21001604199409485
9748,0.20402514934539795
9749,0.2053307443857193
9750,0.2053307443857193
9751,0.20402514934539795
9752,0.18269053101539612
9753,0.18377290666103363
9754,0.18377290666103363
9755,0.18269053101539612
9756,0.21232201159000397
9757,0.21232201159000397
9758,0.19234240055084229
9759,0.19234240055084229
9760,0.2402912676334381
9761,0.23949962854385376
9762,0.23949962854385376
9763,0.2402912676334381
9764,0.20062260329723358
9765,0.20036813616752625
9766,0.20036813616752625
9767,0.20062260329723358
9768,0.19750405848026276
9769,0.19750405848026276
9770,0.20674751698970795
9771,0.20674751698970795
9772,0.20664575695991516
9773,0.207037553191185
9774,0.207037553191185
9775,0.20664575695991516
9776,0.2156190276145935
9777,0.215719535946846
9778,0.215719535946846
9779,0.2156190276145935
9780,0.2315046489238739
9781,0.23218834400177002
9782,0.23218834400177002
9783,0.2315046489238739
9784,0.18534095585346222
9785,0.18555209040641785
9786,0.18555209040641785
9787,0.18534095585346222
9788,0.19393503665924072
9789,0.19393503665924072
9790,0.18454718589782715
9791,0.18335354328155518
9792,0.18335354328155518
9793,0.18454720079898834
9794,0.20007100701332092
9795,0.20018790662288666
9796,0.20018790662288666
9797,0.20007100701332092
9798,0.20960012078285217
9799,0.2096768617630005
9800,0.2096768617630005
9801,0.20960012078285217
9802,0.19285684823989868
9803,0.19243356585502625
9804,0.19243356585502625
9805,0.19285684823989868
9806,0.19890964031219482
9807,0.1989494115114212
9808,0.1989494115114212
9809,0.19890964031219482
9810,0.19677689671516418
9811,0.19296588003635406
9812,0.19296588003635406
9813,0.19677689671516418
9814,0.19959425926208496
9815,0.19959425926208496
9816,0.19509728252887726
9817,0.1955697238445282
9818,0.1955697238445282
9819,0.19509728252887726
9820,0.17438848316669464
9821,0.17393983900547028
9822,0.17393983900547028
9823,0.17438848316669464
9824,0.20723676681518555
9825,0.2072964459657669
9826,0.2072964459657669
9827,0.20723676681518555
9828,0.18970012664794922
9829,0.19120129942893982
9830,0.19120129942893982
9831,0.18970012664794922
9832,0.20912303030490875
9833,0.20912303030490875
9834,0.23269851505756378
9835,0.2315540611743927
9836,0.2315540611743927
9837,0.23269851505756378
9838,0.1818174123764038
9839,0.1818174123764038
9840,0.22849929332733154
9841,0.23012132942676544
9842,0.23012132942676544
9843,0.22849929332733154
9844,0.21384358406066895
9845,0.21513286232948303
9846,0.21513286232948303
9847,0.21384358406066895
9848,0.2519473433494568
9849,0.2513169050216675
9850,0.2513169050216675
9851,0.2519473433494568
9852,0.22366449236869812
9853,0.22088170051574707
9854,0.22088171541690826
9855,0.22366449236869812
9856,0.1936870962381363
9857,0.19369593262672424
9858,0.19369593262672424
9859,0.1936870962381363
9860,0.17325636744499207
9861,0.1732831597328186
9862,0.1732831597328186
9863,0.17325636744499207
9864,0.2198706418275833
9865,0.21694427728652954
9866,0.21694427728652954
9867,0.2198706418275833
9868,0.25572022795677185
9869,0.2579599618911743
9870,0.2579599618911743
9871,0.25572022795677185
9872,0.21969957649707794
9873,0.21969957649707794
9874,0.19706296920776367
9875,0.19719545543193817
9876,0.19719545543193817
9877,0.19706296920776367
9878,0.18775701522827148
9879,0.1875637024641037
9880,0.1875637024641037
9881,0.18775701522827148
9882,0.2197045236825943
9883,0.2213929146528244
9884,0.2213929146528244
9885,0.2197045236825943
9886,0.18970520794391632
9887,0.1897316575050354
9888,0.1897316575050354
9889,0.18970522284507751
9890,0.19248400628566742
9891,0.19254346191883087
9892,0.19254346191883087
9893,0.19248400628566742
9894,0.17241054773330688
9895,0.17234483361244202
9896,0.17234483361244202
9897,0.17241054773330688
9898,0.20553387701511383
9899,0.2026681751012802
9900,0.2026681751012802
9901,0.20553387701511383
9902,0.17254579067230225
9903,0.17252258956432343
9904,0.17252258956432343
9905,0.17254579067230225
9906,0.20544210076332092
9907,0.20544210076332092
9908,0.22918595373630524
9909,0.22532296180725098
9910,0.22532296180725098
9911,0.22918595373630524
9912,0.20625998079776764
9913,0.20625998079776764
9914,0.2119700312614441
9915,0.2124895304441452
9916,0.2124895304441452
9917,0.2119700312614441
9918,0.2090006321668625
9919,0.21055594086647034
9920,0.21055594086647034
9921,0.20900064706802368
9922,0.2025090754032135
9923,0.20518720149993896
9924,0.20518720149993896
9925,0.2025090754032135
9926,0.20436590909957886
9927,0.20436590909957886
9928,0.22351886332035065
9929,0.22351886332035065
9930,0.22596925497055054
9931,0.22580891847610474
9932,0.22580891847610474
9933,0.22596925497055054
9934,0.214619442820549
9935,0.214619442820549
9936,0.20451360940933228
9937,0.2046765834093094
9938,0.2046765834093094
9939,0.20451360940933228
9940,0.20081135630607605
9941,0.20049135386943817
9942,0.20049135386943817
9943,0.20081135630607605
9944,0.21315401792526245
9945,0.21315401792526245
9946,0.21106401085853577
9947,0.21153703331947327
9948,0.21153703331947327
9949,0.21106401085853577
9950,0.1834327131509781
9951,0.1834433227777481
9952,0.1834433227777481
9953,0.1834327131509781
9954,0.21299763023853302
9955,0.21299763023853302
9956,0.20517191290855408
9957,0.20503923296928406
9958,0.20503923296928406
9959,0.20517191290855408
9960,0.21156349778175354
9961,0.21156349778175354
9962,0.2294589877128601
9963,0.2294589877128601
9964,0.22329466044902802
9965,0.2236998975276947
9966,0.2236998975276947
9967,0.22329466044902802
9968,0.22557146847248077
9969,0.2289178967475891
9970,0.2289178967475891
9971,0.22557146847248077
9972,0.21395514905452728
9973,0.21395514905452728
9974,0.22687004506587982
9975,0.22717776894569397
9976,0.22717776894569397
9977,0.22687004506587982
9978,0.21237024664878845
9979,0.2143765091896057
9980,0.2143765091896057
9981,0.21237024664878845
9982,0.2276581972837448
9983,0.2268935590982437
9984,0.2268935590982437
9985,0.2276581972837448
9986,0.209778293967247
9987,0.209778293967247
9988,0.21746577322483063
9989,0.21722465753555298
9990,0.21722465753555298
9991,0.21746577322483063
9992,0.1904790848493576
9993,0.1859833002090454
9994,0.1859833002090454
9995,0.1904790848493576
9996,0.22675438225269318
9997,0.22559134662151337
9998,0.22559134662151337
9999,0.22675438225269318
10000,0.21262528002262115
10001,0.21262528002262115
10002,0.2053278088569641
10003,0.2053278088569641
10004,0.24366335570812225
10005,0.24201244115829468
10006,0.24201244115829468
10007,0.24366335570812225
10008,0.20614157617092133
10009,0.20519351959228516
10010,0.20519351959228516
10011,0.20614157617092133
10012,0.212511345744133
10013,0.212511345744133
10014,0.2236095368862152
10015,0.2236095368862152
10016,0.2310563325881958
10017,0.2310563325881958
10018,0.2685004472732544
10019,0.27023249864578247
10020,0.27023249864578247
10021,0.2685004472732544
10022,0.2543991804122925
10023,0.2597232162952423
10024,0.2597232162952423
10025,0.2543991804122925
10026,0.3256720304489136
10027,0.3256262242794037
10028,0.3256262242794037
10029,0.3256720304489136
10030,0.24384184181690216
10031,0.24388077855110168
10032,0.24388077855110168
10033,0.24384184181690216
10034,0.23702117800712585
10035,0.23702117800712585
10036,0.23836486041545868
10037,0.2374352663755417
10038,0.2374352663755417
10039,0.23836486041545868
10040,0.2312743216753006
10041,0.23440177738666534
10042,0.23440177738666534
10043,0.2312743216753006
10044,0.2896307110786438
10045,0.2900514602661133
10046,0.2900514602661133
10047,0.2896307110786438
10048,0.25204187631607056
10049,0.2597399353981018
10050,0.2597399353981018
10051,0.25204187631607056
10052,0.2944850027561188
10053,0.29524362087249756
10054,0.29524362087249756
10055,0.2944850027561188
10056,0.24554434418678284
10057,0.2519344389438629
10058,0.2519344389438629
10059,0.24554434418678284
10060,0.26517680287361145
10061,0.26482394337654114
10062,0.26482394337654114
10063,0.26517680287361145
10064,0.25745898485183716
10065,0.24707725644111633
10066,0.24707725644111633
10067,0.25745898485183716
10068,0.24673143029212952
10069,0.24673143029212952
10070,0.27403807640075684
10071,0.2684960961341858
10072,0.2684960961341858
10073,0.27403807640075684
10074,0.2333090454339981
10075,0.22398050129413605
10076,0.22398050129413605
10077,0.2333090454339981
10078,0.2693810760974884
10079,0.268968403339386
10080,0.268968403339386
10081,0.2693810760974884
10082,0.23157760500907898
10083,0.24653758108615875
10084,0.24653758108615875
10085,0.23157760500907898
10086,0.2491466999053955
10087,0.2491466999053955
10088,0.33268916606903076
10089,0.33314505219459534
10090,0.33314505219459534
10091,0.33268916606903076
10092,0.26541727781295776
10093,0.26541727781295776
10094,0.2538653612136841
10095,0.25968676805496216
10096,0.25968676805496216
10097,0.2538653612136841
10098,0.2763887047767639
10099,0.2681160271167755
10100,0.2681160271167755
10101,0.2763887047767639
10102,0.3417860269546509
10103,0.33280813694000244
10104,0.33280813694000244
10105,0.3417860269546509
10106,0.26873037219047546
10107,0.2710879445075989
10108,0.2710879445075989
10109,0.26873037219047546
10110,0.3524244725704193
10111,0.33901143074035645
10112,0.33901143074035645
10113,0.3524244725704193
10114,0.334631085395813
10115,0.31157493591308594
10116,0.31157493591308594
10117,0.334631085395813
10118,0.25103986263275146
10119,0.25091561675071716
10120,0.25091561675071716
10121,0.25103986263275146
10122,0.2192080169916153
10123,0.21971651911735535
10124,0.21971651911735535
10125,0.2192080169916153
10126,0.27825504541397095
10127,0.27825504541397095
10128,0.2948569655418396
10129,0.2901950478553772
10130,0.2901950478553772
10131,0.2948569655418396
10132,0.22610260546207428
10133,0.2271639108657837
10134,0.2271639108657837
10135,0.22610260546207428
10136,0.333047479391098
10137,0.34589987993240356
10138,0.34589987993240356
10139,0.333047479391098
10140,0.265492707490921
10141,0.265492707490921
10142,0.2541458010673523
10143,0.25419071316719055
10144,0.25419071316719055
10145,0.2541458010673523
10146,0.2468239963054657
10147,0.2442253977060318
10148,0.2442253977060318
10149,0.2468239963054657
10150,0.29825761914253235
10151,0.30757421255111694
10152,0.30757421255111694
10153,0.29825761914253235
10154,0.24275510013103485
10155,0.24266988039016724
10156,0.24266988039016724
10157,0.24275510013103485
10158,0.24034543335437775
10159,0.2408997118473053
10160,0.2408997118473053
10161,0.24034543335437775
10162,0.21008789539337158
10163,0.20992109179496765
10164,0.20992109179496765
10165,0.21008789539337158
10166,0.2722083330154419
10167,0.2742808163166046
10168,0.2742808163166046
10169,0.2722083330154419
10170,0.24443593621253967
10171,0.24494773149490356
10172,0.24494773149490356
10173,0.24443593621253967
10174,0.20527854561805725
10175,0.20604147017002106
10176,0.20604145526885986
10177,0.20527854561805725
10178,0.2755243480205536
10179,0.28582003712654114
10180,0.28582003712654114
10181,0.2755243480205536
10182,0.24618664383888245
10183,0.24618664383888245
10184,0.30581164360046387
10185,0.3131301999092102
10186,0.3131301999092102
10187,0.30581164360046387
10188,0.26095685362815857
10189,0.26095685362815857
10190,0.32492783665657043
10191,0.3249433636665344
10192,0.3249433636665344
10193,0.32492783665657043
10194,0.27443718910217285
10195,0.2714390754699707
10196,0.2714390754699707
10197,0.27443718910217285
10198,0.2690450847148895
10199,0.26997584104537964
10200,0.26997584104537964
10201,0.2690450847148895
10202,0.25951454043388367
10203,0.2583940029144287
10204,0.2583940029144287
10205,0.25951454043388367
10206,0.26423710584640503
10207,0.26423710584640503
10208,0.24717062711715698
10209,0.2427237331867218
10210,0.2427237331867218
10211,0.24717062711715698
10212,0.22725671529769897
10213,0.22725671529769897
10214,0.26353558897972107
10215,0.2638871967792511
10216,0.2638871967792511
10217,0.26353558897972107
10218,0.22889195382595062
10219,0.22875361144542694
10220,0.22875361144542694
10221,0.22889195382595062
10222,0.2340880036354065
10223,0.22811201214790344
10224,0.22811201214790344
10225,0.2340880036354065
10226,0.23397493362426758
10227,0.23397493362426758
10228,0.24580463767051697
10229,0.2454262226819992
10230,0.2454262226819992
10231,0.24580463767051697
10232,0.21725186705589294
10233,0.2161111831665039
10234,0.2161111831665039
10235,0.21725186705589294
10236,0.24706591665744781
10237,0.24713920056819916
10238,0.24713918566703796
10239,0.24706591665744781
10240,0.23767027258872986
10241,0.23767027258872986
10242,0.23362377285957336
10243,0.23362377285957336
10244,0.30362457036972046
10245,0.3043285310268402
10246,0.3043285310268402
10247,0.30362457036972046
10248,0.23011289536952972
10249,0.23007448017597198
10250,0.23007448017597198
10251,0.23011289536952972
10252,0.23549336194992065
10253,0.23549336194992065
10254,0.2423541098833084
10255,0.2423541098833084
10256,0.19534903764724731
10257,0.19530221819877625
10258,0.19530221819877625
10259,0.19534903764724731
10260,0.20322170853614807
10261,0.20322170853614807
10262,0.20104491710662842
10263,0.2011195421218872
10264,0.2011195421218872
10265,0.20104491710662842
10266,0.1743839532136917
10267,0.1765618920326233
10268,0.1765618920326233
10269,0.1743839532136917
10270,0.2054443508386612
10271,0.2054443508386612
10272,0.19598646461963654
10273,0.19587895274162292
10274,0.19587895274162292
10275,0.19598646461963654
10276,0.20853887498378754
10277,0.20853887498378754
10278,0.20779623091220856
10279,0.20779623091220856
10280,0.19810613989830017
10281,0.1980096995830536
10282,0.1980096995830536
10283,0.19810613989830017
10284,0.22114364802837372
10285,0.22114364802837372
10286,0.2265092134475708
10287,0.22554434835910797
10288,0.22554434835910797
10289,0.2265092134475708
10290,0.2287590652704239
10291,0.2287590652704239
10292,0.24387818574905396
10293,0.24232153594493866
10294,0.24232153594493866
10295,0.24387818574905396
10296,0.22900639474391937
10297,0.22823461890220642
10298,0.22823461890220642
10299,0.22900639474391937
10300,0.22541946172714233
10301,0.22541946172714233
10302,0.23690900206565857
10303,0.23690900206565857
10304,0.2785083055496216
10305,0.27891215682029724
10306,0.27891215682029724
10307,0.2785083055496216
10308,0.21753205358982086
10309,0.21817171573638916
10310,0.21817171573638916
10311,0.21753205358982086
10312,0.2362503707408905
10313,0.2362503707408905
10314,0.23402240872383118
10315,0.23402240872383118
10316,0.2219054400920868
10317,0.2233532965183258
10318,0.2233532965183258
10319,0.2219054400920868
10320,0.21962930262088776
10321,0.21962930262088776
10322,0.22486068308353424
10323,0.2248249500989914
10324,0.2248249500989914
10325,0.22486068308353424
10326,0.21719244122505188
10327,0.21433109045028687
10328,0.21433109045028687
10329,0.21719244122505188
10330,0.2198118269443512
10331,0.2198118269443512
10332,0.21774138510227203
10333,0.21634824573993683
10334,0.21634826064109802
10335,0.21774140000343323
10336,0.2255622297525406
10337,0.2255622297525406
10338,0.22834239900112152
10339,0.22834239900112152
10340,0.20964288711547852
10341,0.20964288711547852
10342,0.19114921987056732
10343,0.191243976354599
10344,0.191243976354599
10345,0.19114921987056732
10346,0.21294710040092468
10347,0.21294710040092468
10348,0.2054758071899414
10349,0.205309197306633
10350,0.205309197306633
10351,0.2054758071899414
10352,0.2178989052772522
10353,0.2178989052772522
10354,0.262083500623703
10355,0.2631266713142395
10356,0.2631266713142395
10357,0.262083500623703
10358,0.27492061257362366
10359,0.27184972167015076
10360,0.27184972167015076
10361,0.27492061257362366
10362,0.28745317459106445
10363,0.28816282749176025
10364,0.28816282749176025
10365,0.28745317459106445
10366,0.2153732180595398
10367,0.21574407815933228
10368,0.21574407815933228
10369,0.215373232960701
10370,0.22871974110603333
10371,0.22871974110603333
10372,0.23978616297245026
10373,0.23469612002372742
10374,0.23469612002372742
10375,0.23978616297245026
10376,0.2445245236158371
10377,0.2449561059474945
10378,0.2449561059474945
10379,0.2445245236158371
10380,0.25911200046539307
10381,0.259176105260849
10382,0.259176105260849
10383,0.25911200046539307
10384,0.24019140005111694
10385,0.23826713860034943
10386,0.23826713860034943
10387,0.24019140005111694
10388,0.2360610067844391
10389,0.2362535446882248
10390,0.2362535446882248
10391,0.2360610067844391
10392,0.23336125910282135
10393,0.229153111577034
10394,0.229153111577034
10395,0.23336125910282135
10396,0.23928271234035492
10397,0.23928271234035492
10398,0.2654479146003723
10399,0.26604726910591125
10400,0.26604726910591125
10401,0.2654479146003723
10402,0.23755449056625366
10403,0.2370734065771103
10404,0.2370734065771103
10405,0.23755449056625366
10406,0.2639245092868805
10407,0.2636869549751282
10408,0.2636869549751282
10409,0.2639245092868805
10410,0.23764055967330933
10411,0.2380887120962143
10412,0.2380887120962143
10413,0.23764055967330933
10414,0.23089687526226044
10415,0.23089687526226044
10416,0.29377853870391846
10417,0.29431599378585815
10418,0.29431599378585815
10419,0.29377853870391846
10420,0.26092153787612915
10421,0.26092153787612915
10422,0.30070430040359497
10423,0.30326154828071594
10424,0.30326154828071594
10425,0.30070430040359497
10426,0.27553704380989075
10427,0.2762238681316376
10428,0.2762238681316376
10429,0.27553704380989075
10430,0.30215078592300415
10431,0.3047565817832947
10432,0.3047565817832947
10433,0.30215078592300415
10434,0.22092637419700623
10435,0.22094814479351044
10436,0.22094814479351044
10437,0.22092637419700623
10438,0.22042573988437653
10439,0.22041606903076172
10440,0.22041606903076172
10441,0.22042573988437653
10442,0.2792149782180786
10443,0.2782364785671234
10444,0.2782364785671234
10445,0.2792149782180786
10446,0.3221161961555481
10447,0.32325249910354614
10448,0.32325249910354614
10449,0.3221161961555481
10450,0.23032450675964355
10451,0.23072074353694916
10452,0.23072074353694916
10453,0.23032450675964355
10454,0.22594910860061646
10455,0.22643166780471802
10456,0.22643166780471802
10457,0.22594910860061646
10458,0.21567359566688538
10459,0.2156740128993988
10460,0.2156740128993988
10461,0.21567359566688538
10462,0.23549781739711761
10463,0.2353871911764145
10464,0.2353871911764145
10465,0.23549781739711761
10466,0.2715032696723938
10467,0.26627644896507263
10468,0.26627644896507263
10469,0.2715032696723938
10470,0.24609196186065674
10471,0.24609196186065674
10472,0.297782301902771
10473,0.28663063049316406
10474,0.28663063049316406
10475,0.297782301902771
10476,0.2670241892337799
10477,0.2677771747112274
10478,0.2677771747112274
10479,0.2670241892337799
10480,0.266480416059494
10481,0.26838061213493347
10482,0.26838061213493347
10483,0.266480416059494
10484,0.2657843232154846
10485,0.26620203256607056
10486,0.26620203256607056
10487,0.2657843232154846
10488,0.24885380268096924
10489,0.24885380268096924
10490,0.22753995656967163
10491,0.22753995656967163
10492,0.23042547702789307
10493,0.23043619096279144
10494,0.23043619096279144
10495,0.23042547702789307
10496,0.22857479751110077
10497,0.22857479751110077
10498,0.2364194393157959
10499,0.23756065964698792
10500,0.23756065964698792
10501,0.2364194393157959
10502,0.22524067759513855
10503,0.2251981943845749
10504,0.2251981943845749
10505,0.22524067759513855
10506,0.22642827033996582
10507,0.22642827033996582
10508,0.22935278713703156
10509,0.22935278713703156
10510,0.2766548991203308
10511,0.27815133333206177
10512,0.27815133333206177
10513,0.2766548991203308
10514,0.22944706678390503
10515,0.22937729954719543
10516,0.22937729954719543
10517,0.22944706678390503
10518,0.235071063041687
10519,0.235071063041687
10520,0.23914135992527008
10521,0.23914135992527008
10522,0.21016274392604828
10523,0.21016274392604828
10524,0.19546645879745483
10525,0.1952091008424759
10526,0.1952091008424759
10527,0.19546645879745483
10528,0.21285396814346313
10529,0.21285396814346313
10530,0.20644550025463104
10531,0.20670433342456818
10532,0.20670433342456818
10533,0.20644550025463104
10534,0.21973904967308044
10535,0.21973904967308044
10536,0.2251022756099701
10537,0.2268180549144745
10538,0.2268180549144745
10539,0.2251022756099701
10540,0.2354172021150589
10541,0.23726966977119446
10542,0.23726966977119446
10543,0.2354172021150589
10544,0.24633759260177612
10545,0.2470622956752777
10546,0.2470622956752777
10547,0.24633759260177612
10548,0.1921195536851883
10549,0.19247406721115112
10550,0.19247406721115112
10551,0.1921195536851883
10552,0.2033904641866684
10553,0.2033904641866684
10554,0.20070193707942963
10555,0.1993560940027237
10556,0.1993560940027237
10557,0.20070193707942963
10558,0.21104879677295685
10559,0.21134479343891144
10560,0.21134477853775024
10561,0.21104879677295685
10562,0.2223058044910431
10563,0.2224302887916565
10564,0.2224302887916565
10565,0.2223058044910431
10566,0.20511634647846222
10567,0.20444023609161377
10568,0.20444023609161377
10569,0.20511634647846222
10570,0.20751546323299408
10571,0.20753717422485352
10572,0.20753717422485352
10573,0.20751546323299408
10574,0.20608657598495483
10575,0.20071086287498474
10576,0.20071086287498474
10577,0.20608657598495483
10578,0.2082914561033249
10579,0.2082914561033249
10580,0.21536436676979065
10581,0.21385665237903595
10582,0.21385665237903595
10583,0.21536436676979065
10584,0.20163649320602417
10585,0.20022346079349518
10586,0.20022346079349518
10587,0.20163649320602417
10588,0.21810519695281982
10589,0.2183651626110077
10590,0.2183651626110077
10591,0.21810518205165863
10592,0.2075055092573166
10593,0.2092761993408203
10594,0.2092761993408203
10595,0.2075055092573166
10596,0.21594911813735962
10597,0.21594911813735962
10598,0.250348836183548
10599,0.24976855516433716
10600,0.24976855516433716
10601,0.250348836183548
10602,0.2037113755941391
10603,0.2037113755941391
10604,0.25215914845466614
10605,0.24956078827381134
10606,0.24956078827381134
10607,0.25215914845466614
10608,0.22750265896320343
10609,0.22822710871696472
10610,0.22822710871696472
10611,0.22750265896320343
10612,0.2707318663597107
10613,0.26571524143218994
10614,0.26571524143218994
10615,0.2707318663597107
10616,0.2509472668170929
10617,0.24038811028003693
10618,0.24038811028003693
10619,0.2509472668170929
10620,0.1992305964231491
10621,0.19923926889896393
10622,0.19923926889896393
10623,0.1992305964231491
10624,0.18663738667964935
10625,0.18665960431098938
10626,0.18665960431098938
10627,0.18663738667964935
10628,0.23769742250442505
10629,0.23256701231002808
10630,0.23256701231002808
10631,0.23769742250442505
10632,0.28125521540641785
10633,0.2867223024368286
10634,0.2867223024368286
10635,0.28125521540641785
10636,0.23860274255275726
10637,0.23860274255275726
10638,0.20362615585327148
10639,0.20391052961349487
10640,0.20391052961349487
10641,0.20362615585327148
10642,0.19682873785495758
10643,0.1970304548740387
10644,0.1970304548740387
10645,0.19682873785495758
10646,0.24210670590400696
10647,0.24809429049491882
10648,0.24809429049491882
10649,0.24210670590400696
10650,0.19583278894424438
10651,0.19585613906383514
10652,0.19585613906383514
10653,0.19583278894424438
10654,0.20184002816677094
10655,0.20191225409507751
10656,0.20191225409507751
10657,0.20184002816677094
10658,0.18670719861984253
10659,0.1878485232591629
10660,0.1878485232591629
10661,0.18670719861984253
10662,0.22285842895507812
10663,0.21837371587753296
10664,0.21837371587753296
10665,0.22285842895507812
10666,0.18701443076133728
10667,0.18820329010486603
10668,0.18820329010486603
10669,0.18701443076133728
10670,0.21828199923038483
10671,0.21828199923038483
10672,0.25149083137512207
10673,0.24315449595451355
10674,0.24315449595451355
10675,0.25149083137512207
10676,0.2153642624616623
10677,0.2153642624616623
10678,0.22864484786987305
10679,0.2296075075864792
10680,0.2296075075864792
10681,0.22864484786987305
10682,0.22169342637062073
10683,0.2229365110397339
10684,0.2229365110397339
10685,0.22169342637062073
10686,0.22906836867332458
10687,0.22610630095005035
10688,0.22610630095005035
10689,0.22906838357448578
10690,0.21468865871429443
10691,0.21468865871429443
10692,0.2508527636528015
10693,0.2508527636528015
10694,0.25152701139450073
10695,0.2515099346637726
10696,0.2515099346637726
10697,0.25152701139450073
10698,0.24109864234924316
10699,0.24109864234924316
10700,0.2602090835571289
10701,0.26224052906036377
10702,0.26224052906036377
10703,0.2602090835571289
10704,0.22750987112522125
10705,0.2221308797597885
10706,0.2221308797597885
10707,0.22750987112522125
10708,0.2304716259241104
10709,0.2304716259241104
10710,0.2568027973175049
10711,0.2568027973175049
10712,0.25070464611053467
10713,0.251041054725647
10714,0.251041054725647
10715,0.25070464611053467
10716,0.24259912967681885
10717,0.24259912967681885
10718,0.2536308765411377
10719,0.2536308765411377
10720,0.21840429306030273
10721,0.21840429306030273
10722,0.2247006744146347
10723,0.22469107806682587
10724,0.22469107806682587
10725,0.2247006744146347
10726,0.2255021631717682
10727,0.2255021631717682
10728,0.2106265425682068
10729,0.2109488844871521
10730,0.2109488844871521
10731,0.2106265425682068
10732,0.25307291746139526
10733,0.25300687551498413
10734,0.25300687551498413
10735,0.25307291746139526
10736,0.24376781284809113
10737,0.24376781284809113
10738,0.2631175220012665
10739,0.26468905806541443
10740,0.26468905806541443
10741,0.2631175220012665
10742,0.24004706740379333
10743,0.24026572704315186
10744,0.24026572704315186
10745,0.24004706740379333
10746,0.2309538722038269
10747,0.2309538722038269
10748,0.24847570061683655
10749,0.2488458752632141
10750,0.2488458752632141
10751,0.24847568571567535
10752,0.25920337438583374
10753,0.25920337438583374
10754,0.2341986745595932
10755,0.2341986745595932
10756,0.22757263481616974
10757,0.22757263481616974
10758,0.22839415073394775
10759,0.2287992537021637
10760,0.2287992537021637
10761,0.22839415073394775
10762,0.25583943724632263
10763,0.2507516145706177
10764,0.2507516145706177
10765,0.25583943724632263
10766,0.2568855881690979
10767,0.2539232671260834
10768,0.2539232671260834
10769,0.2568855881690979
10770,0.2796096205711365
10771,0.2804357409477234
10772,0.2804357409477234
10773,0.2796096205711365
10774,0.21258535981178284
10775,0.21292619407176971
10776,0.21292619407176971
10777,0.21258535981178284
10778,0.2231079488992691
10779,0.2231079488992691
10780,0.23106041550636292
10781,0.22689737379550934
10782,0.22689737379550934
10783,0.2310604304075241
10784,0.24133728444576263
10785,0.24182191491127014
10786,0.24182191491127014
10787,0.24133728444576263
10788,0.25301992893218994
10789,0.253156840801239
10790,0.253156840801239
10791,0.25301992893218994
10792,0.2372000813484192
10793,0.23579373955726624
10794,0.23579373955726624
10795,0.2372000813484192
10796,0.23259314894676208
10797,0.2326897233724594
10798,0.2326897233724594
10799,0.23259314894676208
10800,0.23064623773097992
10801,0.2245386689901352
10802,0.2245386689901352
10803,0.23064623773097992
10804,0.23569448292255402
10805,0.23569448292255402
10806,0.25592246651649475
10807,0.25415492057800293
10808,0.25415492057800293
10809,0.25592246651649475
10810,0.2230670303106308
10811,0.22066456079483032
10812,0.22066456079483032
10813,0.2230670303106308
10814,0.25393491983413696
10815,0.25386714935302734
10816,0.25386714935302734
10817,0.25393494963645935
10818,0.22689864039421082
10819,0.2284807562828064
10820,0.2284807562828064
10821,0.22689864039421082
10822,0.23327018320560455
10823,0.23327018320560455
10824,0.285805344581604
10825,0.2853250205516815
10826,0.2853250205516815
10827,0.285805344581604
10828,0.24908187985420227
10829,0.24908187985420227
10830,0.28721415996551514
10831,0.29081207513809204
10832,0.29081207513809204
10833,0.28721415996551514
10834,0.2629421055316925
10835,0.2641580104827881
10836,0.2641580104827881
10837,0.2629421055316925
10838,0.30417972803115845
10839,0.3074578046798706
10840,0.3074578046798706
10841,0.30417972803115845
10842,0.22022011876106262
10843,0.22020013630390167
10844,0.22020013630390167
10845,0.22022011876106262
10846,0.21589599549770355
10847,0.2159113883972168
10848,0.2159113883972168
10849,0.21589598059654236
10850,0.2697403132915497
10851,0.26884356141090393
10852,0.26884356141090393
10853,0.2697403132915497
10854,0.3143734633922577
10855,0.3156563937664032
10856,0.3156563937664032
10857,0.3143734633922577
10858,0.24915775656700134
10859,0.24915775656700134
10860,0.22558808326721191
10861,0.22599929571151733
10862,0.22599929571151733
10863,0.22558808326721191
10864,0.22277787327766418
10865,0.2231888771057129
10866,0.2231888771057129
10867,0.22277787327766418
10868,0.2135700285434723
10869,0.21357417106628418
10870,0.21357417106628418
10871,0.2135700285434723
10872,0.22952868044376373
10873,0.22955335676670074
10874,0.22955335676670074
10875,0.22952868044376373
10876,0.2623330354690552
10877,0.2561323642730713
10878,0.2561323344707489
10879,0.2623330354690552
10880,0.24226993322372437
10881,0.24226993322372437
10882,0.28688088059425354
10883,0.28054487705230713
10884,0.28054487705230713
10885,0.28688088059425354
10886,0.26772645115852356
10887,0.2685059607028961
10888,0.2685059607028961
10889,0.26772645115852356
10890,0.2547433376312256
10891,0.25769418478012085
10892,0.25769418478012085
10893,0.2547433376312256
10894,0.25980937480926514
10895,0.2640252709388733
10896,0.2640252709388733
10897,0.25980937480926514
10898,0.24443233013153076
10899,0.24443233013153076
10900,0.21050909161567688
10901,0.21050909161567688
10902,0.20680192112922668
10903,0.2064465880393982
10904,0.2064465880393982
10905,0.20680192112922668
10906,0.21363724768161774
10907,0.21363724768161774
10908,0.2064998745918274
10909,0.2063674032688141
10910,0.2063673883676529
10911,0.2064998745918274
10912,0.21040350198745728
10913,0.21040350198745728
10914,0.2035272866487503
10915,0.20370663702487946
10916,0.20370663702487946
10917,0.2035272866487503
10918,0.2275438904762268
10919,0.22691629827022552
10920,0.22691629827022552
10921,0.2275438904762268
10922,0.2146463692188263
10923,0.2146463692188263
10924,0.20835068821907043
10925,0.20797407627105713
10926,0.20797407627105713
10927,0.20835068821907043
10928,0.2075333595275879
10929,0.20809996128082275
10930,0.20809996128082275
10931,0.2075333595275879
10932,0.22490370273590088
10933,0.22490370273590088
10934,0.22300578653812408
10935,0.2230878472328186
10936,0.2230878472328186
10937,0.22300578653812408
10938,0.21443594992160797
10939,0.2146667093038559
10940,0.2146667093038559
10941,0.21443594992160797
10942,0.22830305993556976
10943,0.22830305993556976
10944,0.21709127724170685
10945,0.21709127724170685
10946,0.28749799728393555
10947,0.28840669989585876
10948,0.28840669989585876
10949,0.28749799728393555
10950,0.21583570539951324
10951,0.21598705649375916
10952,0.21598705649375916
10953,0.21583570539951324
10954,0.23978430032730103
10955,0.23978430032730103
10956,0.22434113919734955
10957,0.22434113919734955
10958,0.24791386723518372
10959,0.24791386723518372
10960,0.2354540228843689
10961,0.23540149629116058
10962,0.23540149629116058
10963,0.2354540228843689
10964,0.23844754695892334
10965,0.23844754695892334
10966,0.25761330127716064
10967,0.25773727893829346
10968,0.25773727893829346
10969,0.25761330127716064
10970,0.25566762685775757
10971,0.25566762685775757
10972,0.20899727940559387
10973,0.20972709357738495
10974,0.20972709357738495
10975,0.20899727940559387
10976,0.20970924198627472
10977,0.20970924198627472
10978,0.2136707752943039
10979,0.21938960254192352
10980,0.21938960254192352
10981,0.2136707752943039
10982,0.20190712809562683
10983,0.19542521238327026
10984,0.19542521238327026
10985,0.20190712809562683
10986,0.21513712406158447
10987,0.21513712406158447
10988,0.2077745497226715
10989,0.2067197561264038
10990,0.2067197561264038
10991,0.2077745497226715
10992,0.21964719891548157
10993,0.21964719891548157
10994,0.22385594248771667
10995,0.22385594248771667
10996,0.22063660621643066
10997,0.22051897644996643
10998,0.22051897644996643
10999,0.22063660621643066
11000,0.22542710602283478
11001,0.22542710602283478
11002,0.21557363867759705
11003,0.21531769633293152
11004,0.21531769633293152
11005,0.21557363867759705
11006,0.2323974370956421
11007,0.2323974370956421
11008,0.224899023771286
11009,0.224899023771286
11010,0.22484518587589264
11011,0.22480829060077667
11012,0.22480829060077667
11013,0.22484518587589264
11014,0.22379685938358307
11015,0.22379685938358307
11016,0.2353423833847046
11017,0.2375093698501587
11018,0.2375093698501587
11019,0.2353423833847046
11020,0.2153766006231308
11021,0.2146928310394287
11022,0.2146928310394287
11023,0.2153766006231308
11024,0.22213387489318848
11025,0.22213387489318848
11026,0.224943608045578
11027,0.224943608045578
11028,0.22278708219528198
11029,0.2231593132019043
11030,0.2231593132019043
11031,0.22278708219528198
11032,0.22841280698776245
11033,0.22841280698776245
11034,0.23444299399852753
11035,0.23444299399852753
11036,0.221406027674675
11037,0.221406027674675
11038,0.21839791536331177
11039,0.21837198734283447
11040,0.21837198734283447
11041,0.21839791536331177
11042,0.20971724390983582
11043,0.20971724390983582
11044,0.20470084249973297
11045,0.20450198650360107
11046,0.20450198650360107
11047,0.20470084249973297
11048,0.2330210953950882
11049,0.2330476939678192
11050,0.2330476939678192
11051,0.2330210953950882
11052,0.23081208765506744
11053,0.23081208765506744
11054,0.24220377206802368
11055,0.24297116696834564
11056,0.24297116696834564
11057,0.24220377206802368
11058,0.21658547222614288
11059,0.2158033847808838
11060,0.2158033847808838
11061,0.21658547222614288
11062,0.2252810299396515
11063,0.2252810299396515
11064,0.23259559273719788
11065,0.23298108577728271
11066,0.23298108577728271
11067,0.23259559273719788
11068,0.23679527640342712
11069,0.23679527640342712
11070,0.22592973709106445
11071,0.22592973709106445
11072,0.22745256125926971
11073,0.22804385423660278
11074,0.22804385423660278
11075,0.22745256125926971
11076,0.20389889180660248
11077,0.20389889180660248
11078,0.19453993439674377
11079,0.19473794102668762
11080,0.19473794102668762
11081,0.19453993439674377
11082,0.23866373300552368
11083,0.23866373300552368
11084,0.24244987964630127
11085,0.24287420511245728
11086,0.24287420511245728
11087,0.24244987964630127
11088,0.22281764447689056
11089,0.22281764447689056
11090,0.21763314306735992
11091,0.21763314306735992
11092,0.21345320343971252
11093,0.21351748704910278
11094,0.21351748704910278
11095,0.21345320343971252
11096,0.223625048995018
11097,0.2222960889339447
11098,0.2222960889339447
11099,0.223625048995018
11100,0.2196720391511917
11101,0.22048026323318481
11102,0.220480278134346
11103,0.2196720540523529
11104,0.22930090129375458
11105,0.22968080639839172
11106,0.22968080639839172
11107,0.22930090129375458
11108,0.19271446764469147
11109,0.19271433353424072
11110,0.19271433353424072
11111,0.19271446764469147
11112,0.2006089687347412
11113,0.2006089687347412
11114,0.19207823276519775
11115,0.1914352923631668
11116,0.1914352923631668
11117,0.19207823276519775
11118,0.20441080629825592
11119,0.2044106423854828
11120,0.2044106423854828
11121,0.20441080629825592
11122,0.20831549167633057
11123,0.20833906531333923
11124,0.20833906531333923
11125,0.20831549167633057
11126,0.20205098390579224
11127,0.20167788863182068
11128,0.20167788863182068
11129,0.20205098390579224
11130,0.20197616517543793
11131,0.2019946277141571
11132,0.2019946277141571
11133,0.20197616517543793
11134,0.20282872021198273
11135,0.20061929523944855
11136,0.20061929523944855
11137,0.20282872021198273
11138,0.2059890776872635
11139,0.2059890776872635
11140,0.20893344283103943
11141,0.2087692767381668
11142,0.2087692767381668
11143,0.20893344283103943
11144,0.18920741975307465
11145,0.1887182891368866
11146,0.1887182891368866
11147,0.18920741975307465
11148,0.20793110132217407
11149,0.20792050659656525
11150,0.20792050659656525
11151,0.20793110132217407
11152,0.2059161514043808
11153,0.20422840118408203
11154,0.20422840118408203
11155,0.2059161514043808
11156,0.21626588702201843
11157,0.21626588702201843
11158,0.22493433952331543
11159,0.22477488219738007
11160,0.22477488219738007
11161,0.22493433952331543
11162,0.1951596736907959
11163,0.1951596736907959
11164,0.22462411224842072
11165,0.2258332073688507
11166,0.2258332073688507
11167,0.22462411224842072
11168,0.21484896540641785
11169,0.21573588252067566
11170,0.21573588252067566
11171,0.21484896540641785
11172,0.2652209997177124
11173,0.26637476682662964
11174,0.26637476682662964
11175,0.2652209997177124
11176,0.19959251582622528
11177,0.19960151612758636
11178,0.19960151612758636
11179,0.19959251582622528
11180,0.18503046035766602
11181,0.1850736141204834
11182,0.1850736141204834
11183,0.18503046035766602
11184,0.21649925410747528
11185,0.21576973795890808
11186,0.21576973795890808
11187,0.21649925410747528
11188,0.2627340257167816
11189,0.2610398232936859
11190,0.2610398232936859
11191,0.2627340257167816
11192,0.2286631315946579
11193,0.2286631315946579
11194,0.1999484747648239
11195,0.1999022215604782
11196,0.1999022215604782
11197,0.1999484747648239
11198,0.19632895290851593
11199,0.19626203179359436
11200,0.19626203179359436
11201,0.19632895290851593
11202,0.19577646255493164
11203,0.1957852691411972
11204,0.1957852691411972
11205,0.19577646255493164
11206,0.19578441977500916
11207,0.1958184540271759
11208,0.1958184540271759
11209,0.19578441977500916
11210,0.18487711250782013
11211,0.18481013178825378
11212,0.18481013178825378
11213,0.18487711250782013
11214,0.2079445868730545
11215,0.20530036091804504
11216,0.20530036091804504
11217,0.2079445868730545
11218,0.1862066090106964
11219,0.18595083057880402
11220,0.18595083057880402
11221,0.1862066090106964
11222,0.2112308293581009
11223,0.2112308293581009
11224,0.22732052206993103
11225,0.22232487797737122
11226,0.22232487797737122
11227,0.22732052206993103
11228,0.22136132419109344
11229,0.22153636813163757
11230,0.22153638303279877
11231,0.22136132419109344
11232,0.20975694060325623
11233,0.21055591106414795
11234,0.21055591106414795
11235,0.20975694060325623
11236,0.21504123508930206
11237,0.21817311644554138
11238,0.21817311644554138
11239,0.21504123508930206
11240,0.21222640573978424
11241,0.21222640573978424
11242,0.2258051335811615
11243,0.22500671446323395
11244,0.22500671446323395
11245,0.2258051335811615
11246,0.2368311882019043
11247,0.23761160671710968
11248,0.23761160671710968
11249,0.2368311882019043
11250,0.2464907169342041
11251,0.2467360496520996
11252,0.2467360496520996
11253,0.2464907169342041
11254,0.21076004207134247
11255,0.2108394056558609
11256,0.2108394056558609
11257,0.21076004207134247
11258,0.21001321077346802
11259,0.21001321077346802
11260,0.20381179451942444
11261,0.2037936896085739
11262,0.2037936896085739
11263,0.20381179451942444
11264,0.22395439445972443
11265,0.2240009605884552
11266,0.2240009605884552
11267,0.22395439445972443
11268,0.21949967741966248
11269,0.21946261823177338
11270,0.21946261823177338
11271,0.21949967741966248
11272,0.20539073646068573
11273,0.2051011174917221
11274,0.2051011174917221
11275,0.20539073646068573
11276,0.22333160042762756
11277,0.22341817617416382
11278,0.22341817617416382
11279,0.22333160042762756
11280,0.2043096125125885
11281,0.20499561727046967
11282,0.20499561727046967
11283,0.2043096125125885
11284,0.22135154902935028
11285,0.22135154902935028
11286,0.2180265337228775
11287,0.2171774059534073
11288,0.2171774059534073
11289,0.2180265337228775
11290,0.20435623824596405
11291,0.20427845418453217
11292,0.20427845418453217
11293,0.20435623824596405
11294,0.21232490241527557
11295,0.21227045357227325
11296,0.21227045357227325
11297,0.21232490241527557
11298,0.20592127740383148
11299,0.20511551201343536
11300,0.20511551201343536
11301,0.20592127740383148
11302,0.22804999351501465
11303,0.22804999351501465
11304,0.2516055107116699
11305,0.25228339433670044
11306,0.25228339433670044
11307,0.2516055107116699
11308,0.20823879539966583
11309,0.20823879539966583
11310,0.2396460622549057
11311,0.24125394225120544
11312,0.24125394225120544
11313,0.2396460622549057
11314,0.22124925255775452
11315,0.22213667631149292
11316,0.22213667631149292
11317,0.22124925255775452
11318,0.27435341477394104
11319,0.27488982677459717
11320,0.27488982677459717
11321,0.27435341477394104
11322,0.22110775113105774
11323,0.22113019227981567
11324,0.22113019227981567
11325,0.22110775113105774
11326,0.19684277474880219
11327,0.19684264063835144
11328,0.19684262573719025
11329,0.196842759847641
11330,0.22609606385231018
11331,0.22706268727779388
11332,0.22706268727779388
11333,0.22609606385231018
11334,0.2829331159591675
11335,0.2802814543247223
11336,0.2802814543247223
11337,0.2829331159591675
11338,0.2564399838447571
11339,0.2564399838447571
11340,0.2163139432668686
11341,0.2163802981376648
11342,0.2163802981376648
11343,0.2163139432668686
11344,0.20746800303459167
11345,0.2077285498380661
11346,0.2077285498380661
11347,0.20746800303459167
11348,0.21547774970531464
11349,0.215492844581604
11350,0.215492844581604
11351,0.21547774970531464
11352,0.2005232870578766
11353,0.20050260424613953
11354,0.20050260424613953
11355,0.2005232870578766
11356,0.2162918746471405
11357,0.21388965845108032
11358,0.21388965845108032
11359,0.2162918746471405
11360,0.2350345104932785
11361,0.2350345104932785
11362,0.2428552806377411
11363,0.24103616178035736
11364,0.24103616178035736
11365,0.2428552806377411
11366,0.23640254139900208
11367,0.23651796579360962
11368,0.23651796579360962
11369,0.23640254139900208
11370,0.21615274250507355
11371,0.2171192467212677
11372,0.2171192467212677
11373,0.21615274250507355
11374,0.24028648436069489
11375,0.24260668456554413
11376,0.24260668456554413
11377,0.24028648436069489
11378,0.21871228516101837
11379,0.21871228516101837
11380,0.24427223205566406
11381,0.24427223205566406
11382,0.25135982036590576
11383,0.25398385524749756
11384,0.25398385524749756
11385,0.25135982036590576
11386,0.25286683440208435
11387,0.25286683440208435
11388,0.27732014656066895
11389,0.2693328261375427
11390,0.2693328261375427
11391,0.27732017636299133
11392,0.24255694448947906
11393,0.2423122078180313
11394,0.2423122078180313
11395,0.24255694448947906
11396,0.24511688947677612
11397,0.24511688947677612
11398,0.27310910820961
11399,0.27310910820961
11400,0.2500850558280945
11401,0.2498728334903717
11402,0.2498728334903717
11403,0.2500850558280945
11404,0.23926953971385956
11405,0.23926953971385956
11406,0.2704205811023712
11407,0.2704205811023712
11408,0.24421831965446472
11409,0.24724674224853516
11410,0.24724674224853516
11411,0.24421831965446472
11412,0.24865341186523438
11413,0.25316399335861206
11414,0.25316399335861206
11415,0.24865341186523438
11416,0.2873414158821106
11417,0.28778475522994995
11418,0.28778475522994995
11419,0.2873414158821106
11420,0.21567228436470032
11421,0.2161058634519577
11422,0.2161058634519577
11423,0.2156722992658615
11424,0.2264968603849411
11425,0.2264968603849411
11426,0.2262820601463318
11427,0.2256365567445755
11428,0.2256365567445755
11429,0.2262820601463318
11430,0.2456302046775818
11431,0.24661515653133392
11432,0.24661515653133392
11433,0.2456302046775818
11434,0.26011908054351807
11435,0.2610630393028259
11436,0.2610630393028259
11437,0.26011908054351807
11438,0.23426267504692078
11439,0.23501579463481903
11440,0.23501579463481903
11441,0.23426267504692078
11442,0.23418845236301422
11443,0.2340271770954132
11444,0.2340271770954132
11445,0.23418845236301422
11446,0.24350030720233917
11447,0.23227369785308838
11448,0.23227369785308838
11449,0.24350030720233917
11450,0.22785347700119019
11451,0.22785347700119019
11452,0.24679948389530182
11453,0.24361485242843628
11454,0.24361486732959747
11455,0.24679948389530182
11456,0.2278587818145752
11457,0.2220214307308197
11458,0.2220214307308197
11459,0.2278587818145752
11460,0.2508895993232727
11461,0.2514013946056366
11462,0.2514013946056366
11463,0.2508895993232727
11464,0.22437280416488647
11465,0.2292812466621399
11466,0.2292812466621399
11467,0.22437280416488647
11468,0.2232760488986969
11469,0.2232760488986969
11470,0.30027222633361816
11471,0.3003963530063629
11472,0.3003963530063629
11473,0.30027222633361816
11474,0.2370699644088745
11475,0.2370699644088745
11476,0.3122754395008087
11477,0.30452901124954224
11478,0.30452901124954224
11479,0.3122754395008087
11480,0.252572625875473
11481,0.252244234085083
11482,0.252244234085083
11483,0.252572625875473
11484,0.29338642954826355
11485,0.28672653436660767
11486,0.28672653436660767
11487,0.29338642954826355
11488,0.2186076045036316
11489,0.2185492217540741
11490,0.2185492217540741
11491,0.2186076045036316
11492,0.21578773856163025
11493,0.21602870523929596
11494,0.21602870523929596
11495,0.21578773856163025
11496,0.2790979743003845
11497,0.2713361978530884
11498,0.2713361978530884
11499,0.2790979743003845
11500,0.3013821244239807
11501,0.31042277812957764
11502,0.31042277812957764
11503,0.3013821244239807
11504,0.2315966635942459
11505,0.2322062849998474
11506,0.2322062849998474
11507,0.2315966635942459
11508,0.228196918964386
11509,0.2277650386095047
11510,0.2277650386095047
11511,0.228196918964386
11512,0.2153022438287735
11513,0.2152782678604126
11514,0.2152782678604126
11515,0.2153022438287735
11516,0.2313631772994995
11517,0.23180729150772095
11518,0.23180727660655975
11519,0.2313631772994995
11520,0.25446897745132446
11521,0.24998581409454346
11522,0.24998581409454346
11523,0.25446897745132446
11524,0.23329098522663116
11525,0.23329098522663116
11526,0.28453555703163147
11527,0.2801321744918823
11528,0.2801321744918823
11529,0.28453555703163147
11530,0.26869866251945496
11531,0.2695372402667999
11532,0.2695372402667999
11533,0.26869866251945496
11534,0.2556857764720917
11535,0.25365155935287476
11536,0.25365155935287476
11537,0.2556857764720917
11538,0.25292158126831055
11539,0.25073710083961487
11540,0.25073710083961487
11541,0.25292158126831055
11542,0.24498113989830017
11543,0.24498113989830017
11544,0.2021179497241974
11545,0.2021179497241974
11546,0.20192238688468933
11547,0.20204588770866394
11548,0.20204588770866394
11549,0.20192238688468933
11550,0.20572273433208466
11551,0.20572273433208466
11552,0.20629508793354034
11553,0.20806145668029785
11554,0.20806145668029785
11555,0.20629508793354034
11556,0.20274977385997772
11557,0.2001323103904724
11558,0.2001323103904724
11559,0.20274977385997772
11560,0.2138006091117859
11561,0.2138006091117859
11562,0.20060741901397705
11563,0.20060741901397705
11564,0.25109994411468506
11565,0.2491932213306427
11566,0.2491932213306427
11567,0.25109994411468506
11568,0.1968836784362793
11569,0.19679778814315796
11570,0.19679778814315796
11571,0.1968836784362793
11572,0.2147495597600937
11573,0.2147495597600937
11574,0.20676301419734955
11575,0.20676301419734955
11576,0.21532391011714935
11577,0.21287302672863007
11578,0.21287302672863007
11579,0.21532391011714935
11580,0.2031029462814331
11581,0.2031029462814331
11582,0.21022382378578186
11583,0.210432231426239
11584,0.2104322463274002
11585,0.21022382378578186
11586,0.19878238439559937
11587,0.1988147795200348
11588,0.1988147795200348
11589,0.19878238439559937
11590,0.20428310334682465
11591,0.20396748185157776
11592,0.20396748185157776
11593,0.20428310334682465
11594,0.2099563479423523
11595,0.2099563479423523
11596,0.21227170526981354
11597,0.21270069479942322
11598,0.21270069479942322
11599,0.21227170526981354
11600,0.18313556909561157
11601,0.18292509019374847
11602,0.18292509019374847
11603,0.18313556909561157
11604,0.21283802390098572
11605,0.21290551126003265
11606,0.21290551126003265
11607,0.21283802390098572
11608,0.21795745193958282
11609,0.21795745193958282
11610,0.20144633948802948
11611,0.20144633948802948
11612,0.25830110907554626
11613,0.25857868790626526
11614,0.25857868790626526
11615,0.25830110907554626
11616,0.2007497251033783
11617,0.20085802674293518
11618,0.20085802674293518
11619,0.2007497251033783
11620,0.1993749737739563
11621,0.19946132600307465
11622,0.19946132600307465
11623,0.1993749737739563
11624,0.21846096217632294
11625,0.21846096217632294
11626,0.21458449959754944
11627,0.21458449959754944
11628,0.23532943427562714
11629,0.23532943427562714
11630,0.21000859141349792
11631,0.21000859141349792
11632,0.21645809710025787
11633,0.2157607227563858
11634,0.2157607227563858
11635,0.21645809710025787
11636,0.2003020942211151
11637,0.2003020942211151
11638,0.19099166989326477
11639,0.19192707538604736
11640,0.19192707538604736
11641,0.19099166989326477
11642,0.21060751378536224
11643,0.20755493640899658
11644,0.20755493640899658
11645,0.21060751378536224
11646,0.20995782315731049
11647,0.20995782315731049
11648,0.21656271815299988
11649,0.21620477735996246
11650,0.21620477735996246
11651,0.21656271815299988
11652,0.17578233778476715
11653,0.17313183844089508
11654,0.17313183844089508
11655,0.17578233778476715
11656,0.21951241791248322
11657,0.21951241791248322
11658,0.20301754772663116
11659,0.20301754772663116
11660,0.25726941227912903
11661,0.25477296113967896
11662,0.25477296113967896
11663,0.25726941227912903
11664,0.20641757547855377
11665,0.20585304498672485
11666,0.20585304498672485
11667,0.20641757547855377
11668,0.21453560888767242
11669,0.21453560888767242
11670,0.21761628985404968
11671,0.21761628985404968
11672,0.22225667536258698
11673,0.22608473896980286
11674,0.22608473896980286
11675,0.22225667536258698
11676,0.20433653891086578
11677,0.20433653891086578
11678,0.20819182693958282
11679,0.20823541283607483
11680,0.20823541283607483
11681,0.20819182693958282
11682,0.20281551778316498
11683,0.2028435468673706
11684,0.2028435468673706
11685,0.20281551778316498
11686,0.20801010727882385
11687,0.20394371449947357
11688,0.20394371449947357
11689,0.20801010727882385
11690,0.20884031057357788
11691,0.20884031057357788
11692,0.20891760289669037
11693,0.20783092081546783
11694,0.20783092081546783
11695,0.20891760289669037
11696,0.19532358646392822
11697,0.19425420463085175
11698,0.19425420463085175
11699,0.19532358646392822
11700,0.20896321535110474
11701,0.20902042090892792
11702,0.20902042090892792
11703,0.20896321535110474
11704,0.21995426714420319
11705,0.21995426714420319
11706,0.19710305333137512
11707,0.19710305333137512
11708,0.262018084526062
11709,0.2545827329158783
11710,0.2545827329158783
11711,0.262018084526062
11712,0.19920004904270172
11713,0.19917763769626617
11714,0.19917763769626617
11715,0.19920004904270172
11716,0.19796325266361237
11717,0.19800175726413727
11718,0.19800175726413727
11719,0.19796325266361237
11720,0.21545441448688507
11721,0.21545441448688507
11722,0.21144506335258484
11723,0.21144506335258484
11724,0.2071184664964676
11725,0.2071184664964676
11726,0.2036917507648468
11727,0.20441627502441406
11728,0.20441627502441406
11729,0.2036917507648468
11730,0.2189275324344635
11731,0.2189275324344635
11732,0.2011794000864029
11733,0.2012818157672882
11734,0.2012818157672882
11735,0.2011794000864029
11736,0.20617303252220154
11737,0.20617303252220154
11738,0.21972909569740295
11739,0.2198777198791504
11740,0.2198777198791504
11741,0.21972909569740295
11742,0.2226744294166565
11743,0.2226744294166565
11744,0.2231232076883316
11745,0.22312965989112854
11746,0.22312965989112854
11747,0.2231232076883316
11748,0.2028597742319107
11749,0.2055777907371521
11750,0.2055777907371521
11751,0.2028597742319107
11752,0.21955129504203796
11753,0.21955129504203796
11754,0.21953560411930084
11755,0.21945737302303314
11756,0.21945737302303314
11757,0.21953560411930084
11758,0.22653652727603912
11759,0.22653652727603912
11760,0.20938870310783386
11761,0.20938870310783386
11762,0.21247464418411255
11763,0.21099326014518738
11764,0.21099326014518738
11765,0.21247464418411255
11766,0.2164342999458313
11767,0.2164342999458313
11768,0.22001878917217255
11769,0.22181783616542816
11770,0.22181783616542816
11771,0.22001878917217255
11772,0.19774062931537628
11773,0.1970047503709793
11774,0.1970047652721405
11775,0.19774062931537628
11776,0.21590471267700195
11777,0.21590471267700195
11778,0.21319712698459625
11779,0.21319712698459625
11780,0.2592015564441681
11781,0.2589126527309418
11782,0.2589126527309418
11783,0.2592015564441681
11784,0.20447082817554474
11785,0.20466847717761993
11786,0.20466847717761993
11787,0.20447082817554474
11788,0.2188926786184311
11789,0.2188926786184311
11790,0.22355441749095917
11791,0.22355441749095917
11792,0.2199019193649292
11793,0.2199019193649292
11794,0.20659318566322327
11795,0.20659318566322327
11796,0.20164082944393158
11797,0.20229484140872955
11798,0.20229484140872955
11799,0.20164082944393158
11800,0.20746755599975586
11801,0.20746755599975586
11802,0.20786793529987335
11803,0.20849382877349854
11804,0.20849382877349854
11805,0.20786793529987335
11806,0.1829148381948471
11807,0.18199945986270905
11808,0.18199947476387024
11809,0.1829148530960083
11810,0.2118844985961914
11811,0.2118844985961914
11812,0.20012827217578888
11813,0.20012827217578888
11814,0.20091603696346283
11815,0.20104683935642242
11816,0.20104683935642242
11817,0.20091603696346283
11818,0.20380862057209015
11819,0.20380862057209015
11820,0.21444956958293915
11821,0.21444956958293915
11822,0.22452935576438904
11823,0.22452935576438904
11824,0.1988770216703415
11825,0.1967248022556305
11826,0.1967248022556305
11827,0.1988770216703415
11828,0.22376184165477753
11829,0.22376184165477753
11830,0.2275160700082779
11831,0.22808301448822021
11832,0.22808301448822021
11833,0.2275160700082779
11834,0.23315055668354034
11835,0.23315055668354034
11836,0.22290068864822388
11837,0.22290068864822388
11838,0.21176457405090332
11839,0.21170377731323242
11840,0.21170379221439362
11841,0.21176457405090332
11842,0.2219182550907135
11843,0.2219182550907135
11844,0.22152267396450043
11845,0.22233735024929047
11846,0.22233735024929047
11847,0.22152267396450043
11848,0.19581983983516693
11849,0.19920065999031067
11850,0.19920065999031067
11851,0.19581983983516693
11852,0.21759748458862305
11853,0.21759748458862305
11854,0.20878146588802338
11855,0.20878146588802338
11856,0.21827104687690735
11857,0.21794287860393524
11858,0.21794287860393524
11859,0.21827104687690735
11860,0.2093578279018402
11861,0.2093578279018402
11862,0.22356963157653809
11863,0.22356963157653809
11864,0.20541903376579285
11865,0.20198757946491241
11866,0.20198757946491241
11867,0.20541903376579285
11868,0.21391399204730988
11869,0.21204796433448792
11870,0.2120479792356491
11871,0.21391397714614868
11872,0.2303207516670227
11873,0.23064841330051422
11874,0.23064841330051422
11875,0.2303207516670227
11876,0.17934860289096832
11877,0.17937463521957397
11878,0.17937463521957397
11879,0.17934860289096832
11880,0.1902545541524887
11881,0.1902545541524887
11882,0.1827515810728073
11883,0.18172332644462585
11884,0.18172332644462585
11885,0.1827515810728073
11886,0.19649502635002136
11887,0.19685247540473938
11888,0.19685247540473938
11889,0.19649502635002136
11890,0.185591459274292
11891,0.18636994063854218
11892,0.18636994063854218
11893,0.185591459274292
11894,0.1977875679731369
11895,0.1977415680885315
11896,0.1977415680885315
11897,0.1977875679731369
11898,0.19588102400302887
11899,0.19481639564037323
11900,0.19481639564037323
11901,0.19588102400302887
11902,0.20265741646289825
11903,0.20265741646289825
11904,0.20078130066394806
11905,0.20258982479572296
11906,0.20258982479572296
11907,0.20078130066394806
11908,0.16938315331935883
11909,0.16327984631061554
11910,0.16327984631061554
11911,0.16938315331935883
11912,0.19895930588245392
11913,0.19857773184776306
11914,0.19857773184776306
11915,0.19895930588245392
11916,0.19132745265960693
11917,0.19044050574302673
11918,0.19044050574302673
11919,0.19132745265960693
11920,0.20919014513492584
11921,0.20919014513492584
11922,0.23697568476200104
11923,0.23849959671497345
11924,0.23849959671497345
11925,0.23697568476200104
11926,0.1895892471075058
11927,0.1895892471075058
11928,0.22772133350372314
11929,0.23298601806163788
11930,0.23298601806163788
11931,0.22772133350372314
11932,0.2064300775527954
11933,0.207916259765625
11934,0.207916259765625
11935,0.2064300775527954
11936,0.2411770075559616
11937,0.2399248480796814
11938,0.2399248480796814
11939,0.2411770075559616
11940,0.19258469343185425
11941,0.19266673922538757
11942,0.19266673922538757
11943,0.19258469343185425
11944,0.16659602522850037
11945,0.16646043956279755
11946,0.16646043956279755
11947,0.16659602522850037
11948,0.2162431925535202
11949,0.22301936149597168
11950,0.22301936149597168
11951,0.2162431925535202
11952,0.19921964406967163
11953,0.19938300549983978
11954,0.19938300549983978
11955,0.19921964406967163
11956,0.1913539320230484
11957,0.1911109983921051
11958,0.1911109983921051
11959,0.1913539320230484
11960,0.18641482293605804
11961,0.18618479371070862
11962,0.18618479371070862
11963,0.18641482293605804
11964,0.21034058928489685
11965,0.2113325297832489
11966,0.2113325297832489
11967,0.21034060418605804
11968,0.20788027346134186
11969,0.20788027346134186
11970,0.22654642164707184
11971,0.23451250791549683
11972,0.23451250791549683
11973,0.22654642164707184
11974,0.21808168292045593
11975,0.21842126548290253
11976,0.21842126548290253
11977,0.21808168292045593
11978,0.20947887003421783
11979,0.20983585715293884
11980,0.20983585715293884
11981,0.20947887003421783
11982,0.2077307105064392
11983,0.20817525684833527
11984,0.20817525684833527
11985,0.2077307105064392
11986,0.20552587509155273
11987,0.20552587509155273
11988,0.21746589243412018
11989,0.21700352430343628
11990,0.21700352430343628
11991,0.21746589243412018
11992,0.203201025724411
11993,0.203201025724411
11994,0.20197837054729462
11995,0.20166967809200287
11996,0.20166967809200287
11997,0.20197837054729462
11998,0.20193853974342346
11999,0.202275350689888
12000,0.2022753655910492
12001,0.20193853974342346
12002,0.21151664853096008
12003,0.21151664853096008
12004,0.21210813522338867
12005,0.2119072526693344
12006,0.2119072526693344
12007,0.21210813522338867
12008,0.20098981261253357
12009,0.20119939744472504
12010,0.20119939744472504
12011,0.20098981261253357
12012,0.221620574593544
12013,0.221620574593544
12014,0.20398986339569092
12015,0.20398986339569092
12016,0.26163190603256226
12017,0.2619756758213043
12018,0.2619756758213043
12019,0.26163190603256226
12020,0.20232588052749634
12021,0.20231987535953522
12022,0.20231987535953522
12023,0.20232588052749634
12024,0.22325286269187927
12025,0.22325286269187927
12026,0.2100563794374466
12027,0.2100563794374466
12028,0.20572417974472046
12029,0.20572417974472046
12030,0.20023290812969208
12031,0.200125053524971
12032,0.200125053524971
12033,0.20023290812969208
12034,0.23350441455841064
12035,0.2333528995513916
12036,0.2333528995513916
12037,0.23350441455841064
12038,0.2160598188638687
12039,0.2160598188638687
12040,0.2199304848909378
12041,0.21857547760009766
12042,0.21857547760009766
12043,0.2199304848909378
12044,0.2207595854997635
12045,0.21424219012260437
12046,0.21424219012260437
12047,0.2207595854997635
12048,0.2247803509235382
12049,0.2247803509235382
12050,0.22807951271533966
12051,0.22958320379257202
12052,0.22958320379257202
12053,0.22807951271533966
12054,0.21133558452129364
12055,0.20991191267967224
12056,0.20991191267967224
12057,0.21133558452129364
12058,0.23562999069690704
12059,0.23554697632789612
12060,0.23554697632789612
12061,0.23562999069690704
12062,0.2207537293434143
12063,0.2207537293434143
12064,0.21852995455265045
12065,0.21852995455265045
12066,0.26099342107772827
12067,0.26081907749176025
12068,0.26081907749176025
12069,0.26099342107772827
12070,0.2091800719499588
12071,0.20943576097488403
12072,0.20943576097488403
12073,0.2091800719499588
12074,0.2228635996580124
12075,0.2228635996580124
12076,0.22838257253170013
12077,0.22838257253170013
12078,0.21431493759155273
12079,0.2158966064453125
12080,0.2158966064453125
12081,0.21431493759155273
12082,0.20311914384365082
12083,0.20311914384365082
12084,0.21219053864479065
12085,0.21258828043937683
12086,0.21258828043937683
12087,0.21219053864479065
12088,0.20350877940654755
12089,0.2040543556213379
12090,0.2040543556213379
12091,0.20350877940654755
12092,0.20731253921985626
12093,0.20221081376075745
12094,0.20221081376075745
12095,0.20731253921985626
12096,0.20551460981369019
12097,0.20551460981369019
12098,0.20533235371112823
12099,0.20427268743515015
12100,0.20427268743515015
12101,0.20533235371112823
12102,0.18947535753250122
12103,0.18793082237243652
12104,0.18793082237243652
12105,0.18947535753250122
12106,0.21301054954528809
12107,0.2130606770515442
12108,0.2130606770515442
12109,0.21301054954528809
12110,0.21143202483654022
12111,0.21143202483654022
12112,0.19440823793411255
12113,0.19440823793411255
12114,0.24224039912223816
12115,0.23855431377887726
12116,0.23855431377887726
12117,0.24224039912223816
12118,0.19571299850940704
12119,0.19576865434646606
12120,0.19576865434646606
12121,0.19571299850940704
12122,0.2105047106742859
12123,0.2105047106742859
12124,0.2126328945159912
12125,0.2126328945159912
12126,0.21579697728157043
12127,0.21579697728157043
12128,0.2116103172302246
12129,0.21165943145751953
12130,0.21165943145751953
12131,0.2116103172302246
12132,0.20419920980930328
12133,0.20419920980930328
12134,0.20392100512981415
12135,0.20390701293945312
12136,0.20390701293945312
12137,0.20392100512981415
12138,0.20707838237285614
12139,0.20707838237285614
12140,0.20718619227409363
12141,0.20745453238487244
12142,0.20745453238487244
12143,0.20718619227409363
12144,0.18539422750473022
12145,0.18578463792800903
12146,0.18578463792800903
12147,0.18539422750473022
12148,0.2064095437526703
12149,0.2064095437526703
12150,0.1967652440071106
12151,0.1967652440071106
12152,0.20087531208992004
12153,0.20079851150512695
12154,0.20079851150512695
12155,0.20087531208992004
12156,0.21368691325187683
12157,0.21368691325187683
12158,0.21455147862434387
12159,0.21455147862434387
12160,0.21961188316345215
12161,0.21948379278182983
12162,0.21948379278182983
12163,0.21961188316345215
12164,0.2290745973587036
12165,0.2276877462863922
12166,0.2276877462863922
12167,0.2290745973587036
12168,0.2657192349433899
12169,0.2663954496383667
12170,0.2663954496383667
12171,0.2657192349433899
12172,0.19986774027347565
12173,0.20007950067520142
12174,0.20007950067520142
12175,0.19986774027347565
12176,0.20712360739707947
12177,0.20712360739707947
12178,0.198750838637352
12179,0.19839534163475037
12180,0.19839534163475037
12181,0.198750838637352
12182,0.2211069017648697
12183,0.22135798633098602
12184,0.22135798633098602
12185,0.2211069017648697
12186,0.2343355119228363
12187,0.23430311679840088
12188,0.23430311679840088
12189,0.2343355119228363
12190,0.21375209093093872
12191,0.21251803636550903
12192,0.21251803636550903
12193,0.21375209093093872
12194,0.21752889454364777
12195,0.21771062910556793
12196,0.21771062910556793
12197,0.21752889454364777
12198,0.20885741710662842
12199,0.20646323263645172
12200,0.20646323263645172
12201,0.20885741710662842
12202,0.2163071483373642
12203,0.2163071483373642
12204,0.21615839004516602
12205,0.21999169886112213
12206,0.21999169886112213
12207,0.21615839004516602
12208,0.19702205061912537
12209,0.19698408246040344
12210,0.19698408246040344
12211,0.19702205061912537
12212,0.22998349368572235
12213,0.2300051897764206
12214,0.2300051897764206
12215,0.22998349368572235
12216,0.20233991742134094
12217,0.20293036103248596
12218,0.20293036103248596
12219,0.20233991742134094
12220,0.2201423943042755
12221,0.2201423943042755
12222,0.267052561044693
12223,0.2668363153934479
12224,0.2668363153934479
12225,0.267052561044693
12226,0.20241335034370422
12227,0.20241335034370422
12228,0.26694974303245544
12229,0.2696537971496582
12230,0.2696537971496582
12231,0.26694974303245544
12232,0.2329132854938507
12233,0.2335028052330017
12234,0.2335028052330017
12235,0.2329132854938507
12236,0.27199915051460266
12237,0.276241660118103
12238,0.276241660118103
12239,0.27199915051460266
12240,0.2442900389432907
12241,0.24305927753448486
12242,0.24305927753448486
12243,0.2442900389432907
12244,0.20488278567790985
12245,0.20491640269756317
12246,0.20491640269756317
12247,0.20488278567790985
12248,0.19270268082618713
12249,0.192709818482399
12250,0.192709818482399
12251,0.19270268082618713
12252,0.24741891026496887
12253,0.24894802272319794
12254,0.24894800782203674
12255,0.24741891026496887
12256,0.28109461069107056
12257,0.2824001908302307
12258,0.2824001908302307
12259,0.28109461069107056
12260,0.23692812025547028
12261,0.23692812025547028
12262,0.21179857850074768
12263,0.2121298909187317
12264,0.2121298909187317
12265,0.21179857850074768
12266,0.20129266381263733
12267,0.2014058530330658
12268,0.2014058530330658
12269,0.20129266381263733
12270,0.24229218065738678
12271,0.24229711294174194
12272,0.24229711294174194
12273,0.24229218065738678
12274,0.2020050287246704
12275,0.20199993252754211
12276,0.20199993252754211
12277,0.2020050287246704
12278,0.20699456334114075
12279,0.2069554179906845
12280,0.2069554179906845
12281,0.20699456334114075
12282,0.18921294808387756
12283,0.1885496973991394
12284,0.1885496973991394
12285,0.18921294808387756
12286,0.22926461696624756
12287,0.22929489612579346
12288,0.22929488122463226
12289,0.22926461696624756
12290,0.188185453414917
12291,0.1883554309606552
12292,0.1883554309606552
12293,0.188185453414917
12294,0.22172152996063232
12295,0.22172152996063232
12296,0.2578916549682617
12297,0.25120192766189575
12298,0.25120192766189575
12299,0.2578916549682617
12300,0.22370252013206482
12301,0.22370252013206482
12302,0.2480243444442749
12303,0.2486667037010193
12304,0.2486667037010193
12305,0.2480243444442749
12306,0.23556490242481232
12307,0.23688246309757233
12308,0.23688246309757233
12309,0.23556490242481232
12310,0.22764112055301666
12311,0.2276046723127365
12312,0.2276046723127365
12313,0.22764112055301666
12314,0.23109549283981323
12315,0.23109549283981323
12316,0.22357511520385742
12317,0.22366003692150116
12318,0.22366003692150116
12319,0.22357511520385742
12320,0.2232075184583664
12321,0.2232075184583664
12322,0.22676527500152588
12323,0.22682175040245056
12324,0.22682175040245056
12325,0.22676527500152588
12326,0.21839646995067596
12327,0.21868155896663666
12328,0.21868155896663666
12329,0.21839646995067596
12330,0.21924403309822083
12331,0.21924403309822083
12332,0.22096283733844757
12333,0.22080807387828827
12334,0.22080807387828827
12335,0.22096283733844757
12336,0.2308913767337799
12337,0.2308913767337799
12338,0.22339850664138794
12339,0.22299370169639587
12340,0.22299370169639587
12341,0.22339850664138794
12342,0.2331632524728775
12343,0.23463135957717896
12344,0.23463135957717896
12345,0.2331632524728775
12346,0.20041196048259735
12347,0.2004844844341278
12348,0.2004844844341278
12349,0.20041196048259735
12350,0.20470267534255981
12351,0.20470267534255981
12352,0.2008127123117447
12353,0.2005794197320938
12354,0.2005794197320938
12355,0.2008127123117447
12356,0.21314473450183868
12357,0.21318617463111877
12358,0.21318617463111877
12359,0.21314473450183868
12360,0.2042510062456131
12361,0.2039583921432495
12362,0.2039583921432495
12363,0.2042510062456131
12364,0.2018916755914688
12365,0.20218512415885925
12366,0.20218512415885925
12367,0.2018916755914688
12368,0.2119356095790863
12369,0.2119356095790863
12370,0.21589615941047668
12371,0.21588465571403503
12372,0.21588465571403503
12373,0.21589615941047668
12374,0.20392481982707977
12375,0.2040751874446869
12376,0.2040751874446869
12377,0.20392481982707977
12378,0.21550948917865753
12379,0.21544912457466125
12380,0.21544912457466125
12381,0.21550948917865753
12382,0.2076815515756607
12383,0.20668348670005798
12384,0.20668348670005798
12385,0.2076815515756607
12386,0.22257594764232635
12387,0.22257594764232635
12388,0.2443004548549652
12389,0.24492429196834564
12390,0.24492429196834564
12391,0.2443004548549652
12392,0.20696774125099182
12393,0.20696774125099182
12394,0.22472989559173584
12395,0.22545044124126434
12396,0.22545044124126434
12397,0.22472989559173584
12398,0.26910263299942017
12399,0.269189715385437
12400,0.269189715385437
12401,0.26910263299942017
12402,0.21042397618293762
12403,0.21043707430362701
12404,0.21043707430362701
12405,0.21042397618293762
12406,0.1922948658466339
12407,0.19231173396110535
12408,0.19231173396110535
12409,0.1922948658466339
12410,0.225560262799263
12411,0.22598062455654144
12412,0.22598062455654144
12413,0.225560262799263
12414,0.20324286818504333
12415,0.20329366624355316
12416,0.20329365134239197
12417,0.20324286818504333
12418,0.20164431631565094
12419,0.20163977146148682
12420,0.20163977146148682
12421,0.20164431631565094
12422,0.21910053491592407
12423,0.21709659695625305
12424,0.21709659695625305
12425,0.21910053491592407
12426,0.22567257285118103
12427,0.22567257285118103
12428,0.24054144322872162
12429,0.2357163280248642
12430,0.2357163280248642
12431,0.24054144322872162
12432,0.2177802324295044
12433,0.21899627149105072
12434,0.21899627149105072
12435,0.2177802324295044
12436,0.2330527901649475
12437,0.23471325635910034
12438,0.23471325635910034
12439,0.2330527901649475
12440,0.21468786895275116
12441,0.21468786895275116
12442,0.23587875068187714
12443,0.23637689650058746
12444,0.23637689650058746
12445,0.23587875068187714
12446,0.21876133978366852
12447,0.21876133978366852
12448,0.22330808639526367
12449,0.22206169366836548
12450,0.22206169366836548
12451,0.22330808639526367
12452,0.22848600149154663
12453,0.2176208198070526
12454,0.2176208198070526
12455,0.22848600149154663
12456,0.22280943393707275
12457,0.22280943393707275
12458,0.23368725180625916
12459,0.23558001220226288
12460,0.23558001220226288
12461,0.23368725180625916
12462,0.21939796209335327
12463,0.21818271279335022
12464,0.21818271279335022
12465,0.21939796209335327
12466,0.22105027735233307
12467,0.22105027735233307
12468,0.22205698490142822
12469,0.22205698490142822
12470,0.26735490560531616
12471,0.2675480842590332
12472,0.2675480842590332
12473,0.26735490560531616
12474,0.21465270221233368
12475,0.2146669179201126
12476,0.2146669179201126
12477,0.21465270221233368
12478,0.22744807600975037
12479,0.22744807600975037
12480,0.23210805654525757
12481,0.23210805654525757
12482,0.22252435982227325
12483,0.22252435982227325
12484,0.22196291387081146
12485,0.22225815057754517
12486,0.22225815057754517
12487,0.22196291387081146
12488,0.2292974889278412
12489,0.22860606014728546
12490,0.22860606014728546
12491,0.2292974889278412
12492,0.2263941466808319
12493,0.2263941466808319
12494,0.24293681979179382
12495,0.24695052206516266
12496,0.24695052206516266
12497,0.24293681979179382
12498,0.21864372491836548
12499,0.2195589244365692
12500,0.2195589244365692
12501,0.21864372491836548
12502,0.22373510897159576
12503,0.22373510897159576
12504,0.22136586904525757
12505,0.2221384048461914
12506,0.2221384048461914
12507,0.22136586904525757
12508,0.23697499930858612
12509,0.23697499930858612
12510,0.2196713238954544
12511,0.2196713238954544
12512,0.2203749716281891
12513,0.22037464380264282
12514,0.22037464380264282
12515,0.2203749716281891
12516,0.21911397576332092
12517,0.21911397576332092
12518,0.23024430871009827
12519,0.232612743973732
12520,0.232612743973732
12521,0.23024430871009827
12522,0.19969351589679718
12523,0.19961735606193542
12524,0.19961735606193542
12525,0.19969351589679718
12526,0.22046461701393127
12527,0.22046461701393127
12528,0.21475118398666382
12529,0.21475118398666382
12530,0.22181333601474762
12531,0.2217239886522293
12532,0.2217239886522293
12533,0.22181333601474762
12534,0.21764908730983734
12535,0.21764908730983734
12536,0.23130954802036285
12537,0.23130954802036285
12538,0.19059084355831146
12539,0.1905628740787506
12540,0.1905628740787506
12541,0.19059084355831146
12542,0.20335854589939117
12543,0.20335854589939117
12544,0.1960638016462326
12545,0.19646874070167542
12546,0.19646874070167542
12547,0.1960638016462326
12548,0.17577214539051056
12549,0.17643287777900696
12550,0.17643287777900696
12551,0.17577214539051056
12552,0.20870192348957062
12553,0.20870192348957062
12554,0.1933436244726181
12555,0.1930142343044281
12556,0.1930142343044281
12557,0.1933436244726181
12558,0.20219911634922028
12559,0.20219911634922028
12560,0.21481023728847504
12561,0.21481023728847504
12562,0.21446366608142853
12563,0.21297115087509155
12564,0.21297115087509155
12565,0.21446366608142853
12566,0.25736358761787415
12567,0.25612226128578186
12568,0.25612226128578186
12569,0.25736358761787415
12570,0.2279333919286728
12571,0.2279333919286728
12572,0.2402760088443756
12573,0.2403172254562378
12574,0.2403172105550766
12575,0.24027599394321442
12576,0.2301289141178131
12577,0.22957627475261688
12578,0.22957627475261688
12579,0.2301289141178131
12580,0.2250608205795288
12581,0.22439847886562347
12582,0.22439847886562347
12583,0.2250608205795288
12584,0.24134957790374756
12585,0.24134957790374756
12586,0.250800758600235
12587,0.24941933155059814
12588,0.24941933155059814
12589,0.250800758600235
12590,0.2241925448179245
12591,0.22449789941310883
12592,0.22449789941310883
12593,0.2241925448179245
12594,0.24590200185775757
12595,0.2457587718963623
12596,0.2457587718963623
12597,0.24590200185775757
12598,0.2361854910850525
12599,0.2361854910850525
12600,0.2442951798439026
12601,0.2442951798439026
12602,0.2897234559059143
12603,0.2905459403991699
12604,0.2905459403991699
12605,0.2897234559059143
12606,0.22260050475597382
12607,0.2222350537776947
12608,0.2222350537776947
12609,0.22260050475597382
12610,0.24393701553344727
12611,0.24393701553344727
12612,0.24007698893547058
12613,0.24007698893547058
12614,0.23659592866897583
12615,0.23659592866897583
12616,0.2086135894060135
12617,0.2086135894060135
12618,0.19063451886177063
12619,0.1906006634235382
12620,0.1906006634235382
12621,0.19063451886177063
12622,0.2128109335899353
12623,0.2128109335899353
12624,0.2037593275308609
12625,0.2035868763923645
12626,0.2035868763923645
12627,0.2037593275308609
12628,0.21552804112434387
12629,0.21552804112434387
12630,0.24004516005516052
12631,0.24004516005516052
12632,0.22486451268196106
12633,0.2243497520685196
12634,0.2243497520685196
12635,0.22486451268196106
12636,0.2364168018102646
12637,0.2364168018102646
12638,0.2448877990245819
12639,0.24402233958244324
12640,0.24402235448360443
12641,0.2448877990245819
12642,0.2445981651544571
12643,0.2445981651544571
12644,0.2045612782239914
12645,0.20423001050949097
12646,0.20423001050949097
12647,0.2045612782239914
12648,0.2144748717546463
12649,0.2144748717546463
12650,0.21459706127643585
12651,0.2146904319524765
12652,0.2146904319524765
12653,0.21459706127643585
12654,0.18775787949562073
12655,0.18795329332351685
12656,0.18795329332351685
12657,0.18775787949562073
12658,0.22119131684303284
12659,0.22119131684303284
12660,0.20004737377166748
12661,0.19972535967826843
12662,0.19972535967826843
12663,0.20004737377166748
12664,0.22574928402900696
12665,0.22574928402900696
12666,0.215169295668602
12667,0.215169295668602
12668,0.20545624196529388
12669,0.2054644227027893
12670,0.2054644227027893
12671,0.20545624196529388
12672,0.20942486822605133
12673,0.20942486822605133
12674,0.21022218465805054
12675,0.21073848009109497
12676,0.21073848009109497
12677,0.21022218465805054
12678,0.19302213191986084
12679,0.19288967549800873
12680,0.19288967549800873
12681,0.19302213191986084
12682,0.2144230157136917
12683,0.2144230157136917
12684,0.20143769681453705
12685,0.20148228108882904
12686,0.20148228108882904
12687,0.20143769681453705
12688,0.21509583294391632
12689,0.21509583294391632
12690,0.20126450061798096
12691,0.20126450061798096
12692,0.19844304025173187
12693,0.19636701047420502
12694,0.19636701047420502
12695,0.19844304025173187
12696,0.2127109318971634
12697,0.2127109318971634
12698,0.19331932067871094
12699,0.19335311651229858
12700,0.19335311651229858
12701,0.19331932067871094
12702,0.20148636400699615
12703,0.20148636400699615
12704,0.22737941145896912
12705,0.22692877054214478
12706,0.22692877054214478
12707,0.22737941145896912
12708,0.20322954654693604
12709,0.20343248546123505
12710,0.20343248546123505
12711,0.20322954654693604
12712,0.21395555138587952
12713,0.21395555138587952
12714,0.21098792552947998
12715,0.21109320223331451
12716,0.21109320223331451
12717,0.21098792552947998
12718,0.2245340347290039
12719,0.22479194402694702
12720,0.22479194402694702
12721,0.2245340347290039
12722,0.217931866645813
12723,0.21731357276439667
12724,0.21731357276439667
12725,0.217931866645813
12726,0.21154944598674774
12727,0.21058009564876556
12728,0.21058009564876556
12729,0.21154944598674774
12730,0.22516152262687683
12731,0.22516152262687683
12732,0.22426837682724
12733,0.22588099539279938
12734,0.22588099539279938
12735,0.22426837682724
12736,0.20197539031505585
12737,0.2025262862443924
12738,0.2025262862443924
12739,0.20197539031505585
12740,0.2286892533302307
12741,0.22858327627182007
12742,0.22858327627182007
12743,0.2286892533302307
12744,0.21136987209320068
12745,0.20969785749912262
12746,0.20969785749912262
12747,0.21136987209320068
12748,0.2248312085866928
12749,0.2248312085866928
12750,0.26011452078819275
12751,0.26048511266708374
12752,0.26048511266708374
12753,0.26011452078819275
12754,0.21423284709453583
12755,0.21423284709453583
12756,0.26887476444244385
12757,0.27057021856307983
12758,0.27057021856307983
12759,0.26887476444244385
12760,0.2118678092956543
12761,0.21190033853054047
12762,0.21190033853054047
12763,0.2118678092956543
12764,0.197539821267128
12765,0.19754758477210999
12766,0.19754758477210999
12767,0.197539821267128
12768,0.2073698490858078
12769,0.20752985775470734
12770,0.20752985775470734
12771,0.2073698490858078
12772,0.21449659764766693
12773,0.214460551738739
12774,0.214460551738739
12775,0.21449659764766693
12776,0.22883757948875427
12777,0.22883757948875427
12778,0.25197798013687134
12779,0.2501392364501953
12780,0.2501392364501953
12781,0.25197798013687134
12782,0.23572486639022827
12783,0.23735958337783813
12784,0.23735958337783813
12785,0.23572486639022827
12786,0.23020966351032257
12787,0.23020966351032257
12788,0.2117726057767868
12789,0.2117726057767868
12790,0.1794196218252182
12791,0.17872628569602966
12792,0.17872628569602966
12793,0.1794196218252182
12794,0.2115018218755722
12795,0.2115018218755722
12796,0.20123715698719025
12797,0.2009095549583435
12798,0.2009095549583435
12799,0.20123715698719025
12800,0.2336971014738083
12801,0.2336971014738083
12802,0.2395562082529068
12803,0.2401435524225235
12804,0.2401435524225235
12805,0.2395562082529068
12806,0.23753561079502106
12807,0.23753561079502106
12808,0.25411099195480347
12809,0.25338900089263916
12810,0.25338900089263916
12811,0.25411099195480347
12812,0.23062554001808167
12813,0.22868219017982483
12814,0.22868219017982483
12815,0.23062554001808167
12816,0.23424814641475677
12817,0.23424814641475677
12818,0.24646084010601044
12819,0.24646084010601044
12820,0.2941383123397827
12821,0.29154253005981445
12822,0.29154253005981445
12823,0.2941383123397827
12824,0.24441084265708923
12825,0.24332274496555328
12826,0.24332274496555328
12827,0.24441084265708923
12828,0.24404849112033844
12829,0.24404849112033844
12830,0.25009745359420776
12831,0.25009745359420776
12832,0.21752473711967468
12833,0.21752473711967468
12834,0.23220908641815186
12835,0.23220908641815186
12836,0.23431921005249023
12837,0.23426498472690582
12838,0.23426498472690582
12839,0.23431921005249023
12840,0.22992242872714996
12841,0.22992242872714996
12842,0.2482784241437912
12843,0.2479340136051178
12844,0.2479340136051178
12845,0.2482784241437912
12846,0.20981566607952118
12847,0.21057230234146118
12848,0.21057230234146118
12849,0.20981566607952118
12850,0.2266673892736435
12851,0.2266673892736435
12852,0.24017855525016785
12853,0.24017855525016785
12854,0.23460155725479126
12855,0.2342565804719925
12856,0.2342565804719925
12857,0.23460155725479126
12858,0.2316664755344391
12859,0.2316664755344391
12860,0.2392643541097641
12861,0.2392643541097641
12862,0.20767733454704285
12863,0.20767733454704285
12864,0.1961226761341095
12865,0.19642066955566406
12866,0.19642066955566406
12867,0.1961226761341095
12868,0.2106119692325592
12869,0.2106119692325592
12870,0.20843325555324554
12871,0.2099934220314026
12872,0.2099934220314026
12873,0.20843325555324554
12874,0.17845962941646576
12875,0.1784263402223587
12876,0.1784263402223587
12877,0.17845962941646576
12878,0.21194115281105042
12879,0.21194115281105042
12880,0.1989763081073761
12881,0.1989763081073761
12882,0.20213134586811066
12883,0.20190007984638214
12884,0.20190007984638214
12885,0.20213134586811066
12886,0.202397421002388
12887,0.202397421002388
12888,0.20953314006328583
12889,0.20953314006328583
12890,0.2414655089378357
12891,0.2414655089378357
12892,0.23688627779483795
12893,0.236564040184021
12894,0.236564040184021
12895,0.23688627779483795
12896,0.2337539792060852
12897,0.2337539792060852
12898,0.24313408136367798
12899,0.24408505856990814
12900,0.24408505856990814
12901,0.24313408136367798
12902,0.25548145174980164
12903,0.25548145174980164
12904,0.22703488171100616
12905,0.23056742548942566
12906,0.23056742548942566
12907,0.22703488171100616
12908,0.22321873903274536
12909,0.22321873903274536
12910,0.2339705526828766
12911,0.23271450400352478
12912,0.23271450400352478
12913,0.2339705526828766
12914,0.21235144138336182
12915,0.20913457870483398
12916,0.20913457870483398
12917,0.21235144138336182
12918,0.22088150680065155
12919,0.22088150680065155
12920,0.2239180952310562
12921,0.22216202318668365
12922,0.22216202318668365
12923,0.2239180952310562
12924,0.23219719529151917
12925,0.23219719529151917
12926,0.21136243641376495
12927,0.21136654913425446
12928,0.21136654913425446
12929,0.21136243641376495
12930,0.21489378809928894
12931,0.21489378809928894
12932,0.2081850916147232
12933,0.2082633674144745
12934,0.2082633674144745
12935,0.2081850916147232
12936,0.1944570690393448
12937,0.19399932026863098
12938,0.19399932026863098
12939,0.1944570690393448
12940,0.2122536450624466
12941,0.2122536450624466
12942,0.20530451834201813
12943,0.20532894134521484
12944,0.20532894134521484
12945,0.20530451834201813
12946,0.21983177959918976
12947,0.21983177959918976
12948,0.22936652600765228
12949,0.22936652600765228
12950,0.22866027057170868
12951,0.22934164106845856
12952,0.22934164106845856
12953,0.22866027057170868
12954,0.2278231531381607
12955,0.2278231531381607
12956,0.23178774118423462
12957,0.2304600328207016
12958,0.2304600328207016
12959,0.2317877560853958
12960,0.22169286012649536
12961,0.22169286012649536
12962,0.21177004277706146
12963,0.21149756014347076
12964,0.21149756014347076
12965,0.21177004277706146
12966,0.28557389974594116
12967,0.2833181619644165
12968,0.2833181619644165
12969,0.28557389974594116
12970,0.25542688369750977
12971,0.25542688369750977
12972,0.27856019139289856
12973,0.2785184979438782
12974,0.2785184979438782
12975,0.27856019139289856
12976,0.26739412546157837
12977,0.2672344744205475
12978,0.2672344744205475
12979,0.26739412546157837
12980,0.2555793523788452
12981,0.2561451196670532
12982,0.2561451196670532
12983,0.2555793523788452
12984,0.2607266902923584
12985,0.2607266902923584
12986,0.28536200523376465
12987,0.2854420244693756
12988,0.2854420244693756
12989,0.28536200523376465
12990,0.24827894568443298
12991,0.24812540411949158
12992,0.24812540411949158
12993,0.2482789307832718
12994,0.28307491540908813
12995,0.28303956985473633
12996,0.28303956985473633
12997,0.28307491540908813
12998,0.2501159608364105
12999,0.2501159608364105
13000,0.27633729577064514
13001,0.27633729577064514
13002,0.33081454038619995
13003,0.33232802152633667
13004,0.33232802152633667
13005,0.33081454038619995
13006,0.25274351239204407
13007,0.25221025943756104
13008,0.25221025943756104
13009,0.25274351239204407
13010,0.2539764642715454
13011,0.2539764642715454
13012,0.28099244832992554
13013,0.28099244832992554
13014,0.2458561509847641
13015,0.24533821642398834
13016,0.24533821642398834
13017,0.2458561509847641
13018,0.23076018691062927
13019,0.23076018691062927
13020,0.24469304084777832
13021,0.2446511685848236
13022,0.2446511685848236
13023,0.24469305574893951
13024,0.2390301376581192
13025,0.23853197693824768
13026,0.23853197693824768
13027,0.2390301376581192
13028,0.23200350999832153
13029,0.23155708611011505
13030,0.23155708611011505
13031,0.23200350999832153
13032,0.23434987664222717
13033,0.23434987664222717
13034,0.25160935521125793
13035,0.2529447078704834
13036,0.2529447078704834
13037,0.25160935521125793
13038,0.23020140826702118
13039,0.22993379831314087
13040,0.22993379831314087
13041,0.23020140826702118
13042,0.2555943727493286
13043,0.25555288791656494
13044,0.25555288791656494
13045,0.2555943727493286
13046,0.22809629142284393
13047,0.22809629142284393
13048,0.24416571855545044
13049,0.24416571855545044
13050,0.28923386335372925
13051,0.2900422513484955
13052,0.2900422513484955
13053,0.28923386335372925
13054,0.23004794120788574
13055,0.22925809025764465
13056,0.22925810515880585
13057,0.23004795610904694
13058,0.24065260589122772
13059,0.24065260589122772
13060,0.2481350302696228
13061,0.2481350302696228
13062,0.20013266801834106
13063,0.20013266801834106
13064,0.19001083076000214
13065,0.18804273009300232
13066,0.18804273009300232
13067,0.19001083076000214
13068,0.20730333030223846
13069,0.20730333030223846
13070,0.19083534181118011
13071,0.19052666425704956
13072,0.19052666425704956
13073,0.19083534181118011
13074,0.24498680233955383
13075,0.24811039865016937
13076,0.24811039865016937
13077,0.24498680233955383
13078,0.24819457530975342
13079,0.25154510140419006
13080,0.25154510140419006
13081,0.24819457530975342
13082,0.2807897627353668
13083,0.2802106738090515
13084,0.2802106738090515
13085,0.2807897627353668
13086,0.21087028086185455
13087,0.21095016598701477
13088,0.21095015108585358
13089,0.21087028086185455
13090,0.22692859172821045
13091,0.22692859172821045
13092,0.22761110961437225
13093,0.2260621190071106
13094,0.2260621190071106
13095,0.22761110961437225
13096,0.23026223480701447
13097,0.2322389781475067
13098,0.2322389781475067
13099,0.23026223480701447
13100,0.23984940350055695
13101,0.23940600454807281
13102,0.23940600454807281
13103,0.23984940350055695
13104,0.24418219923973083
13105,0.24921412765979767
13106,0.24921412765979767
13107,0.24418219923973083
13108,0.2545468807220459
13109,0.25551971793174744
13110,0.25551971793174744
13111,0.2545468807220459
13112,0.2323286384344101
13113,0.23474550247192383
13114,0.23474550247192383
13115,0.2323286384344101
13116,0.2299237698316574
13117,0.22971351444721222
13118,0.22971351444721222
13119,0.22992375493049622
13120,0.23716697096824646
13121,0.23173537850379944
13122,0.23173537850379944
13123,0.23716697096824646
13124,0.22751867771148682
13125,0.22751867771148682
13126,0.23936818540096283
13127,0.23715004324913025
13128,0.23715004324913025
13129,0.23936818540096283
13130,0.21826039254665375
13131,0.21141228079795837
13132,0.21141228079795837
13133,0.21826039254665375
13134,0.2504158318042755
13135,0.2512188255786896
13136,0.2512188255786896
13137,0.2504158318042755
13138,0.22221797704696655
13139,0.22519522905349731
13140,0.22519522905349731
13141,0.22221797704696655
13142,0.223311185836792
13143,0.223311185836792
13144,0.2917349338531494
13145,0.29518601298332214
13146,0.29518601298332214
13147,0.2917349338531494
13148,0.23095868527889252
13149,0.23095868527889252
13150,0.23806175589561462
13151,0.2416086494922638
13152,0.2416086494922638
13153,0.23806175589561462
13154,0.25575512647628784
13155,0.2484569251537323
13156,0.2484569251537323
13157,0.25575512647628784
13158,0.2886621952056885
13159,0.2908228039741516
13160,0.2908228039741516
13161,0.2886621952056885
13162,0.250531405210495
13163,0.2506163716316223
13164,0.2506163716316223
13165,0.250531405210495
13166,0.28812023997306824
13167,0.2826688885688782
13168,0.2826688885688782
13169,0.28812023997306824
13170,0.27077752351760864
13171,0.26328200101852417
13172,0.26328200101852417
13173,0.27077752351760864
13174,0.2173553854227066
13175,0.2173551619052887
13176,0.2173551619052887
13177,0.2173553854227066
13178,0.21121978759765625
13179,0.2111450731754303
13180,0.2111450731754303
13181,0.21121978759765625
13182,0.2528630495071411
13183,0.2528630495071411
13184,0.2720157504081726
13185,0.26757559180259705
13186,0.26757559180259705
13187,0.2720157504081726
13188,0.20566754043102264
13189,0.2059018760919571
13190,0.2059018760919571
13191,0.20566754043102264
13192,0.2945789098739624
13193,0.3014950752258301
13194,0.3014950752258301
13195,0.2945789098739624
13196,0.2404802143573761
13197,0.2404802143573761
13198,0.22651103138923645
13199,0.22631768882274628
13200,0.22631768882274628
13201,0.22651103138923645
13202,0.22369349002838135
13203,0.22166849672794342
13204,0.22166849672794342
13205,0.22369349002838135
13206,0.25962382555007935
13207,0.2672666609287262
13208,0.2672666609287262
13209,0.25962382555007935
13210,0.21136140823364258
13211,0.21142138540744781
13212,0.21142138540744781
13213,0.21136140823364258
13214,0.2291969358921051
13215,0.22971731424331665
13216,0.22971731424331665
13217,0.2291969358921051
13218,0.19658303260803223
13219,0.19885046780109406
13220,0.19885046780109406
13221,0.19658303260803223
13222,0.24964787065982819
13223,0.24725350737571716
13224,0.24725350737571716
13225,0.24964787065982819
13226,0.2356104850769043
13227,0.23597732186317444
13228,0.23597732186317444
13229,0.2356104850769043
13230,0.19828982651233673
13231,0.19930075109004974
13232,0.19930075109004974
13233,0.19828982651233673
13234,0.258806049823761
13235,0.26839393377304077
13236,0.26839393377304077
13237,0.258806049823761
13238,0.23196250200271606
13239,0.23196250200271606
13240,0.27413058280944824
13241,0.27881550788879395
13242,0.27881550788879395
13243,0.27413058280944824
13244,0.2378464937210083
13245,0.2378464937210083
13246,0.2673078179359436
13247,0.2668384909629822
13248,0.2668384909629822
13249,0.2673078179359436
13250,0.25435343384742737
13251,0.2506582736968994
13252,0.2506582736968994
13253,0.25435343384742737
13254,0.2463611364364624
13255,0.2455625683069229
13256,0.2455625683069229
13257,0.2463611364364624
13258,0.24459651112556458
13259,0.2435634434223175
13260,0.2435634434223175
13261,0.24459651112556458
13262,0.24066303670406342
13263,0.24066303670406342
13264,0.21305422484874725
13265,0.2127947062253952
13266,0.2127947062253952
13267,0.21305422484874725
13268,0.20250219106674194
13269,0.20250219106674194
13270,0.19364602863788605
13271,0.19369752705097198
13272,0.19369752705097198
13273,0.19364602863788605
13274,0.20501822233200073
13275,0.20501971244812012
13276,0.20501971244812012
13277,0.20501822233200073
13278,0.20070113241672516
13279,0.2006397545337677
13280,0.2006397545337677
13281,0.20070113241672516
13282,0.19981206953525543
13283,0.20022226870059967
13284,0.20022226870059967
13285,0.19981206953525543
13286,0.20808957517147064
13287,0.20808957517147064
13288,0.20197613537311554
13289,0.20208273828029633
13290,0.20208273828029633
13291,0.20197613537311554
13292,0.18486399948596954
13293,0.18536202609539032
13294,0.18536202609539032
13295,0.18486399948596954
13296,0.21088404953479767
13297,0.21084903180599213
13298,0.21084903180599213
13299,0.21088404953479767
13300,0.21629461646080017
13301,0.21629461646080017
13302,0.19197380542755127
13303,0.19197380542755127
13304,0.2371746152639389
13305,0.239207923412323
13306,0.239207923412323
13307,0.2371746152639389
13308,0.1942647099494934
13309,0.1940430849790573
13310,0.1940430998802185
13311,0.1942647248506546
13312,0.1982119083404541
13313,0.19822461903095245
13314,0.19822461903095245
13315,0.1982119083404541
13316,0.21323157846927643
13317,0.21323157846927643
13318,0.22647207975387573
13319,0.22731877863407135
13320,0.20812556147575378
13321,0.20812556147575378
13322,0.27825289964675903
13323,0.2772916555404663
13324,0.2772916555404663
13325,0.27825289964675903
13326,0.2574688792228699
13327,0.2574688792228699
13328,0.2800900936126709
13329,0.28054019808769226
13330,0.28054019808769226
13331,0.2800900936126709
13332,0.27654653787612915
13333,0.27607953548431396
13334,0.27607953548431396
13335,0.27654653787612915
13336,0.2644067704677582
13337,0.26378121972084045
13338,0.26378121972084045
13339,0.2644067704677582
13340,0.2604174315929413
13341,0.2604174315929413
13342,0.28858059644699097
13343,0.28955650329589844
13344,0.2895565330982208
13345,0.28858059644699097
13346,0.2532302439212799
13347,0.2532200813293457
13348,0.2532200813293457
13349,0.2532302439212799
13350,0.2927587032318115
13351,0.29275593161582947
13352,0.29275593161582947
13353,0.2927587032318115
13354,0.2418883740901947
13355,0.2418883740901947
13356,0.2857641577720642
13357,0.2857641577720642
13358,0.3130553066730499
13359,0.3146687150001526
13360,0.3146687150001526
13361,0.3130553066730499
13362,0.2600754201412201
13363,0.2608075439929962
13364,0.2608075439929962
13365,0.2600754201412201
13366,0.2564161419868469
13367,0.2564161419868469
13368,0.27638640999794006
13369,0.27638640999794006
13370,0.2190425843000412
13371,0.21888625621795654
13372,0.21888625621795654
13373,0.2190425843000412
13374,0.20443443953990936
13375,0.20443443953990936
13376,0.2081904262304306
13377,0.20834116637706757
13378,0.20834116637706757
13379,0.2081904262304306
13380,0.20528148114681244
13381,0.20492035150527954
13382,0.20492035150527954
13383,0.20528148114681244
13384,0.2027650773525238
13385,0.2006675750017166
13386,0.2006675750017166
13387,0.2027650773525238
13388,0.20760378241539001
13389,0.20760378241539001
13390,0.2116849571466446
13391,0.21036799252033234
13392,0.21036799252033234
13393,0.2116849571466446
13394,0.20445147156715393
13395,0.20518912374973297
13396,0.20518912374973297
13397,0.20445147156715393
13398,0.21220532059669495
13399,0.21223394572734833
13400,0.21223394572734833
13401,0.21220532059669495
13402,0.21342797577381134
13403,0.21342797577381134
13404,0.20460067689418793
13405,0.20460067689418793
13406,0.2639830410480499
13407,0.26403874158859253
13408,0.26403874158859253
13409,0.2639830410480499
13410,0.19833892583847046
13411,0.1985507607460022
13412,0.1985507607460022
13413,0.19833892583847046
13414,0.22233723104000092
13415,0.22233723104000092
13416,0.21114090085029602
13417,0.21114090085029602
13418,0.20655757188796997
13419,0.2070864886045456
13420,0.2070864886045456
13421,0.20655757188796997
13422,0.21413809061050415
13423,0.21413809061050415
13424,0.22143395245075226
13425,0.22262676060199738
13426,0.22262676060199738
13427,0.22143395245075226
13428,0.18345534801483154
13429,0.18252213299274445
13430,0.18252213299274445
13431,0.18345534801483154
13432,0.21337687969207764
13433,0.21337687969207764
13434,0.2114071100950241
13435,0.21169579029083252
13436,0.21169579029083252
13437,0.2114071100950241
13438,0.22414860129356384
13439,0.22414860129356384
13440,0.23361003398895264
13441,0.23264333605766296
13442,0.23264333605766296
13443,0.23361003398895264
13444,0.2223813235759735
13445,0.2223813235759735
13446,0.23625311255455017
13447,0.23666086792945862
13448,0.23666086792945862
13449,0.23625311255455017
13450,0.2238304167985916
13451,0.22394748032093048
13452,0.22394748032093048
13453,0.2238304167985916
13454,0.22892683744430542
13455,0.22599565982818604
13456,0.22599565982818604
13457,0.22892683744430542
13458,0.21936580538749695
13459,0.21936580538749695
13460,0.23143862187862396
13461,0.23328188061714172
13462,0.23328188061714172
13463,0.23143862187862396
13464,0.2105190008878708
13465,0.2094161957502365
13466,0.2094161957502365
13467,0.2105190008878708
13468,0.23605531454086304
13469,0.23619185388088226
13470,0.23619185388088226
13471,0.23605531454086304
13472,0.22029635310173035
13473,0.22029635310173035
13474,0.22200293838977814
13475,0.22200293838977814
13476,0.26308032870292664
13477,0.2639428675174713
13478,0.2639428675174713
13479,0.26308032870292664
13480,0.22030791640281677
13481,0.22048604488372803
13482,0.22048604488372803
13483,0.22030791640281677
13484,0.22791585326194763
13485,0.22791585326194763
13486,0.2330886870622635
13487,0.2330886870622635
13488,0.2378915399312973
13489,0.2378915399312973
13490,0.24231503903865814
13491,0.2420232892036438
13492,0.2420232892036438
13493,0.24231503903865814
13494,0.21164199709892273
13495,0.21164199709892273
13496,0.21725893020629883
13497,0.21725893020629883
13498,0.2158878594636917
13499,0.21561671793460846
13500,0.21561671793460846
13501,0.2158878594636917
13502,0.21604102849960327
13503,0.21604102849960327
13504,0.21418464183807373
13505,0.2143552601337433
13506,0.2143552601337433
13507,0.21418464183807373
13508,0.22401055693626404
13509,0.22401055693626404
13510,0.21488265693187714
13511,0.21488265693187714
13512,0.2123183161020279
13513,0.21209004521369934
13514,0.21209004521369934
13515,0.2123183161020279
13516,0.2284979671239853
13517,0.2285800278186798
13518,0.2285800278186798
13519,0.2284979671239853
13520,0.22261156141757965
13521,0.22261156141757965
13522,0.23556461930274963
13523,0.23751536011695862
13524,0.23751536011695862
13525,0.23556461930274963
13526,0.21424457430839539
13527,0.21392138302326202
13528,0.21392138302326202
13529,0.21424457430839539
13530,0.22219091653823853
13531,0.22219091653823853
13532,0.22453293204307556
13533,0.22493205964565277
13534,0.22493205964565277
13535,0.22453293204307556
13536,0.2327982634305954
13537,0.2327982634305954
13538,0.22187726199626923
13539,0.22187726199626923
13540,0.2046384960412979
13541,0.20542073249816895
13542,0.20542073249816895
13543,0.2046384960412979
13544,0.22081328928470612
13545,0.22081328928470612
13546,0.2219609022140503
13547,0.22189509868621826
13548,0.22189509868621826
13549,0.2219609022140503
13550,0.22964869439601898
13551,0.22964869439601898
13552,0.2103210836648941
13553,0.2103210836648941
13554,0.20562660694122314
13555,0.20568394660949707
13556,0.20568394660949707
13557,0.20562660694122314
13558,0.2099294662475586
13559,0.2099294662475586
13560,0.21185341477394104
13561,0.21152077615261078
13562,0.21152077615261078
13563,0.21185341477394104
13564,0.21349859237670898
13565,0.21349859237670898
13566,0.2199651598930359
13567,0.21873417496681213
13568,0.21873416006565094
13569,0.2199651598930359
13570,0.20321689546108246
13571,0.20216406881809235
13572,0.20216406881809235
13573,0.20321689546108246
13574,0.21744972467422485
13575,0.21744972467422485
13576,0.21296678483486176
13577,0.21296678483486176
13578,0.25866207480430603
13579,0.2558082938194275
13580,0.2558082938194275
13581,0.25866207480430603
13582,0.20386949181556702
13583,0.20397089421749115
13584,0.20397089421749115
13585,0.20386949181556702
13586,0.22110702097415924
13587,0.22110702097415924
13588,0.21648161113262177
13589,0.21648161113262177
13590,0.22598105669021606
13591,0.22598105669021606
13592,0.22981169819831848
13593,0.23041215538978577
13594,0.23041215538978577
13595,0.22981169819831848
13596,0.2183927446603775
13597,0.2183927446603775
13598,0.21781475841999054
13599,0.21804358065128326
13600,0.21804358065128326
13601,0.21781475841999054
13602,0.21761055290699005
13603,0.21761055290699005
13604,0.21640920639038086
13605,0.21648283302783966
13606,0.21648283302783966
13607,0.21640920639038086
13608,0.20530475676059723
13609,0.20530475676059723
13610,0.1705646812915802
13611,0.16939403116703033
13612,0.16939403116703033
13613,0.1705646812915802
13614,0.20915363729000092
13615,0.20915363729000092
13616,0.20130474865436554
13617,0.20121432840824127
13618,0.20121432840824127
13619,0.20130474865436554
13620,0.21083985269069672
13621,0.21083985269069672
13622,0.22204820811748505
13623,0.22211869060993195
13624,0.22211869060993195
13625,0.22204820811748505
13626,0.2187286764383316
13627,0.2187286764383316
13628,0.23310376703739166
13629,0.23594777286052704
13630,0.23594777286052704
13631,0.23310378193855286
13632,0.20864775776863098
13633,0.2082737535238266
13634,0.2082737535238266
13635,0.20864775776863098
13636,0.22120310366153717
13637,0.22120310366153717
13638,0.22248609364032745
13639,0.22237543761730194
13640,0.22237543761730194
13641,0.22248609364032745
13642,0.2309689223766327
13643,0.2309689223766327
13644,0.21175672113895416
13645,0.21163225173950195
13646,0.21163225173950195
13647,0.21175672113895416
13648,0.21877844631671906
13649,0.21877844631671906
13650,0.21763871610164642
13651,0.21748262643814087
13652,0.21748262643814087
13653,0.21763871610164642
13654,0.20235595107078552
13655,0.2028215378522873
13656,0.2028215378522873
13657,0.20235595107078552
13658,0.21811030805110931
13659,0.21811030805110931
13660,0.21508756279945374
13661,0.21482697129249573
13662,0.21482697129249573
13663,0.21508756279945374
13664,0.22128985822200775
13665,0.22128985822200775
13666,0.22253800928592682
13667,0.222762331366539
13668,0.222762331366539
13669,0.22253800928592682
13670,0.19651474058628082
13671,0.1966555118560791
13672,0.1966555118560791
13673,0.19651474058628082
13674,0.20166440308094025
13675,0.20166440308094025
13676,0.20112378895282745
13677,0.19975316524505615
13678,0.19975316524505615
13679,0.20112378895282745
13680,0.20832641422748566
13681,0.20868463814258575
13682,0.20868463814258575
13683,0.20832641422748566
13684,0.2011261284351349
13685,0.20121264457702637
13686,0.20121264457702637
13687,0.2011261284351349
13688,0.20772981643676758
13689,0.20346802473068237
13690,0.20346802473068237
13691,0.20772981643676758
13692,0.2070254683494568
13693,0.2070254683494568
13694,0.21008293330669403
13695,0.21337713301181793
13696,0.21337713301181793
13697,0.21008293330669403
13698,0.2076440006494522
13699,0.2048983871936798
13700,0.2048983871936798
13701,0.2076440006494522
13702,0.21369804441928864
13703,0.21397410333156586
13704,0.21397410333156586
13705,0.21369804441928864
13706,0.22133246064186096
13707,0.22133246064186096
13708,0.24673283100128174
13709,0.24803227186203003
13710,0.24803227186203003
13711,0.24673283100128174
13712,0.20386850833892822
13713,0.20386850833892822
13714,0.27545151114463806
13715,0.27326321601867676
13716,0.27326321601867676
13717,0.27545151114463806
13718,0.19960513710975647
13719,0.19962109625339508
13720,0.19962109625339508
13721,0.19960513710975647
13722,0.19813016057014465
13723,0.19814196228981018
13724,0.19814196228981018
13725,0.19813016057014465
13726,0.22402988374233246
13727,0.22402988374233246
13728,0.24295535683631897
13729,0.24262318015098572
13730,0.24262318015098572
13731,0.24295535683631897
13732,0.20886297523975372
13733,0.20886297523975372
13734,0.22871902585029602
13735,0.2287946492433548
13736,0.2287946492433548
13737,0.22871902585029602
13738,0.22254063189029694
13739,0.22254063189029694
13740,0.23557588458061218
13741,0.23755717277526855
13742,0.23755717277526855
13743,0.23557588458061218
13744,0.21445249021053314
13745,0.21430355310440063
13746,0.21430355310440063
13747,0.21445249021053314
13748,0.2224120795726776
13749,0.2224120795726776
13750,0.22458192706108093
13751,0.22495447099208832
13752,0.22495447099208832
13753,0.22458192706108093
13754,0.2330561876296997
13755,0.2330561876296997
13756,0.21927428245544434
13757,0.21927428245544434
13758,0.2217283993959427
13759,0.2217283993959427
13760,0.2170337587594986
13761,0.2169509083032608
13762,0.2169509083032608
13763,0.2170337587594986
13764,0.21813152730464935
13765,0.21813152730464935
13766,0.21689388155937195
13767,0.21667514741420746
13768,0.21667514741420746
13769,0.21689388155937195
13770,0.21484477818012238
13771,0.21484477818012238
13772,0.20360438525676727
13773,0.2038232535123825
13774,0.2038232535123825
13775,0.20360438525676727
13776,0.22528421878814697
13777,0.22496479749679565
13778,0.22496479749679565
13779,0.22528421878814697
13780,0.202517569065094
13781,0.202517569065094
13782,0.2107580006122589
13783,0.21071258187294006
13784,0.21071258187294006
13785,0.2107580006122589
13786,0.20673540234565735
13787,0.20768976211547852
13788,0.20768976211547852
13789,0.20673540234565735
13790,0.21155832707881927
13791,0.2037666141986847
13792,0.2037666141986847
13793,0.21155832707881927
13794,0.20855970680713654
13795,0.20855970680713654
13796,0.20937366783618927
13797,0.2069351077079773
13798,0.2069351077079773
13799,0.20937366783618927
13800,0.20084631443023682
13801,0.19630810618400574
13802,0.19630810618400574
13803,0.20084631443023682
13804,0.21539881825447083
13805,0.21522611379623413
13806,0.21522611379623413
13807,0.21539881825447083
13808,0.21129031479358673
13809,0.21129031479358673
13810,0.1995753049850464
13811,0.1995753049850464
13812,0.2553951144218445
13813,0.24734729528427124
13814,0.24734729528427124
13815,0.2553951144218445
13816,0.19744785130023956
13817,0.19664694368839264
13818,0.19664694368839264
13819,0.19744785130023956
13820,0.2134314626455307
13821,0.2134314626455307
13822,0.21744608879089355
13823,0.21744608879089355
13824,0.2217158079147339
13825,0.2217158079147339
13826,0.20148499310016632
13827,0.2007124423980713
13828,0.2007124423980713
13829,0.20148499310016632
13830,0.21841920912265778
13831,0.21841920912265778
13832,0.22013987600803375
13833,0.22005029022693634
13834,0.22005029022693634
13835,0.22013987600803375
13836,0.23190827667713165
13837,0.23175978660583496
13838,0.23175978660583496
13839,0.23190827667713165
13840,0.23203614354133606
13841,0.23203614354133606
13842,0.24118244647979736
13843,0.24188826978206635
13844,0.24188826978206635
13845,0.24118244647979736
13846,0.21606510877609253
13847,0.21491964161396027
13848,0.21491964161396027
13849,0.21606510877609253
13850,0.22485609352588654
13851,0.22485609352588654
13852,0.235060915350914
13853,0.23520246148109436
13854,0.23520246148109436
13855,0.235060915350914
13856,0.23583921790122986
13857,0.23583921790122986
13858,0.23903152346611023
13859,0.23763470351696014
13860,0.23763470351696014
13861,0.23903152346611023
13862,0.21723994612693787
13863,0.21723994612693787
13864,0.22163629531860352
13865,0.22037869691848755
13866,0.22037869691848755
13867,0.22163629531860352
13868,0.2195308953523636
13869,0.21541549265384674
13870,0.21541549265384674
13871,0.2195308953523636
13872,0.2240736484527588
13873,0.2240736484527588
13874,0.23590883612632751
13875,0.2360757738351822
13876,0.2360757738351822
13877,0.23590883612632751
13878,0.22258086502552032
13879,0.22123460471630096
13880,0.22123460471630096
13881,0.22258086502552032
13882,0.22198836505413055
13883,0.22198836505413055
13884,0.22431990504264832
13885,0.22431990504264832
13886,0.2651442587375641
13887,0.26633086800575256
13888,0.26633086800575256
13889,0.2651442587375641
13890,0.20968672633171082
13891,0.20982030034065247
13892,0.20982030034065247
13893,0.20968672633171082
13894,0.22768041491508484
13895,0.22768041491508484
13896,0.22782306373119354
13897,0.22782306373119354
13898,0.23347316682338715
13899,0.23347316682338715
13900,0.23698166012763977
13901,0.23689642548561096
13902,0.23689642548561096
13903,0.23698166012763977
13904,0.20749303698539734
13905,0.20749303698539734
13906,0.19238081574440002
13907,0.19229547679424286
13908,0.19229547679424286
13909,0.19238081574440002
13910,0.2127169966697693
13911,0.2127169966697693
13912,0.1990252435207367
13913,0.1991075724363327
13914,0.1991075724363327
13915,0.1990252435207367
13916,0.21258839964866638
13917,0.21258839964866638
13918,0.2058292031288147
13919,0.2058292031288147
13920,0.20799827575683594
13921,0.2071799635887146
13922,0.2071799635887146
13923,0.20799827575683594
13924,0.2126397341489792
13925,0.2126397341489792
13926,0.2186124473810196
13927,0.2191680371761322
13928,0.2191680371761322
13929,0.2186124473810196
13930,0.20086710155010223
13931,0.19990132749080658
13932,0.19990132749080658
13933,0.20086710155010223
13934,0.2187258005142212
13935,0.2187258005142212
13936,0.21130114793777466
13937,0.21130114793777466
13938,0.273550420999527
13939,0.27537572383880615
13940,0.27537572383880615
13941,0.273550420999527
13942,0.20114530622959137
13943,0.20128904283046722
13944,0.20128904283046722
13945,0.20114530622959137
13946,0.22926682233810425
13947,0.22926682233810425
13948,0.21687673032283783
13949,0.21687673032283783
13950,0.2110154628753662
13951,0.2110154628753662
13952,0.20714661478996277
13953,0.20650291442871094
13954,0.20650291442871094
13955,0.20714661478996277
13956,0.21044020354747772
13957,0.2105180323123932
13958,0.2105180323123932
13959,0.21044020354747772
13960,0.2176445722579956
13961,0.2194976806640625
13962,0.2194976806640625
13963,0.2176445722579956
13964,0.2304590791463852
13965,0.23098862171173096
13966,0.23098862171173096
13967,0.2304590791463852
13968,0.1908351480960846
13969,0.19092559814453125
13970,0.19092559814453125
13971,0.1908351480960846
13972,0.19782055914402008
13973,0.19782055914402008
13974,0.1928739994764328
13975,0.19240890443325043
13976,0.19240890443325043
13977,0.1928739994764328
13978,0.20312772691249847
13979,0.20315706729888916
13980,0.20315706729888916
13981,0.20312772691249847
13982,0.21232016384601593
13983,0.20766916871070862
13984,0.20766916871070862
13985,0.21232016384601593
13986,0.21003733575344086
13987,0.21005889773368835
13988,0.21005889773368835
13989,0.21003733575344086
13990,0.19751648604869843
13991,0.1970958262681961
13992,0.1970958262681961
13993,0.19751648604869843
13994,0.20338037610054016
13995,0.20340880751609802
13996,0.20340880751609802
13997,0.20338037610054016
13998,0.19684219360351562
13999,0.19661734998226166
14000,0.19661734998226166
14001,0.19684219360351562
14002,0.20296767354011536
14003,0.20296767354011536
14004,0.20475590229034424
14005,0.2048361450433731
14006,0.2048361450433731
14007,0.20475590229034424
14008,0.1902979016304016
14009,0.18993298709392548
14010,0.18993298709392548
14011,0.1902979016304016
14012,0.20461472868919373
14013,0.20468366146087646
14014,0.20468366146087646
14015,0.20461472868919373
14016,0.1984197050333023
14017,0.1971961259841919
14018,0.1971961259841919
14019,0.1984197050333023
14020,0.2154369354248047
14021,0.2154369354248047
14022,0.22926531732082367
14023,0.2298230528831482
14024,0.2298230528831482
14025,0.22926531732082367
14026,0.1935567855834961
14027,0.1935567855834961
14028,0.205165833234787
14029,0.20376649498939514
14030,0.20376649498939514
14031,0.205165833234787
14032,0.20634734630584717
14033,0.20689070224761963
14034,0.20689070224761963
14035,0.20634734630584717
14036,0.22705703973770142
14037,0.22810299694538116
14038,0.22810299694538116
14039,0.22705703973770142
14040,0.21175740659236908
14041,0.21272850036621094
14042,0.21272850036621094
14043,0.21175740659236908
14044,0.25947147607803345
14045,0.25877493619918823
14046,0.25877493619918823
14047,0.25947147607803345
14048,0.23175859451293945
14049,0.23133625090122223
14050,0.23133625090122223
14051,0.23175859451293945
14052,0.19785058498382568
14053,0.19786100089550018
14054,0.19786100089550018
14055,0.19785058498382568
14056,0.18174509704113007
14057,0.18177911639213562
14058,0.18177911639213562
14059,0.18174509704113007
14060,0.21481528878211975
14061,0.2140701711177826
14062,0.2140701711177826
14063,0.21481528878211975
14064,0.2653457820415497
14065,0.2637579143047333
14066,0.2637579143047333
14067,0.2653457820415497
14068,0.23186737298965454
14069,0.23186737298965454
14070,0.20027075707912445
14071,0.20025554299354553
14072,0.20025554299354553
14073,0.20027075707912445
14074,0.1959782838821411
14075,0.19595125317573547
14076,0.19595125317573547
14077,0.1959782838821411
14078,0.232261523604393
14079,0.23286519944667816
14080,0.23286519944667816
14081,0.232261523604393
14082,0.19461722671985626
14083,0.19463200867176056
14084,0.19463200867176056
14085,0.19461722671985626
14086,0.19441179931163788
14087,0.19442501664161682
14088,0.19442501664161682
14089,0.19441179931163788
14090,0.1794801950454712
14091,0.17928239703178406
14092,0.17928239703178406
14093,0.1794801950454712
14094,0.20687457919120789
14095,0.204062819480896
14096,0.204062819480896
14097,0.20687457919120789
14098,0.17944923043251038
14099,0.17928916215896606
14100,0.17928916215896606
14101,0.17944923043251038
14102,0.21214701235294342
14103,0.2147073596715927
14104,0.2147073596715927
14105,0.21214701235294342
14106,0.21407246589660645
14107,0.21407246589660645
14108,0.22705423831939697
14109,0.22199317812919617
14110,0.22199317812919617
14111,0.22705423831939697
14112,0.2054585963487625
14113,0.2054585963487625
14114,0.2180333286523819
14115,0.2183053344488144
14116,0.2183053344488144
14117,0.2180333286523819
14118,0.207786425948143
14119,0.2086348980665207
14120,0.2086348980665207
14121,0.207786425948143
14122,0.21414950489997864
14123,0.2168315201997757
14124,0.2168315201997757
14125,0.21414950489997864
14126,0.20522670447826385
14127,0.20522670447826385
14128,0.2125287801027298
14129,0.21203967928886414
14130,0.21203967928886414
14131,0.2125287801027298
14132,0.21378181874752045
14133,0.21378181874752045
14134,0.21605314314365387
14135,0.2159789353609085
14136,0.2159789353609085
14137,0.21605314314365387
14138,0.20648592710494995
14139,0.20534488558769226
14140,0.20534488558769226
14141,0.20648592710494995
14142,0.21515274047851562
14143,0.21515274047851562
14144,0.20904669165611267
14145,0.20904669165611267
14146,0.20300962030887604
14147,0.20243597030639648
14148,0.20243597030639648
14149,0.20300962030887604
14150,0.21721932291984558
14151,0.21721932291984558
14152,0.22132927179336548
14153,0.22132927179336548
14154,0.19206517934799194
14155,0.19276605546474457
14156,0.19276605546474457
14157,0.19206517934799194
14158,0.18264716863632202
14159,0.18264716863632202
14160,0.1887669861316681
14161,0.18872544169425964
14162,0.18872544169425964
14163,0.1887669861316681
14164,0.17784249782562256
14165,0.1778174638748169
14166,0.1778174638748169
14167,0.17784249782562256
14168,0.18592901527881622
14169,0.18394052982330322
14170,0.18394052982330322
14171,0.18592901527881622
14172,0.19063891470432281
14173,0.19063891470432281
14174,0.1785595417022705
14175,0.17948952317237854
14176,0.17948952317237854
14177,0.1785595417022705
14178,0.1649203598499298
14179,0.16431057453155518
14180,0.16431057453155518
14181,0.1649203598499298
14182,0.18885211646556854
14183,0.18892382085323334
14184,0.18892382085323334
14185,0.18885211646556854
14186,0.2039908617734909
14187,0.2039908617734909
14188,0.17294375598430634
14189,0.17294375598430634
14190,0.23790626227855682
14191,0.23602165281772614
14192,0.23602165281772614
14193,0.23790626227855682
14194,0.17961713671684265
14195,0.1794809103012085
14196,0.1794809103012085
14197,0.17961713671684265
14198,0.19116505980491638
14199,0.19116505980491638
14200,0.19438906013965607
14201,0.19438906013965607
14202,0.22794438898563385
14203,0.22760260105133057
14204,0.20562586188316345
14205,0.20562586188316345
14206,0.21044956147670746
14207,0.2099442481994629
14208,0.2099442481994629
14209,0.21044954657554626
14210,0.20757341384887695
14211,0.20684008300304413
14212,0.20684008300304413
14213,0.20757341384887695
14214,0.22004354000091553
14215,0.22004354000091553
14216,0.22942572832107544
14217,0.22960446774959564
14218,0.22960446774959564
14219,0.22942572832107544
14220,0.1992531567811966
14221,0.19882217049598694
14222,0.19882217049598694
14223,0.1992531567811966
14224,0.22824418544769287
14225,0.22824418544769287
14226,0.21972684562206268
14227,0.21972684562206268
14228,0.28478938341140747
14229,0.28534024953842163
14230,0.28534024953842163
14231,0.28478938341140747
14232,0.20710709691047668
14233,0.20667210221290588
14234,0.20667210221290588
14235,0.20710709691047668
14236,0.2347973883152008
14237,0.2347973883152008
14238,0.22020147740840912
14239,0.22020147740840912
14240,0.20609867572784424
14241,0.20609867572784424
14242,0.18640589714050293
14243,0.1859866827726364
14244,0.1859866827726364
14245,0.18640589714050293
14246,0.20858235657215118
14247,0.20858235657215118
14248,0.1962500661611557
14249,0.19653812050819397
14250,0.19653812050819397
14251,0.1962500661611557
14252,0.21159984171390533
14253,0.21159984171390533
14254,0.24853023886680603
14255,0.24821902811527252
14256,0.24821902811527252
14257,0.24853023886680603
14258,0.22902452945709229
14259,0.22902452945709229
14260,0.2326091229915619
14261,0.2329789400100708
14262,0.2329789400100708
14263,0.2326091229915619
14264,0.23835715651512146
14265,0.236662819981575
14266,0.236662819981575
14267,0.23835715651512146
14268,0.23674489557743073
14269,0.2288772463798523
14270,0.2288772314786911
14271,0.23674488067626953
14272,0.23196443915367126
14273,0.23196443915367126
14274,0.2449737936258316
14275,0.24613121151924133
14276,0.24613121151924133
14277,0.2449737936258316
14278,0.23360124230384827
14279,0.23291052877902985
14280,0.23291052877902985
14281,0.23360124230384827
14282,0.2484893798828125
14283,0.24829453229904175
14284,0.24829453229904175
14285,0.2484893798828125
14286,0.22251810133457184
14287,0.22251810133457184
14288,0.2375289499759674
14289,0.2375289499759674
14290,0.27029842138290405
14291,0.27113959193229675
14292,0.27113959193229675
14293,0.27029842138290405
14294,0.21934303641319275
14295,0.21956737339496613
14296,0.21956737339496613
14297,0.21934303641319275
14298,0.23583953082561493
14299,0.23583953082561493
14300,0.23807090520858765
14301,0.23807090520858765
14302,0.22466014325618744
14303,0.22420331835746765
14304,0.22420331835746765
14305,0.22466014325618744
14306,0.20752133429050446
14307,0.20752133429050446
14308,0.21797524392604828
14309,0.21862079203128815
14310,0.21862079203128815
14311,0.21797524392604828
14312,0.2081989198923111
14313,0.20861081779003143
14314,0.20861081779003143
14315,0.2081989198923111
14316,0.21696723997592926
14317,0.2101421356201172
14318,0.2101421356201172
14319,0.21696723997592926
14320,0.20901530981063843
14321,0.20901530981063843
14322,0.21189792454242706
14323,0.21153056621551514
14324,0.21153056621551514
14325,0.21189792454242706
14326,0.20503933727741241
14327,0.2043638378381729
14328,0.2043638378381729
14329,0.20503933727741241
14330,0.22060786187648773
14331,0.22060707211494446
14332,0.22060707211494446
14333,0.22060786187648773
14334,0.2157614678144455
14335,0.2157614678144455
14336,0.20380809903144836
14337,0.20380809903144836
14338,0.24716290831565857
14339,0.24550479650497437
14340,0.24550479650497437
14341,0.24716290831565857
14342,0.20411303639411926
14343,0.20361192524433136
14344,0.20361192524433136
14345,0.20411303639411926
14346,0.21439115703105927
14347,0.21439115703105927
14348,0.21712198853492737
14349,0.21712198853492737
14350,0.21267491579055786
14351,0.21267491579055786
14352,0.21322371065616608
14353,0.21322371065616608
14354,0.20483671128749847
14355,0.2049921452999115
14356,0.2049921452999115
14357,0.20483671128749847
14358,0.23700977861881256
14359,0.23614487051963806
14360,0.23614487051963806
14361,0.23700977861881256
14362,0.21871471405029297
14363,0.21871471405029297
14364,0.2435222715139389
14365,0.2441796064376831
14366,0.2441796064376831
14367,0.2435222864151001
14368,0.221164271235466
14369,0.22122295200824738
14370,0.22122295200824738
14371,0.221164271235466
14372,0.2278563231229782
14373,0.2239757925271988
14374,0.2239757925271988
14375,0.2278563231229782
14376,0.21704591810703278
14377,0.21704591810703278
14378,0.22934184968471527
14379,0.23218989372253418
14380,0.23218989372253418
14381,0.22934184968471527
14382,0.19343361258506775
14383,0.193297877907753
14384,0.193297877907753
14385,0.19343361258506775
14386,0.23600240051746368
14387,0.2359665334224701
14388,0.2359665334224701
14389,0.23600240051746368
14390,0.21929031610488892
14391,0.21929031610488892
14392,0.21464896202087402
14393,0.21464896202087402
14394,0.25429728627204895
14395,0.2553809583187103
14396,0.2553809583187103
14397,0.25429728627204895
14398,0.21702609956264496
14399,0.21734122931957245
14400,0.21734121441841125
14401,0.21702608466148376
14402,0.22144342958927155
14403,0.22144342958927155
14404,0.22975707054138184
14405,0.22975707054138184
14406,0.2360907942056656
14407,0.23627033829689026
14408,0.23627033829689026
14409,0.2360907942056656
14410,0.22976359724998474
14411,0.22976359724998474
14412,0.2459615021944046
14413,0.24770168960094452
14414,0.24770168960094452
14415,0.2459615021944046
14416,0.21567153930664062
14417,0.21469761431217194
14418,0.21469761431217194
14419,0.21567153930664062
14420,0.22619132697582245
14421,0.22619132697582245
14422,0.23473992943763733
14423,0.23511464893817902
14424,0.23511464893817902
14425,0.23473992943763733
14426,0.23863878846168518
14427,0.23863878846168518
14428,0.21857403218746185
14429,0.2207491546869278
14430,0.2207491397857666
14431,0.21857403218746185
14432,0.22745254635810852
14433,0.2271384596824646
14434,0.2271384596824646
14435,0.22745254635810852
14436,0.25157347321510315
14437,0.25238144397735596
14438,0.25238144397735596
14439,0.25157347321510315
14440,0.1923598051071167
14441,0.1925654411315918
14442,0.1925654411315918
14443,0.1923598051071167
14444,0.2088148593902588
14445,0.2088148593902588
14446,0.20299965143203735
14447,0.20192097127437592
14448,0.20192097127437592
14449,0.20299965143203735
14450,0.21620069444179535
14451,0.21675334870815277
14452,0.21675334870815277
14453,0.21620069444179535
14454,0.20554351806640625
14455,0.20476433634757996
14456,0.20476433634757996
14457,0.20554351806640625
14458,0.2146749496459961
14459,0.2146797627210617
14460,0.2146797627210617
14461,0.2146749496459961
14462,0.21313992142677307
14463,0.20630069077014923
14464,0.20630069077014923
14465,0.21313992142677307
14466,0.2160661816596985
14467,0.2160661816596985
14468,0.20994247496128082
14469,0.20849964022636414
14470,0.20849964022636414
14471,0.20994247496128082
14472,0.18523357808589935
14473,0.18379899859428406
14474,0.18379899859428406
14475,0.18523357808589935
14476,0.22120411694049835
14477,0.22144941985607147
14478,0.22144941985607147
14479,0.22120411694049835
14480,0.20620852708816528
14481,0.20675097405910492
14482,0.20675097405910492
14483,0.20620852708816528
14484,0.21923674643039703
14485,0.21923674643039703
14486,0.2532825469970703
14487,0.2540861964225769
14488,0.2540861964225769
14489,0.2532825469970703
14490,0.20041023194789886
14491,0.20041023194789886
14492,0.260733425617218
14493,0.25428032875061035
14494,0.25428032875061035
14495,0.260733425617218
14496,0.22527751326560974
14497,0.2252684086561203
14498,0.2252684086561203
14499,0.22527751326560974
14500,0.2548436224460602
14501,0.2506893277168274
14502,0.2506893277168274
14503,0.2548436224460602
14504,0.20390558242797852
14505,0.20389226078987122
14506,0.20389226078987122
14507,0.20390558242797852
14508,0.18621857464313507
14509,0.18621936440467834
14510,0.18621936440467834
14511,0.18621857464313507
14512,0.239498108625412
14513,0.23799431324005127
14514,0.23799431324005127
14515,0.239498108625412
14516,0.20989346504211426
14517,0.2102261334657669
14518,0.2102261334657669
14519,0.20989346504211426
14520,0.20158769190311432
14521,0.2010888159275055
14522,0.2010888159275055
14523,0.20158769190311432
14524,0.20600390434265137
14525,0.20586107671260834
14526,0.20586107671260834
14527,0.20600390434265137
14528,0.21724411845207214
14529,0.21606792509555817
14530,0.21606792509555817
14531,0.21724411845207214
14532,0.21530067920684814
14533,0.21530067920684814
14534,0.23877686262130737
14535,0.2352105975151062
14536,0.2352105975151062
14537,0.23877686262130737
14538,0.23483788967132568
14539,0.2357873022556305
14540,0.2357873022556305
14541,0.23483788967132568
14542,0.22424939274787903
14543,0.22423219680786133
14544,0.22423219680786133
14545,0.22424939274787903
14546,0.2120128720998764
14547,0.20992378890514374
14548,0.20992378890514374
14549,0.2120128720998764
14550,0.22401732206344604
14551,0.22401732206344604
14552,0.24239200353622437
14553,0.2438749074935913
14554,0.2438749074935913
14555,0.24239200353622437
14556,0.22915993630886078
14557,0.22915993630886078
14558,0.24809396266937256
14559,0.24764879047870636
14560,0.24764877557754517
14561,0.24809396266937256
14562,0.23395664989948273
14563,0.23763206601142883
14564,0.23763206601142883
14565,0.23395664989948273
14566,0.23840275406837463
14567,0.2430565059185028
14568,0.2430565059185028
14569,0.23840275406837463
14570,0.22717328369617462
14571,0.22717328369617462
14572,0.244768425822258
14573,0.24114291369915009
14574,0.24114291369915009
14575,0.244768425822258
14576,0.22728285193443298
14577,0.2220495641231537
14578,0.2220495641231537
14579,0.22728285193443298
14580,0.25178149342536926
14581,0.2526283860206604
14582,0.2526283860206604
14583,0.25178149342536926
14584,0.22878311574459076
14585,0.22878311574459076
14586,0.23672714829444885
14587,0.23672714829444885
14588,0.29447999596595764
14589,0.28967106342315674
14590,0.28967103362083435
14591,0.29447999596595764
14592,0.23240846395492554
14593,0.2288302630186081
14594,0.2288302630186081
14595,0.23240846395492554
14596,0.23696768283843994
14597,0.23696768283843994
14598,0.24548886716365814
14599,0.24548886716365814
14600,0.20909760892391205
14601,0.2087252289056778
14602,0.2087252289056778
14603,0.20909760892391205
14604,0.21845808625221252
14605,0.2164294570684433
14606,0.2164294570684433
14607,0.21845808625221252
14608,0.22663423418998718
14609,0.22623492777347565
14610,0.22623492777347565
14611,0.22663423418998718
14612,0.18991968035697937
14613,0.1898878514766693
14614,0.1898878514766693
14615,0.18991968035697937
14616,0.196722149848938
14617,0.196722149848938
14618,0.19249455630779266
14619,0.19326801598072052
14620,0.19326801598072052
14621,0.19249455630779266
14622,0.20177292823791504
14623,0.20177625119686127
14624,0.20177625119686127
14625,0.20177292823791504
14626,0.20638242363929749
14627,0.21051281690597534
14628,0.21051281690597534
14629,0.20638242363929749
14630,0.20666997134685516
14631,0.2066946178674698
14632,0.2066946178674698
14633,0.20666997134685516
14634,0.1966841071844101
14635,0.19710230827331543
14636,0.19710230827331543
14637,0.1966841071844101
14638,0.20160232484340668
14639,0.20158138871192932
14640,0.20158138871192932
14641,0.20160232484340668
14642,0.19647827744483948
14643,0.1969895213842392
14644,0.1969895213842392
14645,0.19647827744483948
14646,0.2031676322221756
14647,0.2031676322221756
14648,0.2041749507188797
14649,0.20408174395561218
14650,0.20408174395561218
14651,0.2041749507188797
14652,0.18928036093711853
14653,0.18947990238666534
14654,0.18947990238666534
14655,0.18928036093711853
14656,0.20276331901550293
14657,0.20269067585468292
14658,0.20269067585468292
14659,0.20276331901550293
14660,0.1988152414560318
14661,0.2001783400774002
14662,0.2001783400774002
14663,0.1988152414560318
14664,0.21572895348072052
14665,0.21572895348072052
14666,0.22350598871707916
14667,0.22297772765159607
14668,0.22297772765159607
14669,0.22350598871707916
14670,0.1945318579673767
14671,0.1945318579673767
14672,0.20237618684768677
14673,0.20336474478244781
14674,0.20336474478244781
14675,0.20237618684768677
14676,0.2041027694940567
14677,0.20369437336921692
14678,0.20369437336921692
14679,0.2041027694940567
14680,0.22291263937950134
14681,0.22191020846366882
14682,0.22191020846366882
14683,0.22291263937950134
14684,0.21033358573913574
14685,0.2096555382013321
14686,0.2096555382013321
14687,0.21033358573913574
14688,0.2567509412765503
14689,0.2576756775379181
14690,0.2576756775379181
14691,0.2567509412765503
14692,0.22835439443588257
14693,0.22845612466335297
14694,0.22845612466335297
14695,0.22835439443588257
14696,0.19817154109477997
14697,0.1981503665447235
14698,0.1981503665447235
14699,0.19817154109477997
14700,0.18257328867912292
14701,0.1825370043516159
14702,0.1825370043516159
14703,0.18257328867912292
14704,0.2107619196176529
14705,0.211787149310112
14706,0.211787149310112
14707,0.2107619196176529
14708,0.187605082988739
14709,0.18758943676948547
14710,0.18758943676948547
14711,0.187605082988739
14712,0.2577310800552368
14713,0.26090025901794434
14714,0.26090025901794434
14715,0.2577310800552368
14716,0.23372609913349152
14717,0.23372609913349152
14718,0.19885581731796265
14719,0.19887152314186096
14720,0.19887152314186096
14721,0.19885581731796265
14722,0.19522444903850555
14723,0.19519038498401642
14724,0.19519038498401642
14725,0.19522444903850555
14726,0.22928065061569214
14727,0.2284470647573471
14728,0.2284470647573471
14729,0.22928065061569214
14730,0.19272799789905548
14731,0.19271749258041382
14732,0.19271749258041382
14733,0.19272799789905548
14734,0.19430437684059143
14735,0.19428026676177979
14736,0.19428026676177979
14737,0.19430437684059143
14738,0.18069954216480255
14739,0.1808675080537796
14740,0.1808675080537796
14741,0.18069954216480255
14742,0.20149651169776917
14743,0.20395736396312714
14744,0.20395736396312714
14745,0.20149651169776917
14746,0.18066920340061188
14747,0.18084266781806946
14748,0.18084266781806946
14749,0.18066920340061188
14750,0.21211853623390198
14751,0.2099105566740036
14752,0.2099105566740036
14753,0.21211853623390198
14754,0.2175663709640503
14755,0.2175663709640503
14756,0.21787314116954803
14757,0.22262150049209595
14758,0.22262150049209595
14759,0.21787314116954803
14760,0.20513419806957245
14761,0.20513419806957245
14762,0.2163594514131546
14763,0.21617983281612396
14764,0.21617983281612396
14765,0.2163594514131546
14766,0.2064114212989807
14767,0.20557057857513428
14768,0.20557057857513428
14769,0.2064114212989807
14770,0.21746356785297394
14771,0.21537217497825623
14772,0.21537217497825623
14773,0.21746356785297394
14774,0.20461083948612213
14775,0.20461083948612213
14776,0.2402871549129486
14777,0.23850254714488983
14778,0.23850254714488983
14779,0.2402871549129486
14780,0.2319074124097824
14781,0.2322218418121338
14782,0.2322218418121338
14783,0.2319074273109436
14784,0.2455715835094452
14785,0.24580185115337372
14786,0.24580185115337372
14787,0.2455715835094452
14788,0.19642886519432068
14789,0.1964488923549652
14790,0.1964488923549652
14791,0.19642886519432068
14792,0.20676974952220917
14793,0.20676974952220917
14794,0.21497121453285217
14795,0.21497121453285217
14796,0.19890598952770233
14797,0.1987469494342804
14798,0.1987469494342804
14799,0.19890598952770233
14800,0.21644370257854462
14801,0.21746638417243958
14802,0.21746638417243958
14803,0.21644370257854462
14804,0.21274787187576294
14805,0.21279053390026093
14806,0.21279053390026093
14807,0.21274787187576294
14808,0.22211982309818268
14809,0.21827153861522675
14810,0.21827153861522675
14811,0.22211982309818268
14812,0.21802297234535217
14813,0.2179025113582611
14814,0.2179025113582611
14815,0.21802297234535217
14816,0.21097062528133392
14817,0.21062371134757996
14818,0.21062371134757996
14819,0.21097062528133392
14820,0.2082718312740326
14821,0.2083054929971695
14822,0.2083054929971695
14823,0.2082718312740326
14824,0.2050432562828064
14825,0.20436538755893707
14826,0.20436538755893707
14827,0.2050432562828064
14828,0.2138451188802719
14829,0.2138451188802719
14830,0.2231234312057495
14831,0.22130197286605835
14832,0.22130197286605835
14833,0.2231234312057495
14834,0.19886554777622223
14835,0.19870558381080627
14836,0.19870558381080627
14837,0.19886554777622223
14838,0.21534806489944458
14839,0.21528872847557068
14840,0.21528872847557068
14841,0.21534806489944458
14842,0.2205602079629898
14843,0.21513761579990387
14844,0.21513761579990387
14845,0.2205602079629898
14846,0.22067153453826904
14847,0.22067153453826904
14848,0.24020786583423615
14849,0.24143880605697632
14850,0.24143880605697632
14851,0.24020786583423615
14852,0.209250345826149
14853,0.209250345826149
14854,0.21850581467151642
14855,0.21698583662509918
14856,0.21698583662509918
14857,0.21850581467151642
14858,0.2188626527786255
14859,0.22100156545639038
14860,0.22100156545639038
14861,0.2188626527786255
14862,0.2418583780527115
14863,0.24439695477485657
14864,0.24439695477485657
14865,0.2418583780527115
14866,0.22416967153549194
14867,0.22509104013442993
14868,0.22509104013442993
14869,0.22416967153549194
14870,0.28166747093200684
14871,0.2836207449436188
14872,0.2836207449436188
14873,0.28166747093200684
14874,0.25404760241508484
14875,0.2557840943336487
14876,0.2557840943336487
14877,0.25404760241508484
14878,0.20552948117256165
14879,0.20554356276988983
14880,0.20554356276988983
14881,0.20552948117256165
14882,0.19108125567436218
14883,0.1911068558692932
14884,0.1911068558692932
14885,0.19108125567436218
14886,0.2186129093170166
14887,0.2186129093170166
14888,0.22503910958766937
14889,0.2248377948999405
14890,0.2248377948999405
14891,0.22503910958766937
14892,0.19092565774917603
14893,0.1909361183643341
14894,0.1909361183643341
14895,0.19092565774917603
14896,0.27937281131744385
14897,0.27564704418182373
14898,0.27564704418182373
14899,0.27937281131744385
14900,0.23874223232269287
14901,0.23874223232269287
14902,0.20233678817749023
14903,0.20233429968357086
14904,0.20233429968357086
14905,0.20233678817749023
14906,0.1999281793832779
14907,0.1998889297246933
14908,0.1998889297246933
14909,0.1999281793832779
14910,0.2525860667228699
14911,0.2503352761268616
14912,0.2503352761268616
14913,0.2525860667228699
14914,0.20048373937606812
14915,0.20050154626369476
14916,0.20050154626369476
14917,0.20048373937606812
14918,0.2012931853532791
14919,0.20127514004707336
14920,0.20127514004707336
14921,0.2012931853532791
14922,0.18705978989601135
14923,0.18612486124038696
14924,0.18612486124038696
14925,0.18705978989601135
14926,0.21848461031913757
14927,0.21563281118869781
14928,0.21563281118869781
14929,0.21848461031913757
14930,0.21475788950920105
14931,0.2153954952955246
14932,0.2153954952955246
14933,0.21475788950920105
14934,0.20613214373588562
14935,0.2061288058757782
14936,0.2061288058757782
14937,0.20613214373588562
14938,0.1872217208147049
14939,0.18759778141975403
14940,0.18759778141975403
14941,0.1872217208147049
14942,0.223245307803154
14943,0.22365239262580872
14944,0.22365237772464752
14945,0.223245307803154
14946,0.21932421624660492
14947,0.21932421624660492
14948,0.23654653131961823
14949,0.23361311852931976
14950,0.23361311852931976
14951,0.23654653131961823
14952,0.21675318479537964
14953,0.21675318479537964
14954,0.23866260051727295
14955,0.23892278969287872
14956,0.23892278969287872
14957,0.23866260051727295
14958,0.2193213850259781
14959,0.22015000879764557
14960,0.22015000879764557
14961,0.2193213850259781
14962,0.23242399096488953
14963,0.23366568982601166
14964,0.23366568982601166
14965,0.23242399096488953
14966,0.22218841314315796
14967,0.2212590128183365
14968,0.2212590128183365
14969,0.22218841314315796
14970,0.2227751910686493
14971,0.2227751910686493
14972,0.21652954816818237
14973,0.21652954816818237
14974,0.19973526895046234
14975,0.19702239334583282
14976,0.19702239334583282
14977,0.19973526895046234
14978,0.21607743203639984
14979,0.21607743203639984
14980,0.21504521369934082
14981,0.2144191861152649
14982,0.2144191861152649
14983,0.21504521369934082
14984,0.22390444576740265
14985,0.22390444576740265
14986,0.213588148355484
14987,0.213588148355484
14988,0.2078203558921814
14989,0.2078561782836914
14990,0.2078561782836914
14991,0.2078203558921814
14992,0.2063697725534439
14993,0.207537442445755
14994,0.207537442445755
14995,0.2063697725534439
14996,0.18419402837753296
14997,0.18429338932037354
14998,0.18429338932037354
14999,0.18419402837753296
15000,0.1951673924922943
15001,0.1951673924922943
15002,0.19037017226219177
15003,0.1888631135225296
15004,0.1888631135225296
15005,0.19037017226219177
15006,0.1966867446899414
15007,0.19686025381088257
15008,0.19686025381088257
15009,0.1966867446899414
15010,0.1947951316833496
15011,0.1943042278289795
15012,0.1943042278289795
15013,0.1947951316833496
15014,0.19418253004550934
15015,0.19055497646331787
15016,0.19055497646331787
15017,0.19418253004550934
15018,0.19892549514770508
15019,0.19892549514770508
15020,0.19770188629627228
15021,0.1969836801290512
15022,0.1969836801290512
15023,0.19770188629627228
15024,0.19197823107242584
15025,0.19220757484436035
15026,0.19220757484436035
15027,0.19197823107242584
15028,0.2007579654455185
15029,0.20084086060523987
15030,0.20084086060523987
15031,0.2007579654455185
15032,0.20184995234012604
15033,0.20184995234012604
15034,0.19931162893772125
15035,0.20894154906272888
15036,0.20894154906272888
15037,0.2218848466873169
15038,0.22095023095607758
15039,0.22095023095607758
15040,0.2218848466873169
15041,0.19051086902618408
15042,0.19051086902618408
15043,0.26507359743118286
15044,0.2641552686691284
15045,0.2641552686691284
15046,0.26507359743118286
15047,0.18347498774528503
15048,0.1835121214389801
15049,0.1835121214389801
15050,0.18347498774528503
15051,0.18774224817752838
15052,0.1880950927734375
15053,0.1880950927734375
15054,0.18774224817752838
15055,0.1903950721025467
15056,0.19046886265277863
15057,0.19046886265277863
15058,0.1903950721025467
15059,0.21448878943920135
15060,0.21448878943920135
15061,0.2210306078195572
15062,0.21513673663139343
15063,0.21513673663139343
15064,0.2210306078195572
15065,0.22625188529491425
15066,0.22707167267799377
15067,0.22707167267799377
15068,0.22625188529491425
15069,0.20179449021816254
15070,0.20179449021816254
15071,0.23161782324314117
15072,0.23237305879592896
15073,0.23237305879592896
15074,0.23161782324314117
15075,0.23986297845840454
15076,0.2401764839887619
15077,0.2401764839887619
15078,0.23986297845840454
15079,0.2673129439353943
15080,0.2666803002357483
15081,0.2666803002357483
15082,0.2673129439353943
15083,0.21040421724319458
15084,0.2102314680814743
15085,0.2102314680814743
15086,0.21040421724319458
15087,0.22083213925361633
15088,0.22083213925361633
15089,0.21813470125198364
15090,0.21823304891586304
15091,0.21823304891586304
15092,0.21813470125198364
15093,0.22972765564918518
15094,0.22949041426181793
15095,0.22949041426181793
15096,0.22972765564918518
15097,0.23201099038124084
15098,0.23258808255195618
15099,0.23258808255195618
15100,0.23201099038124084
15101,0.2411857694387436
15102,0.2411036640405655
15103,0.2411036640405655
15104,0.2411857694387436
15105,0.22618170082569122
15106,0.22625578939914703
15107,0.22625578939914703
15108,0.22618170082569122
15109,0.222291499376297
15110,0.22210973501205444
15111,0.22210973501205444
15112,0.222291499376297
15113,0.22471441328525543
15114,0.2245151400566101
15115,0.2245151400566101
15116,0.22471441328525543
15117,0.22189739346504211
15118,0.22189739346504211
15119,0.23186814785003662
15120,0.23165805637836456
15121,0.23165805637836456
15122,0.23186814785003662
15123,0.2204670011997223
15124,0.21575850248336792
15125,0.21575850248336792
15126,0.2204670011997223
15127,0.2355661541223526
15128,0.23552027344703674
15129,0.23552027344703674
15130,0.2355661541223526
15131,0.2160591334104538
15132,0.21790717542171478
15133,0.21790717542171478
15134,0.2160591334104538
15135,0.22157122194766998
15136,0.22157122194766998
15137,0.275579571723938
15138,0.27429550886154175
15139,0.27429550886154175
15140,0.275579571723938
15141,0.22334498167037964
15142,0.22334498167037964
15143,0.2244855761528015
15144,0.22641001641750336
15145,0.22641001641750336
15146,0.2244855761528015
15147,0.23701989650726318
15148,0.23481294512748718
15149,0.23481294512748718
15150,0.23701989650726318
15151,0.2789129316806793
15152,0.2763860821723938
15153,0.2763860821723938
15154,0.2789129316806793
15155,0.2369619458913803
15156,0.23620840907096863
15157,0.23620840907096863
15158,0.2369619458913803
15159,0.26734083890914917
15160,0.26666098833084106
15161,0.26666098833084106
15162,0.26734083890914917
15163,0.24511834979057312
15164,0.24353790283203125
15165,0.24353790283203125
15166,0.24511834979057312
15167,0.21333818137645721
15168,0.2133016139268875
15169,0.2133016139268875
15170,0.21333818137645721
15171,0.20621033012866974
15172,0.20617526769638062
15173,0.20617526769638062
15174,0.20621033012866974
15175,0.2498043179512024
15176,0.2479175627231598
15177,0.2479175627231598
15178,0.2498043179512024
15179,0.262797474861145
15180,0.2646225094795227
15181,0.2646225094795227
15182,0.262797474861145
15183,0.24108870327472687
15184,0.24108870327472687
15185,0.2198546975851059
15186,0.2195851355791092
15187,0.2195851355791092
15188,0.2198546975851059
15189,0.21574720740318298
15190,0.215561181306839
15191,0.215561181306839
15192,0.21574720740318298
15193,0.24400687217712402
15194,0.24513186514377594
15195,0.24513186514377594
15196,0.24400687217712402
15197,0.20966695249080658
15198,0.20965565741062164
15199,0.20965565741062164
15200,0.20966695249080658
15201,0.22496427595615387
15202,0.2249278426170349
15203,0.2249278426170349
15204,0.22496427595615387
15205,0.19494853913784027
15206,0.19611090421676636
15207,0.19611090421676636
15208,0.19494853913784027
15209,0.23221489787101746
15210,0.23425768315792084
15211,0.23425768315792084
15212,0.23221489787101746
15213,0.19487541913986206
15214,0.1932554990053177
15215,0.1932554990053177
15216,0.19487541913986206
15217,0.24243327975273132
15218,0.2430717945098877
15219,0.2430717945098877
15220,0.24243327975273132
15221,0.22735555469989777
15222,0.22735555469989777
15223,0.25026214122772217
15224,0.2493564784526825
15225,0.2493564784526825
15226,0.25026214122772217
15227,0.22965317964553833
15228,0.22965317964553833
15229,0.2530173063278198
15230,0.2525360584259033
15231,0.2525360584259033
15232,0.2530173063278198
15233,0.23715421557426453
15234,0.2356533259153366
15235,0.2356533259153366
15236,0.23715421557426453
15237,0.2279655933380127
15238,0.22899149358272552
15239,0.22899149358272552
15240,0.2279655933380127
15241,0.23361550271511078
15242,0.23361550271511078
15243,0.22428739070892334
15244,0.22428739070892334
15245,0.2248566448688507
15246,0.22440126538276672
15247,0.22440126538276672
15248,0.2248566448688507
15249,0.21706125140190125
15250,0.21706125140190125
15251,0.21498677134513855
15252,0.2150575816631317
15253,0.2150575816631317
15254,0.21498677134513855
15255,0.23235675692558289
15256,0.23239083588123322
15257,0.23239083588123322
15258,0.23235675692558289
15259,0.23069892823696136
15260,0.23069892823696136
15261,0.24331346154212952
15262,0.24301642179489136
15263,0.24301642179489136
15264,0.24331346154212952
15265,0.2157430201768875
15266,0.21664485335350037
15267,0.21664485335350037
15268,0.2157430201768875
15269,0.22623619437217712
15270,0.22623619437217712
15271,0.23661665618419647
15272,0.23624542355537415
15273,0.23624542355537415
15274,0.23661665618419647
15275,0.23879846930503845
15276,0.23879846930503845
15277,0.2233448028564453
15278,0.2233448028564453
15279,0.2182934433221817
15280,0.21806907653808594
15281,0.21806907653808594
15282,0.2182934433221817
15283,0.2138870507478714
15284,0.2138870507478714
15285,0.20861341059207916
15286,0.20873405039310455
15287,0.20873405039310455
15288,0.20861341059207916
15289,0.21485260128974915
15290,0.21485260128974915
15291,0.20457521080970764
15292,0.20466910302639008
15293,0.20466910302639008
15294,0.20457521080970764
15295,0.21822431683540344
15296,0.21822431683540344
15297,0.23014065623283386
15298,0.22927391529083252
15299,0.22927391529083252
15300,0.23014065623283386
15301,0.21873776614665985
15302,0.21873776614665985
15303,0.23891901969909668
15304,0.23917433619499207
15305,0.23917433619499207
15306,0.23891901969909668
15307,0.21997272968292236
15308,0.2200220227241516
15309,0.2200220227241516
15310,0.21997272968292236
15311,0.22249959409236908
15312,0.22216381132602692
15313,0.22216381132602692
15314,0.22249959409236908
15315,0.22136537730693817
15316,0.22136537730693817
15317,0.22444799542427063
15318,0.22500091791152954
15319,0.22500091791152954
15320,0.22444799542427063
15321,0.20836052298545837
15322,0.20878544449806213
15323,0.20878544449806213
15324,0.20836052298545837
15325,0.23035599291324615
15326,0.2304287999868393
15327,0.2304287999868393
15328,0.23035599291324615
15329,0.2209014594554901
15330,0.2209014594554901
15331,0.2150128036737442
15332,0.2150128036737442
15333,0.25667572021484375
15334,0.25722888112068176
15335,0.25722888112068176
15336,0.25667572021484375
15337,0.21753674745559692
15338,0.2173902541399002
15339,0.2173902541399002
15340,0.21753674745559692
15341,0.2229785919189453
15342,0.2229785919189453
15343,0.2288963496685028
15344,0.2288963496685028
15345,0.222152978181839
15346,0.2223089039325714
15347,0.2223089039325714
15348,0.222152978181839
15349,0.22288240492343903
15350,0.22288240492343903
15351,0.23018361628055573
15352,0.23064592480659485
15353,0.23064592480659485
15354,0.23018361628055573
15355,0.19928845763206482
15356,0.1997734010219574
15357,0.1997734010219574
15358,0.19928845763206482
15359,0.22094327211380005
15360,0.22094327211380005
15361,0.22207295894622803
15362,0.22227060794830322
15363,0.22227060794830322
15364,0.22207295894622803
15365,0.22841720283031464
15366,0.22841720283031464
15367,0.23047859966754913
15368,0.23059295117855072
15369,0.23059295117855072
15370,0.23047859966754913
15371,0.21261414885520935
15372,0.21261414885520935
15373,0.22196778655052185
15374,0.22219517827033997
15375,0.22219517827033997
15376,0.22196778655052185
15377,0.21671925485134125
15378,0.21560803055763245
15379,0.21560803055763245
15380,0.21671925485134125
15381,0.21300506591796875
15382,0.20887763798236847
15383,0.20887763798236847
15384,0.21300506591796875
15385,0.21888816356658936
15386,0.21888816356658936
15387,0.2304772436618805
15388,0.23038244247436523
15389,0.23038244247436523
15390,0.2304772436618805
15391,0.22006173431873322
15392,0.22050347924232483
15393,0.22050347924232483
15394,0.22006173431873322
15395,0.23163099586963654
15396,0.23149895668029785
15397,0.23149895668029785
15398,0.23163099586963654
15399,0.22413775324821472
15400,0.22413775324821472
15401,0.22342225909233093
15402,0.22342225909233093
15403,0.2865729033946991
15404,0.2885415554046631
15405,0.2885415554046631
15406,0.2865729033946991
15407,0.2081928700208664
15408,0.20854467153549194
15409,0.20854467153549194
15410,0.2081928700208664
15411,0.2389356940984726
15412,0.2389356940984726
15413,0.22321292757987976
15414,0.22321292757987976
15415,0.2238132804632187
15416,0.22134850919246674
15417,0.22134850919246674
15418,0.2238132804632187
15419,0.18971022963523865
15420,0.18999680876731873
15421,0.18999680876731873
15422,0.18971022963523865
15423,0.2048206627368927
15424,0.2048206627368927
15425,0.19810882210731506
15426,0.19813567399978638
15427,0.19813567399978638
15428,0.19810882210731506
15429,0.20610488951206207
15430,0.20637628436088562
15431,0.20637628436088562
15432,0.20610488951206207
15433,0.2065030187368393
15434,0.2059183269739151
15435,0.2059183269739151
15436,0.2065030187368393
15437,0.20839962363243103
15438,0.2053159773349762
15439,0.2053159773349762
15440,0.20839962363243103
15441,0.2130594551563263
15442,0.2130594551563263
15443,0.21872031688690186
15444,0.2180510312318802
15445,0.2180510312318802
15446,0.21872031688690186
15447,0.18646180629730225
15448,0.18498696386814117
15449,0.18498696386814117
15450,0.18646180629730225
15451,0.2129228711128235
15452,0.2129203975200653
15453,0.2129203975200653
15454,0.21292288601398468
15455,0.21252845227718353
15456,0.21252845227718353
15457,0.24316778779029846
15458,0.24181249737739563
15459,0.24181249737739563
15460,0.24316778779029846
15461,0.2071571797132492
15462,0.2071571797132492
15463,0.25520235300064087
15464,0.2557796239852905
15465,0.2557796239852905
15466,0.25520235300064087
15467,0.19868174195289612
15468,0.1986832320690155
15469,0.1986832320690155
15470,0.19868174195289612
15471,0.2006223499774933
15472,0.20065882802009583
15473,0.20065882802009583
15474,0.2006223499774933
15475,0.22042180597782135
15476,0.22042180597782135
15477,0.24709002673625946
15478,0.24298402667045593
15479,0.24298402667045593
15480,0.24709002673625946
15481,0.21763139963150024
15482,0.21763139963150024
15483,0.24219422042369843
15484,0.24204634130001068
15485,0.24204634130001068
15486,0.24219422042369843
15487,0.23125703632831573
15488,0.23125703632831573
15489,0.2607549726963043
15490,0.2607673406600952
15491,0.2607673406600952
15492,0.2607549726963043
15493,0.23138241469860077
15494,0.23148277401924133
15495,0.23148277401924133
15496,0.23138241469860077
15497,0.23420900106430054
15498,0.23593755066394806
15499,0.23593755066394806
15500,0.23420900106430054
15501,0.2280418425798416
15502,0.2280418425798416
15503,0.24208787083625793
15504,0.24232617020606995
15505,0.24232617020606995
15506,0.24208787083625793
15507,0.20766034722328186
15508,0.2087518721818924
15509,0.2087518721818924
15510,0.20766034722328186
15511,0.24872849881649017
15512,0.2487088441848755
15513,0.2487088441848755
15514,0.24872849881649017
15515,0.226129949092865
15516,0.226129949092865
15517,0.2332853376865387
15518,0.2332853376865387
15519,0.2663353979587555
15520,0.26701244711875916
15521,0.26701244711875916
15522,0.2663353681564331
15523,0.2346024215221405
15524,0.23444359004497528
15525,0.23444359004497528
15526,0.2346024215221405
15527,0.22372640669345856
15528,0.22372640669345856
15529,0.24016931653022766
15530,0.24016931653022766
15531,0.22283577919006348
15532,0.22205381095409393
15533,0.22205381095409393
15534,0.22283577919006348
15535,0.21310986578464508
15536,0.21310986578464508
15537,0.22971172630786896
15538,0.23024627566337585
15539,0.23024627566337585
15540,0.22971172630786896
15541,0.21332786977291107
15542,0.21354219317436218
15543,0.21354219317436218
15544,0.21332786977291107
15545,0.21696341037750244
15546,0.21553444862365723
15547,0.21553444862365723
15548,0.21696341037750244
15549,0.21394334733486176
15550,0.21394334733486176
15551,0.21991975605487823
15552,0.22137023508548737
15553,0.22137023508548737
15554,0.21991975605487823
15555,0.19537319242954254
15556,0.19420269131660461
15557,0.19420269131660461
15558,0.19537319242954254
15559,0.2229757159948349
15560,0.22304539382457733
15561,0.22304539382457733
15562,0.2229757159948349
15563,0.2154233306646347
15564,0.2154233306646347
15565,0.20926761627197266
15566,0.20926761627197266
15567,0.24711719155311584
15568,0.2471560835838318
15569,0.2471560835838318
15570,0.24711719155311584
15571,0.2107965350151062
15572,0.210758239030838
15573,0.210758239030838
15574,0.2107965350151062
15575,0.2193872183561325
15576,0.2193872183561325
15577,0.22168217599391937
15578,0.22168217599391937
15579,0.23714317381381989
15580,0.23740117251873016
15581,0.23740117251873016
15582,0.23714317381381989
15583,0.21625366806983948
15584,0.21648479998111725
15585,0.21648479998111725
15586,0.21625366806983948
15587,0.22678661346435547
15588,0.22678661346435547
15589,0.22388309240341187
15590,0.2238691747188568
15591,0.2238691747188568
15592,0.22388309240341187
15593,0.23464445769786835
15594,0.2349463552236557
15595,0.2349463552236557
15596,0.23464445769786835
15597,0.22887958586215973
15598,0.22872601449489594
15599,0.22872601449489594
15600,0.22887958586215973
15601,0.2299220710992813
15602,0.23097935318946838
15603,0.23097935318946838
15604,0.2299220710992813
15605,0.22544707357883453
15606,0.22544707357883453
15607,0.2346479743719101
15608,0.23483237624168396
15609,0.23483237624168396
15610,0.2346479743719101
15611,0.2218155562877655
15612,0.22270284593105316
15613,0.22270284593105316
15614,0.2218155562877655
15615,0.23770928382873535
15616,0.2377246618270874
15617,0.2377246618270874
15618,0.23770928382873535
15619,0.21893402934074402
15620,0.21893402934074402
15621,0.2812851071357727
15622,0.28175362944602966
15623,0.28175362944602966
15624,0.2812851071357727
15625,0.22583189606666565
15626,0.22583189606666565
15627,0.26578378677368164
15628,0.2667379677295685
15629,0.2667379677295685
15630,0.26578378677368164
15631,0.2244952917098999
15632,0.22488480806350708
15633,0.22488480806350708
15634,0.2244952917098999
15635,0.22655510902404785
15636,0.22660881280899048
15637,0.22660881280899048
15638,0.22655510902404785
15639,0.2304365187883377
15640,0.2304365187883377
15641,0.2574639320373535
15642,0.25887271761894226
15643,0.25887271761894226
15644,0.2574639320373535
15645,0.2317890077829361
15646,0.2317889928817749
15647,0.20109815895557404
15648,0.20109815895557404
15649,0.20150139927864075
15650,0.2010863870382309
15651,0.2010863870382309
15652,0.20150139927864075
15653,0.20642822980880737
15654,0.20642822980880737
15655,0.2096879482269287
15656,0.20930153131484985
15657,0.20930153131484985
15658,0.2096879482269287
15659,0.2034476399421692
15660,0.20393477380275726
15661,0.20393477380275726
15662,0.2034476399421692
15663,0.21903397142887115
15664,0.21903397142887115
15665,0.20337268710136414
15666,0.20337268710136414
15667,0.2784025967121124
15668,0.2793353199958801
15669,0.2793353199958801
15670,0.2784025967121124
15671,0.20037151873111725
15672,0.2002825289964676
15673,0.2002825289964676
15674,0.20037151873111725
15675,0.22518448531627655
15676,0.22518448531627655
15677,0.2076706886291504
15678,0.2076706886291504
15679,0.21493571996688843
15680,0.21493571996688843
15681,0.2131713181734085
15682,0.21316802501678467
15683,0.21316802501678467
15684,0.2131713181734085
15685,0.21803182363510132
15686,0.21803182363510132
15687,0.2167261838912964
15688,0.21696683764457703
15689,0.21696683764457703
15690,0.2167261838912964
15691,0.21826699376106262
15692,0.21826699376106262
15693,0.21607272326946259
15694,0.21600908041000366
15695,0.21600908041000366
15696,0.21607272326946259
15697,0.21350543200969696
15698,0.21350543200969696
15699,0.2180655151605606
15700,0.2180389165878296
15701,0.2180389165878296
15702,0.2180655151605606
15703,0.22298777103424072
15704,0.22298777103424072
15705,0.20431870222091675
15706,0.20434901118278503
15707,0.20434901118278503
15708,0.20431870222091675
15709,0.21352261304855347
15710,0.21352261304855347
15711,0.20054873824119568
15712,0.20054873824119568
15713,0.19991165399551392
15714,0.20031733810901642
15715,0.20031733810901642
15716,0.19991165399551392
15717,0.20399868488311768
15718,0.20399868488311768
15719,0.20422206819057465
15720,0.20590528845787048
15721,0.20590528845787048
15722,0.20422206819057465
15723,0.2006865292787552
15724,0.1979716569185257
15725,0.1979716569185257
15726,0.2006865292787552
15727,0.2131384015083313
15728,0.2131384015083313
15729,0.1980450451374054
15730,0.1980450451374054
15731,0.2473295032978058
15732,0.24580006301403046
15733,0.24580006301403046
15734,0.2473295032978058
15735,0.19639405608177185
15736,0.19636058807373047
15737,0.19636058807373047
15738,0.19639405608177185
15739,0.21208302676677704
15740,0.21208302676677704
15741,0.2059289962053299
15742,0.2059289962053299
15743,0.23603354394435883
15744,0.2358761876821518
15745,0.2358761876821518
15746,0.23603354394435883
15747,0.22662478685379028
15748,0.22662478685379028
15749,0.2587217688560486
15750,0.2590426504611969
15751,0.2590426504611969
15752,0.2587217688560486
15753,0.22607116401195526
15754,0.2260110229253769
15755,0.2260110229253769
15756,0.22607116401195526
15757,0.23813170194625854
15758,0.2355949878692627
15759,0.2355949878692627
15760,0.23813170194625854
15761,0.22299927473068237
15762,0.22299927473068237
15763,0.23588818311691284
15764,0.2367783635854721
15765,0.2367783635854721
15766,0.23588818311691284
15767,0.198141947388649
15768,0.19751356542110443
15769,0.19751356542110443
15770,0.198141947388649
15771,0.24460120499134064
15772,0.2445601522922516
15773,0.2445601522922516
15774,0.24460121989250183
15775,0.2200278639793396
15776,0.2200278639793396
15777,0.22408995032310486
15778,0.22408995032310486
15779,0.2567440867424011
15780,0.25774672627449036
15781,0.25774672627449036
15782,0.2567440867424011
15783,0.22635923326015472
15784,0.22624003887176514
15785,0.22624003887176514
15786,0.22635923326015472
15787,0.21602869033813477
15788,0.21602869033813477
15789,0.23288370668888092
15790,0.23288370668888092
15791,0.26253557205200195
15792,0.2636258006095886
15793,0.2636258006095886
15794,0.26253557205200195
15795,0.277559757232666
15796,0.2751995325088501
15797,0.2751995325088501
15798,0.277559757232666
15799,0.29428014159202576
15800,0.295114666223526
15801,0.295114666223526
15802,0.29428014159202576
15803,0.21875356137752533
15804,0.21919956803321838
15805,0.21919956803321838
15806,0.21875357627868652
15807,0.22982852160930634
15808,0.22982853651046753
15809,0.23822201788425446
15810,0.2352384477853775
15811,0.2352384477853775
15812,0.23822201788425446
15813,0.24838237464427948
15814,0.2488050013780594
15815,0.2488050013780594
15816,0.24838237464427948
15817,0.249317467212677
15818,0.24974799156188965
15819,0.24974799156188965
15820,0.249317467212677
15821,0.26643067598342896
15822,0.25334420800209045
15823,0.25334420800209045
15824,0.26643067598342896
15825,0.265301376581192
15826,0.2653718888759613
15827,0.2653718888759613
15828,0.265301376581192
15829,0.2463223934173584
15830,0.24421176314353943
15831,0.24421176314353943
15832,0.2463223934173584
15833,0.2407950609922409
15834,0.24097903072834015
15835,0.24097903072834015
15836,0.2407950609922409
15837,0.23494239151477814
15838,0.2295130342245102
15839,0.2295130342245102
15840,0.23494239151477814
15841,0.24072597920894623
15842,0.24072597920894623
15843,0.268716424703598
15844,0.26903170347213745
15845,0.26903170347213745
15846,0.268716424703598
15847,0.2493964582681656
15848,0.247444748878479
15849,0.247444748878479
15850,0.2493964582681656
15851,0.26989296078681946
15852,0.26961982250213623
15853,0.26961982250213623
15854,0.26989296078681946
15855,0.2338990867137909
15856,0.2359646111726761
15857,0.2359646111726761
15858,0.2338990867137909
15859,0.2353193759918213
15860,0.2353193759918213
15861,0.3100430369377136
15862,0.3103927969932556
15863,0.3103927969932556
15864,0.3100430369377136
15865,0.26424306631088257
15866,0.26424306631088257
15867,0.25011786818504333
15868,0.24673911929130554
15869,0.24673911929130554
15870,0.25011783838272095
15871,0.2773679196834564
15872,0.27653735876083374
15873,0.27653735876083374
15874,0.2773679494857788
15875,0.3166158199310303
15876,0.3209855258464813
15877,0.3209855258464813
15878,0.3166158199310303
15879,0.28016602993011475
15880,0.28078433871269226
15881,0.28078433871269226
15882,0.28016602993011475
15883,0.3216671943664551
15884,0.3243456184864044
15885,0.3243456184864044
15886,0.3216671943664551
15887,0.3099598288536072
15888,0.3087053596973419
15889,0.3087053596973419
15890,0.3099598288536072
15891,0.2250797301530838
15892,0.2250939905643463
15893,0.2250939905643463
15894,0.2250797301530838
15895,0.2213950902223587
15896,0.22138923406600952
15897,0.22138923406600952
15898,0.2213950902223587
15899,0.2665463984012604
15900,0.2665463984012604
15901,0.2878296673297882
15902,0.2889428734779358
15903,0.2889428734779358
15904,0.2878296673297882
15905,0.21054692566394806
15906,0.21061450242996216
15907,0.21061450242996216
15908,0.21054692566394806
15909,0.3496282696723938
15910,0.3533483147621155
15911,0.3533483147621155
15912,0.3496282696723938
15913,0.26396554708480835
15914,0.26396554708480835
15915,0.233452707529068
15916,0.23390428721904755
15917,0.23390428721904755
15918,0.233452707529068
15919,0.2286890298128128
15920,0.2290560007095337
15921,0.2290560007095337
15922,0.2286890298128128
15923,0.3060893714427948
15924,0.3077237606048584
15925,0.3077237606048584
15926,0.3060893714427948
15927,0.21916316449642181
15928,0.21915332973003387
15929,0.21915332973003387
15930,0.21916316449642181
15931,0.2396915853023529
15932,0.23960334062576294
15933,0.23960334062576294
15934,0.2396916002035141
15935,0.21719403564929962
15936,0.21858784556388855
15937,0.21858784556388855
15938,0.21719403564929962
15939,0.27771902084350586
15940,0.273312509059906
15941,0.273312509059906
15942,0.27771902084350586
15943,0.25425103306770325
15944,0.2546365261077881
15945,0.2546365261077881
15946,0.25425103306770325
15947,0.21820449829101562
15948,0.219074547290802
15949,0.219074547290802
15950,0.21820449829101562
15951,0.2757267653942108
15952,0.2762301564216614
15953,0.2762301564216614
15954,0.2757267653942108
15955,0.25450703501701355
15956,0.25450703501701355
15957,0.30605626106262207
15958,0.2943271994590759
15959,0.2943271994590759
15960,0.30605626106262207
15961,0.2620367705821991
15962,0.2620367705821991
15963,0.27299875020980835
15964,0.27385368943214417
15965,0.27385368943214417
15966,0.27299875020980835
15967,0.27329492568969727
15968,0.2756083309650421
15969,0.2756083309650421
15970,0.27329492568969727
15971,0.28549760580062866
15972,0.28634965419769287
15973,0.28634965419769287
15974,0.28549760580062866
15975,0.26817864179611206
15976,0.26794037222862244
15977,0.26794037222862244
15978,0.26817864179611206
15979,0.2530314326286316
15980,0.2530314326286316
15981,0.2275969684123993
15982,0.2275969684123993
15983,0.22209660708904266
15984,0.2223217487335205
15985,0.2223217487335205
15986,0.22209660708904266
15987,0.22339387238025665
15988,0.2223168909549713
15989,0.2223168909549713
15990,0.22339387238025665
15991,0.20573173463344574
15992,0.20573173463344574
15993,0.20263656973838806
15994,0.19943685829639435
15995,0.19943685829639435
15996,0.20263656973838806
15997,0.2069636881351471
15998,0.20724298059940338
15999,0.20724298059940338
16000,0.2069636881351471
16001,0.2031816840171814
16002,0.2031707912683487
16003,0.2031707912683487
16004,0.2031816840171814
16005,0.2083045393228531
16006,0.20386682450771332
16007,0.20386682450771332
16008,0.2083045393228531
16009,0.21159116923809052
16010,0.21159116923809052
16011,0.21921129524707794
16012,0.21611501276493073
16013,0.21611501276493073
16014,0.21921129524707794
16015,0.188724085688591
16016,0.1884356141090393
16017,0.1884356141090393
16018,0.188724085688591
16019,0.21263538300991058
16020,0.21265177428722382
16021,0.21265177428722382
16022,0.21263538300991058
16023,0.22063133120536804
16024,0.22063133120536804
16025,0.20512604713439941
16026,0.20512604713439941
16027,0.2525878846645355
16028,0.25186777114868164
16029,0.25186777114868164
16030,0.2525878846645355
16031,0.19889330863952637
16032,0.19904980063438416
16033,0.19904980063438416
16034,0.19889332354068756
16035,0.20055875182151794
16036,0.20064884424209595
16037,0.20064884424209595
16038,0.20055875182151794
16039,0.22362688183784485
16040,0.22362688183784485
16041,0.24386288225650787
16042,0.23883719742298126
16043,0.23883719742298126
16044,0.24386288225650787
16045,0.21153229475021362
16046,0.21153229475021362
16047,0.21996748447418213
16048,0.21996748447418213
16049,0.2214958816766739
16050,0.2210421860218048
16051,0.2210421860218048
16052,0.2214958816766739
16053,0.23807722330093384
16054,0.23807722330093384
16055,0.24342942237854004
16056,0.24400514364242554
16057,0.24400514364242554
16058,0.24342942237854004
16059,0.22342225909233093
16060,0.22279924154281616
16061,0.22279924154281616
16062,0.22342225909233093
16063,0.22586798667907715
16064,0.22586798667907715
16065,0.23968350887298584
16066,0.2390308976173401
16067,0.2390308976173401
16068,0.23968350887298584
16069,0.22434468567371368
16070,0.2242659330368042
16071,0.2242659330368042
16072,0.22434468567371368
16073,0.22650377452373505
16074,0.22650377452373505
16075,0.21588405966758728
16076,0.21545571088790894
16077,0.21545571088790894
16078,0.21588405966758728
16079,0.22952371835708618
16080,0.22952371835708618
16081,0.2221696376800537
16082,0.2221696376800537
16083,0.22648516297340393
16084,0.2265021800994873
16085,0.2265021800994873
16086,0.22648516297340393
16087,0.22267788648605347
16088,0.22267788648605347
16089,0.23047678172588348
16090,0.23123544454574585
16091,0.23123544454574585
16092,0.23047678172588348
16093,0.22144249081611633
16094,0.2200988233089447
16095,0.2200988233089447
16096,0.22144249081611633
16097,0.21948881447315216
16098,0.21948881447315216
16099,0.22513806819915771
16100,0.22513806819915771
16101,0.2240796983242035
16102,0.224075585603714
16103,0.224075585603714
16104,0.2240796983242035
16105,0.22358576953411102
16106,0.22358576953411102
16107,0.2343670278787613
16108,0.2343670278787613
16109,0.21702350676059723
16110,0.21702350676059723
16111,0.21462227404117584
16112,0.21462227404117584
16113,0.21391764283180237
16114,0.21408921480178833
16115,0.21408921480178833
16116,0.21391764283180237
16117,0.2255556583404541
16118,0.22500668466091156
16119,0.22500668466091156
16120,0.2255556583404541
16121,0.23515023291110992
16122,0.236936554312706
16123,0.236936554312706
16124,0.23515023291110992
16125,0.24942266941070557
16126,0.24964287877082825
16127,0.24964287877082825
16128,0.24942266941070557
16129,0.19841952621936798
16130,0.19848646223545074
16131,0.19848646223545074
16132,0.19841952621936798
16133,0.20412874221801758
16134,0.20412874221801758
16135,0.20107336342334747
16136,0.20063690841197968
16137,0.20063690841197968
16138,0.20107336342334747
16139,0.21435050666332245
16140,0.21437272429466248
16141,0.21437272429466248
16142,0.21435050666332245
16143,0.22432097792625427
16144,0.2193109393119812
16145,0.2193109393119812
16146,0.22432097792625427
16147,0.2213324010372162
16148,0.2211431860923767
16149,0.2211431860923767
16150,0.2213324010372162
16151,0.20530001819133759
16152,0.20486687123775482
16153,0.20486687123775482
16154,0.20530001819133759
16155,0.21252156794071198
16156,0.21258820593357086
16157,0.21258820593357086
16158,0.21252156794071198
16159,0.2009963095188141
16160,0.20134936273097992
16161,0.20134936273097992
16162,0.2009963095188141
16163,0.21215856075286865
16164,0.21215856075286865
16165,0.2179141491651535
16166,0.21761861443519592
16167,0.21761861443519592
16168,0.2179141491651535
16169,0.20602300763130188
16170,0.20625822246074677
16171,0.20625822246074677
16172,0.20602300763130188
16173,0.2168157398700714
16174,0.21674758195877075
16175,0.21674758195877075
16176,0.2168157398700714
16177,0.21041172742843628
16178,0.2092730700969696
16179,0.2092730700969696
16180,0.21041172742843628
16181,0.22235222160816193
16182,0.22235222160816193
16183,0.24809226393699646
16184,0.2488676756620407
16185,0.2488676756620407
16186,0.24809226393699646
16187,0.20787781476974487
16188,0.20787781476974487
16189,0.21368904411792755
16190,0.21312512457370758
16191,0.21312512457370758
16192,0.21368904411792755
16193,0.22178632020950317
16194,0.22380457818508148
16195,0.22380457818508148
16196,0.22178632020950317
16197,0.24863143265247345
16198,0.24900223314762115
16199,0.24900223314762115
16200,0.24863143265247345
16201,0.22748200595378876
16202,0.22829443216323853
16203,0.22829443216323853
16204,0.22748200595378876
16205,0.27395176887512207
16206,0.2742413282394409
16207,0.2742413282394409
16208,0.27395176887512207
16209,0.2490721344947815
16210,0.24991533160209656
16211,0.24991533160209656
16212,0.2490721344947815
16213,0.20930595695972443
16214,0.20932425558567047
16215,0.20932425558567047
16216,0.20930595695972443
16217,0.19151729345321655
16218,0.1915336549282074
16219,0.1915336549282074
16220,0.19151729345321655
16221,0.2292340099811554
16222,0.2298380732536316
16223,0.2298380732536316
16224,0.2292340099811554
16225,0.28527775406837463
16226,0.2832243740558624
16227,0.2832243740558624
16228,0.28527775406837463
16229,0.24690765142440796
16230,0.24690765142440796
16231,0.20732147991657257
16232,0.2073325663805008
16233,0.2073325663805008
16234,0.20732147991657257
16235,0.20280241966247559
16236,0.2028885781764984
16237,0.2028885781764984
16238,0.20280241966247559
16239,0.2509540319442749
16240,0.2513146698474884
16241,0.2513146698474884
16242,0.2509540319442749
16243,0.20375454425811768
16244,0.20377391576766968
16245,0.20377391576766968
16246,0.20375454425811768
16247,0.2013459950685501
16248,0.20130112767219543
16249,0.20130112767219543
16250,0.2013459950685501
16251,0.1879836618900299
16252,0.1876196265220642
16253,0.1876196265220642
16254,0.1879836767911911
16255,0.221578910946846
16256,0.21937762200832367
16257,0.21937762200832367
16258,0.221578910946846
16259,0.1874006688594818
16260,0.18741671741008759
16261,0.18741671741008759
16262,0.1874006688594818
16263,0.22657163441181183
16264,0.22791674733161926
16265,0.22791674733161926
16266,0.22657163441181183
16267,0.22489187121391296
16268,0.22489187121391296
16269,0.24586226046085358
16270,0.2407371997833252
16271,0.2407371997833252
16272,0.24586226046085358
16273,0.2206268459558487
16274,0.2206268459558487
16275,0.2365460991859436
16276,0.236729234457016
16277,0.236729234457016
16278,0.2365460991859436
16279,0.22019873559474945
16280,0.22168008983135223
16281,0.22168008983135223
16282,0.22019873559474945
16283,0.2333172857761383
16284,0.23557640612125397
16285,0.23557640612125397
16286,0.2333172857761383
16287,0.21786479651927948
16288,0.21786479651927948
16289,0.25501498579978943
16290,0.2549779415130615
16291,0.2549779415130615
16292,0.25501498579978943
16293,0.2452625185251236
16294,0.2452625185251236
16295,0.26511597633361816
16296,0.26664698123931885
16297,0.26664698123931885
16298,0.26511597633361816
16299,0.23992064595222473
16300,0.23958590626716614
16301,0.23958590626716614
16302,0.23992064595222473
16303,0.23388923704624176
16304,0.23388923704624176
16305,0.2535625696182251
16306,0.2538665235042572
16307,0.2538665235042572
16308,0.2535625696182251
16309,0.2613385021686554
16310,0.2613385021686554
16311,0.20643523335456848
16312,0.20643523335456848
16313,0.18773995339870453
16314,0.18500377237796783
16315,0.18500377237796783
16316,0.18773995339870453
16317,0.21703603863716125
16318,0.21703603863716125
16319,0.20483934879302979
16320,0.20376615226268768
16321,0.20376615226268768
16322,0.20483934879302979
16323,0.21866613626480103
16324,0.21866613626480103
16325,0.21502618491649628
16326,0.21502618491649628
16327,0.21378803253173828
16328,0.21359701454639435
16329,0.21359701454639435
16330,0.21378803253173828
16331,0.20609042048454285
16332,0.20609042048454285
16333,0.17022496461868286
16334,0.1689356416463852
16335,0.1689356416463852
16336,0.17022496461868286
16337,0.2123534232378006
16338,0.2123534232378006
16339,0.2001301348209381
16340,0.20007126033306122
16341,0.20007126033306122
16342,0.2001301348209381
16343,0.19367852807044983
16344,0.19367852807044983
16345,0.15609970688819885
16346,0.15675416588783264
16347,0.15675416588783264
16348,0.15609970688819885
16349,0.2019093781709671
16350,0.2019093781709671
16351,0.183624729514122
16352,0.18375131487846375
16353,0.18375131487846375
16354,0.183624729514122
16355,0.22175025939941406
16356,0.22175025939941406
16357,0.2102992981672287
16358,0.21063163876533508
16359,0.21063163876533508
16360,0.2102992981672287
16361,0.2279559224843979
16362,0.22767965495586395
16363,0.22767965495586395
16364,0.2279559224843979
16365,0.21115441620349884
16366,0.21115441620349884
16367,0.2206524908542633
16368,0.22085212171077728
16369,0.22085212171077728
16370,0.2206524908542633
16371,0.21566517651081085
16372,0.21457649767398834
16373,0.21457649767398834
16374,0.21566517651081085
16375,0.21032150089740753
16376,0.20772022008895874
16377,0.20772022008895874
16378,0.21032150089740753
16379,0.21748560667037964
16380,0.21748560667037964
16381,0.22774426639080048
16382,0.228623628616333
16383,0.228623628616333
16384,0.22774426639080048
16385,0.2157549411058426
16386,0.21534796059131622
16387,0.21534796059131622
16388,0.2157549411058426
16389,0.22915019094944
16390,0.22904106974601746
16391,0.22904106974601746
16392,0.22915019094944
16393,0.22246304154396057
16394,0.22246304154396057
16395,0.22029510140419006
16396,0.22029510140419006
16397,0.28208547830581665
16398,0.2843524217605591
16399,0.2843524217605591
16400,0.28208547830581665
16401,0.20717987418174744
16402,0.20745837688446045
16403,0.20745837688446045
16404,0.20717987418174744
16405,0.23517650365829468
16406,0.23517650365829468
16407,0.22224384546279907
16408,0.22224384546279907
16409,0.21131014823913574
16410,0.21131014823913574
16411,0.20939987897872925
16412,0.2092887908220291
16413,0.2092887908220291
16414,0.20939987897872925
16415,0.22987863421440125
16416,0.22987863421440125
16417,0.23321257531642914
16418,0.23301652073860168
16419,0.23301652073860168
16420,0.23321257531642914
16421,0.2580673396587372
16422,0.26192429661750793
16423,0.26192429661750793
16424,0.2580673396587372
16425,0.2685604393482208
16426,0.26896995306015015
16427,0.26896995306015015
16428,0.2685604393482208
16429,0.28890955448150635
16430,0.28979426622390747
16431,0.28979426622390747
16432,0.28890955448150635
16433,0.2136266976594925
16434,0.2139992117881775
16435,0.2139992117881775
16436,0.2136266976594925
16437,0.2227628380060196
16438,0.2227628380060196
16439,0.23375532031059265
16440,0.22875969111919403
16441,0.22875969111919403
16442,0.23375532031059265
16443,0.24401025474071503
16444,0.2446039319038391
16445,0.2446039319038391
16446,0.24401025474071503
16447,0.25951799750328064
16448,0.2596062421798706
16449,0.2596062421798706
16450,0.25951799750328064
16451,0.23818272352218628
16452,0.2367841899394989
16453,0.2367841899394989
16454,0.23818272352218628
16455,0.2353048324584961
16456,0.23548389971256256
16457,0.23548389971256256
16458,0.2353048324584961
16459,0.2325848937034607
16460,0.22388072311878204
16461,0.22388072311878204
16462,0.2325848937034607
16463,0.23485638201236725
16464,0.23485638201236725
16465,0.2669665217399597
16466,0.26536011695861816
16467,0.26536011695861816
16468,0.2669665217399597
16469,0.2424505650997162
16470,0.2420978844165802
16471,0.2420978844165802
16472,0.2424505650997162
16473,0.26206016540527344
16474,0.26214563846588135
16475,0.26214563846588135
16476,0.26206016540527344
16477,0.2342071682214737
16478,0.23816129565238953
16479,0.23816129565238953
16480,0.2342071682214737
16481,0.23371312022209167
16482,0.23371312022209167
16483,0.2991817891597748
16484,0.3012455105781555
16485,0.3012455105781555
16486,0.2991817891597748
16487,0.26261013746261597
16488,0.26261013746261597
16489,0.3094020187854767
16490,0.3087581396102905
16491,0.3087581396102905
16492,0.3094020187854767
16493,0.27230533957481384
16494,0.2730129659175873
16495,0.2730129659175873
16496,0.27230533957481384
16497,0.31246837973594666
16498,0.31319743394851685
16499,0.31319743394851685
16500,0.31246837973594666
16501,0.21919596195220947
16502,0.21920037269592285
16503,0.21920037269592285
16504,0.21919596195220947
16505,0.21826587617397308
16506,0.2183125615119934
16507,0.2183125615119934
16508,0.21826587617397308
16509,0.2841354012489319
16510,0.2783939242362976
16511,0.2783939242362976
16512,0.2841354012489319
16513,0.3341147303581238
16514,0.3413282036781311
16515,0.3413282036781311
16516,0.3341147303581238
16517,0.22883567214012146
16518,0.2293347418308258
16519,0.2293347418308258
16520,0.22883567214012146
16521,0.22435101866722107
16522,0.2244071513414383
16523,0.2244071513414383
16524,0.22435101866722107
16525,0.21431663632392883
16526,0.21430227160453796
16527,0.21430227160453796
16528,0.21431663632392883
16529,0.23025894165039062
16530,0.23039013147354126
16531,0.23039013147354126
16532,0.23025894165039062
16533,0.2715178430080414
16534,0.2658591866493225
16535,0.2658591866493225
16536,0.2715178430080414
16537,0.24861770868301392
16538,0.24861770868301392
16539,0.3027682304382324
16540,0.2903987765312195
16541,0.2903987765312195
16542,0.3027682304382324
16543,0.26930344104766846
16544,0.2702043950557709
16545,0.2702043950557709
16546,0.26930344104766846
16547,0.26478976011276245
16548,0.26639261841773987
16549,0.26639261841773987
16550,0.26478976011276245
16551,0.2717943787574768
16552,0.2721492052078247
16553,0.2721492052078247
16554,0.2717943787574768
16555,0.2468985766172409
16556,0.2468985766172409
16557,0.21274396777153015
16558,0.21249859035015106
16559,0.21249859035015106
16560,0.21274396777153015
16561,0.21593286097049713
16562,0.21593286097049713
16563,0.22609011828899384
16564,0.22501777112483978
16565,0.22501777112483978
16566,0.22609011828899384
16567,0.22485151886940002
16568,0.22488752007484436
16569,0.22488752007484436
16570,0.22485151886940002
16571,0.2250824123620987
16572,0.2250824123620987
16573,0.2049589306116104
16574,0.20496143400669098
16575,0.20496143400669098
16576,0.2049589306116104
16577,0.23388896882534027
16578,0.23388896882534027
16579,0.21563078463077545
16580,0.21563078463077545
16581,0.21750062704086304
16582,0.21730493009090424
16583,0.21730493009090424
16584,0.21750062704086304
16585,0.19841748476028442
16586,0.19859373569488525
16587,0.19859373569488525
16588,0.19841748476028442
16589,0.2053454965353012
16590,0.2053454965353012
16591,0.19709733128547668
16592,0.19701550900936127
16593,0.19701550900936127
16594,0.19709733128547668
16595,0.21723416447639465
16596,0.2174954116344452
16597,0.2174954116344452
16598,0.21723416447639465
16599,0.2092486321926117
16600,0.20825476944446564
16601,0.20825476944446564
16602,0.2092486321926117
16603,0.20739686489105225
16604,0.20479905605316162
16605,0.20479905605316162
16606,0.20739686489105225
16607,0.21367093920707703
16608,0.21367093920707703
16609,0.21261420845985413
16610,0.21561706066131592
16611,0.21561706066131592
16612,0.21261420845985413
16613,0.19331341981887817
16614,0.19358134269714355
16615,0.19358134269714355
16616,0.19331341981887817
16617,0.2229939103126526
16618,0.2228715717792511
16619,0.2228715717792511
16620,0.2229939103126526
16621,0.20187443494796753
16622,0.20307014882564545
16623,0.20307014882564545
16624,0.20187443494796753
16625,0.21935351192951202
16626,0.21935351192951202
16627,0.2570354640483856
16628,0.256181538105011
16629,0.256181538105011
16630,0.2570354640483856
16631,0.19806469976902008
16632,0.19806469976902008
16633,0.2269386649131775
16634,0.22746725380420685
16635,0.22746725380420685
16636,0.2269386649131775
16637,0.26380982995033264
16638,0.26759275794029236
16639,0.26759275794029236
16640,0.26380982995033264
16641,0.20293660461902618
16642,0.20295552909374237
16643,0.20295552909374237
16644,0.20293660461902618
16645,0.1904870718717575
16646,0.19051098823547363
16647,0.19051098823547363
16648,0.1904870718717575
16649,0.1991581916809082
16650,0.1993080973625183
16651,0.1993080973625183
16652,0.1991581916809082
16653,0.20368775725364685
16654,0.20367765426635742
16655,0.20367765426635742
16656,0.20368775725364685
16657,0.21897101402282715
16658,0.21897101402282715
16659,0.2483401596546173
16660,0.24299515783786774
16661,0.24299515783786774
16662,0.2483401596546173
16663,0.2229955941438675
16664,0.22528326511383057
16665,0.22528326511383057
16666,0.2229955941438675
16667,0.22426153719425201
16668,0.22426153719425201
16669,0.2208613008260727
16670,0.2208613008260727
16671,0.21945154666900635
16672,0.21935681998729706
16673,0.21935681998729706
16674,0.21945154666900635
16675,0.21989816427230835
16676,0.21892741322517395
16677,0.21892741322517395
16678,0.21989816427230835
16679,0.21433065831661224
16680,0.21433065831661224
16681,0.2102217823266983
16682,0.2100563943386078
16683,0.2100563943386078
16684,0.2102217823266983
16685,0.21421343088150024
16686,0.212200328707695
16687,0.212200328707695
16688,0.21421343088150024
16689,0.21592475473880768
16690,0.21592475473880768
16691,0.20975880324840546
16692,0.21043477952480316
16693,0.21043477952480316
16694,0.20975880324840546
16695,0.18774938583374023
16696,0.18545155227184296
16697,0.18545155227184296
16698,0.18774938583374023
16699,0.2192472666501999
16700,0.21924301981925964
16701,0.21924301981925964
16702,0.2192472517490387
16703,0.21510334312915802
16704,0.21510334312915802
16705,0.2016136646270752
16706,0.2016136646270752
16707,0.24186556041240692
16708,0.24092921614646912
16709,0.24092921614646912
16710,0.24186556041240692
16711,0.20343910157680511
16712,0.2034793198108673
16713,0.2034793198108673
16714,0.20343910157680511
16715,0.21670356392860413
16716,0.21670356392860413
16717,0.22131676971912384
16718,0.22131676971912384
16719,0.23767538368701935
16720,0.23767538368701935
16721,0.2386772185564041
16722,0.23864994943141937
16723,0.23864994943141937
16724,0.2386772185564041
16725,0.23887884616851807
16726,0.2396017163991928
16727,0.2396017163991928
16728,0.23887884616851807
16729,0.24128292500972748
16730,0.24365155398845673
16731,0.24365155398845673
16732,0.24128292500972748
16733,0.27902752161026
16734,0.28008565306663513
16735,0.28008565306663513
16736,0.27902752161026
16737,0.21380284428596497
16738,0.21446725726127625
16739,0.21446725726127625
16740,0.21380284428596497
16741,0.22055238485336304
16742,0.22055238485336304
16743,0.21697044372558594
16744,0.21522070467472076
16745,0.21522070467472076
16746,0.21697044372558594
16747,0.24049869179725647
16748,0.2410663217306137
16749,0.2410663217306137
16750,0.24049869179725647
16751,0.24075078964233398
16752,0.23740032315254211
16753,0.23740032315254211
16754,0.24075078964233398
16755,0.25127342343330383
16756,0.25144830346107483
16757,0.25144830346107483
16758,0.25127342343330383
16759,0.22545799612998962
16760,0.22546496987342834
16761,0.22546496987342834
16762,0.22545799612998962
16763,0.23082804679870605
16764,0.2308775782585144
16765,0.2308775782585144
16766,0.23082804679870605
16767,0.23345360159873962
16768,0.22324426472187042
16769,0.22324426472187042
16770,0.23345360159873962
16771,0.2251061052083969
16772,0.2251061052083969
16773,0.23908773064613342
16774,0.24006551504135132
16775,0.24006551504135132
16776,0.23908773064613342
16777,0.21685729920864105
16778,0.21773897111415863
16779,0.21773897111415863
16780,0.21685729920864105
16781,0.24443794786930084
16782,0.24470597505569458
16783,0.24470597505569458
16784,0.24443794786930084
16785,0.2135227769613266
16786,0.21910126507282257
16787,0.21910126507282257
16788,0.2135227769613266
16789,0.22717642784118652
16790,0.22717642784118652
16791,0.28724443912506104
16792,0.28824523091316223
16793,0.28824523091316223
16794,0.28724443912506104
16795,0.2279508113861084
16796,0.2279508113861084
16797,0.23110279440879822
16798,0.2317088395357132
16799,0.2317088395357132
16800,0.23110279440879822
16801,0.2508947253227234
16802,0.2469853013753891
16803,0.2469853013753891
16804,0.2508947253227234
16805,0.2956777811050415
16806,0.28987082839012146
16807,0.28987082839012146
16808,0.2956777811050415
16809,0.24749842286109924
16810,0.24778392910957336
16811,0.24778392910957336
16812,0.24749842286109924
16813,0.28554028272628784
16814,0.28273066878318787
16815,0.28273066878318787
16816,0.28554028272628784
16817,0.2700110673904419
16818,0.2594502866268158
16819,0.2594502866268158
16820,0.2700110673904419
16821,0.2208532691001892
16822,0.22084467113018036
16823,0.22084467113018036
16824,0.2208532691001892
16825,0.21100521087646484
16826,0.21109327673912048
16827,0.21109327673912048
16828,0.21100521087646484
16829,0.264580637216568
16830,0.259626567363739
16831,0.259626567363739
16832,0.264580637216568
16833,0.20513243973255157
16834,0.20538002252578735
16835,0.20538002252578735
16836,0.20513243973255157
16837,0.2856060564517975
16838,0.29094523191452026
16839,0.29094523191452026
16840,0.2856060564517975
16841,0.24598835408687592
16842,0.24598835408687592
16843,0.2274380624294281
16844,0.22801043093204498
16845,0.22801043093204498
16846,0.2274380624294281
16847,0.22130975127220154
16848,0.2214912325143814
16849,0.2214912325143814
16850,0.22130975127220154
16851,0.2574605643749237
16852,0.26154011487960815
16853,0.26154011487960815
16854,0.2574605643749237
16855,0.21360428631305695
16856,0.21358543634414673
16857,0.21358543634414673
16858,0.21360428631305695
16859,0.22733576595783234
16860,0.22761718928813934
16861,0.22761718928813934
16862,0.22733576595783234
16863,0.2031237930059433
16864,0.2033088207244873
16865,0.2033088207244873
16866,0.2031237930059433
16867,0.2441527396440506
16868,0.2440863996744156
16869,0.2440863996744156
16870,0.2441527396440506
16871,0.2034924477338791
16872,0.20348724722862244
16873,0.20348724722862244
16874,0.2034924477338791
16875,0.2525489330291748
16876,0.25660645961761475
16877,0.25660645961761475
16878,0.2525489330291748
16879,0.226542666554451
16880,0.226542666554451
16881,0.2681039869785309
16882,0.26059433817863464
16883,0.26059433817863464
16884,0.2681039869785309
16885,0.23548921942710876
16886,0.23548921942710876
16887,0.2663058638572693
16888,0.2673466205596924
16889,0.2673466205596924
16890,0.2663058638572693
16891,0.24861553311347961
16892,0.2489151656627655
16893,0.2489151656627655
16894,0.24861553311347961
16895,0.23584812879562378
16896,0.2343284636735916
16897,0.2343284636735916
16898,0.23584812879562378
16899,0.24216197431087494
16900,0.24216197431087494
16901,0.23891006410121918
16902,0.23793913424015045
16903,0.23793913424015045
16904,0.23891006410121918
16905,0.22351765632629395
16906,0.22351765632629395
16907,0.22461843490600586
16908,0.22437036037445068
16909,0.22437036037445068
16910,0.22461843490600586
16911,0.23460616171360016
16912,0.23019836843013763
16913,0.23019836843013763
16914,0.23460616171360016
16915,0.22733107209205627
16916,0.22733107209205627
16917,0.23883652687072754
16918,0.24276414513587952
16919,0.24276414513587952
16920,0.23883652687072754
16921,0.2035345733165741
16922,0.20274503529071808
16923,0.20274503529071808
16924,0.2035345733165741
16925,0.2435186207294464
16926,0.24364131689071655
16927,0.24364131689071655
16928,0.2435186207294464
16929,0.22802045941352844
16930,0.22802045941352844
16931,0.229413703083992
16932,0.229413703083992
16933,0.27186474204063416
16934,0.27324673533439636
16935,0.27324673533439636
16936,0.27186474204063416
16937,0.22884397208690643
16938,0.22871501743793488
16939,0.22871501743793488
16940,0.22884397208690643
16941,0.23065684735774994
16942,0.23065684735774994
16943,0.23763275146484375
16944,0.23763275146484375
16945,0.22756169736385345
16946,0.22756169736385345
16947,0.2283725142478943
16948,0.22838276624679565
16949,0.22838276624679565
16950,0.2283725142478943
16951,0.21478505432605743
16952,0.21478505432605743
16953,0.21402834355831146
16954,0.21402834355831146
16955,0.20853151381015778
16956,0.20848777890205383
16957,0.20848777890205383
16958,0.20853151381015778
16959,0.22484485805034637
16960,0.22747161984443665
16961,0.22747161984443665
16962,0.22484485805034637
16963,0.22936946153640747
16964,0.2321806699037552
16965,0.2321806699037552
16966,0.22936946153640747
16967,0.19820784032344818
16968,0.19846928119659424
16969,0.19846928119659424
16970,0.19820784032344818
16971,0.20746470987796783
16972,0.20746470987796783
16973,0.20562154054641724
16974,0.20377664268016815
16975,0.20377664268016815
16976,0.20562154054641724
16977,0.21948178112506866
16978,0.2198016345500946
16979,0.2198016345500946
16980,0.21948178112506866
16981,0.2106652855873108
16982,0.20977340638637543
16983,0.20977340638637543
16984,0.2106652855873108
16985,0.21725232899188995
16986,0.20853795111179352
16987,0.20853795111179352
16988,0.21725232899188995
16989,0.21268701553344727
16990,0.21268701553344727
16991,0.2175138145685196
16992,0.21661974489688873
16993,0.21661974489688873
16994,0.2175138294696808
16995,0.19790521264076233
16996,0.19641125202178955
16997,0.19641125202178955
16998,0.19790521264076233
16999,0.22423018515110016
17000,0.22443881630897522
17001,0.22443881630897522
17002,0.22423018515110016
17003,0.2073725461959839
17004,0.20739664137363434
17005,0.20739664137363434
17006,0.2073725461959839
17007,0.21849015355110168
17008,0.21849015355110168
17009,0.2588523328304291
17010,0.25853103399276733
17011,0.25853103399276733
17012,0.2588523328304291
17013,0.20505155622959137
17014,0.20505155622959137
17015,0.22810636460781097
17016,0.22819273173809052
17017,0.22819273173809052
17018,0.22810636460781097
17019,0.2616727948188782
17020,0.2583315670490265
17021,0.2583315670490265
17022,0.2616727948188782
17023,0.2053961455821991
17024,0.20536229014396667
17025,0.20536229014396667
17026,0.2053961455821991
17027,0.18955540657043457
17028,0.1896277368068695
17029,0.1896277368068695
17030,0.18955540657043457
17031,0.24531187117099762
17032,0.24186629056930542
17033,0.24186629056930542
17034,0.24531187117099762
17035,0.20148859918117523
17036,0.20098979771137238
17037,0.20098979771137238
17038,0.20148859918117523
17039,0.20836950838565826
17040,0.20846214890480042
17041,0.20846214890480042
17042,0.20836950838565826
17043,0.2244184911251068
17044,0.22549468278884888
17045,0.22549468278884888
17046,0.2244184911251068
17047,0.21986515820026398
17048,0.21986515820026398
17049,0.2475961595773697
17050,0.24523450434207916
17051,0.24523450434207916
17052,0.2475961595773697
17053,0.2286769300699234
17054,0.22833406925201416
17055,0.22833406925201416
17056,0.2286769300699234
17057,0.22070936858654022
17058,0.21806927025318146
17059,0.21806927025318146
17060,0.22070936858654022
17061,0.22488117218017578
17062,0.22488117218017578
17063,0.22593015432357788
17064,0.22466926276683807
17065,0.22466926276683807
17066,0.22593015432357788
17067,0.20884931087493896
17068,0.20884931087493896
17069,0.21126288175582886
17070,0.21076737344264984
17071,0.21076737344264984
17072,0.21126288175582886
17073,0.20524868369102478
17074,0.206109419465065
17075,0.206109419465065
17076,0.20524868369102478
17077,0.2187821865081787
17078,0.2187821865081787
17079,0.2203163057565689
17080,0.22042801976203918
17081,0.22042801976203918
17082,0.2203163057565689
17083,0.21074441075325012
17084,0.2105063945055008
17085,0.2105063945055008
17086,0.21074441075325012
17087,0.22873418033123016
17088,0.22873416543006897
17089,0.21365167200565338
17090,0.21365167200565338
17091,0.28654250502586365
17092,0.28803884983062744
17093,0.28803884983062744
17094,0.28654250502586365
17095,0.20676545798778534
17096,0.20670244097709656
17097,0.20670244097709656
17098,0.20676545798778534
17099,0.23956219851970673
17100,0.23956219851970673
17101,0.22074556350708008
17102,0.22074556350708008
17103,0.22288045287132263
17104,0.22254468500614166
17105,0.22254468500614166
17106,0.22288045287132263
17107,0.2324860841035843
17108,0.23224294185638428
17109,0.23224294185638428
17110,0.2324860841035843
17111,0.24875986576080322
17112,0.2494472861289978
17113,0.2494472861289978
17114,0.24875986576080322
17115,0.1989096701145172
17116,0.1990169882774353
17117,0.1990169882774353
17118,0.19890965521335602
17119,0.20260903239250183
17120,0.20260903239250183
17121,0.20002318918704987
17122,0.19867005944252014
17123,0.19867005944252014
17124,0.20002318918704987
17125,0.21296221017837524
17126,0.21302279829978943
17127,0.21302279829978943
17128,0.21296221017837524
17129,0.22203542292118073
17130,0.2221391350030899
17131,0.2221391350030899
17132,0.22203542292118073
17133,0.2043582797050476
17134,0.20371578633785248
17135,0.20371578633785248
17136,0.2043582797050476
17137,0.21197165548801422
17138,0.21200008690357208
17139,0.21200008690357208
17140,0.21197165548801422
17141,0.2042076587677002
17142,0.2024470716714859
17143,0.2024470716714859
17144,0.2042076587677002
17145,0.20773324370384216
17146,0.20773324370384216
17147,0.2173384130001068
17148,0.2165440320968628
17149,0.2165440320968628
17150,0.2173384130001068
17151,0.2068009376525879
17152,0.20585215091705322
17153,0.20585215091705322
17154,0.2068009376525879
17155,0.21620163321495056
17156,0.2162347435951233
17157,0.2162347435951233
17158,0.21620163321495056
17159,0.20849323272705078
17160,0.2070510983467102
17161,0.2070510983467102
17162,0.20849323272705078
17163,0.22018317878246307
17164,0.22018317878246307
17165,0.24998007714748383
17166,0.2500181794166565
17167,0.2500181794166565
17168,0.24998007714748383
17169,0.2065676748752594
17170,0.2065676748752594
17171,0.2493550181388855
17172,0.253657728433609
17173,0.253657728433609
17174,0.2493550181388855
17175,0.22639939188957214
17176,0.2277745008468628
17177,0.2277745008468628
17178,0.22639939188957214
17179,0.2770569920539856
17180,0.27824845910072327
17181,0.27824845910072327
17182,0.2770569920539856
17183,0.2048340141773224
17184,0.20482660830020905
17185,0.20482660830020905
17186,0.2048340141773224
17187,0.19150686264038086
17188,0.19155065715312958
17189,0.19155065715312958
17190,0.19150686264038086
17191,0.23237736523151398
17192,0.232461079955101
17193,0.232461079955101
17194,0.23237736523151398
17195,0.2891877591609955
17196,0.2895260155200958
17197,0.2895260155200958
17198,0.2891877591609955
17199,0.2393287718296051
17200,0.2393287718296051
17201,0.20590631663799286
17202,0.20591646432876587
17203,0.20591646432876587
17204,0.20590631663799286
17205,0.20173630118370056
17206,0.2017107903957367
17207,0.2017107903957367
17208,0.20173630118370056
17209,0.20226159691810608
17210,0.2022596299648285
17211,0.2022596299648285
17212,0.20226159691810608
17213,0.19900451600551605
17214,0.1990342140197754
17215,0.1990342140197754
17216,0.19900451600551605
17217,0.22261904180049896
17218,0.21723005175590515
17219,0.21723005175590515
17220,0.22261904180049896
17221,0.22401955723762512
17222,0.22401955723762512
17223,0.2493569403886795
17224,0.23999552428722382
17225,0.23999552428722382
17226,0.2493569403886795
17227,0.23238646984100342
17228,0.2330850213766098
17229,0.2330850213766098
17230,0.23238646984100342
17231,0.21907676756381989
17232,0.22130002081394196
17233,0.22130002081394196
17234,0.21907676756381989
17235,0.23620837926864624
17236,0.23797139525413513
17237,0.23797139525413513
17238,0.23620837926864624
17239,0.2128574103116989
17240,0.2128574103116989
17241,0.21842218935489655
17242,0.21842218935489655
17243,0.21781665086746216
17244,0.2179384082555771
17245,0.2179384082555771
17246,0.21781665086746216
17247,0.22331656515598297
17248,0.22331656515598297
17249,0.20913589000701904
17250,0.2092604786157608
17251,0.2092604786157608
17252,0.20913589000701904
17253,0.21806100010871887
17254,0.21806100010871887
17255,0.19834081828594208
17256,0.20239891111850739
17257,0.20239891111850739
17258,0.19834081828594208
17259,0.2151513248682022
17260,0.2151513248682022
17261,0.21384018659591675
17262,0.21367096900939941
17263,0.21367096900939941
17264,0.21384018659591675
17265,0.22236481308937073
17266,0.22236481308937073
17267,0.21469128131866455
17268,0.21469128131866455
17269,0.20831172168254852
17270,0.20885370671749115
17271,0.20885370671749115
17272,0.20831172168254852
17273,0.2385207861661911
17274,0.2370721697807312
17275,0.2370721697807312
17276,0.2385207861661911
17277,0.232939675450325
17278,0.2329396903514862
17279,0.24752789735794067
17280,0.24849294126033783
17281,0.24849294126033783
17282,0.24752789735794067
17283,0.23590977489948273
17284,0.23484842479228973
17285,0.23484842479228973
17286,0.23590977489948273
17287,0.2270575612783432
17288,0.2270575612783432
17289,0.22461335361003876
17290,0.22477473318576813
17291,0.22477473318576813
17292,0.22461335361003876
17293,0.2372399866580963
17294,0.2372399866580963
17295,0.20541615784168243
17296,0.20541615784168243
17297,0.20410828292369843
17298,0.20668452978134155
17299,0.20668452978134155
17300,0.20410828292369843
17301,0.2071618288755417
17302,0.2071618288755417
17303,0.20224705338478088
17304,0.20475797355175018
17305,0.20475797355175018
17306,0.20224705338478088
17307,0.19792820513248444
17308,0.1974005103111267
17309,0.1974005103111267
17310,0.19792820513248444
17311,0.20673435926437378
17312,0.20673435926437378
17313,0.19519257545471191
17314,0.19519257545471191
17315,0.24532493948936462
17316,0.24561692774295807
17317,0.24561692774295807
17318,0.24532493948936462
17319,0.19785262644290924
17320,0.19785262644290924
17321,0.19785262644290924
17322,0.19785262644290924
17323,0.21269798278808594
17324,0.21269798278808594
17325,0.21435317397117615
17326,0.21435317397117615
17327,0.2084825336933136
17328,0.20676188170909882
17329,0.20676188170909882
17330,0.2084825336933136
17331,0.21816816926002502
17332,0.21546407043933868
17333,0.21546407043933868
17334,0.21816816926002502
17335,0.22286781668663025
17336,0.22237756848335266
17337,0.22237756848335266
17338,0.22286781668663025
17339,0.189181387424469
17340,0.18909847736358643
17341,0.18909847736358643
17342,0.189181387424469
17343,0.19533707201480865
17344,0.19533707201480865
17345,0.18854542076587677
17346,0.18894636631011963
17347,0.18894636631011963
17348,0.18854542076587677
17349,0.19916312396526337
17350,0.1991368681192398
17351,0.1991368681192398
17352,0.19916312396526337
17353,0.20435555279254913
17354,0.20934057235717773
17355,0.20934057235717773
17356,0.20435555279254913
17357,0.20348192751407623
17358,0.20345211029052734
17359,0.20345211029052734
17360,0.20348192751407623
17361,0.19454500079154968
17362,0.19491513073444366
17363,0.19491513073444366
17364,0.19454500079154968
17365,0.19914735853672028
17366,0.19910085201263428
17367,0.19910085201263428
17368,0.19914735853672028
17369,0.197211354970932
17370,0.20032842457294464
17371,0.20032842457294464
17372,0.197211354970932
17373,0.20149259269237518
17374,0.20149259269237518
17375,0.20069636404514313
17376,0.20032761991024017
17377,0.20032761991024017
17378,0.20069637894630432
17379,0.18143954873085022
17380,0.18200930953025818
17381,0.18200930953025818
17382,0.18143954873085022
17383,0.20117336511611938
17384,0.2011410892009735
17385,0.2011410892009735
17386,0.20117336511611938
17387,0.1952499896287918
17388,0.19396306574344635
17389,0.19396306574344635
17390,0.1952499896287918
17391,0.21411140263080597
17392,0.21411140263080597
17393,0.2195204794406891
17394,0.2201707661151886
17395,0.2201707661151886
17396,0.2195204794406891
17397,0.189121276140213
17398,0.189121276140213
17399,0.20092588663101196
17400,0.2028689980506897
17401,0.2028689980506897
17402,0.20092588663101196
17403,0.2022203803062439
17404,0.2028888314962387
17405,0.2028888314962387
17406,0.2022203952074051
17407,0.2190464586019516
17408,0.21896153688430786
17409,0.21896153688430786
17410,0.2190464586019516
17411,0.20876868069171906
17412,0.20838800072669983
17413,0.20838800072669983
17414,0.20876868069171906
17415,0.2505013346672058
17416,0.2514527440071106
17417,0.2514527440071106
17418,0.2505013346672058
17419,0.22337238490581512
17420,0.22856254875659943
17421,0.22856254875659943
17422,0.22337238490581512
17423,0.19700412452220917
17424,0.1969744861125946
17425,0.1969744861125946
17426,0.19700412452220917
17427,0.17639632523059845
17428,0.1763596385717392
17429,0.1763596385717392
17430,0.17639632523059845
17431,0.20946185290813446
17432,0.21223348379135132
17433,0.21223348379135132
17434,0.20946185290813446
17435,0.1868302971124649
17436,0.18681593239307404
17437,0.18681593239307404
17438,0.1868302971124649
17439,0.2530900537967682
17440,0.25241947174072266
17441,0.25241947174072266
17442,0.2530900835990906
17443,0.2309567928314209
17444,0.2309567928314209
17445,0.1975756734609604
17446,0.19759801030158997
17447,0.19759801030158997
17448,0.1975756734609604
17449,0.19374841451644897
17450,0.1936836987733841
17451,0.1936836987733841
17452,0.19374841451644897
17453,0.22532370686531067
17454,0.2246188521385193
17455,0.2246188521385193
17456,0.22532370686531067
17457,0.19193175435066223
17458,0.1919153779745102
17459,0.1919153779745102
17460,0.19193175435066223
17461,0.19370467960834503
17462,0.1936677247285843
17463,0.1936677247285843
17464,0.19370467960834503
17465,0.17795079946517944
17466,0.17790891230106354
17467,0.17790891230106354
17468,0.17795079946517944
17469,0.20059949159622192
17470,0.20290511846542358
17471,0.20290511846542358
17472,0.20059949159622192
17473,0.17757749557495117
17474,0.17771758139133453
17475,0.17771758139133453
17476,0.17757749557495117
17477,0.21054108440876007
17478,0.20779256522655487
17479,0.20779256522655487
17480,0.21054108440876007
17481,0.21267755329608917
17482,0.21267755329608917
17483,0.21516725420951843
17484,0.22381724417209625
17485,0.22381724417209625
17486,0.21516725420951843
17487,0.2046937495470047
17488,0.2046937495470047
17489,0.21326430141925812
17490,0.21303008496761322
17491,0.21303008496761322
17492,0.21326430141925812
17493,0.20449428260326385
17494,0.20387347042560577
17495,0.20387347042560577
17496,0.20449428260326385
17497,0.21053501963615417
17498,0.20782600343227386
17499,0.20782600343227386
17500,0.21053501963615417
17501,0.20348241925239563
17502,0.20348241925239563
17503,0.20997750759124756
17504,0.20927181839942932
17505,0.20927181839942932
17506,0.20997750759124756
17507,0.21285918354988098
17508,0.21285918354988098
17509,0.21940191090106964
17510,0.21905498206615448
17511,0.21905498206615448
17512,0.21940191090106964
17513,0.21344441175460815
17514,0.21337361633777618
17515,0.21337361633777618
17516,0.21344441175460815
17517,0.21900689601898193
17518,0.21900689601898193
17519,0.21152430772781372
17520,0.21152430772781372
17521,0.20255525410175323
17522,0.2026095986366272
17523,0.2026095986366272
17524,0.20255525410175323
17525,0.22398951649665833
17526,0.22398951649665833
17527,0.21682126820087433
17528,0.21682126820087433
17529,0.21475912630558014
17530,0.21358680725097656
17531,0.21358680725097656
17532,0.21475912630558014
17533,0.22206640243530273
17534,0.22370728850364685
17535,0.22370728850364685
17536,0.22206640243530273
17537,0.23366162180900574
17538,0.23415634036064148
17539,0.23415634036064148
17540,0.23366162180900574
17541,0.19635173678398132
17542,0.19659489393234253
17543,0.19659489393234253
17544,0.19635173678398132
17545,0.20017945766448975
17546,0.20017945766448975
17547,0.20826372504234314
17548,0.20826372504234314
17549,0.19201016426086426
17550,0.19253771007061005
17551,0.19253771007061005
17552,0.19201016426086426
17553,0.20608799159526825
17554,0.2066454142332077
17555,0.2066454142332077
17556,0.20608799159526825
17557,0.20872914791107178
17558,0.20891357958316803
17559,0.20891357958316803
17560,0.20872914791107178
17561,0.21533645689487457
17562,0.20855900645256042
17563,0.20855900645256042
17564,0.21533645689487457
17565,0.20977053046226501
17566,0.20989908277988434
17567,0.20989908277988434
17568,0.20977053046226501
17569,0.19655592739582062
17570,0.19634540379047394
17571,0.19634540379047394
17572,0.19655592739582062
17573,0.20897600054740906
17574,0.20908772945404053
17575,0.20908772945404053
17576,0.20897600054740906
17577,0.20035339891910553
17578,0.19907140731811523
17579,0.19907140731811523
17580,0.20035339891910553
17581,0.2089744508266449
17582,0.2089744508266449
17583,0.20664776861667633
17584,0.20667298138141632
17585,0.20667298138141632
17586,0.20664776861667633
17587,0.18909558653831482
17588,0.1891503930091858
17589,0.1891503930091858
17590,0.18909558653831482
17591,0.20372097194194794
17592,0.2037273794412613
17593,0.2037273794412613
17594,0.20372097194194794
17595,0.1979265660047531
17596,0.19695314764976501
17597,0.19695314764976501
17598,0.1979265660047531
17599,0.22092397511005402
17600,0.22092397511005402
17601,0.2325884848833084
17602,0.23278412222862244
17603,0.23278412222862244
17604,0.2325884848833084
17605,0.1960168182849884
17606,0.1960168182849884
17607,0.20468772947788239
17608,0.20357969403266907
17609,0.20357969403266907
17610,0.20468772947788239
17611,0.20655405521392822
17612,0.20684470236301422
17613,0.20684470236301422
17614,0.20655405521392822
17615,0.22569619119167328
17616,0.22728872299194336
17617,0.22728872299194336
17618,0.22569619119167328
17619,0.2098175287246704
17620,0.21088042855262756
17621,0.21088042855262756
17622,0.2098175287246704
17623,0.2611580491065979
17624,0.2607582211494446
17625,0.2607582211494446
17626,0.2611580491065979
17627,0.2384483367204666
17628,0.23655560612678528
17629,0.23655560612678528
17630,0.2384483367204666
17631,0.20721763372421265
17632,0.20725290477275848
17633,0.20725290477275848
17634,0.20721763372421265
17635,0.18399356305599213
17636,0.1840091347694397
17637,0.1840091347694397
17638,0.18399356305599213
17639,0.20791463553905487
17640,0.20791463553905487
17641,0.21666456758975983
17642,0.21652323007583618
17643,0.21652323007583618
17644,0.21666456758975983
17645,0.18916094303131104
17646,0.18918268382549286
17647,0.18918268382549286
17648,0.18916094303131104
17649,0.27271926403045654
17650,0.268267959356308
17651,0.268267959356308
17652,0.27271926403045654
17653,0.23820774257183075
17654,0.23820774257183075
17655,0.20499400794506073
17656,0.20501136779785156
17657,0.20501136779785156
17658,0.20499400794506073
17659,0.19756591320037842
17660,0.1976226568222046
17661,0.1976226568222046
17662,0.19756591320037842
17663,0.23320981860160828
17664,0.23496031761169434
17665,0.23496031761169434
17666,0.23320981860160828
17667,0.20229387283325195
17668,0.20234178006649017
17669,0.20234178006649017
17670,0.20229387283325195
17671,0.1938348412513733
17672,0.193858340382576
17673,0.193858340382576
17674,0.1938348412513733
17675,0.18599148094654083
17676,0.18623988330364227
17677,0.18623988330364227
17678,0.18599148094654083
17679,0.20686432719230652
17680,0.20420224964618683
17681,0.20420224964618683
17682,0.20686432719230652
17683,0.2028142511844635
17684,0.20308947563171387
17685,0.20308947563171387
17686,0.2028142511844635
17687,0.19646595418453217
17688,0.19700923562049866
17689,0.19700923562049866
17690,0.19646595418453217
17691,0.18844901025295258
17692,0.1875467300415039
17693,0.1875467300415039
17694,0.18844901025295258
17695,0.21240516006946564
17696,0.21444891393184662
17697,0.21444891393184662
17698,0.21240516006946564
17699,0.2213524580001831
17700,0.2213524580001831
17701,0.2310647815465927
17702,0.2260887175798416
17703,0.2260887175798416
17704,0.2310647815465927
17705,0.21726197004318237
17706,0.21726197004318237
17707,0.22630836069583893
17708,0.22651712596416473
17709,0.22651712596416473
17710,0.22630836069583893
17711,0.20741519331932068
17712,0.20822371542453766
17713,0.20822371542453766
17714,0.20741519331932068
17715,0.22329889237880707
17716,0.22765520215034485
17717,0.22765520215034485
17718,0.22329889237880707
17719,0.2180941253900528
17720,0.21753285825252533
17721,0.21753285825252533
17722,0.2180941253900528
17723,0.20762743055820465
17724,0.20762743055820465
17725,0.23967623710632324
17726,0.23966211080551147
17727,0.23966211080551147
17728,0.23967623710632324
17729,0.23410996794700623
17730,0.23410996794700623
17731,0.25110915303230286
17732,0.25032055377960205
17733,0.25032055377960205
17734,0.25110915303230286
17735,0.21678021550178528
17736,0.21756047010421753
17737,0.21756047010421753
17738,0.21678021550178528
17739,0.22829009592533112
17740,0.22829009592533112
17741,0.23876433074474335
17742,0.23865412175655365
17743,0.23865412175655365
17744,0.23876433074474335
17745,0.24136318266391754
17746,0.24136318266391754
17747,0.21331153810024261
17748,0.214114710688591
17749,0.214114710688591
17750,0.21331153810024261
17751,0.21284843981266022
17752,0.21284843981266022
17753,0.22117525339126587
17754,0.2259741723537445
17755,0.2259741723537445
17756,0.22117525339126587
17757,0.20560204982757568
17758,0.20230457186698914
17759,0.20230457186698914
17760,0.20560204982757568
17761,0.2183283567428589
17762,0.2183283567428589
17763,0.21381817758083344
17764,0.21278910338878632
17765,0.21278910338878632
17766,0.21381817758083344
17767,0.22345620393753052
17768,0.22345620393753052
17769,0.21442340314388275
17770,0.21442340314388275
17771,0.17804715037345886
17772,0.17062537372112274
17773,0.17062537372112274
17774,0.17804715037345886
17775,0.21219612658023834
17776,0.21219612658023834
17777,0.2078673541545868
17778,0.2081560492515564
17779,0.2081560492515564
17780,0.2078673541545868
17781,0.2166169434785843
17782,0.2166169434785843
17783,0.20537489652633667
17784,0.20595750212669373
17785,0.20595750212669373
17786,0.20537489652633667
17787,0.21312880516052246
17788,0.21312880516052246
17789,0.21136921644210815
17790,0.2114381045103073
17791,0.2114381045103073
17792,0.21136921644210815
17793,0.20673446357250214
17794,0.20673446357250214
17795,0.21051952242851257
17796,0.21076638996601105
17797,0.21076638996601105
17798,0.21051952242851257
17799,0.2112380415201187
17800,0.2112380415201187
17801,0.21601413190364838
17802,0.21653175354003906
17803,0.21653175354003906
17804,0.21601413190364838
17805,0.2055627405643463
17806,0.20258645713329315
17807,0.20258645713329315
17808,0.2055627405643463
17809,0.2112463265657425
17810,0.2112463265657425
17811,0.2085346132516861
17812,0.2085346132516861
17813,0.24811036884784698
17814,0.24628348648548126
17815,0.24628348648548126
17816,0.24811036884784698
17817,0.20196811854839325
17818,0.2018151730298996
17819,0.2018151730298996
17820,0.20196811854839325
17821,0.2169894576072693
17822,0.2169894576072693
17823,0.21790814399719238
17824,0.21790815889835358
17825,0.21866849064826965
17826,0.21866849064826965
17827,0.21883520483970642
17828,0.2187625616788864
17829,0.2187625616788864
17830,0.21883520483970642
17831,0.22527234256267548
17832,0.22527234256267548
17833,0.22535963356494904
17834,0.22587011754512787
17835,0.22587011754512787
17836,0.22535963356494904
17837,0.23293867707252502
17838,0.23054058849811554
17839,0.23054058849811554
17840,0.23293867707252502
17841,0.2402154505252838
17842,0.2337075173854828
17843,0.2337075173854828
17844,0.2402154505252838
17845,0.26092785596847534
17846,0.26048028469085693
17847,0.26048028469085693
17848,0.26092785596847534
17849,0.19431549310684204
17850,0.19426578283309937
17851,0.19426578283309937
17852,0.19431549310684204
17853,0.20469248294830322
17854,0.20469248294830322
17855,0.2012517750263214
17856,0.20225487649440765
17857,0.20225487649440765
17858,0.2012517750263214
17859,0.2165587693452835
17860,0.21632501482963562
17861,0.21632501482963562
17862,0.2165587693452835
17863,0.22944426536560059
17864,0.23043231666088104
17865,0.23043231666088104
17866,0.22944426536560059
17867,0.2095644474029541
17868,0.21270330250263214
17869,0.21270330250263214
17870,0.2095644474029541
17871,0.2108633667230606
17872,0.2107570767402649
17873,0.2107570767402649
17874,0.2108633667230606
17875,0.20345893502235413
17876,0.2107897400856018
17877,0.2107897400856018
17878,0.20345893502235413
17879,0.2108733355998993
17880,0.2108733355998993
17881,0.21914508938789368
17882,0.223664328455925
17883,0.223664328455925
17884,0.21914508938789368
17885,0.20772717893123627
17886,0.19856050610542297
17887,0.19856050610542297
17888,0.20772717893123627
17889,0.2265165150165558
17890,0.2285098284482956
17891,0.2285098284482956
17892,0.2265165150165558
17893,0.2097480744123459
17894,0.20436203479766846
17895,0.20436203479766846
17896,0.2097480744123459
17897,0.21603897213935852
17898,0.21603897213935852
17899,0.2665269374847412
17900,0.267656534910202
17901,0.267656534910202
17902,0.2665269374847412
17903,0.2106226086616516
17904,0.2106226086616516
17905,0.22123180329799652
17906,0.2189856320619583
17907,0.2189856320619583
17908,0.22123180329799652
17909,0.2545294165611267
17910,0.26790037751197815
17911,0.26790037751197815
17912,0.2545294165611267
17913,0.23892726004123688
17914,0.24083270132541656
17915,0.24083270132541656
17916,0.23892726004123688
17917,0.2807147800922394
17918,0.27956339716911316
17919,0.27956339716911316
17920,0.2807147800922394
17921,0.2504499852657318
17922,0.25455138087272644
17923,0.25455138087272644
17924,0.2504499852657318
17925,0.20053717494010925
17926,0.20060299336910248
17927,0.20060299336910248
17928,0.20053717494010925
17929,0.18981003761291504
17930,0.1901356428861618
17931,0.1901356428861618
17932,0.18981003761291504
17933,0.2433929145336151
17934,0.25118792057037354
17935,0.25118792057037354
17936,0.2433929145336151
17937,0.2854500114917755
17938,0.28524088859558105
17939,0.28524088859558105
17940,0.2854500114917755
17941,0.24255448579788208
17942,0.24255448579788208
17943,0.20543897151947021
17944,0.20545141398906708
17945,0.20545141398906708
17946,0.20543897151947021
17947,0.19972878694534302
17948,0.19857731461524963
17949,0.19857731461524963
17950,0.19972877204418182
17951,0.24782787263393402
17952,0.25034067034721375
17953,0.25034067034721375
17954,0.24782787263393402
17955,0.19807390868663788
17956,0.1981269121170044
17957,0.1981269121170044
17958,0.19807390868663788
17959,0.20325089991092682
17960,0.20373135805130005
17961,0.20373135805130005
17962,0.20325089991092682
17963,0.18682174384593964
17964,0.18806245923042297
17965,0.18806245923042297
17966,0.18682174384593964
17967,0.23356489837169647
17968,0.23648324608802795
17969,0.23648324608802795
17970,0.23356489837169647
17971,0.18685291707515717
17972,0.18755261600017548
17973,0.18755261600017548
17974,0.18685291707515717
17975,0.21824011206626892
17976,0.21824011206626892
17977,0.2369038164615631
17978,0.2680610418319702
17979,0.2680610418319702
17980,0.2369038164615631
17981,0.22387683391571045
17982,0.22387683391571045
17983,0.23987004160881042
17984,0.23959308862686157
17985,0.23959308862686157
17986,0.23987005650997162
17987,0.23922483623027802
17988,0.23387937247753143
17989,0.23387937247753143
17990,0.23922483623027802
17991,0.22621050477027893
17992,0.23431077599525452
17993,0.23431077599525452
17994,0.22621050477027893
17995,0.2245914191007614
17996,0.2245914191007614
17997,0.21693608164787292
17998,0.21693608164787292
17999,0.22370409965515137
18000,0.22530293464660645
18001,0.22530293464660645
18002,0.22370409965515137
18003,0.1973455399274826
18004,0.19767546653747559
18005,0.19767546653747559
18006,0.1973455399274826
18007,0.22398920357227325
18008,0.22398920357227325
18009,0.21681933104991913
18010,0.21681326627731323
18011,0.21681326627731323
18012,0.21681933104991913
18013,0.22226691246032715
18014,0.22226691246032715
18015,0.22091449797153473
18016,0.22091449797153473
18017,0.19166682660579681
18018,0.1910099983215332
18019,0.1910099983215332
18020,0.19166682660579681
18021,0.21840780973434448
18022,0.21840780973434448
18023,0.2165326178073883
18024,0.216559499502182
18025,0.216559499502182
18026,0.2165326178073883
18027,0.2173062264919281
18028,0.2173062264919281
18029,0.19528353214263916
18030,0.19589951634407043
18031,0.19589951634407043
18032,0.19528353214263916
18033,0.20296379923820496
18034,0.20296379923820496
18035,0.20137372612953186
18036,0.19864605367183685
18037,0.19864605367183685
18038,0.20137372612953186
18039,0.1937602460384369
18040,0.18843284249305725
18041,0.18843284249305725
18042,0.1937602460384369
18043,0.20625139772891998
18044,0.20625139772891998
18045,0.19285382330417633
18046,0.1932244449853897
18047,0.1932244449853897
18048,0.19285382330417633
18049,0.20213742554187775
18050,0.20213742554187775
18051,0.22669456899166107
18052,0.22669456899166107
18053,0.215278759598732
18054,0.21469023823738098
18055,0.21469023823738098
18056,0.215278759598732
18057,0.2244289070367813
18058,0.2244289070367813
18059,0.23056894540786743
18060,0.2310301810503006
18061,0.2310301810503006
18062,0.23056894540786743
18063,0.23635457456111908
18064,0.23635457456111908
18065,0.22606809437274933
18066,0.22606809437274933
18067,0.22583818435668945
18068,0.22283683717250824
18069,0.22283683717250824
18070,0.22583818435668945
18071,0.2202027589082718
18072,0.2202027589082718
18073,0.22511154413223267
18074,0.2248903512954712
18075,0.2248903512954712
18076,0.22511154413223267
18077,0.22049245238304138
18078,0.22049245238304138
18079,0.2172919064760208
18080,0.2172919064760208
18081,0.2116495817899704
18082,0.21233129501342773
18083,0.21233129501342773
18084,0.2116495817899704
18085,0.21875177323818207
18086,0.21875177323818207
18087,0.2145976573228836
18088,0.21490329504013062
18089,0.21490329504013062
18090,0.2145976573228836
18091,0.22546349465847015
18092,0.22546349465847015
18093,0.21336570382118225
18094,0.21336570382118225
18095,0.20812863111495972
18096,0.20771078765392303
18097,0.20771078765392303
18098,0.20812863111495972
18099,0.20592519640922546
18100,0.20592519640922546
18101,0.19570472836494446
18102,0.19593565165996552
18103,0.19593565165996552
18104,0.19570472836494446
18105,0.23587703704833984
18106,0.235828697681427
18107,0.235828697681427
18108,0.23587703704833984
18109,0.22671592235565186
18110,0.22671592235565186
18111,0.2589704394340515
18112,0.25929126143455505
18113,0.25929126143455505
18114,0.2589704394340515
18115,0.22584813833236694
18116,0.22578974068164825
18117,0.22578974068164825
18118,0.22584813833236694
18119,0.2379796802997589
18120,0.23550207912921906
18121,0.23550207912921906
18122,0.2379796802997589
18123,0.22310605645179749
18124,0.22310605645179749
18125,0.23577973246574402
18126,0.23659762740135193
18127,0.23659762740135193
18128,0.23577973246574402
18129,0.19817212224006653
18130,0.1975763887166977
18131,0.1975763887166977
18132,0.19817212224006653
18133,0.24459633231163025
18134,0.24455884099006653
18135,0.24455884099006653
18136,0.24459633231163025
18137,0.2201923280954361
18138,0.2201923280954361
18139,0.22395730018615723
18140,0.22395730018615723
18141,0.2566964626312256
18142,0.25775083899497986
18143,0.25775083899497986
18144,0.2566964626312256
18145,0.22668704390525818
18146,0.22655732929706573
18147,0.22655732929706573
18148,0.22668704390525818
18149,0.2160058319568634
18150,0.2160058319568634
18151,0.23292294144630432
18152,0.23292294144630432
18153,0.2684757113456726
18154,0.26681047677993774
18155,0.26681047677993774
18156,0.2684757113456726
18157,0.2756001055240631
18158,0.27172428369522095
18159,0.27172428369522095
18160,0.2756001055240631
18161,0.2968735098838806
18162,0.2975809574127197
18163,0.2975809574127197
18164,0.2968735098838806
18165,0.2202177196741104
18166,0.2205173671245575
18167,0.2205173671245575
18168,0.2202177196741104
18169,0.230967178940773
18170,0.230967178940773
18171,0.24239683151245117
18172,0.23825287818908691
18173,0.23825287818908691
18174,0.24239683151245117
18175,0.24635201692581177
18176,0.2440176010131836
18177,0.2440176010131836
18178,0.24635201692581177
18179,0.25215473771095276
18180,0.2525984048843384
18181,0.2525984048843384
18182,0.25215473771095276
18183,0.27262064814567566
18184,0.2589668035507202
18185,0.2589668035507202
18186,0.27262064814567566
18187,0.2676485478878021
18188,0.2677268981933594
18189,0.2677268981933594
18190,0.2676485478878021
18191,0.24931029975414276
18192,0.24802881479263306
18193,0.24802881479263306
18194,0.24931029975414276
18195,0.24150660634040833
18196,0.24174073338508606
18197,0.24174073338508606
18198,0.24150660634040833
18199,0.23464833199977875
18200,0.23239046335220337
18201,0.23239046335220337
18202,0.23464833199977875
18203,0.24399471282958984
18204,0.24399471282958984
18205,0.2737206816673279
18206,0.27285757660865784
18207,0.27285757660865784
18208,0.2737206816673279
18209,0.24194814264774323
18210,0.24051780998706818
18211,0.24051780998706818
18212,0.24194814264774323
18213,0.27227982878685
18214,0.27208226919174194
18215,0.27208226919174194
18216,0.27227982878685
18217,0.23642531037330627
18218,0.23617799580097198
18219,0.23617799580097198
18220,0.23642531037330627
18221,0.23494258522987366
18222,0.23494258522987366
18223,0.30957767367362976
18224,0.31033962965011597
18225,0.31033962965011597
18226,0.30957767367362976
18227,0.2703438699245453
18228,0.2703438699245453
18229,0.2555350959300995
18230,0.25204312801361084
18231,0.25204312801361084
18232,0.2555350959300995
18233,0.27844002842903137
18234,0.2808571457862854
18235,0.2808571457862854
18236,0.27844002842903137
18237,0.31460532546043396
18238,0.3188747763633728
18239,0.3188747763633728
18240,0.31460532546043396
18241,0.28137677907943726
18242,0.2822473645210266
18243,0.2822473645210266
18244,0.28137677907943726
18245,0.3175136148929596
18246,0.3197794258594513
18247,0.3197794258594513
18248,0.3175136148929596
18249,0.29682132601737976
18250,0.29781314730644226
18251,0.29781314730644226
18252,0.29682132601737976
18253,0.22705501317977905
18254,0.2270791083574295
18255,0.2270791083574295
18256,0.22705501317977905
18257,0.22440892457962036
18258,0.2244044542312622
18259,0.2244044542312622
18260,0.22440892457962036
18261,0.26767784357070923
18262,0.26767784357070923
18263,0.28983932733535767
18264,0.29022538661956787
18265,0.29022538661956787
18266,0.28983932733535767
18267,0.21219311654567719
18268,0.21216937899589539
18269,0.21216937899589539
18270,0.21219313144683838
18271,0.33631762862205505
18272,0.335895836353302
18273,0.335895836353302
18274,0.33631762862205505
18275,0.2596532702445984
18276,0.2596532702445984
18277,0.23454684019088745
18278,0.23489326238632202
18279,0.23489326238632202
18280,0.23454684019088745
18281,0.23158740997314453
18282,0.23243775963783264
18283,0.23243775963783264
18284,0.23158740997314453
18285,0.29726099967956543
18286,0.29707589745521545
18287,0.29707589745521545
18288,0.29726099967956543
18289,0.22032712399959564
18290,0.22032904624938965
18291,0.22032904624938965
18292,0.22032712399959564
18293,0.24021518230438232
18294,0.24011626839637756
18295,0.24011626839637756
18296,0.24021518230438232
18297,0.20901112258434296
18298,0.2084340900182724
18299,0.2084340900182724
18300,0.20901112258434296
18301,0.2821735143661499
18302,0.27663615345954895
18303,0.27663615345954895
18304,0.2821735143661499
18305,0.25723347067832947
18306,0.25716516375541687
18307,0.25716516375541687
18308,0.25723347067832947
18309,0.2083447277545929
18310,0.20953598618507385
18311,0.20953598618507385
18312,0.2083447277545929
18313,0.2761644124984741
18314,0.2767644226551056
18315,0.2767644226551056
18316,0.2761644124984741
18317,0.251134991645813
18318,0.251134991645813
18319,0.3122636675834656
18320,0.30258452892303467
18321,0.30258452892303467
18322,0.3122636675834656
18323,0.26544690132141113
18324,0.26544690132141113
18325,0.27653712034225464
18326,0.27719205617904663
18327,0.27719205617904663
18328,0.27653712034225464
18329,0.273404985666275
18330,0.2754555642604828
18331,0.2754555642604828
18332,0.273404985666275
18333,0.27660977840423584
18334,0.2767225503921509
18335,0.2767225503921509
18336,0.27660977840423584
18337,0.2693331837654114
18338,0.2688980996608734
18339,0.2688980996608734
18340,0.2693331837654114
18341,0.2565598785877228
18342,0.2565598785877228
18343,0.21210144460201263
18344,0.21205754578113556
18345,0.21205754578113556
18346,0.21210144460201263
18347,0.212102472782135
18348,0.212102472782135
18349,0.2180016040802002
18350,0.21897557377815247
18351,0.21897557377815247
18352,0.2180016040802002
18353,0.1936066448688507
18354,0.19303056597709656
18355,0.19303056597709656
18356,0.1936066448688507
18357,0.21136252582073212
18358,0.21136252582073212
18359,0.2069801539182663
18360,0.20715227723121643
18361,0.20715227723121643
18362,0.2069801539182663
18363,0.22201639413833618
18364,0.22201639413833618
18365,0.2173304408788681
18366,0.2173304408788681
18367,0.2153444141149521
18368,0.21520285308361053
18369,0.21520285308361053
18370,0.2153444141149521
18371,0.22065982222557068
18372,0.22065982222557068
18373,0.219827339053154
18374,0.21987496316432953
18375,0.21987496316432953
18376,0.219827339053154
18377,0.21568189561367035
18378,0.21568189561367035
18379,0.2152918577194214
18380,0.2152918577194214
18381,0.21031568944454193
18382,0.21046338975429535
18383,0.21046338975429535
18384,0.21031568944454193
18385,0.20214173197746277
18386,0.20214173197746277
18387,0.19432494044303894
18388,0.19436368346214294
18389,0.19436368346214294
18390,0.19432494044303894
18391,0.20892858505249023
18392,0.20892858505249023
18393,0.2040649652481079
18394,0.20512820780277252
18395,0.20512820780277252
18396,0.2040649652481079
18397,0.17554078996181488
18398,0.17756840586662292
18399,0.17756840586662292
18400,0.17554078996181488
18401,0.21365781128406525
18402,0.21365781128406525
18403,0.19100351631641388
18404,0.19100351631641388
18405,0.24056687951087952
18406,0.24110136926174164
18407,0.24110136926174164
18408,0.24056687951087952
18409,0.19942982494831085
18410,0.19911479949951172
18411,0.19911479949951172
18412,0.19942982494831085
18413,0.19666284322738647
18414,0.19666284322738647
18415,0.20526829361915588
18416,0.20526829361915588
18417,0.2186800241470337
18418,0.2186800241470337
18419,0.21579162776470184
18420,0.21597230434417725
18421,0.21597230434417725
18422,0.21579162776470184
18423,0.23186348378658295
18424,0.23194833099842072
18425,0.23194833099842072
18426,0.23186348378658295
18427,0.227867990732193
18428,0.227867990732193
18429,0.24195657670497894
18430,0.24125969409942627
18431,0.24125969409942627
18432,0.24195657670497894
18433,0.2142549604177475
18434,0.2172595113515854
18435,0.2172595113515854
18436,0.2142549604177475
18437,0.22334593534469604
18438,0.22334593534469604
18439,0.22763550281524658
18440,0.22761628031730652
18441,0.22761628031730652
18442,0.22763550281524658
18443,0.23631058633327484
18444,0.23631058633327484
18445,0.21551169455051422
18446,0.21551169455051422
18447,0.199162095785141
18448,0.2005023956298828
18449,0.2005023956298828
18450,0.199162095785141
18451,0.2100849151611328
18452,0.2100849151611328
18453,0.21066279709339142
18454,0.21076202392578125
18455,0.21076202392578125
18456,0.21066279709339142
18457,0.22221842408180237
18458,0.22221842408180237
18459,0.21433404088020325
18460,0.21433404088020325
18461,0.2147514820098877
18462,0.2150912880897522
18463,0.2150912880897522
18464,0.2147514820098877
18465,0.21359926462173462
18466,0.21359926462173462
18467,0.222463458776474
18468,0.2251349687576294
18469,0.2251349687576294
18470,0.222463458776474
18471,0.19317732751369476
18472,0.19288969039916992
18473,0.19288969039916992
18474,0.19317732751369476
18475,0.21793510019779205
18476,0.21793510019779205
18477,0.2088676244020462
18478,0.2088676244020462
18479,0.21225887537002563
18480,0.21242782473564148
18481,0.21242782473564148
18482,0.21225887537002563
18483,0.21888047456741333
18484,0.21888047456741333
18485,0.2241390496492386
18486,0.2241390496492386
18487,0.24149490892887115
18488,0.24149490892887115
18489,0.2469952404499054
18490,0.24697263538837433
18491,0.24697263538837433
18492,0.2469952404499054
18493,0.20682241022586823
18494,0.20682241022586823
18495,0.19406339526176453
18496,0.1937546581029892
18497,0.1937546581029892
18498,0.19406339526176453
18499,0.21708422899246216
18500,0.21708422899246216
18501,0.19770734012126923
18502,0.19787479937076569
18503,0.19787479937076569
18504,0.19770734012126923
18505,0.2178776115179062
18506,0.2178776115179062
18507,0.22501958906650543
18508,0.22501958906650543
18509,0.22218212485313416
18510,0.22169992327690125
18511,0.22169992327690125
18512,0.22218212485313416
18513,0.2259809672832489
18514,0.2259809672832489
18515,0.21806880831718445
18516,0.2183222621679306
18517,0.2183222621679306
18518,0.21806880831718445
18519,0.2305629551410675
18520,0.2305629551410675
18521,0.22810432314872742
18522,0.2285604178905487
18523,0.2285604178905487
18524,0.22810432314872742
18525,0.2238360047340393
18526,0.22269713878631592
18527,0.22269713878631592
18528,0.2238360047340393
18529,0.22477899491786957
18530,0.22477899491786957
18531,0.23244304955005646
18532,0.2345978319644928
18533,0.2345978319644928
18534,0.23244304955005646
18535,0.21774065494537354
18536,0.21751706302165985
18537,0.21751706302165985
18538,0.21774065494537354
18539,0.2189784198999405
18540,0.2189784198999405
18541,0.2125866711139679
18542,0.21290776133537292
18543,0.21290776133537292
18544,0.2125866711139679
18545,0.2278960943222046
18546,0.2278960943222046
18547,0.230723574757576
18548,0.230723574757576
18549,0.21920478343963623
18550,0.22030219435691833
18551,0.22030219435691833
18552,0.21920478343963623
18553,0.2141154259443283
18554,0.2141154259443283
18555,0.24043166637420654
18556,0.2404264509677887
18557,0.2404264509677887
18558,0.24043165147304535
18559,0.20963972806930542
18560,0.209504634141922
18561,0.209504634141922
18562,0.20963972806930542
18563,0.21985015273094177
18564,0.21837033331394196
18565,0.21837033331394196
18566,0.21985015273094177
18567,0.21660897135734558
18568,0.21660897135734558
18569,0.21418718993663788
18570,0.21490247547626495
18571,0.21490247547626495
18572,0.21418718993663788
18573,0.18892091512680054
18574,0.18734687566757202
18575,0.18734687566757202
18576,0.18892091512680054
18577,0.2245081067085266
18578,0.22465763986110687
18579,0.22465763986110687
18580,0.2245081067085266
18581,0.21967767179012299
18582,0.21967767179012299
18583,0.20512473583221436
18584,0.20512473583221436
18585,0.24969708919525146
18586,0.246660515666008
18587,0.246660515666008
18588,0.24969708919525146
18589,0.21380196511745453
18590,0.2126578539609909
18591,0.2126578539609909
18592,0.21380196511745453
18593,0.21299587190151215
18594,0.21299587190151215
18595,0.22434069216251373
18596,0.22434069216251373
18597,0.23363351821899414
18598,0.23363351821899414
18599,0.2157634049654007
18600,0.2186446338891983
18601,0.2186446338891983
18602,0.2157634049654007
18603,0.22484375536441803
18604,0.22484375536441803
18605,0.23742565512657166
18606,0.2373422235250473
18607,0.2373422235250473
18608,0.23742565512657166
18609,0.23725014925003052
18610,0.23725014925003052
18611,0.2382887601852417
18612,0.2382887601852417
18613,0.2445577085018158
18614,0.24512019753456116
18615,0.24512019753456116
18616,0.2445577085018158
18617,0.22265063226222992
18618,0.22265063226222992
18619,0.22233650088310242
18620,0.22270707786083221
18621,0.22270707786083221
18622,0.2223365157842636
18623,0.23199597001075745
18624,0.23184150457382202
18625,0.23184150457382202
18626,0.23199595510959625
18627,0.21902106702327728
18628,0.21902106702327728
18629,0.2220904678106308
18630,0.22198903560638428
18631,0.22198903560638428
18632,0.2220904678106308
18633,0.22087036073207855
18634,0.2187098264694214
18635,0.2187098264694214
18636,0.22087036073207855
18637,0.22127237915992737
18638,0.22127237915992737
18639,0.22661931812763214
18640,0.22770310938358307
18641,0.22770310938358307
18642,0.22661931812763214
18643,0.21514096856117249
18644,0.21543385088443756
18645,0.21543385088443756
18646,0.21514096856117249
18647,0.2237328141927719
18648,0.2237328141927719
18649,0.21903569996356964
18650,0.21903569996356964
18651,0.2690868675708771
18652,0.27042391896247864
18653,0.27042391896247864
18654,0.2690868377685547
18655,0.21171413362026215
18656,0.2122039794921875
18657,0.2122039794921875
18658,0.21171413362026215
18659,0.22782745957374573
18660,0.22782745957374573
18661,0.23258264362812042
18662,0.23258264362812042
18663,0.2338472157716751
18664,0.2338472157716751
18665,0.238328218460083
18666,0.23881550133228302
18667,0.23881550133228302
18668,0.238328218460083
18669,0.22121423482894897
18670,0.22022132575511932
18671,0.22022132575511932
18672,0.22121423482894897
18673,0.2031625360250473
18674,0.2031625360250473
18675,0.19627179205417633
18676,0.19637860357761383
18677,0.19637860357761383
18678,0.19627179205417633
18679,0.21428798139095306
18680,0.2142839878797531
18681,0.2142839878797531
18682,0.21428798139095306
18683,0.2066323608160019
18684,0.20605389773845673
18685,0.20605389773845673
18686,0.2066323459148407
18687,0.20115484297275543
18688,0.201834574341774
18689,0.201834574341774
18690,0.20115484297275543
18691,0.2101980447769165
18692,0.2101980447769165
18693,0.21181225776672363
18694,0.21276238560676575
18695,0.21276238560676575
18696,0.21181225776672363
18697,0.19988416135311127
18698,0.1993706375360489
18699,0.1993706375360489
18700,0.19988416135311127
18701,0.21139708161354065
18702,0.21135088801383972
18703,0.21135088801383972
18704,0.21139708161354065
18705,0.22021059691905975
18706,0.22021059691905975
18707,0.2028539627790451
18708,0.2028539627790451
18709,0.27764180302619934
18710,0.27858150005340576
18711,0.27858150005340576
18712,0.27764180302619934
18713,0.20168611407279968
18714,0.20168282091617584
18715,0.20168282091617584
18716,0.20168611407279968
18717,0.19893749058246613
18718,0.19891275465488434
18719,0.19891275465488434
18720,0.19893749058246613
18721,0.2222190946340561
18722,0.2222190946340561
18723,0.2286897748708725
18724,0.22571560740470886
18725,0.22571560740470886
18726,0.2286897748708725
18727,0.2175447642803192
18728,0.2175447642803192
18729,0.22396713495254517
18730,0.22396713495254517
18731,0.23903411626815796
18732,0.23799148201942444
18733,0.23799148201942444
18734,0.23903411626815796
18735,0.22554653882980347
18736,0.22554653882980347
18737,0.22858959436416626
18738,0.22831498086452484
18739,0.22831498086452484
18740,0.22858959436416626
18741,0.23100824654102325
18742,0.22962312400341034
18743,0.22962312400341034
18744,0.23100824654102325
18745,0.22678594291210175
18746,0.22678594291210175
18747,0.23920226097106934
18748,0.24100050330162048
18749,0.24100050330162048
18750,0.23920226097106934
18751,0.22415673732757568
18752,0.22407296299934387
18753,0.22407296299934387
18754,0.22415673732757568
18755,0.22707176208496094
18756,0.22707176208496094
18757,0.23062704503536224
18758,0.23062704503536224
18759,0.28167447447776794
18760,0.2831905782222748
18761,0.2831905782222748
18762,0.28167447447776794
18763,0.22979608178138733
18764,0.2298814207315445
18765,0.2298814207315445
18766,0.22979608178138733
18767,0.2344425618648529
18768,0.2344425618648529
18769,0.23944194614887238
18770,0.23944194614887238
18771,0.2358665019273758
18772,0.2356245219707489
18773,0.2356245219707489
18774,0.2358665019273758
18775,0.23318427801132202
18776,0.23318427801132202
18777,0.24417270720005035
18778,0.2454761564731598
18779,0.2454761564731598
18780,0.24417270720005035
18781,0.22913074493408203
18782,0.2281446009874344
18783,0.2281446009874344
18784,0.22913074493408203
18785,0.2254612147808075
18786,0.2254612147808075
18787,0.2360028475522995
18788,0.2361522763967514
18789,0.2361522763967514
18790,0.2360028475522995
18791,0.24340397119522095
18792,0.24340397119522095
18793,0.24604517221450806
18794,0.245139941573143
18795,0.245139941573143
18796,0.24604517221450806
18797,0.2284039556980133
18798,0.2284039556980133
18799,0.25643739104270935
18800,0.25674641132354736
18801,0.25674641132354736
18802,0.25643739104270935
18803,0.23279555141925812
18804,0.23352457582950592
18805,0.23352457582950592
18806,0.23279555141925812
18807,0.2361806333065033
18808,0.2349041998386383
18809,0.2349041998386383
18810,0.2361806333065033
18811,0.22822387516498566
18812,0.22822387516498566
18813,0.24196425080299377
18814,0.24057675898075104
18815,0.24057675898075104
18816,0.24196425080299377
18817,0.22688911855220795
18818,0.22748814523220062
18819,0.22748814523220062
18820,0.22688911855220795
18821,0.24320755898952484
18822,0.24337095022201538
18823,0.24337095022201538
18824,0.24320755898952484
18825,0.22850367426872253
18826,0.22850367426872253
18827,0.23014149069786072
18828,0.23014149069786072
18829,0.2731563150882721
18830,0.2712138593196869
18831,0.2712138593196869
18832,0.2731563150882721
18833,0.2312762588262558
18834,0.23050619661808014
18835,0.23050619661808014
18836,0.2312762588262558
18837,0.2322511374950409
18838,0.2322511374950409
18839,0.23767903447151184
18840,0.23767903447151184
18841,0.20820429921150208
18842,0.20820429921150208
18843,0.21043920516967773
18844,0.20966851711273193
18845,0.20966851711273193
18846,0.21043919026851654
18847,0.2166665941476822
18848,0.21666660904884338
18849,0.22051186859607697
18850,0.22138270735740662
18851,0.22138270735740662
18852,0.22051186859607697
18853,0.21281693875789642
18854,0.2141932100057602
18855,0.2141932100057602
18856,0.21281693875789642
18857,0.22650621831417084
18858,0.22650621831417084
18859,0.21377357840538025
18860,0.21377357840538025
18861,0.28802376985549927
18862,0.2897688150405884
18863,0.2897688150405884
18864,0.28802376985549927
18865,0.2049216479063034
18866,0.205186128616333
18867,0.205186128616333
18868,0.2049216479063034
18869,0.24042460322380066
18870,0.24042460322380066
18871,0.2192956954240799
18872,0.2192956954240799
18873,0.24089576303958893
18874,0.24089576303958893
18875,0.2278885841369629
18876,0.2273121327161789
18877,0.2273121327161789
18878,0.2278885841369629
18879,0.23726852238178253
18880,0.23726853728294373
18881,0.24208396673202515
18882,0.24310283362865448
18883,0.24310283362865448
18884,0.24208396673202515
18885,0.2489231675863266
18886,0.2489231675863266
18887,0.23297753930091858
18888,0.23297753930091858
18889,0.23342502117156982
18890,0.23330967128276825
18891,0.23330967128276825
18892,0.23342502117156982
18893,0.2390001267194748
18894,0.2390001267194748
18895,0.22673718631267548
18896,0.22742848098278046
18897,0.22742848098278046
18898,0.22673718631267548
18899,0.2307736873626709
18900,0.2307736873626709
18901,0.2466418445110321
18902,0.24672169983386993
18903,0.24672169983386993
18904,0.2466418445110321
18905,0.24281279742717743
18906,0.24281279742717743
18907,0.21079453825950623
18908,0.21079453825950623
18909,0.20075614750385284
18910,0.20063930749893188
18911,0.20063930749893188
18912,0.20075614750385284
18913,0.22192899882793427
18914,0.22192899882793427
18915,0.20170971751213074
18916,0.20175909996032715
18917,0.20175909996032715
18918,0.20170971751213074
18919,0.21880467236042023
18920,0.21880467236042023
18921,0.22042761743068695
18922,0.22039757668972015
18923,0.22039757668972015
18924,0.22042761743068695
18925,0.23177102208137512
18926,0.23177102208137512
18927,0.2109997570514679
18928,0.2109997570514679
18929,0.20178142189979553
18930,0.20219503343105316
18931,0.20219503343105316
18932,0.20178142189979553
18933,0.23438194394111633
18934,0.23438194394111633
18935,0.2218368947505951
18936,0.22203007340431213
18937,0.22203007340431213
18938,0.2218368947505951
18939,0.22880083322525024
18940,0.22880083322525024
18941,0.21960297226905823
18942,0.2191442996263504
18943,0.2191442996263504
18944,0.21960297226905823
18945,0.23751553893089294
18946,0.23751553893089294
18947,0.2364051789045334
18948,0.23582331836223602
18949,0.23582331836223602
18950,0.2364051789045334
18951,0.22508499026298523
18952,0.22508499026298523
18953,0.21900345385074615
18954,0.21851427853107452
18955,0.21851427853107452
18956,0.21900345385074615
18957,0.25716131925582886
18958,0.2577972412109375
18959,0.2577972412109375
18960,0.25716131925582886
18961,0.22764571011066437
18962,0.22751237452030182
18963,0.22751237452030182
18964,0.22764571011066437
18965,0.2321934849023819
18966,0.229918971657753
18967,0.229918971657753
18968,0.2321934849023819
18969,0.2256123572587967
18970,0.2256123572587967
18971,0.2379603385925293
18972,0.24120134115219116
18973,0.24120134115219116
18974,0.2379603236913681
18975,0.21317686140537262
18976,0.21174980700016022
18977,0.21174980700016022
18978,0.21317686140537262
18979,0.24577391147613525
18980,0.24588024616241455
18981,0.24588024616241455
18982,0.24577391147613525
18983,0.22632074356079102
18984,0.22632074356079102
18985,0.29067111015319824
18986,0.29153382778167725
18987,0.29153382778167725
18988,0.29067111015319824
18989,0.2266576886177063
18990,0.2266576886177063
18991,0.2700592279434204
18992,0.2712475061416626
18993,0.2712475061416626
18994,0.2700592279434204
18995,0.23099637031555176
18996,0.23084354400634766
18997,0.23084354400634766
18998,0.23099637031555176
18999,0.22782625257968903
19000,0.2280535250902176
19001,0.2280535250902176
19002,0.22782625257968903
19003,0.22606943547725677
19004,0.22606943547725677
19005,0.2598472535610199
19006,0.25495675206184387
19007,0.25495675206184387
19008,0.2598472535610199
19009,0.2409908026456833
19010,0.2409908026456833
19011,0.2105344831943512
19012,0.21058779954910278
19013,0.21058779954910278
19014,0.2105344831943512
19015,0.2170863002538681
19016,0.21897390484809875
19017,0.21897390484809875
19018,0.2170863002538681
19019,0.2238806188106537
19020,0.2242508828639984
19021,0.2242508828639984
19022,0.2238806188106537
19023,0.18552985787391663
19024,0.18560564517974854
19025,0.18560564517974854
19026,0.18552985787391663
19027,0.1968076527118683
19028,0.1968076527118683
19029,0.1906534880399704
19030,0.1898287534713745
19031,0.1898287534713745
19032,0.1906534880399704
19033,0.19785143435001373
19034,0.19792765378952026
19035,0.19792765378952026
19036,0.19785143435001373
19037,0.20570379495620728
19038,0.2056911140680313
19039,0.2056911140680313
19040,0.20570379495620728
19041,0.1948910802602768
19042,0.1945674866437912
19043,0.1945674866437912
19044,0.1948910802602768
19045,0.199550598859787
19046,0.1995842009782791
19047,0.1995842009782791
19048,0.199550598859787
19049,0.1956316977739334
19050,0.19472399353981018
19051,0.19472399353981018
19052,0.1956316977739334
19053,0.20164607465267181
19054,0.20164607465267181
19055,0.202131450176239
19056,0.202630415558815
19057,0.202630415558815
19058,0.202131450176239
19059,0.18197578191757202
19060,0.18174907565116882
19061,0.18174907565116882
19062,0.18197578191757202
19063,0.2005125880241394
19064,0.20054945349693298
19065,0.20054945349693298
19066,0.2005125880241394
19067,0.19806472957134247
19068,0.19657309353351593
19069,0.19657309353351593
19070,0.19806472957134247
19071,0.21425223350524902
19072,0.21425223350524902
19073,0.22381305694580078
19074,0.22448794543743134
19075,0.22448794543743134
19076,0.22381305694580078
19077,0.19173642992973328
19078,0.19173642992973328
19079,0.22318534553050995
19080,0.22359603643417358
19081,0.22359603643417358
19082,0.22318534553050995
19083,0.20858889818191528
19084,0.20944732427597046
19085,0.20944732427597046
19086,0.20858889818191528
19087,0.254792183637619
19088,0.2540137469768524
19089,0.2540137469768524
19090,0.254792183637619
19091,0.19431136548519135
19092,0.19432644546031952
19093,0.19432644546031952
19094,0.19431136548519135
19095,0.17610853910446167
19096,0.17614077031612396
19097,0.17614077031612396
19098,0.17610853910446167
19099,0.21398018300533295
19100,0.21315117180347443
19101,0.21315117180347443
19102,0.21398016810417175
19103,0.2647395730018616
19104,0.26347482204437256
19105,0.26347482204437256
19106,0.2647395730018616
19107,0.19863349199295044
19108,0.19863063097000122
19109,0.19863063097000122
19110,0.19863349199295044
19111,0.19359052181243896
19112,0.19353246688842773
19113,0.19353246688842773
19114,0.19359052181243896
19115,0.1899101883172989
19116,0.18992295861244202
19117,0.18992295861244202
19118,0.1899101883172989
19119,0.19150863587856293
19120,0.1915520578622818
19121,0.1915520578622818
19122,0.19150863587856293
19123,0.20688600838184357
19124,0.20365828275680542
19125,0.20365828275680542
19126,0.20688600838184357
19127,0.21515528857707977
19128,0.21515528857707977
19129,0.22702591121196747
19130,0.22186850011348724
19131,0.22186850011348724
19132,0.22702591121196747
19133,0.21172502636909485
19134,0.21200285851955414
19135,0.21200285851955414
19136,0.21172502636909485
19137,0.2070871889591217
19138,0.2081247866153717
19139,0.2081247866153717
19140,0.2070871889591217
19141,0.2224571257829666
19142,0.22600117325782776
19143,0.22600117325782776
19144,0.2224571257829666
19145,0.20272162556648254
19146,0.20272162556648254
19147,0.22460661828517914
19148,0.22460661828517914
19149,0.21991153061389923
19150,0.2201469987630844
19151,0.2201469987630844
19152,0.21991153061389923
19153,0.22300483286380768
19154,0.22300483286380768
19155,0.24031277000904083
19156,0.24257180094718933
19157,0.24257180094718933
19158,0.24031277000904083
19159,0.19725969433784485
19160,0.19605857133865356
19161,0.19605857133865356
19162,0.19725969433784485
19163,0.22620151937007904
19164,0.22620151937007904
19165,0.22872380912303925
19166,0.22872380912303925
19167,0.2733473777770996
19168,0.2750511169433594
19169,0.2750511169433594
19170,0.2733473777770996
19171,0.2239152193069458
19172,0.22445647418498993
19173,0.22445647418498993
19174,0.2239152193069458
19175,0.2282523512840271
19176,0.2282523512840271
19177,0.23608103394508362
19178,0.23608103394508362
19179,0.21358130872249603
19180,0.21358130872249603
19181,0.21147765219211578
19182,0.21155491471290588
19183,0.21155491471290588
19184,0.21147765219211578
19185,0.21484065055847168
19186,0.21484065055847168
19187,0.21055564284324646
19188,0.21034090220928192
19189,0.21034090220928192
19190,0.21055564284324646
19191,0.21457648277282715
19192,0.21457648277282715
19193,0.21115048229694366
19194,0.2114826887845993
19195,0.2114826887845993
19196,0.21115048229694366
19197,0.21195486187934875
19198,0.21195486187934875
19199,0.21888817846775055
19200,0.21871422231197357
19201,0.21871422231197357
19202,0.21888817846775055
19203,0.1869158148765564
19204,0.18536897003650665
19205,0.18536897003650665
19206,0.1869158148765564
19207,0.21719606220722198
19208,0.21719606220722198
19209,0.2091083973646164
19210,0.2091083973646164
19211,0.2078540325164795
19212,0.2078147679567337
19213,0.2078147679567337
19214,0.2078540325164795
19215,0.20638048648834229
19216,0.20638048648834229
19217,0.22069522738456726
19218,0.22069522738456726
19219,0.21711187064647675
19220,0.21711187064647675
19221,0.2137858271598816
19222,0.21367527544498444
19223,0.21367527544498444
19224,0.2137858271598816
19225,0.21763107180595398
19226,0.21763107180595398
19227,0.21486417949199677
19228,0.2144370973110199
19229,0.2144370973110199
19230,0.21486417949199677
19231,0.22457566857337952
19232,0.22457566857337952
19233,0.22847412526607513
19234,0.2275417298078537
19235,0.2275417298078537
19236,0.22847412526607513
19237,0.2360159009695053
19238,0.23485437035560608
19239,0.23485437035560608
19240,0.2360159009695053
19241,0.24134640395641327
19242,0.2418331503868103
19243,0.2418331503868103
19244,0.24134640395641327
19245,0.19495443999767303
19246,0.19510449469089508
19247,0.19510449469089508
19248,0.19495443999767303
19249,0.20845116674900055
19250,0.20845116674900055
19251,0.20514361560344696
19252,0.20409372448921204
19253,0.20409372448921204
19254,0.20514361560344696
19255,0.21229338645935059
19256,0.21243500709533691
19257,0.21243500709533691
19258,0.21229338645935059
19259,0.2213667631149292
19260,0.2213972806930542
19261,0.2213972806930542
19262,0.2213667631149292
19263,0.21109789609909058
19264,0.21034841239452362
19265,0.21034841239452362
19266,0.21109789609909058
19267,0.2105749100446701
19268,0.21065771579742432
19269,0.21065771579742432
19270,0.2105749100446701
19271,0.2079702913761139
19272,0.20597857236862183
19273,0.20597857236862183
19274,0.2079702913761139
19275,0.21178589761257172
19276,0.21178589761257172
19277,0.22004899382591248
19278,0.22047191858291626
19279,0.22047191858291626
19280,0.22004899382591248
19281,0.19868716597557068
19282,0.19858798384666443
19283,0.19858798384666443
19284,0.19868716597557068
19285,0.21935680508613586
19286,0.21931834518909454
19287,0.21931834518909454
19288,0.21935680508613586
19289,0.21051125228405
19290,0.21158060431480408
19291,0.21158060431480408
19292,0.21051125228405
19293,0.21913164854049683
19294,0.21913164854049683
19295,0.24675396084785461
19296,0.24607667326927185
19297,0.24607667326927185
19298,0.2467539757490158
19299,0.20958440005779266
19300,0.20958440005779266
19301,0.2440708875656128
19302,0.24700918793678284
19303,0.24700918793678284
19304,0.2440708875656128
19305,0.2278921753168106
19306,0.22821229696273804
19307,0.22821229696273804
19308,0.2278921753168106
19309,0.261016309261322
19310,0.26221394538879395
19311,0.26221394538879395
19312,0.261016309261322
19313,0.20075911283493042
19314,0.20076128840446472
19315,0.20076128840446472
19316,0.20075911283493042
19317,0.19242596626281738
19318,0.19245706498622894
19319,0.19245706498622894
19320,0.19242596626281738
19321,0.2339230179786682
19322,0.23296767473220825
19323,0.23296767473220825
19324,0.2339230179786682
19325,0.2707977592945099
19326,0.27215588092803955
19327,0.27215588092803955
19328,0.2707977592945099
19329,0.23359067738056183
19330,0.23359067738056183
19331,0.206348717212677
19332,0.2064773440361023
19333,0.2064773440361023
19334,0.206348717212677
19335,0.20090892910957336
19336,0.20108813047409058
19337,0.20108813047409058
19338,0.20090892910957336
19339,0.1970645785331726
19340,0.19707059860229492
19341,0.19707059860229492
19342,0.1970645785331726
19343,0.2061619758605957
19344,0.2061266303062439
19345,0.2061266303062439
19346,0.2061619758605957
19347,0.2264585793018341
19348,0.22308114171028137
19349,0.22308114171028137
19350,0.2264585793018341
19351,0.2210289090871811
19352,0.2210289090871811
19353,0.24772554636001587
19354,0.24097810685634613
19355,0.24097810685634613
19356,0.24772554636001587
19357,0.23030298948287964
19358,0.2307664304971695
19359,0.2307664304971695
19360,0.23030298948287964
19361,0.2244693636894226
19362,0.22574463486671448
19363,0.22574463486671448
19364,0.2244693636894226
19365,0.23375067114830017
19366,0.23691590130329132
19367,0.23691590130329132
19368,0.23375067114830017
19369,0.21537277102470398
19370,0.21537277102470398
19371,0.2156410664319992
19372,0.2156410664319992
19373,0.22092582285404205
19374,0.2194327414035797
19375,0.2194327414035797
19376,0.22092582285404205
19377,0.22456039488315582
19378,0.22456039488315582
19379,0.2265172004699707
19380,0.22776402533054352
19381,0.22776402533054352
19382,0.2265172004699707
19383,0.21997378766536713
19384,0.21916097402572632
19385,0.21916097402572632
19386,0.21997378766536713
19387,0.21739152073860168
19388,0.21739152073860168
19389,0.21727511286735535
19390,0.21727511286735535
19391,0.2091180831193924
19392,0.20917180180549622
19393,0.20917180180549622
19394,0.2091180831193924
19395,0.22388124465942383
19396,0.22388124465942383
19397,0.22910134494304657
19398,0.22910134494304657
19399,0.22154727578163147
19400,0.22154727578163147
19401,0.2228681743144989
19402,0.2228681743144989
19403,0.21985071897506714
19404,0.22006899118423462
19405,0.22006899118423462
19406,0.21985071897506714
19407,0.2337207943201065
19408,0.2331351935863495
19409,0.2331351935863495
19410,0.2337207943201065
19411,0.20234815776348114
19412,0.20237299799919128
19413,0.20237299799919128
19414,0.20234815776348114
19415,0.2126087099313736
19416,0.2126087099313736
19417,0.21040603518486023
19418,0.20978349447250366
19419,0.20978349447250366
19420,0.21040603518486023
19421,0.21998614072799683
19422,0.21997855603694916
19423,0.21997855603694916
19424,0.21998614072799683
19425,0.21257925033569336
19426,0.21209104359149933
19427,0.21209104359149933
19428,0.21257925033569336
19429,0.20875994861125946
19430,0.2089575082063675
19431,0.2089575082063675
19432,0.20875994861125946
19433,0.21921008825302124
19434,0.21921008825302124
19435,0.22667831182479858
19436,0.22665175795555115
19437,0.22665175795555115
19438,0.22667831182479858
19439,0.2146095484495163
19440,0.21509481966495514
19441,0.21509481966495514
19442,0.2146095484495163
19443,0.22583085298538208
19444,0.22572878003120422
19445,0.22572878003120422
19446,0.22583085298538208
19447,0.2279881238937378
19448,0.2279881238937378
19449,0.25520503520965576
19450,0.25576910376548767
19451,0.25576910376548767
19452,0.25520503520965576
19453,0.21856153011322021
19454,0.21856153011322021
19455,0.2809268534183502
19456,0.28237491846084595
19457,0.28237491846084595
19458,0.2809268534183502
19459,0.206363245844841
19460,0.20613281428813934
19461,0.20613281428813934
19462,0.206363245844841
19463,0.20866632461547852
19464,0.20863781869411469
19465,0.20863781869411469
19466,0.20866632461547852
19467,0.23487889766693115
19468,0.23487889766693115
19469,0.24765697121620178
19470,0.24561743438243866
19471,0.24561743438243866
19472,0.24765697121620178
19473,0.22160851955413818
19474,0.22160851955413818
19475,0.2193811982870102
19476,0.21935106813907623
19477,0.21935106813907623
19478,0.2193811982870102
19479,0.22071559727191925
19480,0.22071559727191925
19481,0.22647003829479218
19482,0.22843557596206665
19483,0.22843557596206665
19484,0.22647003829479218
19485,0.2164040356874466
19486,0.21646656095981598
19487,0.21646656095981598
19488,0.2164040356874466
19489,0.21845342218875885
19490,0.21845342218875885
19491,0.21362632513046265
19492,0.21392156183719635
19493,0.21392156183719635
19494,0.21362632513046265
19495,0.22273707389831543
19496,0.22273707389831543
19497,0.23149922490119934
19498,0.23149922490119934
19499,0.2093929499387741
19500,0.2093929499387741
19501,0.20360615849494934
19502,0.20354340970516205
19503,0.20354340970516205
19504,0.20360615849494934
19505,0.25012344121932983
19506,0.2501966059207916
19507,0.2501966059207916
19508,0.25012344121932983
19509,0.2423161119222641
19510,0.2423161119222641
19511,0.25945624709129333
19512,0.2591650187969208
19513,0.2591650187969208
19514,0.25945624709129333
19515,0.23231041431427002
19516,0.2345465123653412
19517,0.2345465123653412
19518,0.23231041431427002
19519,0.23211181163787842
19520,0.23211181163787842
19521,0.24684765934944153
19522,0.24736890196800232
19523,0.24736890196800232
19524,0.24684765934944153
19525,0.2513487935066223
19526,0.2513487935066223
19527,0.23326578736305237
19528,0.23250094056129456
19529,0.23250094056129456
19530,0.23326578736305237
19531,0.20540715754032135
19532,0.20546342432498932
19533,0.20546342432498932
19534,0.20540715754032135
19535,0.21507327258586884
19536,0.21507327258586884
19537,0.2154725193977356
19538,0.2153473049402237
19539,0.2153473049402237
19540,0.2154725193977356
19541,0.22423884272575378
19542,0.22424539923667908
19543,0.22424539923667908
19544,0.22423884272575378
19545,0.2190151959657669
19546,0.21870462596416473
19547,0.21870462596416473
19548,0.2190151959657669
19549,0.21315214037895203
19550,0.21310952305793762
19551,0.21310952305793762
19552,0.21315214037895203
19553,0.22386722266674042
19554,0.22386722266674042
19555,0.23129422962665558
19556,0.23262254893779755
19557,0.23262254893779755
19558,0.23129422962665558
19559,0.2152104675769806
19560,0.21556958556175232
19561,0.21556958556175232
19562,0.2152104675769806
19563,0.2295628786087036
19564,0.22944843769073486
19565,0.22944843769073486
19566,0.2295628786087036
19567,0.22435708343982697
19568,0.22435708343982697
19569,0.25840550661087036
19570,0.2595069408416748
19571,0.2595069408416748
19572,0.25840550661087036
19573,0.22146131098270416
19574,0.22146131098270416
19575,0.2726435959339142
19576,0.27342355251312256
19577,0.27342355251312256
19578,0.2726435959339142
19579,0.20899246633052826
19580,0.20865055918693542
19581,0.20865055918693542
19582,0.20899248123168945
19583,0.21323484182357788
19584,0.21318817138671875
19585,0.21318817138671875
19586,0.21323484182357788
19587,0.23011967539787292
19588,0.23011967539787292
19589,0.25106409192085266
19590,0.25095897912979126
19591,0.25095897912979126
19592,0.25106409192085266
19593,0.2278435081243515
19594,0.2278435081243515
19595,0.22070196270942688
19596,0.22030197083950043
19597,0.22030197083950043
19598,0.22070196270942688
19599,0.22940316796302795
19600,0.22940316796302795
19601,0.2343754917383194
19602,0.23185166716575623
19603,0.23185166716575623
19604,0.2343754917383194
19605,0.22332651913166046
19606,0.22334860265254974
19607,0.22334860265254974
19608,0.22332651913166046
19609,0.22856004536151886
19610,0.22856004536151886
19611,0.21249675750732422
19612,0.2131693959236145
19613,0.2131693959236145
19614,0.21249675750732422
19615,0.23601746559143066
19616,0.23601748049259186
19617,0.23057641088962555
19618,0.23057641088962555
19619,0.22134272754192352
19620,0.22134272754192352
19621,0.2109525203704834
19622,0.21067827939987183
19623,0.21067827939987183
19624,0.2109525203704834
19625,0.22066855430603027
19626,0.22066855430603027
19627,0.22140297293663025
19628,0.2217402458190918
19629,0.2217402458190918
19630,0.22140297293663025
19631,0.23297403752803802
19632,0.23297403752803802
19633,0.2151835560798645
19634,0.21593230962753296
19635,0.21593230962753296
19636,0.2151835560798645
19637,0.213033065199852
19638,0.213033065199852
19639,0.22267098724842072
19640,0.22238856554031372
19641,0.22238856554031372
19642,0.22267098724842072
19643,0.19935685396194458
19644,0.19793018698692322
19645,0.19793018698692322
19646,0.19935686886310577
19647,0.21847690641880035
19648,0.21847690641880035
19649,0.21015454828739166
19650,0.20993942022323608
19651,0.20993942022323608
19652,0.21015454828739166
19653,0.22412993013858795
19654,0.22412993013858795
19655,0.2037607878446579
19656,0.2037607878446579
19657,0.20071548223495483
19658,0.20028968155384064
19659,0.20028968155384064
19660,0.20071548223495483
19661,
19662,
19663,
19664,
19665,
19666,
19667,0.23592320084571838
19668,0.23642440140247345
19669,0.23642440140247345
19670,0.23592320084571838
19671,0.20309659838676453
19672,0.20321869850158691
19673,0.20321869850158691
19674,0.20309659838676453
19675,0.21598851680755615
19676,0.21598851680755615
19677,0.21554891765117645
19678,0.21326451003551483
19679,0.21326451003551483
19680,0.21554891765117645
19681,0.22336389124393463
19682,0.22366361320018768
19683,0.22366361320018768
19684,0.22336389124393463
19685,0.21672101318836212
19686,0.21600787341594696
19687,0.21600787341594696
19688,0.21672101318836212
19689,0.21733731031417847
19690,0.21258196234703064
19691,0.21258196234703064
19692,0.21733731031417847
19693,0.2209475040435791
19694,0.2209475040435791
19695,0.23055946826934814
19696,0.2314099371433258
19697,0.2314099371433258
19698,0.23055946826934814
19699,0.22867774963378906
19700,0.2293301224708557
19701,0.2293301224708557
19702,0.22867774963378906
19703,0.23087532818317413
19704,0.23080648481845856
19705,0.23080648481845856
19706,0.23087532818317413
19707,0.2284921109676361
19708,0.2284921109676361
19709,0.27019891142845154
19710,0.2690139710903168
19711,0.2690139710903168
19712,0.27019891142845154
19713,0.223192498087883
19714,0.223192498087883
19715,0.2853294610977173
19716,0.28720903396606445
19717,0.28720903396606445
19718,0.2853294610977173
19719,0.2087351232767105
19720,0.20907022058963776
19721,0.20907022058963776
19722,0.2087351232767105
19723,0.21211528778076172
19724,0.21210362017154694
19725,0.21210362017154694
19726,0.21211528778076172
19727,0.2426609843969345
19728,0.2426609843969345
19729,0.2675483822822571
19730,0.2553022503852844
19731,0.2553022503852844
19732,0.2675483822822571
19733,0.22522588074207306
19734,0.22522588074207306
19735,0.22067415714263916
19736,0.22067415714263916
19737,0.21794311702251434
19738,0.2180566042661667
19739,0.2180566042661667
19740,0.21794311702251434
19741,0.21517826616764069
19742,0.21517826616764069
19743,0.21190184354782104
19744,0.21213598549365997
19745,0.21213598549365997
19746,0.21190184354782104
19747,0.2152576893568039
19748,0.2152576893568039
19749,0.20655888319015503
19750,0.20675551891326904
19751,0.20675551891326904
19752,0.20655888319015503
19753,0.22101151943206787
19754,0.22101151943206787
19755,0.22093810141086578
19756,0.22122178971767426
19757,0.22122178971767426
19758,0.22093810141086578
19759,0.22294208407402039
19760,0.22294208407402039
19761,0.23020215332508087
19762,0.2320554256439209
19763,0.2320554256439209
19764,0.23020215332508087
19765,0.2008575201034546
19766,0.2014285922050476
19767,0.2014285922050476
19768,0.2008575201034546
19769,0.22428223490715027
19770,0.22428223490715027
19771,0.21785441040992737
19772,0.21785441040992737
19773,0.22512753307819366
19774,0.22503137588500977
19775,0.22503137588500977
19776,0.22512753307819366
19777,0.22000330686569214
19778,0.22000330686569214
19779,0.2339664101600647
19780,0.2339664101600647
19781,0.205057755112648
19782,0.20510496199131012
19783,0.20510496199131012
19784,0.205057755112648
19785,0.2147296965122223
19786,0.2147296965122223
19787,0.21587704122066498
19788,0.2155216634273529
19789,0.2155216634273529
19790,0.21587704122066498
19791,0.1828388273715973
19792,0.1845969259738922
19793,0.1845969259738922
19794,0.1828388273715973
19795,0.21620039641857147
19796,0.21620039641857147
19797,0.20645733177661896
19798,0.20651677250862122
19799,0.20651677250862122
19800,0.20645733177661896
19801,0.21588720381259918
19802,0.21588720381259918
19803,0.21912367641925812
19804,0.21912367641925812
19805,0.20735915005207062
19806,0.20768927037715912
19807,0.20768927037715912
19808,0.20735915005207062
19809,0.23451952636241913
19810,0.23307572305202484
19811,0.23307572305202484
19812,0.23451952636241913
19813,0.20891432464122772
19814,0.20891432464122772
19815,0.21362248063087463
19816,0.214217409491539
19817,0.214217409491539
19818,0.21362248063087463
19819,0.21114058792591095
19820,0.2111765742301941
19821,0.2111765742301941
19822,0.21114058792591095
19823,0.2138245552778244
19824,0.2096579223871231
19825,0.2096579223871231
19826,0.2138245552778244
19827,0.21580246090888977
19828,0.21580246090888977
19829,0.22271092236042023
19830,0.2270606905221939
19831,0.2270606905221939
19832,0.22271092236042023
19833,0.2195255011320114
19834,0.2153986245393753
19835,0.2153986245393753
19836,0.2195255011320114
19837,0.22130608558654785
19838,0.22167663276195526
19839,0.22167663276195526
19840,0.22130608558654785
19841,0.21807987987995148
19842,0.21807987987995148
19843,0.21765735745429993
19844,0.21765735745429993
19845,0.26803991198539734
19846,0.2660199999809265
19847,0.2660199999809265
19848,0.26803991198539734
19849,0.20374473929405212
19850,0.20350447297096252
19851,0.20350447297096252
19852,0.20374473929405212
19853,0.22667823731899261
19854,0.22667823731899261
19855,0.21686990559101105
19856,0.21686990559101105
19857,0.23058345913887024
19858,0.22955654561519623
19859,0.22955654561519623
19860,0.23058345913887024
19861,0.22208690643310547
19862,0.22208690643310547
19863,0.23425182700157166
19864,0.2347726970911026
19865,0.2347726970911026
19866,0.23425182700157166
19867,0.2252979427576065
19868,0.22497932612895966
19869,0.22497932612895966
19870,0.2252979427576065
19871,0.2269982248544693
19872,0.2269422858953476
19873,0.2269422858953476
19874,0.2269982248544693
19875,0.22387933731079102
19876,0.22387933731079102
19877,0.22919893264770508
19878,0.2303849756717682
19879,0.2303849756717682
19880,0.22919893264770508
19881,0.21405193209648132
19882,0.21309173107147217
19883,0.21309173107147217
19884,0.21405193209648132
19885,0.23737403750419617
19886,0.23741795122623444
19887,0.23741795122623444
19888,0.23737403750419617
19889,0.21895109117031097
19890,0.21895109117031097
19891,0.22278624773025513
19892,0.22278624773025513
19893,0.26795682311058044
19894,0.2700996398925781
19895,0.2700996398925781
19896,0.26795682311058044
19897,0.22118860483169556
19898,0.2216596156358719
19899,0.2216596156358719
19900,0.22118860483169556
19901,0.22852949798107147
19902,0.22852949798107147
19903,0.23191022872924805
19904,0.23191022872924805
19905,0.2243131548166275
19906,0.2243131548166275
19907,0.22323408722877502
19908,0.2234647572040558
19909,0.2234647572040558
19910,0.22323408722877502
19911,0.21665328741073608
19912,0.21665328741073608
19913,0.2178577333688736
19914,0.21801087260246277
19915,0.21801087260246277
19916,0.2178577333688736
19917,0.22180044651031494
19918,0.22180044651031494
19919,0.20678089559078217
19920,0.20655648410320282
19921,0.20655648410320282
19922,0.20678089559078217
19923,0.2394324392080307
19924,0.2394324392080307
19925,0.2130315750837326
19926,0.21310585737228394
19927,0.21310585737228394
19928,0.2130315750837326
19929,0.2318897545337677
19930,0.2318897545337677
19931,0.2452012449502945
19932,0.24430474638938904
19933,0.24430474638938904
19934,0.2452012449502945
19935,0.24202215671539307
19936,0.24202215671539307
19937,0.21797926723957062
19938,0.21797926723957062
19939,0.2162543088197708
19940,0.21763291954994202
19941,0.21763291954994202
19942,0.2162543088197708
19943,0.21787665784358978
19944,0.21787665784358978
19945,0.21566233038902283
19946,0.2157987356185913
19947,0.2157987356185913
19948,0.21566233038902283
19949,0.2255314737558365
19950,0.2255314737558365
19951,0.23758840560913086
19952,0.23839695751667023
19953,0.23839695751667023
19954,0.23758840560913086
19955,0.23354201018810272
19956,0.23354201018810272
19957,0.24520951509475708
19958,0.24403472244739532
19959,0.24403472244739532
19960,0.24520951509475708
19961,0.23336830735206604
19962,0.2321735918521881
19963,0.2321735918521881
19964,0.23336830735206604
19965,0.23088884353637695
19966,0.23088884353637695
19967,0.2338949739933014
19968,0.2338360846042633
19969,0.2338360846042633
19970,0.2338949739933014
19971,0.24232381582260132
19972,0.24232381582260132
19973,0.22068890929222107
19974,0.22068890929222107
19975,0.22406430542469025
19976,0.22412116825580597
19977,0.22412116825580597
19978,0.22406430542469025
19979,0.21936823427677155
19980,0.21936823427677155
19981,0.22591820359230042
19982,0.22664044797420502
19983,0.22664044797420502
19984,0.22591820359230042
19985,0.21787028014659882
19986,0.21670645475387573
19987,0.21670645475387573
19988,0.21787028014659882
19989,0.21533307433128357
19990,0.21533307433128357
19991,0.21834152936935425
19992,0.21834152936935425
19993,0.2519652843475342
19994,0.2520561218261719
19995,0.2520561218261719
19996,0.2519652843475342
19997,0.21250814199447632
19998,0.21300092339515686
19999,0.21300092339515686
20000,0.21250814199447632
20001,0.22487060725688934
20002,0.22487060725688934
20003,0.2281087338924408
20004,0.2281087338924408
20005,0.21318475902080536
20006,0.21318475902080536
20007,0.21017099916934967
20008,0.2101803570985794
20009,0.2101803570985794
20010,0.21017099916934967
20011,0.21544571220874786
20012,0.21482029557228088
20013,0.21482029557228088
20014,0.21544571220874786
20015,0.20258624851703644
20016,0.20258624851703644
20017,0.19493091106414795
20018,0.19436417520046234
20019,0.19436417520046234
20020,0.19493091106414795
20021,0.2060556560754776
20022,0.20630499720573425
20023,0.20630499720573425
20024,0.2060556560754776
20025,0.20029330253601074
20026,0.20012038946151733
20027,0.20012038946151733
20028,0.20029330253601074
20029,0.20475706458091736
20030,0.2007785141468048
20031,0.2007785141468048
20032,0.20475706458091736
20033,0.20403942465782166
20034,0.20403942465782166
20035,0.2034561038017273
20036,0.20402541756629944
20037,0.20402541756629944
20038,0.2034561038017273
20039,0.18483397364616394
20040,0.18492943048477173
20041,0.18492943048477173
20042,0.18483397364616394
20043,0.21091343462467194
20044,0.21088813245296478
20045,0.21088813245296478
20046,0.21091343462467194
20047,0.21435905992984772
20048,0.21435905992984772
20049,0.1943361759185791
20050,0.1943361759185791
20051,0.2457469403743744
20052,0.24587193131446838
20053,0.24587193131446838
20054,0.2457469403743744
20055,0.19459468126296997
20056,0.19458699226379395
20057,0.19458699226379395
20058,0.19459468126296997
20059,0.19780218601226807
20060,0.19787418842315674
20061,0.19787418842315674
20062,0.19780218601226807
20063,0.21135886013507843
20064,0.21135886013507843
20065,0.20809200406074524
20066,0.20809200406074524
20067,0.25922891497612
20068,0.25922891497612
20069,0.2442375123500824
20070,0.2442375123500824
20071,0.26883938908576965
20072,0.27022990584373474
20073,0.27022990584373474
20074,0.26883938908576965
20075,0.2379189431667328
20076,0.2379189431667328
20077,0.2415151596069336
20078,0.2419303059577942
20079,0.2419303059577942
20080,0.2415151596069336
20081,0.23180565237998962
20082,0.23177243769168854
20083,0.23177243769168854
20084,0.23180565237998962
20085,0.21140217781066895
20086,0.21140217781066895
20087,0.21362455189228058
20088,0.21389497816562653
20089,0.21389497816562653
20090,0.21362455189228058
20091,0.2122085690498352
20092,0.211466446518898
20093,0.211466446518898
20094,0.2122085690498352
20095,0.2175297886133194
20096,0.2093692570924759
20097,0.2093692570924759
20098,0.2175297737121582
20099,0.21529769897460938
20100,0.21529769897460938
20101,0.2202841192483902
20102,0.22022278606891632
20103,0.22022278606891632
20104,0.2202841192483902
20105,0.2081611156463623
20106,0.20659060776233673
20107,0.20659060776233673
20108,0.2081611156463623
20109,0.2231590896844864
20110,0.22335518896579742
20111,0.22335518896579742
20112,0.2231590896844864
20113,0.2170226126909256
20114,0.2170226126909256
20115,0.20756125450134277
20116,0.20756125450134277
20117,0.2657373547554016
20118,0.2634128928184509
20119,0.2634128928184509
20120,0.2657373547554016
20121,0.20316153764724731
20122,0.20327328145503998
20123,0.20327328145503998
20124,0.20316153764724731
20125,0.22008630633354187
20126,0.22008630633354187
20127,0.2196839153766632
20128,0.2196839153766632
20129,0.2149074822664261
20130,0.2149074822664261
20131,0.21023420989513397
20132,0.21023420989513397
20133,0.2057723104953766
20134,0.20465770363807678
20135,0.20465770363807678
20136,0.2057723104953766
20137,0.2231096625328064
20138,0.22194799780845642
20139,0.22194799780845642
20140,0.2231096625328064
20141,0.23045505583286285
20142,0.23047524690628052
20143,0.23047524690628052
20144,0.23045505583286285
20145,0.23471993207931519
20146,0.2353980392217636
20147,0.2353980392217636
20148,0.23471993207931519
20149,0.18948648869991302
20150,0.18975090980529785
20151,0.18975090980529785
20152,0.18948648869991302
20153,0.20289061963558197
20154,0.20289061963558197
20155,0.1963239461183548
20156,0.19477802515029907
20157,0.19477802515029907
20158,0.1963239461183548
20159,0.21111144125461578
20160,0.21072034537792206
20161,0.21072034537792206
20162,0.21111144125461578
20163,0.20511843264102936
20164,0.20539581775665283
20165,0.20539581775665283
20166,0.20511843264102936
20167,0.22556886076927185
20168,0.2180267870426178
20169,0.2180267870426178
20170,0.22556886076927185
20171,0.21383792161941528
20172,0.21395596861839294
20173,0.21395596861839294
20174,0.21383792161941528
20175,0.20433436334133148
20176,0.2038608342409134
20177,0.2038608342409134
20178,0.20433436334133148
20179,0.20375113189220428
20180,0.20379264652729034
20181,0.20379264652729034
20182,0.20375113189220428
20183,0.20519813895225525
20184,0.20121356844902039
20185,0.20121356844902039
20186,0.20519813895225525
20187,0.20624873042106628
20188,0.20624873042106628
20189,0.2093334048986435
20190,0.2089209258556366
20191,0.2089209258556366
20192,0.2093334048986435
20193,0.186716228723526
20194,0.18578819930553436
20195,0.18578819930553436
20196,0.186716228723526
20197,0.21291100978851318
20198,0.2128218710422516
20199,0.2128218710422516
20200,0.21291100978851318
20201,0.2008020281791687
20202,0.20301072299480438
20203,0.20301072299480438
20204,0.2008020281791687
20205,0.2115119993686676
20206,0.2115119993686676
20207,0.23995429277420044
20208,0.238623708486557
20209,0.238623708486557
20210,0.23995429277420044
20211,0.19761860370635986
20212,0.19761860370635986
20213,0.21368514001369476
20214,0.2113124430179596
20215,0.2113124430179596
20216,0.21368514001369476
20217,0.22086761891841888
20218,0.2183428257703781
20219,0.2183428257703781
20220,0.22086761891841888
20221,0.23846566677093506
20222,0.23928822576999664
20223,0.23928822576999664
20224,0.23846566677093506
20225,0.22319239377975464
20226,0.2239357829093933
20227,0.2239357829093933
20228,0.22319239377975464
20229,0.25261926651000977
20230,0.25193464756011963
20231,0.25193464756011963
20232,0.25261926651000977
20233,0.23632536828517914
20234,0.23129324615001678
20235,0.23129324615001678
20236,0.23632536828517914
20237,0.1954919695854187
20238,0.19548648595809937
20239,0.19548648595809937
20240,0.1954919695854187
20241,0.18369287252426147
20242,0.1837293654680252
20243,0.1837293654680252
20244,0.18369287252426147
20245,0.21694780886173248
20246,0.21694780886173248
20247,0.23207400739192963
20248,0.22913797199726105
20249,0.22913797199726105
20250,0.23207400739192963
20251,0.1893399953842163
20252,0.18945857882499695
20253,0.18945857882499695
20254,0.1893399953842163
20255,0.2634966969490051
20256,0.2659323513507843
20257,0.2659323513507843
20258,0.2634966969490051
20259,0.2262195348739624
20260,0.2262195348739624
20261,0.2022417038679123
20262,0.20246116816997528
20263,0.20246116816997528
20264,0.2022417038679123
20265,0.19545814394950867
20266,0.19559092819690704
20267,0.19559092819690704
20268,0.19545814394950867
20269,0.22803594172000885
20270,0.2300645112991333
20271,0.2300645112991333
20272,0.22803594172000885
20273,0.19191260635852814
20274,0.19192622601985931
20275,0.19192622601985931
20276,0.19191260635852814
20277,0.20192435383796692
20278,0.2019464373588562
20279,0.2019464373588562
20280,0.20192435383796692
20281,0.17949900031089783
20282,0.1797771155834198
20283,0.1797771155834198
20284,0.17949900031089783
20285,0.22054949402809143
20286,0.21658529341220856
20287,0.21658529341220856
20288,0.22054949402809143
20289,0.21320289373397827
20290,0.2133583426475525
20291,0.2133583426475525
20292,0.21320289373397827
20293,0.1802385449409485
20294,0.18013328313827515
20295,0.18013328313827515
20296,0.1802385449409485
20297,0.22340358793735504
20298,0.2269512265920639
20299,0.2269512265920639
20300,0.22340358793735504
20301,0.21338921785354614
20302,0.21338921785354614
20303,0.24552525579929352
20304,0.23796160519123077
20305,0.23796160519123077
20306,0.24552525579929352
20307,0.21364730596542358
20308,0.21364730596542358
20309,0.22013430297374725
20310,0.22064046561717987
20311,0.22064046561717987
20312,0.22013430297374725
20313,0.2198886126279831
20314,0.22169053554534912
20315,0.22169053554534912
20316,0.2198886126279831
20317,0.21797582507133484
20318,0.21842189133167267
20319,0.21842189133167267
20320,0.21797582507133484
20321,0.22090032696723938
20322,0.22066770493984222
20323,0.22066770493984222
20324,0.22090032696723938
20325,0.2113601118326187
20326,0.2113601118326187
20327,0.21684540808200836
20328,0.21684540808200836
20329,0.19813303649425507
20330,0.19879810512065887
20331,0.19879810512065887
20332,0.19813303649425507
20333,0.21916398406028748
20334,0.21916398406028748
20335,0.21642428636550903
20336,0.21621917188167572
20337,0.21621917188167572
20338,0.21642428636550903
20339,0.22712422907352448
20340,0.22712422907352448
20341,0.2028738558292389
20342,0.2028738558292389
20343,0.20320828258991241
20344,0.20345447957515717
20345,0.20345447957515717
20346,0.20320828258991241
20347,0.2075212001800537
20348,0.2075212001800537
20349,0.210336372256279
20350,0.2123340666294098
20351,0.2123340666294098
20352,0.210336372256279
20353,0.1866864264011383
20354,0.18713946640491486
20355,0.18713946640491486
20356,0.1866864264011383
20357,0.21197377145290375
20358,0.21197377145290375
20359,0.20221972465515137
20360,0.20221972465515137
20361,0.23802980780601501
20362,0.23838898539543152
20363,0.23838898539543152
20364,0.23802980780601501
20365,0.19715099036693573
20366,0.19723466038703918
20367,0.19723466038703918
20368,0.19715099036693573
20369,0.21341191232204437
20370,0.21341191232204437
20371,0.21122682094573975
20372,0.21122682094573975
20373,0.23312823474407196
20374,0.23312823474407196
20375,0.2436961531639099
20376,0.24297499656677246
20377,0.24297499656677246
20378,0.2436961531639099
20379,0.2296733856201172
20380,0.2296733856201172
20381,0.2213297337293625
20382,0.22204607725143433
20383,0.22204607725143433
20384,0.2213297337293625
20385,0.2379894256591797
20386,0.2379894256591797
20387,0.2162037491798401
20388,0.2162037491798401
20389,0.21452997624874115
20390,0.21432392299175262
20391,0.21432392299175262
20392,0.21452997624874115
20393,0.24618496000766754
20394,0.24763019382953644
20395,0.24763019382953644
20396,0.24618496000766754
20397,0.22445854544639587
20398,0.22445854544639587
20399,0.2379109412431717
20400,0.23882398009300232
20401,0.23882398009300232
20402,0.2379109412431717
20403,0.22869257628917694
20404,0.22836211323738098
20405,0.22836211323738098
20406,0.22869257628917694
20407,0.22623459994792938
20408,0.2244705855846405
20409,0.2244705855846405
20410,0.22623459994792938
20411,0.2323925793170929
20412,0.2323925793170929
20413,0.24332000315189362
20414,0.24304163455963135
20415,0.24304163455963135
20416,0.24332000315189362
20417,0.22682547569274902
20418,0.22438381612300873
20419,0.22438381612300873
20420,0.22682547569274902
20421,0.243566632270813
20422,0.24366495013237
20423,0.24366495013237
20424,0.243566632270813
20425,0.2293623387813568
20426,0.2293623387813568
20427,0.23379336297512054
20428,0.23379336297512054
20429,0.2834448218345642
20430,0.2809257507324219
20431,0.2809257507324219
20432,0.2834448218345642
20433,0.2209756225347519
20434,0.2205304354429245
20435,0.2205304354429245
20436,0.2209756225347519
20437,0.22188496589660645
20438,0.2219807654619217
20439,0.2219807654619217
20440,0.22188496589660645
20441,0.24023838341236115
20442,0.24023838341236115
20443,0.23768308758735657
20444,0.23768308758735657
20445,0.23118706047534943
20446,0.23179160058498383
20447,0.23179160058498383
20448,0.23118706047534943
20449,0.21392273902893066
20450,0.21459916234016418
20451,0.21459916234016418
20452,0.21392273902893066
20453,0.21729974448680878
20454,0.21729974448680878
20455,0.21471047401428223
20456,0.21289591491222382
20457,0.21289591491222382
20458,0.21471047401428223
20459,0.23442497849464417
20460,0.23527351021766663
20461,0.23527351021766663
20462,0.23442497849464417
20463,0.21934446692466736
20464,0.21992571651935577
20465,0.21992571651935577
20466,0.21934446692466736
20467,0.22296389937400818
20468,0.22097481787204742
20469,0.22097481787204742
20470,0.22296389937400818
20471,0.21795623004436493
20472,0.21795623004436493
20473,0.22458456456661224
20474,0.22315390408039093
20475,0.22315390408039093
20476,0.22458456456661224
20477,0.21467949450016022
20478,0.21469150483608246
20479,0.21469150483608246
20480,0.21467949450016022
20481,0.2276477962732315
20482,0.22753757238388062
20483,0.22753757238388062
20484,0.2276477962732315
20485,0.22412869334220886
20486,0.22412869334220886
20487,0.2711676359176636
20488,0.2705698609352112
20489,0.2705698609352112
20490,0.2711676359176636
20491,0.21539074182510376
20492,0.21539074182510376
20493,0.2601906657218933
20494,0.2581176459789276
20495,0.2581176459789276
20496,0.2601906657218933
20497,0.21387724578380585
20498,0.21386568248271942
20499,0.21386568248271942
20500,0.21387724578380585
20501,0.21441876888275146
20502,0.21444948017597198
20503,0.21444948017597198
20504,0.21441876888275146
20505,0.22482603788375854
20506,0.22482603788375854
20507,0.24709190428256989
20508,0.25049591064453125
20509,0.25049591064453125
20510,0.24709190428256989
20511,0.22754012048244476
20512,0.22754012048244476
20513,
20514,
20515,0.26734036207199097
20516,0.2655102014541626
20517,0.2655102014541626
20518,0.26734036207199097
20519,0.24426260590553284
20520,0.24426260590553284
20521,0.2648969292640686
20522,0.26488152146339417
20523,0.26488152146339417
20524,0.2648969292640686
20525,0.24970883131027222
20526,0.24946928024291992
20527,0.24946928024291992
20528,0.24970883131027222
20529,0.2426026463508606
20530,0.241398423910141
20531,0.241398423910141
20532,0.2426026463508606
20533,0.25197115540504456
20534,0.25197115540504456
20535,0.2664025127887726
20536,0.2656722068786621
20537,0.2656722068786621
20538,0.2664025127887726
20539,0.23560020327568054
20540,0.23458866775035858
20541,0.23458866775035858
20542,0.23560018837451935
20543,0.26417237520217896
20544,0.26413920521736145
20545,0.26413920521736145
20546,0.26417237520217896
20547,0.24368548393249512
20548,0.24368548393249512
20549,0.2556246519088745
20550,0.2556246519088745
20551,0.31258007884025574
20552,0.31401801109313965
20553,0.31401801109313965
20554,0.31258007884025574
20555,0.23924779891967773
20556,0.23860111832618713
20557,0.23860111832618713
20558,0.23924779891967773
20559,0.24878521263599396
20560,0.24878521263599396
20561,0.2646480202674866
20562,0.2646480202674866
20563,0.2495584934949875
20564,0.2495584934949875
20565,0.2339596301317215
20566,0.2348974496126175
20567,0.2348974496126175
20568,0.2339596301317215
20569,0.23247742652893066
20570,0.23254287242889404
20571,0.23254287242889404
20572,0.23247742652893066
20573,0.23068547248840332
20574,0.23068548738956451
20575,0.24220314621925354
20576,0.24328069388866425
20577,0.24328069388866425
20578,0.24220314621925354
20579,0.21763747930526733
20580,0.21656210720539093
20581,0.21656210720539093
20582,0.21763747930526733
20583,0.22468335926532745
20584,0.22468335926532745
20585,0.23315978050231934
20586,0.23354379832744598
20587,0.23354379832744598
20588,0.23315978050231934
20589,0.23605097830295563
20590,0.23605097830295563
20591,0.22633801400661469
20592,0.22633801400661469
20593,0.2296525537967682
20594,0.23021987080574036
20595,0.23021987080574036
20596,0.2296525537967682
20597,0.21291500329971313
20598,0.21291500329971313
20599,0.2099296599626541
20600,0.21011538803577423
20601,0.21011538803577423
20602,0.2099296599626541
20603,0.22177256643772125
20604,0.22177256643772125
20605,0.20719856023788452
20606,0.20724959671497345
20607,0.20724959671497345
20608,0.20719856023788452
20609,0.21756863594055176
20610,0.21756863594055176
20611,0.20163501799106598
20612,0.20163501799106598
20613,0.20032565295696259
20614,0.20002169907093048
20615,0.20002169907093048
20616,0.20032565295696259
20617,0.2048327922821045
20618,0.2048327922821045
20619,0.20980706810951233
20620,0.21015404164791107
20621,0.21015404164791107
20622,0.20980706810951233
20623,0.2012079358100891
20624,0.20079399645328522
20625,0.20079399645328522
20626,0.2012079358100891
20627,0.21839681267738342
20628,0.21839681267738342
20629,0.20144137740135193
20630,0.20144137740135193
20631,0.2600267827510834
20632,0.2619832158088684
20633,0.2619832158088684
20634,0.2600267827510834
20635,0.19920457899570465
20636,0.19937941431999207
20637,0.19937941431999207
20638,0.19920456409454346
20639,0.21958285570144653
20640,0.21958285570144653
20641,0.2042658030986786
20642,0.2042658030986786
20643,0.22452117502689362
20644,0.22452117502689362
20645,0.22099271416664124
20646,0.22134512662887573
20647,0.22134512662887573
20648,0.22099271416664124
20649,0.21394920349121094
20650,0.21394920349121094
20651,0.21199633181095123
20652,0.21195773780345917
20653,0.21195773780345917
20654,0.21199633181095123
20655,0.22130420804023743
20656,0.22459277510643005
20657,0.22459277510643005
20658,0.22130420804023743
20659,0.20422691106796265
20660,0.20422691106796265
20661,0.1991710215806961
20662,0.19727519154548645
20663,0.19727519154548645
20664,0.1991710215806961
20665,0.21391892433166504
20666,0.21396705508232117
20667,0.21396705508232117
20668,0.21391892433166504
20669,0.20714427530765533
20670,0.20665033161640167
20671,0.20665033161640167
20672,0.20714427530765533
20673,0.20745335519313812
20674,0.20309481024742126
20675,0.20309481024742126
20676,0.20745335519313812
20677,0.2101481407880783
20678,0.2101481407880783
20679,0.210271418094635
20680,0.20986004173755646
20681,0.20986004173755646
20682,0.210271418094635
20683,0.20237314701080322
20684,0.20318369567394257
20685,0.20318369567394257
20686,0.20237314701080322
20687,0.21047213673591614
20688,0.21080799400806427
20689,0.21080799400806427
20690,0.21047213673591614
20691,0.220640167593956
20692,0.220640167593956
20693,0.20153187215328217
20694,0.20153187215328217
20695,0.2793896496295929
20696,0.27243661880493164
20697,0.27243661880493164
20698,0.2793896496295929
20699,0.2017541527748108
20700,0.20113250613212585
20701,0.20113250613212585
20702,0.2017541527748108
20703,0.19809289276599884
20704,0.19833792746067047
20705,0.19833792746067047
20706,0.19809289276599884
20707,0.22219446301460266
20708,0.22219446301460266
20709,0.23383641242980957
20710,0.23017618060112
20711,0.23017618060112
20712,0.23383641242980957
20713,0.21764755249023438
20714,0.21764755249023438
20715,0.21754834055900574
20716,0.21754834055900574
20717,0.2152867615222931
20718,0.21562764048576355
20719,0.21562764048576355
20720,0.2152867615222931
20721,0.2266947329044342
20722,0.22666651010513306
20723,0.22666651010513306
20724,0.2266947329044342
20725,0.22255399823188782
20726,0.22255399823188782
20727,0.230745330452919
20728,0.2308296263217926
20729,0.2308296263217926
20730,0.230745330452919
20731,0.22272630035877228
20732,0.2227637767791748
20733,0.2227637767791748
20734,0.22272630035877228
20735,0.21891415119171143
20736,0.21891415119171143
20737,0.21569465100765228
20738,0.21591617166996002
20739,0.21591617166996002
20740,0.21569465100765228
20741,0.23264697194099426
20742,0.23264697194099426
20743,0.21244612336158752
20744,0.2121850699186325
20745,0.2121850699186325
20746,0.21244612336158752
20747,0.1998571902513504
20748,0.1998571902513504
20749,0.2026515007019043
20750,0.20293450355529785
20751,0.20293450355529785
20752,0.2026515007019043
20753,0.20140020549297333
20754,0.20090298354625702
20755,0.20090298354625702
20756,0.20140020549297333
20757,0.20019099116325378
20758,0.19784216582775116
20759,0.19784216582775116
20760,0.20019099116325378
20761,0.20381994545459747
20762,0.20381994545459747
20763,0.20195356011390686
20764,0.20596623420715332
20765,0.20596623420715332
20766,0.20195356011390686
20767,0.19626541435718536
20768,0.19414690136909485
20769,0.19414690136909485
20770,0.19626541435718536
20771,0.20632632076740265
20772,0.2064037322998047
20773,0.2064037322998047
20774,0.20632632076740265
20775,0.21276003122329712
20776,0.21276003122329712
20777,0.1953657567501068
20778,0.1953657567501068
20779,0.25113216042518616
20780,0.2507070302963257
20781,0.2507070302963257
20782,0.25113216042518616
20783,0.19398999214172363
20784,0.19385190308094025
20785,0.19385190308094025
20786,0.19398999214172363
20787,0.213538259267807
20788,0.213538259267807
20789,0.20699656009674072
20790,0.20699656009674072
20791,0.21648083627223969
20792,0.21648083627223969
20793,0.20725305378437042
20794,0.20713543891906738
20795,0.20713543891906738
20796,0.20725305378437042
20797,0.21246092021465302
20798,0.21246092021465302
20799,0.210134819149971
20800,0.20991763472557068
20801,0.20991763472557068
20802,0.210134819149971
20803,0.21426773071289062
20804,0.21426773071289062
20805,0.22228308022022247
20806,0.22144095599651337
20807,0.22144095599651337
20808,0.22228308022022247
20809,0.19089919328689575
20810,0.190918430685997
20811,0.190918430685997
20812,0.19089919328689575
20813,0.2025899738073349
20814,0.2025899738073349
20815,0.1958887279033661
20816,0.19601225852966309
20817,0.19601225852966309
20818,0.1958887279033661
20819,0.2089049518108368
20820,0.20886443555355072
20821,0.20886443555355072
20822,0.2089049518108368
20823,0.2030380219221115
20824,0.20279943943023682
20825,0.20279943943023682
20826,0.2030380219221115
20827,0.1998869925737381
20828,0.20039819180965424
20829,0.20039819180965424
20830,0.1998869925737381
20831,0.20898792147636414
20832,0.20898792147636414
20833,0.21435421705245972
20834,0.21402142941951752
20835,0.21402142941951752
20836,0.21435421705245972
20837,0.18757349252700806
20838,0.18797442317008972
20839,0.18797442317008972
20840,0.18757349252700806
20841,0.21855071187019348
20842,0.21846260130405426
20843,0.21846260130405426
20844,0.21855071187019348
20845,0.21702589094638824
20846,0.21702589094638824
20847,0.2522384524345398
20848,0.2531600594520569
20849,0.2531600594520569
20850,0.2522384524345398
20851,0.20081022381782532
20852,0.20081022381782532
20853,0.26501601934432983
20854,0.2659928798675537
20855,0.2659928798675537
20856,0.26501601934432983
20857,0.1971224844455719
20858,0.1968991607427597
20859,0.1968991607427597
20860,0.1971224844455719
20861,0.201413094997406
20862,0.20140662789344788
20863,0.20140662789344788
20864,0.201413094997406
20865,0.21597880125045776
20866,0.21597880125045776
20867,0.24513345956802368
20868,0.2457154542207718
20869,0.2457154542207718
20870,0.24513345956802368
20871,0.2160950005054474
20872,0.2160950005054474
20873,0.23069138824939728
20874,0.22953428328037262
20875,0.22953428328037262
20876,0.23069138824939728
20877,0.1950867623090744
20878,0.19513064622879028
20879,0.19513064622879028
20880,0.1950867623090744
20881,0.20758825540542603
20882,0.20758825540542603
20883,0.20656712353229523
20884,0.20496882498264313
20885,0.20496882498264313
20886,0.20656712353229523
20887,0.20816606283187866
20888,0.20836105942726135
20889,0.20836105942726135
20890,0.20816606283187866
20891,0.20959964394569397
20892,0.20885057747364044
20893,0.20885057747364044
20894,0.20959964394569397
20895,0.21010269224643707
20896,0.20565736293792725
20897,0.20565736293792725
20898,0.21010269224643707
20899,0.21214185655117035
20900,0.21214185655117035
20901,0.2232142686843872
20902,0.22166062891483307
20903,0.22166062891483307
20904,0.2232142686843872
20905,0.21424637734889984
20906,0.21315352618694305
20907,0.21315352618694305
20908,0.21424637734889984
20909,0.21717774868011475
20910,0.21729107201099396
20911,0.21729107201099396
20912,0.21717774868011475
20913,0.21875430643558502
20914,0.21875430643558502
20915,0.2454296350479126
20916,0.24404728412628174
20917,0.24404728412628174
20918,0.2454296350479126
20919,0.21300821006298065
20920,0.21300821006298065
20921,0.26129865646362305
20922,0.26182234287261963
20923,0.26182234287261963
20924,0.26129865646362305
20925,0.20014795660972595
20926,0.2005116492509842
20927,0.2005116492509842
20928,0.20014795660972595
20929,0.20508691668510437
20930,0.20516857504844666
20931,0.20516857504844666
20932,0.20508691668510437
20933,0.2237507849931717
20934,0.2237507849931717
20935,0.24974539875984192
20936,0.24520081281661987
20937,0.24520081281661987
20938,0.24974539875984192
20939,0.21399779617786407
20940,0.21399779617786407
20941,0.22911453247070312
20942,0.22911453247070312
20943,0.2242690622806549
20944,0.2242690622806549
20945,0.2098696231842041
20946,0.2105882465839386
20947,0.2105882465839386
20948,0.2098696231842041
20949,0.22347000241279602
20950,0.22347000241279602
20951,0.22027373313903809
20952,0.21996131539344788
20953,0.21996131539344788
20954,0.22027373313903809
20955,0.23193009197711945
20956,0.23193009197711945
20957,0.22754645347595215
20958,0.22754643857479095
20959,0.21673962473869324
20960,0.21422748267650604
20961,0.21422748267650604
20962,0.21673962473869324
20963,0.22615788877010345
20964,0.22615788877010345
20965,0.23023326694965363
20966,0.23040616512298584
20967,0.23040616512298584
20968,0.23023326694965363
20969,0.23897452652454376
20970,0.23897452652454376
20971,0.2193940281867981
20972,0.2193940281867981
20973,0.2180023193359375
20974,0.21852590143680573
20975,0.21852590143680573
20976,0.2180023193359375
20977,0.24583405256271362
20978,0.24613574147224426
20979,0.24613574147224426
20980,0.24583405256271362
20981,0.20526421070098877
20982,0.20560221374034882
20983,0.20560221374034882
20984,0.20526421070098877
20985,0.21788634359836578
20986,0.21788634359836578
20987,0.22341373562812805
20988,0.22504480183124542
20989,0.22504480183124542
20990,0.22341373562812805
20991,0.22689154744148254
20992,0.22784776985645294
20993,0.22784776985645294
20994,0.22689154744148254
20995,0.22185151278972626
20996,0.22125735878944397
20997,0.22125735878944397
20998,0.22185151278972626
20999,0.22137252986431122
21000,0.21791373193264008
21001,0.21791373193264008
21002,0.22137252986431122
21003,0.2277037501335144
21004,0.2277037501335144
21005,0.23837870359420776
21006,0.24522121250629425
21007,0.24522121250629425
21008,0.23837870359420776
21009,0.2300979346036911
21010,0.22717852890491486
21011,0.22717852890491486
21012,0.2300979346036911
21013,0.23898360133171082
21014,0.23924389481544495
21015,0.23924389481544495
21016,0.23898360133171082
21017,0.22340306639671326
21018,0.22340306639671326
21019,0.27377405762672424
21020,0.27682197093963623
21021,0.27682197093963623
21022,0.27377402782440186
21023,0.23381869494915009
21024,0.23381869494915009
21025,0.28153884410858154
21026,0.27999347448349
21027,0.27999347448349
21028,0.28153884410858154
21029,0.2158244401216507
21030,0.21519117057323456
21031,0.21519117057323456
21032,0.2158244401216507
21033,0.218230202794075
21034,0.21839478611946106
21035,0.21839478611946106
21036,0.218230202794075
21037,0.23708298802375793
21038,0.23708298802375793
21039,0.27165427803993225
21040,0.2714574337005615
21041,0.2714574337005615
21042,0.27165427803993225
21043,0.23002614080905914
21044,0.23002614080905914
21045,0.2565087676048279
21046,0.2529129385948181
21047,0.2529129385948181
21048,0.2565087676048279
21049,0.23477742075920105
21050,0.23477742075920105
21051,0.2646942138671875
21052,0.265024334192276
21053,0.265024334192276
21054,0.2646942138671875
21055,0.24559077620506287
21056,0.24525068700313568
21057,0.24525068700313568
21058,0.24559077620506287
21059,0.2385505735874176
21060,0.24040541052818298
21061,0.24040541052818298
21062,0.2385505735874176
21063,0.2419891655445099
21064,0.2419891655445099
21065,0.25696292519569397
21066,0.25754469633102417
21067,0.25754469633102417
21068,0.25696292519569397
21069,0.23466232419013977
21070,0.2336728721857071
21071,0.2336728721857071
21072,0.23466232419013977
21073,0.26059818267822266
21074,0.26057419180870056
21075,0.26057419180870056
21076,0.26059818267822266
21077,0.23809227347373962
21078,0.23809227347373962
21079,0.24772514402866364
21080,0.24772514402866364
21081,0.2989741563796997
21082,0.30238211154937744
21083,0.30238211154937744
21084,0.2989741563796997
21085,0.24287599325180054
21086,0.24273939430713654
21087,0.24273939430713654
21088,0.24287599325180054
21089,0.241834357380867
21090,0.241834357380867
21091,0.25667139887809753
21092,0.25667139887809753
21093,0.21246834099292755
21094,0.21246834099292755
21095,0.21723753213882446
21096,0.21723753213882446
21097,0.21079738438129425
21098,0.2115519940853119
21099,0.2115519940853119
21100,0.21079738438129425
21101,0.21885529160499573
21102,0.21885529160499573
21103,0.21416988968849182
21104,0.21436230838298798
21105,0.21436230838298798
21106,0.21416988968849182
21107,0.226853609085083
21108,0.226853609085083
21109,0.2096417248249054
21110,0.2096417248249054
21111,0.21131974458694458
21112,0.2110460251569748
21113,0.2110460251569748
21114,0.21131974458694458
21115,0.21433298289775848
21116,0.21433298289775848
21117,0.22462564706802368
21118,0.2234688550233841
21119,0.2234688550233841
21120,0.22462564706802368
21121,0.2223796844482422
21122,0.2223997712135315
21123,0.2223997712135315
21124,0.2223796844482422
21125,0.22343963384628296
21126,0.22343963384628296
21127,0.21608594059944153
21128,0.21608594059944153
21129,0.26706093549728394
21130,0.2671608328819275
21131,0.2671608328819275
21132,0.26706093549728394
21133,0.20291616022586823
21134,0.20292572677135468
21135,0.20292572677135468
21136,0.20291616022586823
21137,0.2314736545085907
21138,0.2314736545085907
21139,0.2145257294178009
21140,0.2145257294178009
21141,0.22046145796775818
21142,0.22046145796775818
21143,0.2180950790643692
21144,0.21792000532150269
21145,0.21792000532150269
21146,0.2180950790643692
21147,0.21890276670455933
21148,0.21890276670455933
21149,0.21897022426128387
21150,0.21882013976573944
21151,0.21882013976573944
21152,0.21897022426128387
21153,0.22704674303531647
21154,0.22704674303531647
21155,0.21548713743686676
21156,0.21548713743686676
21157,0.21929171681404114
21158,0.22198635339736938
21159,0.22198635339736938
21160,0.21929171681404114
21161,0.21555884182453156
21162,0.21555884182453156
21163,0.21972812712192535
21164,0.22351235151290894
21165,0.22351235151290894
21166,0.21972812712192535
21167,0.21339841187000275
21168,0.20674645900726318
21169,0.20674645900726318
21170,0.21339841187000275
21171,0.2138395458459854
21172,0.2138395458459854
21173,0.21163518726825714
21174,0.21163518726825714
21175,0.2511102855205536
21176,0.25137704610824585
21177,0.25137704610824585
21178,0.2511102855205536
21179,0.20635513961315155
21180,0.20588701963424683
21181,0.20588701963424683
21182,0.20635513961315155
21183,0.22118261456489563
21184,0.22118261456489563
21185,0.22486931085586548
21186,0.22486931085586548
21187,0.1932196021080017
21188,0.1932196021080017
21189,0.1596193164587021
21190,0.1551080346107483
21191,0.1551080346107483
21192,0.1596193164587021
21193,0.19968008995056152
21194,0.19968008995056152
21195,0.18514308333396912
21196,0.1853361874818802
21197,0.1853361874818802
21198,0.18514308333396912
21199,0.22608768939971924
21200,0.22608768939971924
21201,0.22719532251358032
21202,0.2276976853609085
21203,0.2276976853609085
21204,0.22719532251358032
21205,0.1983218491077423
21206,0.1983218491077423
21207,0.19573134183883667
21208,0.19548791646957397
21209,0.19548791646957397
21210,0.19573134183883667
21211,0.20754992961883545
21212,0.20754992961883545
21213,0.1988467276096344
21214,0.1991724967956543
21215,0.1991724967956543
21216,0.1988467276096344
21217,0.18316760659217834
21218,0.18299409747123718
21219,0.18299409747123718
21220,0.18316760659217834
21221,0.21599753201007843
21222,0.21599753201007843
21223,0.19309410452842712
21224,0.19309410452842712
21225,0.19530734419822693
21226,0.19543959200382233
21227,0.19543959200382233
21228,0.19530734419822693
21229,0.22119952738285065
21230,0.22119952738285065
21231,0.20465286076068878
21232,0.20465286076068878
21233,0.21694236993789673
21234,0.2163114994764328
21235,0.2163114994764328
21236,0.21694236993789673
21237,0.2258257418870926
21238,0.2258257418870926
21239,0.2281186580657959
21240,0.227522075176239
21241,0.227522075176239
21242,0.2281186580657959
21243,0.22306910157203674
21244,0.22329679131507874
21245,0.22329679131507874
21246,0.22306910157203674
21247,0.22861748933792114
21248,0.22861748933792114
21249,0.22068719565868378
21250,0.22068719565868378
21251,0.20891398191452026
21252,0.20929943025112152
21253,0.20929943025112152
21254,0.20891398191452026
21255,0.23496270179748535
21256,0.23496270179748535
21257,0.22789335250854492
21258,0.22789335250854492
21259,0.24010062217712402
21260,0.24010062217712402
21261,0.24321052432060242
21262,0.2432326078414917
21263,0.2432326078414917
21264,0.24321052432060242
21265,0.2387324869632721
21266,0.2387324869632721
21267,0.25233930349349976
21268,0.25368931889533997
21269,0.25368931889533997
21270,0.25233930349349976
21271,0.22661451995372772
21272,0.22655822336673737
21273,0.22655822336673737
21274,0.22661451995372772
21275,0.2313121259212494
21276,0.2313121259212494
21277,0.24830052256584167
21278,0.24830052256584167
21279,0.24787603318691254
21280,0.24793225526809692
21281,0.24793225526809692
21282,0.24787603318691254
21283,0.2377341240644455
21284,0.2377341240644455
21285,0.2500152885913849
21286,0.2500152885913849
21287,0.241751030087471
21288,0.24470950663089752
21289,0.24470950663089752
21290,0.241751030087471
21291,0.20959854125976562
21292,0.2099202424287796
21293,0.2099202424287796
21294,0.20959854125976562
21295,0.21934640407562256
21296,0.21934640407562256
21297,0.22401686012744904
21298,0.22053150832653046
21299,0.22053150832653046
21300,0.22401686012744904
21301,0.2330094277858734
21302,0.23355112969875336
21303,0.23355112969875336
21304,0.2330094277858734
21305,0.22763225436210632
21306,0.22611987590789795
21307,0.22611987590789795
21308,0.22763225436210632
21309,0.22578637301921844
21310,0.21794036030769348
21311,0.21794036030769348
21312,0.22578637301921844
21313,0.22795675694942474
21314,0.22795675694942474
21315,0.24298302829265594
21316,0.24137310683727264
21317,0.24137310683727264
21318,0.24298302829265594
21319,0.2254268229007721
21320,0.22380894422531128
21321,0.22380894422531128
21322,0.2254268229007721
21323,0.24496755003929138
21324,0.24513119459152222
21325,0.24513119459152222
21326,0.24496755003929138
21327,0.22764326632022858
21328,0.22764326632022858
21329,0.27582472562789917
21330,0.2754368185997009
21331,0.2754368185997009
21332,0.27582472562789917
21333,0.23674045503139496
21334,0.23674045503139496
21335,0.2962819039821625
21336,0.29518923163414
21337,0.29518923163414
21338,0.2962819039821625
21339,0.21737556159496307
21340,0.2174927294254303
21341,0.2174927294254303
21342,0.21737557649612427
21343,0.2218993902206421
21344,0.22209428250789642
21345,0.22209428250789642
21346,0.2218993902206421
21347,0.241927832365036
21348,0.241927832365036
21349,0.2787662148475647
21350,0.2693466544151306
21351,0.2693466544151306
21352,0.2787662148475647
21353,0.23339278995990753
21354,0.23339278995990753
21355,0.2177453339099884
21356,0.21756882965564728
21357,0.21756882965564728
21358,0.2177453339099884
21359,0.21691948175430298
21360,0.21691948175430298
21361,0.22108028829097748
21362,0.22085852921009064
21363,0.22085852921009064
21364,0.22108028829097748
21365,0.21378669142723083
21366,0.214084193110466
21367,0.214084193110466
21368,0.21378669142723083
21369,0.21631480753421783
21370,0.21631480753421783
21371,0.21298065781593323
21372,0.21297816932201385
21373,0.21297816932201385
21374,0.21298065781593323
21375,0.22256343066692352
21376,0.22256343066692352
21377,0.2215033918619156
21378,0.2215033918619156
21379,0.23980484902858734
21380,0.24012744426727295
21381,0.24012744426727295
21382,0.23980484902858734
21383,0.2340625822544098
21384,0.2340625822544098
21385,0.24358533322811127
21386,0.2473827749490738
21387,0.2473827749490738
21388,0.24358533322811127
21389,0.23206733167171478
21390,0.2324429452419281
21391,0.2324429452419281
21392,0.23206733167171478
21393,0.22572852671146393
21394,0.22572852671146393
21395,0.22910836338996887
21396,0.22861018776893616
21397,0.22861018776893616
21398,0.22910836338996887
21399,0.24025437235832214
21400,0.24025437235832214
21401,0.2254795879125595
21402,0.2254795879125595
21403,0.2279125154018402
21404,0.22826825082302094
21405,0.22826825082302094
21406,0.2279125154018402
21407,0.21078768372535706
21408,0.21078768372535706
21409,0.20694109797477722
21410,0.20694126188755035
21411,0.20694126188755035
21412,0.20694109797477722
21413,0.22939381003379822
21414,0.2293868362903595
21415,0.2293868362903595
21416,0.22939381003379822
21417,0.22229748964309692
21418,0.22229748964309692
21419,0.23744162917137146
21420,0.23784615099430084
21421,0.23784615099430084
21422,0.23744162917137146
21423,0.22062961757183075
21424,0.22191160917282104
21425,0.22191160917282104
21426,0.22062961757183075
21427,0.22324876487255096
21428,0.22324876487255096
21429,0.22475728392601013
21430,0.2250477373600006
21431,0.2250477373600006
21432,0.22475728392601013
21433,0.2330588698387146
21434,0.2330588698387146
21435,0.21974702179431915
21436,0.2224905788898468
21437,0.2224905788898468
21438,0.21974703669548035
21439,0.2024400681257248
21440,0.2024400681257248
21441,0.20744222402572632
21442,0.20762139558792114
21443,0.20762139558792114
21444,0.20744222402572632
21445,0.20375415682792664
21446,0.20338797569274902
21447,0.20338797569274902
21448,0.20375415682792664
21449,0.20967289805412292
21450,0.2019934505224228
21451,0.2019934505224228
21452,0.20967289805412292
21453,0.20693504810333252
21454,0.20693504810333252
21455,0.21220754086971283
21456,0.20931002497673035
21457,0.20931002497673035
21458,0.21220754086971283
21459,0.19730979204177856
21460,0.1972740888595581
21461,0.1972740888595581
21462,0.19730979204177856
21463,0.21279968321323395
21464,0.2129829376935959
21465,0.2129829376935959
21466,0.21279968321323395
21467,0.21240366995334625
21468,0.21240366995334625
21469,0.2022104412317276
21470,0.2022104412317276
21471,0.2537277340888977
21472,0.24939343333244324
21473,0.24939343333244324
21474,0.2537277340888977
21475,0.19717511534690857
21476,0.19727103412151337
21477,0.19727103412151337
21478,0.19717511534690857
21479,0.2013377547264099
21480,0.20141226053237915
21481,0.20141226053237915
21482,0.2013377547264099
21483,0.2127186357975006
21484,0.2127186357975006
21485,0.20972687005996704
21486,0.20972687005996704
21487,0.2159889191389084
21488,0.2159889191389084
21489,0.21477165818214417
21490,0.21449698507785797
21491,0.21449698507785797
21492,0.21477165818214417
21493,0.23118337988853455
21494,0.23118337988853455
21495,0.23588982224464417
21496,0.23650020360946655
21497,0.23650020360946655
21498,0.23588982224464417
21499,0.21929863095283508
21500,0.21929863095283508
21501,0.20855319499969482
21502,0.2083785980939865
21503,0.2083785980939865
21504,0.20855319499969482
21505,0.22198811173439026
21506,0.22138655185699463
21507,0.22138655185699463
21508,0.22198811173439026
21509,0.2045423835515976
21510,0.2045423835515976
21511,0.2077585607767105
21512,0.2072407603263855
21513,0.2072407603263855
21514,0.2077585607767105
21515,0.20273463428020477
21516,0.20297127962112427
21517,0.20297127962112427
21518,0.20273463428020477
21519,0.2109653651714325
21520,0.2109653651714325
21521,0.2123427391052246
21522,0.21323592960834503
21523,0.21323592960834503
21524,0.2123427391052246
21525,0.20438510179519653
21526,0.20388521254062653
21527,0.20388521254062653
21528,0.20438510179519653
21529,0.2213030755519867
21530,0.2213030755519867
21531,0.20447196066379547
21532,0.20447196066379547
21533,0.2745697498321533
21534,0.27548104524612427
21535,0.27548104524612427
21536,0.2745697498321533
21537,0.20382341742515564
21538,0.20379604399204254
21539,0.20379604399204254
21540,0.20382341742515564
21541,0.22487330436706543
21542,0.22487330436706543
21543,0.21780991554260254
21544,0.21780991554260254
21545,0.24085751175880432
21546,0.24085751175880432
21547,0.24329659342765808
21548,0.2431260198354721
21549,0.2431260198354721
21550,0.24329659342765808
21551,0.21880732476711273
21552,0.21812379360198975
21553,0.21812379360198975
21554,0.21880732476711273
21555,0.2200462520122528
21556,0.2200462520122528
21557,0.2252010852098465
21558,0.22561503946781158
21559,0.22561503946781158
21560,0.2252010852098465
21561,0.20729143917560577
21562,0.2065238058567047
21563,0.2065238058567047
21564,0.20729143917560577
21565,0.2203683853149414
21566,0.2203683853149414
21567,0.20714201033115387
21568,0.2076074481010437
21569,0.2076074481010437
21570,0.20714201033115387
21571,0.22707271575927734
21572,0.22707271575927734
21573,0.22505192458629608
21574,0.22505192458629608
21575,0.2224227488040924
21576,0.2224227488040924
21577,0.22711415588855743
21578,0.22650837898254395
21579,0.22650837898254395
21580,0.22711415588855743
21581,0.22788967192173004
21582,0.22788967192173004
21583,0.24012866616249084
21584,0.24052360653877258
21585,0.24052360653877258
21586,0.24012866616249084
21587,0.22792237997055054
21588,0.22730255126953125
21589,0.22730255126953125
21590,0.22792237997055054
21591,0.2248866707086563
21592,0.2248866707086563
21593,0.233162060379982
21594,0.233162060379982
21595,0.27266359329223633
21596,0.2729329466819763
21597,0.2729329466819763
21598,0.27266359329223633
21599,0.2161795198917389
21600,0.2167694866657257
21601,0.2167694866657257
21602,0.21617953479290009
21603,0.23562942445278168
21604,0.23562942445278168
21605,0.23284900188446045
21606,0.23284900188446045
21607,0.22139796614646912
21608,0.22139796614646912
21609,0.20580771565437317
21610,0.2090507298707962
21611,0.2090507298707962
21612,0.20580771565437317
21613,0.21749430894851685
21614,0.21749430894851685
21615,0.21905435621738434
21616,0.2191837728023529
21617,0.2191837728023529
21618,0.21905435621738434
21619,0.2263835072517395
21620,0.2263835072517395
21621,0.2234373390674591
21622,0.2234373390674591
21623,0.1923513263463974
21624,0.19475895166397095
21625,0.19475895166397095
21626,0.1923513263463974
21627,0.22374047338962555
21628,0.22374047338962555
21629,0.222951740026474
21630,0.22314123809337616
21631,0.22314123809337616
21632,0.222951740026474
21633,0.21241304278373718
21634,0.21241304278373718
21635,0.21083715558052063
21636,0.21115508675575256
21637,0.21115508675575256
21638,0.21083715558052063
21639,0.21117690205574036
21640,0.21117690205574036
21641,0.2149132937192917
21642,0.21783071756362915
21643,0.21783071756362915
21644,0.2149132937192917
21645,0.18957045674324036
21646,0.18910562992095947
21647,0.18910562992095947
21648,0.18957045674324036
21649,0.21338151395320892
21650,0.21338151395320892
21651,0.20427323877811432
21652,0.20427323877811432
21653,0.2070406824350357
21654,0.20714803040027618
21655,0.20714803040027618
21656,0.2070406824350357
21657,0.2127731442451477
21658,0.2127731442451477
21659,0.22233253717422485
21660,0.22233253717422485
21661,0.2306588888168335
21662,0.22951684892177582
21663,0.22951684892177582
21664,0.2306588888168335
21665,0.20998086035251617
21666,0.20998086035251617
21667,0.21859873831272125
21668,0.21874088048934937
21669,0.21874088048934937
21670,0.21859873831272125
21671,0.20991244912147522
21672,0.20936688780784607
21673,0.20936688780784607
21674,0.20991244912147522
21675,0.20749878883361816
21676,0.2077348232269287
21677,0.2077348232269287
21678,0.20749878883361816
21679,0.2167731374502182
21680,0.2167731374502182
21681,0.2262735217809677
21682,0.22599615156650543
21683,0.22599615156650543
21684,0.2262735217809677
21685,0.21906788647174835
21686,0.2190810590982437
21687,0.2190810590982437
21688,0.21906788647174835
21689,0.22566424310207367
21690,0.2255919873714447
21691,0.2255919873714447
21692,0.22566424310207367
21693,0.22629235684871674
21694,0.22629235684871674
21695,0.21875464916229248
21696,0.21875464916229248
21697,0.27994850277900696
21698,0.28268861770629883
21699,0.28268861770629883
21700,0.27994850277900696
21701,0.2075834721326828
21702,0.20774494111537933
21703,0.20774494111537933
21704,0.2075834721326828
21705,0.23588445782661438
21706,0.23588445782661438
21707,0.21812023222446442
21708,0.21812023222446442
21709,0.20826661586761475
21710,0.20826661586761475
21711,0.20492565631866455
21712,0.20474518835544586
21713,0.20474518835544586
21714,0.20492565631866455
21715,0.21395836770534515
21716,0.21395836770534515
21717,0.1997736394405365
21718,0.20003080368041992
21719,0.20003080368041992
21720,0.1997736394405365
21721,0.21011847257614136
21722,0.21011847257614136
21723,0.2346082627773285
21724,0.23323491215705872
21725,0.23323491215705872
21726,0.2346082627773285
21727,0.24317163228988647
21728,0.2414458692073822
21729,0.2414458692073822
21730,0.24317163228988647
21731,0.24793002009391785
21732,0.24850234389305115
21733,0.24850234389305115
21734,0.24793002009391785
21735,0.19840463995933533
21736,0.1985953450202942
21737,0.1985953450202942
21738,0.19840463995933533
21739,0.21198485791683197
21740,0.21198485791683197
21741,0.2111130803823471
21742,0.20927327871322632
21743,0.20927327871322632
21744,0.2111130803823471
21745,0.21486011147499084
21746,0.2150392085313797
21747,0.2150392085313797
21748,0.21486011147499084
21749,0.2251880019903183
21750,0.22523115575313568
21751,0.22523115575313568
21752,0.2251880019903183
21753,0.2159653753042221
21754,0.21514588594436646
21755,0.21514588594436646
21756,0.2159653753042221
21757,0.21287418901920319
21758,0.21296587586402893
21759,0.21296587586402893
21760,0.21287418901920319
21761,0.21181552112102509
21762,0.20921815931797028
21763,0.20921815931797028
21764,0.21181552112102509
21765,0.21607448160648346
21766,0.21607448160648346
21767,0.22767381370067596
21768,0.22758570313453674
21769,0.22758570313453674
21770,0.22767381370067596
21771,0.20658934116363525
21772,0.20654653012752533
21773,0.20654653012752533
21774,0.20658934116363525
21775,0.22342315316200256
21776,0.22335311770439148
21777,0.22335311770439148
21778,0.22342315316200256
21779,0.2151874154806137
21780,0.21602007746696472
21781,0.21602007746696472
21782,0.2151874154806137
21783,0.22025065124034882
21784,0.22025065124034882
21785,0.2551407217979431
21786,0.2545630931854248
21787,0.2545630931854248
21788,0.2551407217979431
21789,0.21691492199897766
21790,0.21691490709781647
21791,0.2526134252548218
21792,0.255893349647522
21793,0.255893349647522
21794,0.2526134252548218
21795,0.23431937396526337
21796,0.23478928208351135
21797,0.23478928208351135
21798,0.23431937396526337
21799,0.2625233829021454
21800,0.2640431821346283
21801,0.2640431821346283
21802,0.2625233829021454
21803,0.20261357724666595
21804,0.2026178538799286
21805,0.2026178538799286
21806,0.20261357724666595
21807,0.19783268868923187
21808,0.19786085188388824
21809,0.19786085188388824
21810,0.19783268868923187
21811,0.24255046248435974
21812,0.24121415615081787
21813,0.24121415615081787
21814,0.24255046248435974
21815,0.27529823780059814
21816,0.2747953534126282
21817,0.2747953534126282
21818,0.27529823780059814
21819,0.23746752738952637
21820,0.23746752738952637
21821,0.2089010775089264
21822,0.20909394323825836
21823,0.20909394323825836
21824,0.2089010775089264
21825,0.20328155159950256
21826,0.20366176962852478
21827,0.20366176962852478
21828,0.20328155159950256
21829,0.20052413642406464
21830,0.20053160190582275
21831,0.20053160190582275
21832,0.20052413642406464
21833,0.21006949245929718
21834,0.21002726256847382
21835,0.21002726256847382
21836,0.21006949245929718
21837,0.23609043657779694
21838,0.23213163018226624
21839,0.23213163018226624
21840,0.23609043657779694
21841,0.2243894338607788
21842,0.2243894338607788
21843,0.25785064697265625
21844,0.25048893690109253
21845,0.25048893690109253
21846,0.25785064697265625
21847,0.23406153917312622
21848,0.23453585803508759
21849,0.23453585803508759
21850,0.23406153917312622
21851,0.23115688562393188
21852,0.23220309615135193
21853,0.23220309615135193
21854,0.2311568707227707
21855,0.23915383219718933
21856,0.23975567519664764
21857,0.23975567519664764
21858,0.23915383219718933
21859,0.22047844529151917
21860,0.22047844529151917
